Data Type,cmdCode (한글),Qty (t),Unit Price ($PV/kg),Korea_Share_vs_Reporter,typeCode,freqCode,refPeriodId,refYear,refMonth,period,reporterCode,reporterISO,reporterDesc,flowCode,flowDesc,partnerCode,partnerISO,partnerDesc,partner2Code,partner2ISO,partner2Desc,classificationCode,classificationSearchCode,isOriginalClassification,cmdCode,cmdDesc,aggrLevel,isLeaf,customsCode,customsDesc,mosCode,motCode,motDesc,qtyUnitCode,qtyUnitAbbr,qty,isQtyEstimated,altQtyUnitCode,altQtyUnitAbbr,altQty,isAltQtyEstimated,netWgt,isNetWgtEstimated,grossWgt,isGrossWgtEstimated,cifvalue,fobvalue,primaryValue,legacyEstimationFlag,isReported,isAggregate,"Unit Price ($/KG)
Primary Value/netWgt"
,"121221 (건조김, 마른김)",24419.5488,$10.39,,C,A,20210101,2021,52,2021,410,KOR,Rep. of Korea,X,Export,0,W00,World,0,W00,World,H5,HS,TRUE,121221,"Seaweeds and other algae; fit for human consumption, fresh, chilled, frozen or dried, whether or not ground",6,TRUE,C00,TOTAL CPC,0,0,TOTAL MOT,8,kg,24419548.8,FALSE,8,kg,"24,419,549",FALSE,"24,419,549",FALSE,0,FALSE,,"$253,743,183.00","$253,743,183.00",0,FALSE,TRUE,$10.39
,"121221 (건조김, 마른김)",0.008,$20.38,,C,A,20210101,2021,52,2021,410,KOR,Rep. of Korea,X,Export,16,ASM,American Samoa,0,W00,World,H5,HS,TRUE,121221,"Seaweeds and other algae; fit for human consumption, fresh, chilled, frozen or dried, whether or not ground",6,TRUE,C00,TOTAL CPC,0,0,TOTAL MOT,8,kg,8,FALSE,8,kg,8,FALSE,8,FALSE,0,FALSE,,$163.00,$163.00,0,TRUE,FALSE,$20.38
,"121221 (건조김, 마른김)",0.17255,$25.44,,C,A,20210101,2021,52,2021,410,KOR,Rep. of Korea,X,Export,32,ARG,Argentina,0,W00,World,H5,HS,TRUE,121221,"Seaweeds and other algae; fit for human consumption, fresh, chilled, frozen or dried, whether or not ground",6,TRUE,C00,TOTAL CPC,0,0,TOTAL MOT,8,kg,172.55,FALSE,8,kg,173,FALSE,173,FALSE,0,FALSE,,"$4,390.00","$4,390.00",0,TRUE,FALSE,$25.44
,"121221 (건조김, 마른김)",156.57246,$6.74,,C,A,20210101,2021,52,2021,410,KOR,Rep. of Korea,X,Export,36,AUS,Australia,0,W00,World,H5,HS,TRUE,121221,"Seaweeds and other algae; fit for human consumption, fresh, chilled, frozen or dried, whether or not ground",6,TRUE,C00,TOTAL CPC,0,0,TOTAL MOT,8,kg,156572.46,FALSE,8,kg,"156,572",FALSE,"156,572",FALSE,0,FALSE,,"$1,055,889.00","$1,055,889.00",0,TRUE,FALSE,$6.74
,"121221 (건조김, 마른김)",5.9812,$6.50,,C,A,20210101,2021,52,2021,410,KOR,Rep. of Korea,X,Export,40,AUT,Austria,0,W00,World,H5,HS,TRUE,121221,"Seaweeds and other algae; fit for human consumption, fresh, chilled, frozen or dried, whether or not ground",6,TRUE,C00,TOTAL CPC,0,0,TOTAL MOT,8,kg,5981.2,FALSE,8,kg,"5,981",FALSE,"5,981",FALSE,0,FALSE,,"$38,901.00","$38,901.00",0,TRUE,FALSE,$6.50
,"121221 (건조김, 마른김)",0.53554,$38.34,,C,A,20210101,2021,52,2021,410,KOR,Rep. of Korea,X,Export,48,BHR,Bahrain,0,W00,World,H5,HS,TRUE,121221,"Seaweeds and other algae; fit for human consumption, fresh, chilled, frozen or dried, whether or not ground",6,TRUE,C00,TOTAL CPC,0,0,TOTAL MOT,8,kg,535.54,FALSE,8,kg,536,FALSE,536,FALSE,0,FALSE,,"$20,532.00","$20,532.00",0,TRUE,FALSE,$38.34
,"121221 (건조김, 마른김)",0.1076,$15.89,,C,A,20210101,2021,52,2021,410,KOR,Rep. of Korea,X,Export,50,BGD,Bangladesh,0,W00,World,H5,HS,TRUE,121221,"Seaweeds and other algae; fit for human consumption, fresh, chilled, frozen or dried, whether or not ground",6,TRUE,C00,TOTAL CPC,0,0,TOTAL MOT,8,kg,107.6,FALSE,8,kg,108,FALSE,108,FALSE,0,FALSE,,"$1,710.00","$1,710.00",0,TRUE,FALSE,$15.89
,"121221 (건조김, 마른김)",0.12092,$53.25,,C,A,20210101,2021,52,2021,410,KOR,Rep. of Korea,X,Export,56,BEL,Belgium,0,W00,World,H5,HS,TRUE,121221,"Seaweeds and other algae; fit for human consumption, fresh, chilled, frozen or dried, whether or not ground",6,TRUE,C00,TOTAL CPC,0,0,TOTAL MOT,8,kg,120.92,FALSE,8,kg,121,FALSE,121,FALSE,0,FALSE,,"$6,439.00","$6,439.00",0,TRUE,FALSE,$53.25
,"121221 (건조김, 마른김)",2.06668,$20.44,,C,A,20210101,2021,52,2021,410,KOR,Rep. of Korea,X,Export,68,BOL,Bolivia (Plurinational State of),0,W00,World,H5,HS,TRUE,121221,"Seaweeds and other algae; fit for human consumption, fresh, chilled, frozen or dried, whether or not ground",6,TRUE,C00,TOTAL CPC,0,0,TOTAL MOT,8,kg,2066.68,FALSE,8,kg,"2,067",FALSE,"2,067",FALSE,0,FALSE,,"$42,253.00","$42,253.00",0,TRUE,FALSE,$20.44
,"121221 (건조김, 마른김)",53.5769,$19.09,,C,A,20210101,2021,52,2021,410,KOR,Rep. of Korea,X,Export,76,BRA,Brazil,0,W00,World,H5,HS,TRUE,121221,"Seaweeds and other algae; fit for human consumption, fresh, chilled, frozen or dried, whether or not ground",6,TRUE,C00,TOTAL CPC,0,0,TOTAL MOT,8,kg,53576.9,FALSE,8,kg,"53,577",FALSE,"53,577",FALSE,0,FALSE,,"$1,022,860.00","$1,022,860.00",0,TRUE,FALSE,$19.09
,"121221 (건조김, 마른김)",0.33,$19.74,,C,A,20210101,2021,52,2021,410,KOR,Rep. of Korea,X,Export,96,BRN,Brunei Darussalam,0,W00,World,H5,HS,TRUE,121221,"Seaweeds and other algae; fit for human consumption, fresh, chilled, frozen or dried, whether or not ground",6,TRUE,C00,TOTAL CPC,0,0,TOTAL MOT,8,kg,330,FALSE,8,kg,330,FALSE,330,FALSE,0,FALSE,,"$6,514.00","$6,514.00",0,TRUE,FALSE,$19.74
,"121221 (건조김, 마른김)",4.726962,$17.01,,C,A,20210101,2021,52,2021,410,KOR,Rep. of Korea,X,Export,104,MMR,Myanmar,0,W00,World,H5,HS,TRUE,121221,"Seaweeds and other algae; fit for human consumption, fresh, chilled, frozen or dried, whether or not ground",6,TRUE,C00,TOTAL CPC,0,0,TOTAL MOT,8,kg,4726.962,FALSE,8,kg,"4,727",FALSE,"4,727",FALSE,0,FALSE,,"$80,418.00","$80,418.00",0,TRUE,FALSE,$17.01
,"121221 (건조김, 마른김)",6.84425,$6.66,,C,A,20210101,2021,52,2021,410,KOR,Rep. of Korea,X,Export,116,KHM,Cambodia,0,W00,World,H5,HS,TRUE,121221,"Seaweeds and other algae; fit for human consumption, fresh, chilled, frozen or dried, whether or not ground",6,TRUE,C00,TOTAL CPC,0,0,TOTAL MOT,8,kg,6844.25,FALSE,8,kg,"6,844",FALSE,"6,844",FALSE,0,FALSE,,"$45,590.00","$45,590.00",0,TRUE,FALSE,$6.66
,"121221 (건조김, 마른김)",136.87239,$7.31,,C,A,20210101,2021,52,2021,410,KOR,Rep. of Korea,X,Export,124,CAN,Canada,0,W00,World,H5,HS,TRUE,121221,"Seaweeds and other algae; fit for human consumption, fresh, chilled, frozen or dried, whether or not ground",6,TRUE,C00,TOTAL CPC,0,0,TOTAL MOT,8,kg,136872.39,FALSE,8,kg,"136,872",FALSE,"136,872",FALSE,0,FALSE,,"$1,000,579.00","$1,000,579.00",0,TRUE,FALSE,$7.31
,"121221 (건조김, 마른김)",1.191377,$14.19,,C,A,20210101,2021,52,2021,410,KOR,Rep. of Korea,X,Export,152,CHL,Chile,0,W00,World,H5,HS,TRUE,121221,"Seaweeds and other algae; fit for human consumption, fresh, chilled, frozen or dried, whether or not ground",6,TRUE,C00,TOTAL CPC,0,0,TOTAL MOT,8,kg,1191.377,FALSE,8,kg,"1,191",FALSE,"1,191",FALSE,0,FALSE,,"$16,911.00","$16,911.00",0,TRUE,FALSE,$14.19
,"121221 (건조김, 마른김)",7214.893,$6.90,,C,A,20210101,2021,52,2021,410,KOR,Rep. of Korea,X,Export,156,CHN,China,0,W00,World,H5,HS,TRUE,121221,"Seaweeds and other algae; fit for human consumption, fresh, chilled, frozen or dried, whether or not ground",6,TRUE,C00,TOTAL CPC,0,0,TOTAL MOT,8,kg,7214893,FALSE,8,kg,"7,214,893",FALSE,"7,214,893",FALSE,0,FALSE,,"$49,767,405.00","$49,767,405.00",0,TRUE,FALSE,$6.90
,"121221 (건조김, 마른김)",4.3882,$25.46,,C,A,20210101,2021,52,2021,410,KOR,Rep. of Korea,X,Export,170,COL,Colombia,0,W00,World,H5,HS,TRUE,121221,"Seaweeds and other algae; fit for human consumption, fresh, chilled, frozen or dried, whether or not ground",6,TRUE,C00,TOTAL CPC,0,0,TOTAL MOT,8,kg,4388.2,FALSE,8,kg,"4,388",FALSE,"4,388",FALSE,0,FALSE,,"$111,702.00","$111,702.00",0,TRUE,FALSE,$25.46
,"121221 (건조김, 마른김)",0.28,$16.09,,C,A,20210101,2021,52,2021,410,KOR,Rep. of Korea,X,Export,196,CYP,Cyprus,0,W00,World,H5,HS,TRUE,121221,"Seaweeds and other algae; fit for human consumption, fresh, chilled, frozen or dried, whether or not ground",6,TRUE,C00,TOTAL CPC,0,0,TOTAL MOT,8,kg,280,FALSE,8,kg,280,FALSE,280,FALSE,0,FALSE,,"$4,506.00","$4,506.00",0,TRUE,FALSE,$16.09
,"121221 (건조김, 마른김)",2.4056,$10.93,,C,A,20210101,2021,52,2021,410,KOR,Rep. of Korea,X,Export,203,CZE,Czechia,0,W00,World,H5,HS,TRUE,121221,"Seaweeds and other algae; fit for human consumption, fresh, chilled, frozen or dried, whether or not ground",6,TRUE,C00,TOTAL CPC,0,0,TOTAL MOT,8,kg,2405.6,FALSE,8,kg,"2,406",FALSE,"2,406",FALSE,0,FALSE,,"$26,287.00","$26,287.00",0,TRUE,FALSE,$10.93
,"121221 (건조김, 마른김)",0.0004,$10.00,,C,A,20210101,2021,52,2021,410,KOR,Rep. of Korea,X,Export,208,DNK,Denmark,0,W00,World,H5,HS,TRUE,121221,"Seaweeds and other algae; fit for human consumption, fresh, chilled, frozen or dried, whether or not ground",6,TRUE,C00,TOTAL CPC,0,0,TOTAL MOT,8,kg,0.4,FALSE,8,kg,0,FALSE,0,FALSE,0,FALSE,,$4.00,$4.00,0,TRUE,FALSE,$10.00
,"121221 (건조김, 마른김)",0.4403,$4.54,,C,A,20210101,2021,52,2021,410,KOR,Rep. of Korea,X,Export,214,DOM,Dominican Rep.,0,W00,World,H5,HS,TRUE,121221,"Seaweeds and other algae; fit for human consumption, fresh, chilled, frozen or dried, whether or not ground",6,TRUE,C00,TOTAL CPC,0,0,TOTAL MOT,8,kg,440.3,FALSE,8,kg,440,FALSE,440,FALSE,0,FALSE,,"$2,000.00","$2,000.00",0,TRUE,FALSE,$4.54
,"121221 (건조김, 마른김)",0.025,$2.00,,C,A,20210101,2021,52,2021,410,KOR,Rep. of Korea,X,Export,242,FJI,Fiji,0,W00,World,H5,HS,TRUE,121221,"Seaweeds and other algae; fit for human consumption, fresh, chilled, frozen or dried, whether or not ground",6,TRUE,C00,TOTAL CPC,0,0,TOTAL MOT,8,kg,25,FALSE,8,kg,25,FALSE,25,FALSE,0,FALSE,,$50.00,$50.00,0,TRUE,FALSE,$2.00
,"121221 (건조김, 마른김)",32.66579,$14.32,,C,A,20210101,2021,52,2021,410,KOR,Rep. of Korea,X,Export,251,FRA,France,0,W00,World,H5,HS,TRUE,121221,"Seaweeds and other algae; fit for human consumption, fresh, chilled, frozen or dried, whether or not ground",6,TRUE,C00,TOTAL CPC,0,0,TOTAL MOT,8,kg,32665.79,FALSE,8,kg,"32,666",FALSE,"32,666",FALSE,0,FALSE,,"$467,893.00","$467,893.00",0,TRUE,FALSE,$14.32
,"121221 (건조김, 마른김)",37.89957,$13.45,,C,A,20210101,2021,52,2021,410,KOR,Rep. of Korea,X,Export,276,DEU,Germany,0,W00,World,H5,HS,TRUE,121221,"Seaweeds and other algae; fit for human consumption, fresh, chilled, frozen or dried, whether or not ground",6,TRUE,C00,TOTAL CPC,0,0,TOTAL MOT,8,kg,37899.57,FALSE,8,kg,"37,900",FALSE,"37,900",FALSE,0,FALSE,,"$509,769.00","$509,769.00",0,TRUE,FALSE,$13.45
,"121221 (건조김, 마른김)",0.02385,$14.80,,C,A,20210101,2021,52,2021,410,KOR,Rep. of Korea,X,Export,300,GRC,Greece,0,W00,World,H5,HS,TRUE,121221,"Seaweeds and other algae; fit for human consumption, fresh, chilled, frozen or dried, whether or not ground",6,TRUE,C00,TOTAL CPC,0,0,TOTAL MOT,8,kg,23.85,FALSE,8,kg,24,FALSE,24,FALSE,0,FALSE,,$353.00,$353.00,0,TRUE,FALSE,$14.80
,"121221 (건조김, 마른김)",4.61932,$11.90,,C,A,20210101,2021,52,2021,410,KOR,Rep. of Korea,X,Export,316,GUM,Guam,0,W00,World,H5,HS,TRUE,121221,"Seaweeds and other algae; fit for human consumption, fresh, chilled, frozen or dried, whether or not ground",6,TRUE,C00,TOTAL CPC,0,0,TOTAL MOT,8,kg,4619.32,FALSE,8,kg,"4,619",FALSE,"4,619",FALSE,0,FALSE,,"$54,954.00","$54,954.00",0,TRUE,FALSE,$11.90
,"121221 (건조김, 마른김)",0.834202,$5.21,,C,A,20210101,2021,52,2021,410,KOR,Rep. of Korea,X,Export,320,GTM,Guatemala,0,W00,World,H5,HS,TRUE,121221,"Seaweeds and other algae; fit for human consumption, fresh, chilled, frozen or dried, whether or not ground",6,TRUE,C00,TOTAL CPC,0,0,TOTAL MOT,8,kg,834.202,FALSE,8,kg,834,FALSE,834,FALSE,0,FALSE,,"$4,349.00","$4,349.00",0,TRUE,FALSE,$5.21
,"121221 (건조김, 마른김)",0.02,$1.50,,C,A,20210101,2021,52,2021,410,KOR,Rep. of Korea,X,Export,324,GIN,Guinea,0,W00,World,H5,HS,TRUE,121221,"Seaweeds and other algae; fit for human consumption, fresh, chilled, frozen or dried, whether or not ground",6,TRUE,C00,TOTAL CPC,0,0,TOTAL MOT,8,kg,20,FALSE,8,kg,20,FALSE,20,FALSE,0,FALSE,,$30.00,$30.00,0,TRUE,FALSE,$1.50
,"121221 (건조김, 마른김)",0.20291,$4.98,,C,A,20210101,2021,52,2021,410,KOR,Rep. of Korea,X,Export,332,HTI,Haiti,0,W00,World,H5,HS,TRUE,121221,"Seaweeds and other algae; fit for human consumption, fresh, chilled, frozen or dried, whether or not ground",6,TRUE,C00,TOTAL CPC,0,0,TOTAL MOT,8,kg,202.91,FALSE,8,kg,203,FALSE,203,FALSE,0,FALSE,,"$1,010.00","$1,010.00",0,TRUE,FALSE,$4.98
,"121221 (건조김, 마른김)",34.882899,$11.82,,C,A,20210101,2021,52,2021,410,KOR,Rep. of Korea,X,Export,344,HKG,"China, Hong Kong SAR",0,W00,World,H5,HS,TRUE,121221,"Seaweeds and other algae; fit for human consumption, fresh, chilled, frozen or dried, whether or not ground",6,TRUE,C00,TOTAL CPC,0,0,TOTAL MOT,8,kg,34882.899,FALSE,8,kg,"34,883",FALSE,"34,883",FALSE,0,FALSE,,"$412,302.00","$412,302.00",0,TRUE,FALSE,$11.82
,"121221 (건조김, 마른김)",0.51589,$13.84,,C,A,20210101,2021,52,2021,410,KOR,Rep. of Korea,X,Export,348,HUN,Hungary,0,W00,World,H5,HS,TRUE,121221,"Seaweeds and other algae; fit for human consumption, fresh, chilled, frozen or dried, whether or not ground",6,TRUE,C00,TOTAL CPC,0,0,TOTAL MOT,8,kg,515.89,FALSE,8,kg,516,FALSE,516,FALSE,0,FALSE,,"$7,139.00","$7,139.00",0,TRUE,FALSE,$13.84
,"121221 (건조김, 마른김)",309.89586,$17.30,,C,A,20210101,2021,52,2021,410,KOR,Rep. of Korea,X,Export,360,IDN,Indonesia,0,W00,World,H5,HS,TRUE,121221,"Seaweeds and other algae; fit for human consumption, fresh, chilled, frozen or dried, whether or not ground",6,TRUE,C00,TOTAL CPC,0,0,TOTAL MOT,8,kg,309895.86,FALSE,8,kg,"309,896",FALSE,"309,896",FALSE,0,FALSE,,"$5,360,634.00","$5,360,634.00",0,TRUE,FALSE,$17.30
,"121221 (건조김, 마른김)",0.78958,$12.01,,C,A,20210101,2021,52,2021,410,KOR,Rep. of Korea,X,Export,368,IRQ,Iraq,0,W00,World,H5,HS,TRUE,121221,"Seaweeds and other algae; fit for human consumption, fresh, chilled, frozen or dried, whether or not ground",6,TRUE,C00,TOTAL CPC,0,0,TOTAL MOT,8,kg,789.58,FALSE,8,kg,790,FALSE,790,FALSE,0,FALSE,,"$9,480.00","$9,480.00",0,TRUE,FALSE,$12.01
,"121221 (건조김, 마른김)",0.0378,$12.43,,C,A,20210101,2021,52,2021,410,KOR,Rep. of Korea,X,Export,372,IRL,Ireland,0,W00,World,H5,HS,TRUE,121221,"Seaweeds and other algae; fit for human consumption, fresh, chilled, frozen or dried, whether or not ground",6,TRUE,C00,TOTAL CPC,0,0,TOTAL MOT,8,kg,37.8,FALSE,8,kg,38,FALSE,38,FALSE,0,FALSE,,$470.00,$470.00,0,TRUE,FALSE,$12.43
,"121221 (건조김, 마른김)",2.2275,$39.26,,C,A,20210101,2021,52,2021,410,KOR,Rep. of Korea,X,Export,376,ISR,Israel,0,W00,World,H5,HS,TRUE,121221,"Seaweeds and other algae; fit for human consumption, fresh, chilled, frozen or dried, whether or not ground",6,TRUE,C00,TOTAL CPC,0,0,TOTAL MOT,8,kg,2227.5,FALSE,8,kg,"2,228",FALSE,"2,228",FALSE,0,FALSE,,"$87,450.00","$87,450.00",0,TRUE,FALSE,$39.26
,"121221 (건조김, 마른김)",1.1467,$29.85,,C,A,20210101,2021,52,2021,410,KOR,Rep. of Korea,X,Export,380,ITA,Italy,0,W00,World,H5,HS,TRUE,121221,"Seaweeds and other algae; fit for human consumption, fresh, chilled, frozen or dried, whether or not ground",6,TRUE,C00,TOTAL CPC,0,0,TOTAL MOT,8,kg,1146.7,FALSE,8,kg,"1,147",FALSE,"1,147",FALSE,0,FALSE,,"$34,225.00","$34,225.00",0,TRUE,FALSE,$29.85
,"121221 (건조김, 마른김)",0.016,$17.38,,C,A,20210101,2021,52,2021,410,KOR,Rep. of Korea,X,Export,384,CIV,Côte d'Ivoire,0,W00,World,H5,HS,TRUE,121221,"Seaweeds and other algae; fit for human consumption, fresh, chilled, frozen or dried, whether or not ground",6,TRUE,C00,TOTAL CPC,0,0,TOTAL MOT,8,kg,16,FALSE,8,kg,16,FALSE,16,FALSE,0,FALSE,,$278.00,$278.00,0,TRUE,FALSE,$17.38
,"121221 (건조김, 마른김)",7951.719,$9.46,,C,A,20210101,2021,52,2021,410,KOR,Rep. of Korea,X,Export,392,JPN,Japan,0,W00,World,H5,HS,TRUE,121221,"Seaweeds and other algae; fit for human consumption, fresh, chilled, frozen or dried, whether or not ground",6,TRUE,C00,TOTAL CPC,0,0,TOTAL MOT,8,kg,7951719,FALSE,8,kg,"7,951,719",FALSE,"7,951,719",FALSE,0,FALSE,,"$75,185,502.00","$75,185,502.00",0,TRUE,FALSE,$9.46
,"121221 (건조김, 마른김)",14.01721,$20.22,,C,A,20210101,2021,52,2021,410,KOR,Rep. of Korea,X,Export,398,KAZ,Kazakhstan,0,W00,World,H5,HS,TRUE,121221,"Seaweeds and other algae; fit for human consumption, fresh, chilled, frozen or dried, whether or not ground",6,TRUE,C00,TOTAL CPC,0,0,TOTAL MOT,8,kg,14017.21,FALSE,8,kg,"14,017",FALSE,"14,017",FALSE,0,FALSE,,"$283,424.00","$283,424.00",0,TRUE,FALSE,$20.22
,"121221 (건조김, 마른김)",12.38025,$6.31,,C,A,20210101,2021,52,2021,410,KOR,Rep. of Korea,X,Export,404,KEN,Kenya,0,W00,World,H5,HS,TRUE,121221,"Seaweeds and other algae; fit for human consumption, fresh, chilled, frozen or dried, whether or not ground",6,TRUE,C00,TOTAL CPC,0,0,TOTAL MOT,8,kg,12380.25,FALSE,8,kg,"12,380",FALSE,"12,380",FALSE,0,FALSE,,"$78,115.00","$78,115.00",0,TRUE,FALSE,$6.31
,"121221 (건조김, 마른김)",0.62169,$18.28,,C,A,20210101,2021,52,2021,410,KOR,Rep. of Korea,X,Export,414,KWT,Kuwait,0,W00,World,H5,HS,TRUE,121221,"Seaweeds and other algae; fit for human consumption, fresh, chilled, frozen or dried, whether or not ground",6,TRUE,C00,TOTAL CPC,0,0,TOTAL MOT,8,kg,621.69,FALSE,8,kg,622,FALSE,622,FALSE,0,FALSE,,"$11,362.00","$11,362.00",0,TRUE,FALSE,$18.28
,"121221 (건조김, 마른김)",1.44675,$17.24,,C,A,20210101,2021,52,2021,410,KOR,Rep. of Korea,X,Export,417,KGZ,Kyrgyzstan,0,W00,World,H5,HS,TRUE,121221,"Seaweeds and other algae; fit for human consumption, fresh, chilled, frozen or dried, whether or not ground",6,TRUE,C00,TOTAL CPC,0,0,TOTAL MOT,8,kg,1446.75,FALSE,8,kg,"1,447",FALSE,"1,447",FALSE,0,FALSE,,"$24,948.00","$24,948.00",0,TRUE,FALSE,$17.24
,"121221 (건조김, 마른김)",1.3594,$16.09,,C,A,20210101,2021,52,2021,410,KOR,Rep. of Korea,X,Export,418,LAO,Lao People's Dem. Rep.,0,W00,World,H5,HS,TRUE,121221,"Seaweeds and other algae; fit for human consumption, fresh, chilled, frozen or dried, whether or not ground",6,TRUE,C00,TOTAL CPC,0,0,TOTAL MOT,8,kg,1359.4,FALSE,8,kg,"1,359",FALSE,"1,359",FALSE,0,FALSE,,"$21,874.00","$21,874.00",0,TRUE,FALSE,$16.09
,"121221 (건조김, 마른김)",0.05838,$13.94,,C,A,20210101,2021,52,2021,410,KOR,Rep. of Korea,X,Export,422,LBN,Lebanon,0,W00,World,H5,HS,TRUE,121221,"Seaweeds and other algae; fit for human consumption, fresh, chilled, frozen or dried, whether or not ground",6,TRUE,C00,TOTAL CPC,0,0,TOTAL MOT,8,kg,58.38,FALSE,8,kg,58,FALSE,58,FALSE,0,FALSE,,$814.00,$814.00,0,TRUE,FALSE,$13.94
,"121221 (건조김, 마른김)",0.23947,$10.75,,C,A,20210101,2021,52,2021,410,KOR,Rep. of Korea,X,Export,434,LBY,Libya,0,W00,World,H5,HS,TRUE,121221,"Seaweeds and other algae; fit for human consumption, fresh, chilled, frozen or dried, whether or not ground",6,TRUE,C00,TOTAL CPC,0,0,TOTAL MOT,8,kg,239.47,FALSE,8,kg,239,FALSE,239,FALSE,0,FALSE,,"$2,575.00","$2,575.00",0,TRUE,FALSE,$10.75
,"121221 (건조김, 마른김)",81.2268,$17.86,,C,A,20210101,2021,52,2021,410,KOR,Rep. of Korea,X,Export,440,LTU,Lithuania,0,W00,World,H5,HS,TRUE,121221,"Seaweeds and other algae; fit for human consumption, fresh, chilled, frozen or dried, whether or not ground",6,TRUE,C00,TOTAL CPC,0,0,TOTAL MOT,8,kg,81226.8,FALSE,8,kg,"81,227",FALSE,"81,227",FALSE,0,FALSE,,"$1,450,720.00","$1,450,720.00",0,TRUE,FALSE,$17.86
,"121221 (건조김, 마른김)",0.56,$6.16,,C,A,20210101,2021,52,2021,410,KOR,Rep. of Korea,X,Export,446,MAC,"China, Macao SAR",0,W00,World,H5,HS,TRUE,121221,"Seaweeds and other algae; fit for human consumption, fresh, chilled, frozen or dried, whether or not ground",6,TRUE,C00,TOTAL CPC,0,0,TOTAL MOT,8,kg,560,FALSE,8,kg,560,FALSE,560,FALSE,0,FALSE,,"$3,451.00","$3,451.00",0,TRUE,FALSE,$6.16
,"121221 (건조김, 마른김)",22.06651,$15.65,,C,A,20210101,2021,52,2021,410,KOR,Rep. of Korea,X,Export,458,MYS,Malaysia,0,W00,World,H5,HS,TRUE,121221,"Seaweeds and other algae; fit for human consumption, fresh, chilled, frozen or dried, whether or not ground",6,TRUE,C00,TOTAL CPC,0,0,TOTAL MOT,8,kg,22066.51,FALSE,8,kg,"22,067",FALSE,"22,067",FALSE,0,FALSE,,"$345,410.00","$345,410.00",0,TRUE,FALSE,$15.65
,"121221 (건조김, 마른김)",0.0135,$18.74,,C,A,20210101,2021,52,2021,410,KOR,Rep. of Korea,X,Export,470,MLT,Malta,0,W00,World,H5,HS,TRUE,121221,"Seaweeds and other algae; fit for human consumption, fresh, chilled, frozen or dried, whether or not ground",6,TRUE,C00,TOTAL CPC,0,0,TOTAL MOT,8,kg,13.5,FALSE,8,kg,14,FALSE,14,FALSE,0,FALSE,,$253.00,$253.00,0,TRUE,FALSE,$18.74
,"121221 (건조김, 마른김)",112.24076,$20.37,,C,A,20210101,2021,52,2021,410,KOR,Rep. of Korea,X,Export,484,MEX,Mexico,0,W00,World,H5,HS,TRUE,121221,"Seaweeds and other algae; fit for human consumption, fresh, chilled, frozen or dried, whether or not ground",6,TRUE,C00,TOTAL CPC,0,0,TOTAL MOT,8,kg,112240.76,FALSE,8,kg,"112,241",FALSE,"112,241",FALSE,0,FALSE,,"$2,286,334.00","$2,286,334.00",0,TRUE,FALSE,$20.37
,"121221 (건조김, 마른김)",799.2782,$18.79,,C,A,20210101,2021,52,2021,410,KOR,Rep. of Korea,X,Export,490,S19,"Other Asia, nes",0,W00,World,H5,HS,TRUE,121221,"Seaweeds and other algae; fit for human consumption, fresh, chilled, frozen or dried, whether or not ground",6,TRUE,C00,TOTAL CPC,0,0,TOTAL MOT,8,kg,799278.2,FALSE,8,kg,"799,278",FALSE,"799,278",FALSE,0,FALSE,,"$15,019,563.00","$15,019,563.00",0,TRUE,FALSE,$18.79
,"121221 (건조김, 마른김)",185.84205,$9.38,,C,A,20210101,2021,52,2021,410,KOR,Rep. of Korea,X,Export,496,MNG,Mongolia,0,W00,World,H5,HS,TRUE,121221,"Seaweeds and other algae; fit for human consumption, fresh, chilled, frozen or dried, whether or not ground",6,TRUE,C00,TOTAL CPC,0,0,TOTAL MOT,8,kg,185842.05,FALSE,8,kg,"185,842",FALSE,"185,842",FALSE,0,FALSE,,"$1,743,588.00","$1,743,588.00",0,TRUE,FALSE,$9.38
,"121221 (건조김, 마른김)",3.1855,$23.81,,C,A,20210101,2021,52,2021,410,KOR,Rep. of Korea,X,Export,498,MDA,Rep. of Moldova,0,W00,World,H5,HS,TRUE,121221,"Seaweeds and other algae; fit for human consumption, fresh, chilled, frozen or dried, whether or not ground",6,TRUE,C00,TOTAL CPC,0,0,TOTAL MOT,8,kg,3185.5,FALSE,8,kg,"3,186",FALSE,"3,186",FALSE,0,FALSE,,"$75,858.00","$75,858.00",0,TRUE,FALSE,$23.81
,"121221 (건조김, 마른김)",0.0132,$75.61,,C,A,20210101,2021,52,2021,410,KOR,Rep. of Korea,X,Export,504,MAR,Morocco,0,W00,World,H5,HS,TRUE,121221,"Seaweeds and other algae; fit for human consumption, fresh, chilled, frozen or dried, whether or not ground",6,TRUE,C00,TOTAL CPC,0,0,TOTAL MOT,8,kg,13.2,FALSE,8,kg,13,FALSE,13,FALSE,0,FALSE,,$998.00,$998.00,0,TRUE,FALSE,$75.61
,"121221 (건조김, 마른김)",51.9103,$9.29,,C,A,20210101,2021,52,2021,410,KOR,Rep. of Korea,X,Export,528,NLD,Netherlands,0,W00,World,H5,HS,TRUE,121221,"Seaweeds and other algae; fit for human consumption, fresh, chilled, frozen or dried, whether or not ground",6,TRUE,C00,TOTAL CPC,0,0,TOTAL MOT,8,kg,51910.3,FALSE,8,kg,"51,910",FALSE,"51,910",FALSE,0,FALSE,,"$482,370.00","$482,370.00",0,TRUE,FALSE,$9.29
,"121221 (건조김, 마른김)",0.01328,$8.96,,C,A,20210101,2021,52,2021,410,KOR,Rep. of Korea,X,Export,531,CUW,Curaçao,0,W00,World,H5,HS,TRUE,121221,"Seaweeds and other algae; fit for human consumption, fresh, chilled, frozen or dried, whether or not ground",6,TRUE,C00,TOTAL CPC,0,0,TOTAL MOT,8,kg,13.28,FALSE,8,kg,13,FALSE,13,FALSE,0,FALSE,,$119.00,$119.00,0,TRUE,FALSE,$8.96
,"121221 (건조김, 마른김)",46.40839,$6.14,,C,A,20210101,2021,52,2021,410,KOR,Rep. of Korea,X,Export,554,NZL,New Zealand,0,W00,World,H5,HS,TRUE,121221,"Seaweeds and other algae; fit for human consumption, fresh, chilled, frozen or dried, whether or not ground",6,TRUE,C00,TOTAL CPC,0,0,TOTAL MOT,8,kg,46408.39,FALSE,8,kg,"46,408",FALSE,"46,408",FALSE,0,FALSE,,"$284,779.00","$284,779.00",0,TRUE,FALSE,$6.14
,"121221 (건조김, 마른김)",0.1799,$12.04,,C,A,20210101,2021,52,2021,410,KOR,Rep. of Korea,X,Export,566,NGA,Nigeria,0,W00,World,H5,HS,TRUE,121221,"Seaweeds and other algae; fit for human consumption, fresh, chilled, frozen or dried, whether or not ground",6,TRUE,C00,TOTAL CPC,0,0,TOTAL MOT,8,kg,179.9,FALSE,8,kg,180,FALSE,180,FALSE,0,FALSE,,"$2,166.00","$2,166.00",0,TRUE,FALSE,$12.04
,"121221 (건조김, 마른김)",1.34,$194.96,,C,A,20210101,2021,52,2021,410,KOR,Rep. of Korea,X,Export,579,NOR,Norway,0,W00,World,H5,HS,TRUE,121221,"Seaweeds and other algae; fit for human consumption, fresh, chilled, frozen or dried, whether or not ground",6,TRUE,C00,TOTAL CPC,0,0,TOTAL MOT,8,kg,1340,FALSE,8,kg,"1,340",FALSE,"1,340",FALSE,0,FALSE,,"$261,246.00","$261,246.00",0,TRUE,FALSE,$194.96
,"121221 (건조김, 마른김)",3.19924,$11.21,,C,A,20210101,2021,52,2021,410,KOR,Rep. of Korea,X,Export,580,MNP,N. Mariana Isds,0,W00,World,H5,HS,TRUE,121221,"Seaweeds and other algae; fit for human consumption, fresh, chilled, frozen or dried, whether or not ground",6,TRUE,C00,TOTAL CPC,0,0,TOTAL MOT,8,kg,3199.24,FALSE,8,kg,"3,199",FALSE,"3,199",FALSE,0,FALSE,,"$35,861.00","$35,861.00",0,TRUE,FALSE,$11.21
,"121221 (건조김, 마른김)",0.029,$25.34,,C,A,20210101,2021,52,2021,410,KOR,Rep. of Korea,X,Export,584,MHL,Marshall Isds,0,W00,World,H5,HS,TRUE,121221,"Seaweeds and other algae; fit for human consumption, fresh, chilled, frozen or dried, whether or not ground",6,TRUE,C00,TOTAL CPC,0,0,TOTAL MOT,8,kg,29,FALSE,8,kg,29,FALSE,29,FALSE,0,FALSE,,$735.00,$735.00,0,TRUE,FALSE,$25.34
,"121221 (건조김, 마른김)",2.57876,$4.21,,C,A,20210101,2021,52,2021,410,KOR,Rep. of Korea,X,Export,585,PLW,Palau,0,W00,World,H5,HS,TRUE,121221,"Seaweeds and other algae; fit for human consumption, fresh, chilled, frozen or dried, whether or not ground",6,TRUE,C00,TOTAL CPC,0,0,TOTAL MOT,8,kg,2578.76,FALSE,8,kg,"2,579",FALSE,"2,579",FALSE,0,FALSE,,"$10,865.00","$10,865.00",0,TRUE,FALSE,$4.21
,"121221 (건조김, 마른김)",0.06434,$32.05,,C,A,20210101,2021,52,2021,410,KOR,Rep. of Korea,X,Export,591,PAN,Panama,0,W00,World,H5,HS,TRUE,121221,"Seaweeds and other algae; fit for human consumption, fresh, chilled, frozen or dried, whether or not ground",6,TRUE,C00,TOTAL CPC,0,0,TOTAL MOT,8,kg,64.34,FALSE,8,kg,64,FALSE,64,FALSE,0,FALSE,,"$2,062.00","$2,062.00",0,TRUE,FALSE,$32.05
,"121221 (건조김, 마른김)",1.38926,$14.61,,C,A,20210101,2021,52,2021,410,KOR,Rep. of Korea,X,Export,600,PRY,Paraguay,0,W00,World,H5,HS,TRUE,121221,"Seaweeds and other algae; fit for human consumption, fresh, chilled, frozen or dried, whether or not ground",6,TRUE,C00,TOTAL CPC,0,0,TOTAL MOT,8,kg,1389.26,FALSE,8,kg,"1,389",FALSE,"1,389",FALSE,0,FALSE,,"$20,297.00","$20,297.00",0,TRUE,FALSE,$14.61
,"121221 (건조김, 마른김)",0.2909,$44.83,,C,A,20210101,2021,52,2021,410,KOR,Rep. of Korea,X,Export,604,PER,Peru,0,W00,World,H5,HS,TRUE,121221,"Seaweeds and other algae; fit for human consumption, fresh, chilled, frozen or dried, whether or not ground",6,TRUE,C00,TOTAL CPC,0,0,TOTAL MOT,8,kg,290.9,FALSE,8,kg,291,FALSE,291,FALSE,0,FALSE,,"$13,042.00","$13,042.00",0,TRUE,FALSE,$44.83
,"121221 (건조김, 마른김)",166.62582,$4.91,,C,A,20210101,2021,52,2021,410,KOR,Rep. of Korea,X,Export,608,PHL,Philippines,0,W00,World,H5,HS,TRUE,121221,"Seaweeds and other algae; fit for human consumption, fresh, chilled, frozen or dried, whether or not ground",6,TRUE,C00,TOTAL CPC,0,0,TOTAL MOT,8,kg,166625.82,FALSE,8,kg,"166,626",FALSE,"166,626",FALSE,0,FALSE,,"$818,695.00","$818,695.00",0,TRUE,FALSE,$4.91
,"121221 (건조김, 마른김)",18.74035,$17.52,,C,A,20210101,2021,52,2021,410,KOR,Rep. of Korea,X,Export,616,POL,Poland,0,W00,World,H5,HS,TRUE,121221,"Seaweeds and other algae; fit for human consumption, fresh, chilled, frozen or dried, whether or not ground",6,TRUE,C00,TOTAL CPC,0,0,TOTAL MOT,8,kg,18740.35,FALSE,8,kg,"18,740",FALSE,"18,740",FALSE,0,FALSE,,"$328,362.00","$328,362.00",0,TRUE,FALSE,$17.52
,"121221 (건조김, 마른김)",0.69176,$28.28,,C,A,20210101,2021,52,2021,410,KOR,Rep. of Korea,X,Export,634,QAT,Qatar,0,W00,World,H5,HS,TRUE,121221,"Seaweeds and other algae; fit for human consumption, fresh, chilled, frozen or dried, whether or not ground",6,TRUE,C00,TOTAL CPC,0,0,TOTAL MOT,8,kg,691.76,FALSE,8,kg,692,FALSE,692,FALSE,0,FALSE,,"$19,562.00","$19,562.00",0,TRUE,FALSE,$28.28
,"121221 (건조김, 마른김)",1296.778,$20.17,,C,A,20210101,2021,52,2021,410,KOR,Rep. of Korea,X,Export,643,RUS,Russian Federation,0,W00,World,H5,HS,TRUE,121221,"Seaweeds and other algae; fit for human consumption, fresh, chilled, frozen or dried, whether or not ground",6,TRUE,C00,TOTAL CPC,0,0,TOTAL MOT,8,kg,1296778,FALSE,8,kg,"1,296,778",FALSE,"1,296,778",FALSE,0,FALSE,,"$26,150,051.00","$26,150,051.00",0,TRUE,FALSE,$20.17
,"121221 (건조김, 마른김)",0.9872,$12.51,,C,A,20210101,2021,52,2021,410,KOR,Rep. of Korea,X,Export,682,SAU,Saudi Arabia,0,W00,World,H5,HS,TRUE,121221,"Seaweeds and other algae; fit for human consumption, fresh, chilled, frozen or dried, whether or not ground",6,TRUE,C00,TOTAL CPC,0,0,TOTAL MOT,8,kg,987.2,FALSE,8,kg,987,FALSE,987,FALSE,0,FALSE,,"$12,348.00","$12,348.00",0,TRUE,FALSE,$12.51
,"121221 (건조김, 마른김)",0.046,$3.35,,C,A,20210101,2021,52,2021,410,KOR,Rep. of Korea,X,Export,686,SEN,Senegal,0,W00,World,H5,HS,TRUE,121221,"Seaweeds and other algae; fit for human consumption, fresh, chilled, frozen or dried, whether or not ground",6,TRUE,C00,TOTAL CPC,0,0,TOTAL MOT,8,kg,46,FALSE,8,kg,46,FALSE,46,FALSE,0,FALSE,,$154.00,$154.00,0,TRUE,FALSE,$3.35
,"121221 (건조김, 마른김)",0.10566,$16.35,,C,A,20210101,2021,52,2021,410,KOR,Rep. of Korea,X,Export,688,SRB,Serbia,0,W00,World,H5,HS,TRUE,121221,"Seaweeds and other algae; fit for human consumption, fresh, chilled, frozen or dried, whether or not ground",6,TRUE,C00,TOTAL CPC,0,0,TOTAL MOT,8,kg,105.66,FALSE,8,kg,106,FALSE,106,FALSE,0,FALSE,,"$1,728.00","$1,728.00",0,TRUE,FALSE,$16.35
,"121221 (건조김, 마른김)",0.459418,$25.46,,C,A,20210101,2021,52,2021,410,KOR,Rep. of Korea,X,Export,699,IND,India,0,W00,World,H5,HS,TRUE,121221,"Seaweeds and other algae; fit for human consumption, fresh, chilled, frozen or dried, whether or not ground",6,TRUE,C00,TOTAL CPC,0,0,TOTAL MOT,8,kg,459.418,FALSE,8,kg,459,FALSE,459,FALSE,0,FALSE,,"$11,697.00","$11,697.00",0,TRUE,FALSE,$25.46
,"121221 (건조김, 마른김)",113.94278,$14.57,,C,A,20210101,2021,52,2021,410,KOR,Rep. of Korea,X,Export,702,SGP,Singapore,0,W00,World,H5,HS,TRUE,121221,"Seaweeds and other algae; fit for human consumption, fresh, chilled, frozen or dried, whether or not ground",6,TRUE,C00,TOTAL CPC,0,0,TOTAL MOT,8,kg,113942.78,FALSE,8,kg,"113,943",FALSE,"113,943",FALSE,0,FALSE,,"$1,659,785.00","$1,659,785.00",0,TRUE,FALSE,$14.57
,"121221 (건조김, 마른김)",0.2005,$16.06,,C,A,20210101,2021,52,2021,410,KOR,Rep. of Korea,X,Export,703,SVK,Slovakia,0,W00,World,H5,HS,TRUE,121221,"Seaweeds and other algae; fit for human consumption, fresh, chilled, frozen or dried, whether or not ground",6,TRUE,C00,TOTAL CPC,0,0,TOTAL MOT,8,kg,200.5,FALSE,8,kg,201,FALSE,201,FALSE,0,FALSE,,"$3,221.00","$3,221.00",0,TRUE,FALSE,$16.06
,"121221 (건조김, 마른김)",502.7297,$12.99,,C,A,20210101,2021,52,2021,410,KOR,Rep. of Korea,X,Export,704,VNM,Viet Nam,0,W00,World,H5,HS,TRUE,121221,"Seaweeds and other algae; fit for human consumption, fresh, chilled, frozen or dried, whether or not ground",6,TRUE,C00,TOTAL CPC,0,0,TOTAL MOT,8,kg,502729.7,FALSE,8,kg,"502,730",FALSE,"502,730",FALSE,0,FALSE,,"$6,531,763.00","$6,531,763.00",0,TRUE,FALSE,$12.99
,"121221 (건조김, 마른김)",0.064,$17.16,,C,A,20210101,2021,52,2021,410,KOR,Rep. of Korea,X,Export,705,SVN,Slovenia,0,W00,World,H5,HS,TRUE,121221,"Seaweeds and other algae; fit for human consumption, fresh, chilled, frozen or dried, whether or not ground",6,TRUE,C00,TOTAL CPC,0,0,TOTAL MOT,8,kg,64,FALSE,8,kg,64,FALSE,64,FALSE,0,FALSE,,"$1,098.00","$1,098.00",0,TRUE,FALSE,$17.16
,"121221 (건조김, 마른김)",0.4427,$13.33,,C,A,20210101,2021,52,2021,410,KOR,Rep. of Korea,X,Export,710,ZAF,South Africa,0,W00,World,H5,HS,TRUE,121221,"Seaweeds and other algae; fit for human consumption, fresh, chilled, frozen or dried, whether or not ground",6,TRUE,C00,TOTAL CPC,0,0,TOTAL MOT,8,kg,442.7,FALSE,8,kg,443,FALSE,443,FALSE,0,FALSE,,"$5,902.00","$5,902.00",0,TRUE,FALSE,$13.33
,"121221 (건조김, 마른김)",1.20128,$22.53,,C,A,20210101,2021,52,2021,410,KOR,Rep. of Korea,X,Export,724,ESP,Spain,0,W00,World,H5,HS,TRUE,121221,"Seaweeds and other algae; fit for human consumption, fresh, chilled, frozen or dried, whether or not ground",6,TRUE,C00,TOTAL CPC,0,0,TOTAL MOT,8,kg,1201.28,FALSE,8,kg,"1,201",FALSE,"1,201",FALSE,0,FALSE,,"$27,070.00","$27,070.00",0,TRUE,FALSE,$22.53
,"121221 (건조김, 마른김)",0.50715,$17.06,,C,A,20210101,2021,52,2021,410,KOR,Rep. of Korea,X,Export,752,SWE,Sweden,0,W00,World,H5,HS,TRUE,121221,"Seaweeds and other algae; fit for human consumption, fresh, chilled, frozen or dried, whether or not ground",6,TRUE,C00,TOTAL CPC,0,0,TOTAL MOT,8,kg,507.15,FALSE,8,kg,507,FALSE,507,FALSE,0,FALSE,,"$8,653.00","$8,653.00",0,TRUE,FALSE,$17.06
,"121221 (건조김, 마른김)",5.79531,$6.63,,C,A,20210101,2021,52,2021,410,KOR,Rep. of Korea,X,Export,757,CHE,Switzerland,0,W00,World,H5,HS,TRUE,121221,"Seaweeds and other algae; fit for human consumption, fresh, chilled, frozen or dried, whether or not ground",6,TRUE,C00,TOTAL CPC,0,0,TOTAL MOT,8,kg,5795.31,FALSE,8,kg,"5,795",FALSE,"5,795",FALSE,0,FALSE,,"$38,444.00","$38,444.00",0,TRUE,FALSE,$6.63
,"121221 (건조김, 마른김)",2818.994,$13.87,,C,A,20210101,2021,52,2021,410,KOR,Rep. of Korea,X,Export,764,THA,Thailand,0,W00,World,H5,HS,TRUE,121221,"Seaweeds and other algae; fit for human consumption, fresh, chilled, frozen or dried, whether or not ground",6,TRUE,C00,TOTAL CPC,0,0,TOTAL MOT,8,kg,2818994,FALSE,8,kg,"2,818,994",FALSE,"2,818,994",FALSE,0,FALSE,,"$39,101,774.00","$39,101,774.00",0,TRUE,FALSE,$13.87
,"121221 (건조김, 마른김)",0.012,$4.25,,C,A,20210101,2021,52,2021,410,KOR,Rep. of Korea,X,Export,768,TGO,Togo,0,W00,World,H5,HS,TRUE,121221,"Seaweeds and other algae; fit for human consumption, fresh, chilled, frozen or dried, whether or not ground",6,TRUE,C00,TOTAL CPC,0,0,TOTAL MOT,8,kg,12,FALSE,8,kg,12,FALSE,12,FALSE,0,FALSE,,$51.00,$51.00,0,TRUE,FALSE,$4.25
,"121221 (건조김, 마른김)",10.90422,$6.97,,C,A,20210101,2021,52,2021,410,KOR,Rep. of Korea,X,Export,784,ARE,United Arab Emirates,0,W00,World,H5,HS,TRUE,121221,"Seaweeds and other algae; fit for human consumption, fresh, chilled, frozen or dried, whether or not ground",6,TRUE,C00,TOTAL CPC,0,0,TOTAL MOT,8,kg,10904.22,FALSE,8,kg,"10,904",FALSE,"10,904",FALSE,0,FALSE,,"$76,042.00","$76,042.00",0,TRUE,FALSE,$6.97
,"121221 (건조김, 마른김)",0.0982,$5.76,,C,A,20210101,2021,52,2021,410,KOR,Rep. of Korea,X,Export,788,TUN,Tunisia,0,W00,World,H5,HS,TRUE,121221,"Seaweeds and other algae; fit for human consumption, fresh, chilled, frozen or dried, whether or not ground",6,TRUE,C00,TOTAL CPC,0,0,TOTAL MOT,8,kg,98.2,FALSE,8,kg,98,FALSE,98,FALSE,0,FALSE,,$566.00,$566.00,0,TRUE,FALSE,$5.76
,"121221 (건조김, 마른김)",13.312,$9.37,,C,A,20210101,2021,52,2021,410,KOR,Rep. of Korea,X,Export,792,TUR,Türkiye,0,W00,World,H5,HS,TRUE,121221,"Seaweeds and other algae; fit for human consumption, fresh, chilled, frozen or dried, whether or not ground",6,TRUE,C00,TOTAL CPC,0,0,TOTAL MOT,8,kg,13312,FALSE,8,kg,"13,312",FALSE,"13,312",FALSE,0,FALSE,,"$124,742.00","$124,742.00",0,TRUE,FALSE,$9.37
,"121221 (건조김, 마른김)",16.84695,$22.13,,C,A,20210101,2021,52,2021,410,KOR,Rep. of Korea,X,Export,804,UKR,Ukraine,0,W00,World,H5,HS,TRUE,121221,"Seaweeds and other algae; fit for human consumption, fresh, chilled, frozen or dried, whether or not ground",6,TRUE,C00,TOTAL CPC,0,0,TOTAL MOT,8,kg,16846.95,FALSE,8,kg,"16,847",FALSE,"16,847",FALSE,0,FALSE,,"$372,825.00","$372,825.00",0,TRUE,FALSE,$22.13
,"121221 (건조김, 마른김)",0.2025,$18.70,,C,A,20210101,2021,52,2021,410,KOR,Rep. of Korea,X,Export,818,EGY,Egypt,0,W00,World,H5,HS,TRUE,121221,"Seaweeds and other algae; fit for human consumption, fresh, chilled, frozen or dried, whether or not ground",6,TRUE,C00,TOTAL CPC,0,0,TOTAL MOT,8,kg,202.5,FALSE,8,kg,203,FALSE,203,FALSE,0,FALSE,,"$3,787.00","$3,787.00",0,TRUE,FALSE,$18.70
,"121221 (건조김, 마른김)",46.6242,$9.74,,C,A,20210101,2021,52,2021,410,KOR,Rep. of Korea,X,Export,826,GBR,United Kingdom,0,W00,World,H5,HS,TRUE,121221,"Seaweeds and other algae; fit for human consumption, fresh, chilled, frozen or dried, whether or not ground",6,TRUE,C00,TOTAL CPC,0,0,TOTAL MOT,8,kg,46624.2,FALSE,8,kg,"46,624",FALSE,"46,624",FALSE,0,FALSE,,"$454,117.00","$454,117.00",0,TRUE,FALSE,$9.74
,"121221 (건조김, 마른김)",2089.069,$9.62,,C,A,20210101,2021,52,2021,410,KOR,Rep. of Korea,X,Export,842,USA,USA,0,W00,World,H5,HS,TRUE,121221,"Seaweeds and other algae; fit for human consumption, fresh, chilled, frozen or dried, whether or not ground",6,TRUE,C00,TOTAL CPC,0,0,TOTAL MOT,8,kg,2089069,FALSE,8,kg,"2,089,069",FALSE,"2,089,069",FALSE,0,FALSE,,"$20,102,575.00","$20,102,575.00",0,TRUE,FALSE,$9.62
,"121221 (건조김, 마른김)",3.0631,$10.55,,C,A,20210101,2021,52,2021,410,KOR,Rep. of Korea,X,Export,860,UZB,Uzbekistan,0,W00,World,H5,HS,TRUE,121221,"Seaweeds and other algae; fit for human consumption, fresh, chilled, frozen or dried, whether or not ground",6,TRUE,C00,TOTAL CPC,0,0,TOTAL MOT,8,kg,3063.1,FALSE,8,kg,"3,063",FALSE,"3,063",FALSE,0,FALSE,,"$32,303.00","$32,303.00",0,TRUE,FALSE,$10.55
,"121221 (건조김, 마른김)",0.11576,$18.12,,C,A,20210101,2021,52,2021,410,KOR,Rep. of Korea,X,Export,882,WSM,Samoa,0,W00,World,H5,HS,TRUE,121221,"Seaweeds and other algae; fit for human consumption, fresh, chilled, frozen or dried, whether or not ground",6,TRUE,C00,TOTAL CPC,0,0,TOTAL MOT,8,kg,115.76,FALSE,8,kg,116,FALSE,116,FALSE,0,FALSE,,"$2,098.00","$2,098.00",0,TRUE,FALSE,$18.12
,"200899 (구운김, 조미김)",25297.54438,$21.90,,C,A,20210101,2021,52,2021,410,KOR,Rep. of Korea,X,Export,0,W00,World,0,W00,World,H5,HS,TRUE,200899,"Fruit, nuts and other edible parts of plants; prepared or preserved, whether or not containing added sugar, other sweetening matter or spirit, n.e.c. in heading no. 2008",6,TRUE,C00,TOTAL CPC,0,0,TOTAL MOT,8,kg,25297544.38,FALSE,8,kg,"25,297,544",FALSE,"25,297,544",FALSE,0,FALSE,,"$553,986,432.00","$553,986,432.00",0,FALSE,TRUE,$21.90
,"200899 (구운김, 조미김)",0.094832,$27.24,,C,A,20210101,2021,52,2021,410,KOR,Rep. of Korea,X,Export,12,DZA,Algeria,0,W00,World,H5,HS,TRUE,200899,"Fruit, nuts and other edible parts of plants; prepared or preserved, whether or not containing added sugar, other sweetening matter or spirit, n.e.c. in heading no. 2008",6,TRUE,C00,TOTAL CPC,0,0,TOTAL MOT,8,kg,94.832,FALSE,8,kg,95,FALSE,95,FALSE,0,FALSE,,"$2,583.00","$2,583.00",0,TRUE,FALSE,$27.24
,"200899 (구운김, 조미김)",0.01584,$16.73,,C,A,20210101,2021,52,2021,410,KOR,Rep. of Korea,X,Export,16,ASM,American Samoa,0,W00,World,H5,HS,TRUE,200899,"Fruit, nuts and other edible parts of plants; prepared or preserved, whether or not containing added sugar, other sweetening matter or spirit, n.e.c. in heading no. 2008",6,TRUE,C00,TOTAL CPC,0,0,TOTAL MOT,8,kg,15.84,FALSE,8,kg,16,FALSE,16,FALSE,0,FALSE,,$265.00,$265.00,0,TRUE,FALSE,$16.73
,"200899 (구운김, 조미김)",1.62346,$27.69,,C,A,20210101,2021,52,2021,410,KOR,Rep. of Korea,X,Export,32,ARG,Argentina,0,W00,World,H5,HS,TRUE,200899,"Fruit, nuts and other edible parts of plants; prepared or preserved, whether or not containing added sugar, other sweetening matter or spirit, n.e.c. in heading no. 2008",6,TRUE,C00,TOTAL CPC,0,0,TOTAL MOT,8,kg,1623.46,FALSE,8,kg,"1,623",FALSE,"1,623",FALSE,0,FALSE,,"$44,957.00","$44,957.00",0,TRUE,FALSE,$27.69
,"200899 (구운김, 조미김)",807.5198,$20.44,,C,A,20210101,2021,52,2021,410,KOR,Rep. of Korea,X,Export,36,AUS,Australia,0,W00,World,H5,HS,TRUE,200899,"Fruit, nuts and other edible parts of plants; prepared or preserved, whether or not containing added sugar, other sweetening matter or spirit, n.e.c. in heading no. 2008",6,TRUE,C00,TOTAL CPC,0,0,TOTAL MOT,8,kg,807519.8,FALSE,8,kg,"807,520",FALSE,"807,520",FALSE,0,FALSE,,"$16,503,470.00","$16,503,470.00",0,TRUE,FALSE,$20.44
,"200899 (구운김, 조미김)",48.79978,$6.29,,C,A,20210101,2021,52,2021,410,KOR,Rep. of Korea,X,Export,40,AUT,Austria,0,W00,World,H5,HS,TRUE,200899,"Fruit, nuts and other edible parts of plants; prepared or preserved, whether or not containing added sugar, other sweetening matter or spirit, n.e.c. in heading no. 2008",6,TRUE,C00,TOTAL CPC,0,0,TOTAL MOT,8,kg,48799.78,FALSE,8,kg,"48,800",FALSE,"48,800",FALSE,0,FALSE,,"$306,792.00","$306,792.00",0,TRUE,FALSE,$6.29
,"200899 (구운김, 조미김)",0.21677,$50.57,,C,A,20210101,2021,52,2021,410,KOR,Rep. of Korea,X,Export,48,BHR,Bahrain,0,W00,World,H5,HS,TRUE,200899,"Fruit, nuts and other edible parts of plants; prepared or preserved, whether or not containing added sugar, other sweetening matter or spirit, n.e.c. in heading no. 2008",6,TRUE,C00,TOTAL CPC,0,0,TOTAL MOT,8,kg,216.77,FALSE,8,kg,217,FALSE,217,FALSE,0,FALSE,,"$10,963.00","$10,963.00",0,TRUE,FALSE,$50.57
,"200899 (구운김, 조미김)",1.68972,$17.13,,C,A,20210101,2021,52,2021,410,KOR,Rep. of Korea,X,Export,50,BGD,Bangladesh,0,W00,World,H5,HS,TRUE,200899,"Fruit, nuts and other edible parts of plants; prepared or preserved, whether or not containing added sugar, other sweetening matter or spirit, n.e.c. in heading no. 2008",6,TRUE,C00,TOTAL CPC,0,0,TOTAL MOT,8,kg,1689.72,FALSE,8,kg,"1,690",FALSE,"1,690",FALSE,0,FALSE,,"$28,939.00","$28,939.00",0,TRUE,FALSE,$17.13
,"200899 (구운김, 조미김)",344.44528,$4.10,,C,A,20210101,2021,52,2021,410,KOR,Rep. of Korea,X,Export,56,BEL,Belgium,0,W00,World,H5,HS,TRUE,200899,"Fruit, nuts and other edible parts of plants; prepared or preserved, whether or not containing added sugar, other sweetening matter or spirit, n.e.c. in heading no. 2008",6,TRUE,C00,TOTAL CPC,0,0,TOTAL MOT,8,kg,344445.28,FALSE,8,kg,"344,445",FALSE,"344,445",FALSE,0,FALSE,,"$1,411,042.00","$1,411,042.00",0,TRUE,FALSE,$4.10
,"200899 (구운김, 조미김)",0.12104,$187.79,,C,A,20210101,2021,52,2021,410,KOR,Rep. of Korea,X,Export,64,BTN,Bhutan,0,W00,World,H5,HS,TRUE,200899,"Fruit, nuts and other edible parts of plants; prepared or preserved, whether or not containing added sugar, other sweetening matter or spirit, n.e.c. in heading no. 2008",6,TRUE,C00,TOTAL CPC,0,0,TOTAL MOT,8,kg,121.04,FALSE,8,kg,121,FALSE,121,FALSE,0,FALSE,,"$22,730.00","$22,730.00",0,TRUE,FALSE,$187.79
,"200899 (구운김, 조미김)",1.69796,$28.38,,C,A,20210101,2021,52,2021,410,KOR,Rep. of Korea,X,Export,68,BOL,Bolivia (Plurinational State of),0,W00,World,H5,HS,TRUE,200899,"Fruit, nuts and other edible parts of plants; prepared or preserved, whether or not containing added sugar, other sweetening matter or spirit, n.e.c. in heading no. 2008",6,TRUE,C00,TOTAL CPC,0,0,TOTAL MOT,8,kg,1697.96,FALSE,8,kg,"1,698",FALSE,"1,698",FALSE,0,FALSE,,"$48,182.00","$48,182.00",0,TRUE,FALSE,$28.38
,"200899 (구운김, 조미김)",135.39283,$21.92,,C,A,20210101,2021,52,2021,410,KOR,Rep. of Korea,X,Export,76,BRA,Brazil,0,W00,World,H5,HS,TRUE,200899,"Fruit, nuts and other edible parts of plants; prepared or preserved, whether or not containing added sugar, other sweetening matter or spirit, n.e.c. in heading no. 2008",6,TRUE,C00,TOTAL CPC,0,0,TOTAL MOT,8,kg,135392.83,FALSE,8,kg,"135,393",FALSE,"135,393",FALSE,0,FALSE,,"$2,967,452.00","$2,967,452.00",0,TRUE,FALSE,$21.92
,"200899 (구운김, 조미김)",6.57594,$10.17,,C,A,20210101,2021,52,2021,410,KOR,Rep. of Korea,X,Export,96,BRN,Brunei Darussalam,0,W00,World,H5,HS,TRUE,200899,"Fruit, nuts and other edible parts of plants; prepared or preserved, whether or not containing added sugar, other sweetening matter or spirit, n.e.c. in heading no. 2008",6,TRUE,C00,TOTAL CPC,0,0,TOTAL MOT,8,kg,6575.94,FALSE,8,kg,"6,576",FALSE,"6,576",FALSE,0,FALSE,,"$66,859.00","$66,859.00",0,TRUE,FALSE,$10.17
,"200899 (구운김, 조미김)",2.0026,$24.40,,C,A,20210101,2021,52,2021,410,KOR,Rep. of Korea,X,Export,100,BGR,Bulgaria,0,W00,World,H5,HS,TRUE,200899,"Fruit, nuts and other edible parts of plants; prepared or preserved, whether or not containing added sugar, other sweetening matter or spirit, n.e.c. in heading no. 2008",6,TRUE,C00,TOTAL CPC,0,0,TOTAL MOT,8,kg,2002.6,FALSE,8,kg,"2,003",FALSE,"2,003",FALSE,0,FALSE,,"$48,870.00","$48,870.00",0,TRUE,FALSE,$24.40
,"200899 (구운김, 조미김)",18.09854,$40.17,,C,A,20210101,2021,52,2021,410,KOR,Rep. of Korea,X,Export,104,MMR,Myanmar,0,W00,World,H5,HS,TRUE,200899,"Fruit, nuts and other edible parts of plants; prepared or preserved, whether or not containing added sugar, other sweetening matter or spirit, n.e.c. in heading no. 2008",6,TRUE,C00,TOTAL CPC,0,0,TOTAL MOT,8,kg,18098.54,FALSE,8,kg,"18,099",FALSE,"18,099",FALSE,0,FALSE,,"$727,104.00","$727,104.00",0,TRUE,FALSE,$40.17
,"200899 (구운김, 조미김)",9.66,$22.39,,C,A,20210101,2021,52,2021,410,KOR,Rep. of Korea,X,Export,112,BLR,Belarus,0,W00,World,H5,HS,TRUE,200899,"Fruit, nuts and other edible parts of plants; prepared or preserved, whether or not containing added sugar, other sweetening matter or spirit, n.e.c. in heading no. 2008",6,TRUE,C00,TOTAL CPC,0,0,TOTAL MOT,8,kg,9660,FALSE,8,kg,"9,660",FALSE,"9,660",FALSE,0,FALSE,,"$216,300.00","$216,300.00",0,TRUE,FALSE,$22.39
,"200899 (구운김, 조미김)",25.2318,$16.69,,C,A,20210101,2021,52,2021,410,KOR,Rep. of Korea,X,Export,116,KHM,Cambodia,0,W00,World,H5,HS,TRUE,200899,"Fruit, nuts and other edible parts of plants; prepared or preserved, whether or not containing added sugar, other sweetening matter or spirit, n.e.c. in heading no. 2008",6,TRUE,C00,TOTAL CPC,0,0,TOTAL MOT,8,kg,25231.8,FALSE,8,kg,"25,232",FALSE,"25,232",FALSE,0,FALSE,,"$421,091.00","$421,091.00",0,TRUE,FALSE,$16.69
,"200899 (구운김, 조미김)",0.01,$2.00,,C,A,20210101,2021,52,2021,410,KOR,Rep. of Korea,X,Export,120,CMR,Cameroon,0,W00,World,H5,HS,TRUE,200899,"Fruit, nuts and other edible parts of plants; prepared or preserved, whether or not containing added sugar, other sweetening matter or spirit, n.e.c. in heading no. 2008",6,TRUE,C00,TOTAL CPC,0,0,TOTAL MOT,8,kg,10,FALSE,8,kg,10,FALSE,10,FALSE,0,FALSE,,$20.00,$20.00,0,TRUE,FALSE,$2.00
,"200899 (구운김, 조미김)",851.5216,$25.91,,C,A,20210101,2021,52,2021,410,KOR,Rep. of Korea,X,Export,124,CAN,Canada,0,W00,World,H5,HS,TRUE,200899,"Fruit, nuts and other edible parts of plants; prepared or preserved, whether or not containing added sugar, other sweetening matter or spirit, n.e.c. in heading no. 2008",6,TRUE,C00,TOTAL CPC,0,0,TOTAL MOT,8,kg,851521.6,FALSE,8,kg,"851,522",FALSE,"851,522",FALSE,0,FALSE,,"$22,064,598.00","$22,064,598.00",0,TRUE,FALSE,$25.91
,"200899 (구운김, 조미김)",70.30746,$20.94,,C,A,20210101,2021,52,2021,410,KOR,Rep. of Korea,X,Export,152,CHL,Chile,0,W00,World,H5,HS,TRUE,200899,"Fruit, nuts and other edible parts of plants; prepared or preserved, whether or not containing added sugar, other sweetening matter or spirit, n.e.c. in heading no. 2008",6,TRUE,C00,TOTAL CPC,0,0,TOTAL MOT,8,kg,70307.46,FALSE,8,kg,"70,307",FALSE,"70,307",FALSE,0,FALSE,,"$1,472,434.00","$1,472,434.00",0,TRUE,FALSE,$20.94
,"200899 (구운김, 조미김)",3945.181,$27.35,,C,A,20210101,2021,52,2021,410,KOR,Rep. of Korea,X,Export,156,CHN,China,0,W00,World,H5,HS,TRUE,200899,"Fruit, nuts and other edible parts of plants; prepared or preserved, whether or not containing added sugar, other sweetening matter or spirit, n.e.c. in heading no. 2008",6,TRUE,C00,TOTAL CPC,0,0,TOTAL MOT,8,kg,3945181,FALSE,8,kg,"3,945,181",FALSE,"3,945,181",FALSE,0,FALSE,,"$107,913,115.00","$107,913,115.00",0,TRUE,FALSE,$27.35
,"200899 (구운김, 조미김)",8.58818,$19.00,,C,A,20210101,2021,52,2021,410,KOR,Rep. of Korea,X,Export,170,COL,Colombia,0,W00,World,H5,HS,TRUE,200899,"Fruit, nuts and other edible parts of plants; prepared or preserved, whether or not containing added sugar, other sweetening matter or spirit, n.e.c. in heading no. 2008",6,TRUE,C00,TOTAL CPC,0,0,TOTAL MOT,8,kg,8588.18,FALSE,8,kg,"8,588",FALSE,"8,588",FALSE,0,FALSE,,"$163,161.00","$163,161.00",0,TRUE,FALSE,$19.00
,"200899 (구운김, 조미김)",0.0367,$37.49,,C,A,20210101,2021,52,2021,410,KOR,Rep. of Korea,X,Export,188,CRI,Costa Rica,0,W00,World,H5,HS,TRUE,200899,"Fruit, nuts and other edible parts of plants; prepared or preserved, whether or not containing added sugar, other sweetening matter or spirit, n.e.c. in heading no. 2008",6,TRUE,C00,TOTAL CPC,0,0,TOTAL MOT,8,kg,36.7,FALSE,8,kg,37,FALSE,37,FALSE,0,FALSE,,"$1,376.00","$1,376.00",0,TRUE,FALSE,$37.49
,"200899 (구운김, 조미김)",5.0344,$21.21,,C,A,20210101,2021,52,2021,410,KOR,Rep. of Korea,X,Export,196,CYP,Cyprus,0,W00,World,H5,HS,TRUE,200899,"Fruit, nuts and other edible parts of plants; prepared or preserved, whether or not containing added sugar, other sweetening matter or spirit, n.e.c. in heading no. 2008",6,TRUE,C00,TOTAL CPC,0,0,TOTAL MOT,8,kg,5034.4,FALSE,8,kg,"5,034",FALSE,"5,034",FALSE,0,FALSE,,"$106,784.00","$106,784.00",0,TRUE,FALSE,$21.21
,"200899 (구운김, 조미김)",28.27628,$12.72,,C,A,20210101,2021,52,2021,410,KOR,Rep. of Korea,X,Export,203,CZE,Czechia,0,W00,World,H5,HS,TRUE,200899,"Fruit, nuts and other edible parts of plants; prepared or preserved, whether or not containing added sugar, other sweetening matter or spirit, n.e.c. in heading no. 2008",6,TRUE,C00,TOTAL CPC,0,0,TOTAL MOT,8,kg,28276.28,FALSE,8,kg,"28,276",FALSE,"28,276",FALSE,0,FALSE,,"$359,708.00","$359,708.00",0,TRUE,FALSE,$12.72
,"200899 (구운김, 조미김)",69.20978,$4.55,,C,A,20210101,2021,52,2021,410,KOR,Rep. of Korea,X,Export,208,DNK,Denmark,0,W00,World,H5,HS,TRUE,200899,"Fruit, nuts and other edible parts of plants; prepared or preserved, whether or not containing added sugar, other sweetening matter or spirit, n.e.c. in heading no. 2008",6,TRUE,C00,TOTAL CPC,0,0,TOTAL MOT,8,kg,69209.78,FALSE,8,kg,"69,210",FALSE,"69,210",FALSE,0,FALSE,,"$314,568.00","$314,568.00",0,TRUE,FALSE,$4.55
,"200899 (구운김, 조미김)",0.17166,$39.74,,C,A,20210101,2021,52,2021,410,KOR,Rep. of Korea,X,Export,214,DOM,Dominican Rep.,0,W00,World,H5,HS,TRUE,200899,"Fruit, nuts and other edible parts of plants; prepared or preserved, whether or not containing added sugar, other sweetening matter or spirit, n.e.c. in heading no. 2008",6,TRUE,C00,TOTAL CPC,0,0,TOTAL MOT,8,kg,171.66,FALSE,8,kg,172,FALSE,172,FALSE,0,FALSE,,"$6,821.00","$6,821.00",0,TRUE,FALSE,$39.74
,"200899 (구운김, 조미김)",2.3868,$37.30,,C,A,20210101,2021,52,2021,410,KOR,Rep. of Korea,X,Export,218,ECU,Ecuador,0,W00,World,H5,HS,TRUE,200899,"Fruit, nuts and other edible parts of plants; prepared or preserved, whether or not containing added sugar, other sweetening matter or spirit, n.e.c. in heading no. 2008",6,TRUE,C00,TOTAL CPC,0,0,TOTAL MOT,8,kg,2386.8,FALSE,8,kg,"2,387",FALSE,"2,387",FALSE,0,FALSE,,"$89,030.00","$89,030.00",0,TRUE,FALSE,$37.30
,"200899 (구운김, 조미김)",4.74828,$38.12,,C,A,20210101,2021,52,2021,410,KOR,Rep. of Korea,X,Export,233,EST,Estonia,0,W00,World,H5,HS,TRUE,200899,"Fruit, nuts and other edible parts of plants; prepared or preserved, whether or not containing added sugar, other sweetening matter or spirit, n.e.c. in heading no. 2008",6,TRUE,C00,TOTAL CPC,0,0,TOTAL MOT,8,kg,4748.28,FALSE,8,kg,"4,748",FALSE,"4,748",FALSE,0,FALSE,,"$180,995.00","$180,995.00",0,TRUE,FALSE,$38.12
,"200899 (구운김, 조미김)",0.31418,$30.22,,C,A,20210101,2021,52,2021,410,KOR,Rep. of Korea,X,Export,242,FJI,Fiji,0,W00,World,H5,HS,TRUE,200899,"Fruit, nuts and other edible parts of plants; prepared or preserved, whether or not containing added sugar, other sweetening matter or spirit, n.e.c. in heading no. 2008",6,TRUE,C00,TOTAL CPC,0,0,TOTAL MOT,8,kg,314.18,FALSE,8,kg,314,FALSE,314,FALSE,0,FALSE,,"$9,493.00","$9,493.00",0,TRUE,FALSE,$30.22
,"200899 (구운김, 조미김)",31.45308,$12.00,,C,A,20210101,2021,52,2021,410,KOR,Rep. of Korea,X,Export,246,FIN,Finland,0,W00,World,H5,HS,TRUE,200899,"Fruit, nuts and other edible parts of plants; prepared or preserved, whether or not containing added sugar, other sweetening matter or spirit, n.e.c. in heading no. 2008",6,TRUE,C00,TOTAL CPC,0,0,TOTAL MOT,8,kg,31453.08,FALSE,8,kg,"31,453",FALSE,"31,453",FALSE,0,FALSE,,"$377,437.00","$377,437.00",0,TRUE,FALSE,$12.00
,"200899 (구운김, 조미김)",288.9153,$26.66,,C,A,20210101,2021,52,2021,410,KOR,Rep. of Korea,X,Export,251,FRA,France,0,W00,World,H5,HS,TRUE,200899,"Fruit, nuts and other edible parts of plants; prepared or preserved, whether or not containing added sugar, other sweetening matter or spirit, n.e.c. in heading no. 2008",6,TRUE,C00,TOTAL CPC,0,0,TOTAL MOT,8,kg,288915.3,FALSE,8,kg,"288,915",FALSE,"288,915",FALSE,0,FALSE,,"$7,701,910.00","$7,701,910.00",0,TRUE,FALSE,$26.66
,"200899 (구운김, 조미김)",0.0115,$32.87,,C,A,20210101,2021,52,2021,410,KOR,Rep. of Korea,X,Export,268,GEO,Georgia,0,W00,World,H5,HS,TRUE,200899,"Fruit, nuts and other edible parts of plants; prepared or preserved, whether or not containing added sugar, other sweetening matter or spirit, n.e.c. in heading no. 2008",6,TRUE,C00,TOTAL CPC,0,0,TOTAL MOT,8,kg,11.5,FALSE,8,kg,12,FALSE,12,FALSE,0,FALSE,,$378.00,$378.00,0,TRUE,FALSE,$32.87
,"200899 (구운김, 조미김)",571.4231,$22.37,,C,A,20210101,2021,52,2021,410,KOR,Rep. of Korea,X,Export,276,DEU,Germany,0,W00,World,H5,HS,TRUE,200899,"Fruit, nuts and other edible parts of plants; prepared or preserved, whether or not containing added sugar, other sweetening matter or spirit, n.e.c. in heading no. 2008",6,TRUE,C00,TOTAL CPC,0,0,TOTAL MOT,8,kg,571423.1,FALSE,8,kg,"571,423",FALSE,"571,423",FALSE,0,FALSE,,"$12,784,604.00","$12,784,604.00",0,TRUE,FALSE,$22.37
,"200899 (구운김, 조미김)",0.032,$10.50,,C,A,20210101,2021,52,2021,410,KOR,Rep. of Korea,X,Export,288,GHA,Ghana,0,W00,World,H5,HS,TRUE,200899,"Fruit, nuts and other edible parts of plants; prepared or preserved, whether or not containing added sugar, other sweetening matter or spirit, n.e.c. in heading no. 2008",6,TRUE,C00,TOTAL CPC,0,0,TOTAL MOT,8,kg,32,FALSE,8,kg,32,FALSE,32,FALSE,0,FALSE,,$336.00,$336.00,0,TRUE,FALSE,$10.50
,"200899 (구운김, 조미김)",6.3121,$27.71,,C,A,20210101,2021,52,2021,410,KOR,Rep. of Korea,X,Export,300,GRC,Greece,0,W00,World,H5,HS,TRUE,200899,"Fruit, nuts and other edible parts of plants; prepared or preserved, whether or not containing added sugar, other sweetening matter or spirit, n.e.c. in heading no. 2008",6,TRUE,C00,TOTAL CPC,0,0,TOTAL MOT,8,kg,6312.1,FALSE,8,kg,"6,312",FALSE,"6,312",FALSE,0,FALSE,,"$174,915.00","$174,915.00",0,TRUE,FALSE,$27.71
,"200899 (구운김, 조미김)",23.419781,$15.44,,C,A,20210101,2021,52,2021,410,KOR,Rep. of Korea,X,Export,316,GUM,Guam,0,W00,World,H5,HS,TRUE,200899,"Fruit, nuts and other edible parts of plants; prepared or preserved, whether or not containing added sugar, other sweetening matter or spirit, n.e.c. in heading no. 2008",6,TRUE,C00,TOTAL CPC,0,0,TOTAL MOT,8,kg,23419.781,FALSE,8,kg,"23,420",FALSE,"23,420",FALSE,0,FALSE,,"$361,596.00","$361,596.00",0,TRUE,FALSE,$15.44
,"200899 (구운김, 조미김)",7.979556,$9.22,,C,A,20210101,2021,52,2021,410,KOR,Rep. of Korea,X,Export,320,GTM,Guatemala,0,W00,World,H5,HS,TRUE,200899,"Fruit, nuts and other edible parts of plants; prepared or preserved, whether or not containing added sugar, other sweetening matter or spirit, n.e.c. in heading no. 2008",6,TRUE,C00,TOTAL CPC,0,0,TOTAL MOT,8,kg,7979.556,FALSE,8,kg,"7,980",FALSE,"7,980",FALSE,0,FALSE,,"$73,601.00","$73,601.00",0,TRUE,FALSE,$9.22
,"200899 (구운김, 조미김)",0.06519,$22.99,,C,A,20210101,2021,52,2021,410,KOR,Rep. of Korea,X,Export,332,HTI,Haiti,0,W00,World,H5,HS,TRUE,200899,"Fruit, nuts and other edible parts of plants; prepared or preserved, whether or not containing added sugar, other sweetening matter or spirit, n.e.c. in heading no. 2008",6,TRUE,C00,TOTAL CPC,0,0,TOTAL MOT,8,kg,65.19,FALSE,8,kg,65,FALSE,65,FALSE,0,FALSE,,"$1,499.00","$1,499.00",0,TRUE,FALSE,$22.99
,"200899 (구운김, 조미김)",575.8954,$15.92,,C,A,20210101,2021,52,2021,410,KOR,Rep. of Korea,X,Export,344,HKG,"China, Hong Kong SAR",0,W00,World,H5,HS,TRUE,200899,"Fruit, nuts and other edible parts of plants; prepared or preserved, whether or not containing added sugar, other sweetening matter or spirit, n.e.c. in heading no. 2008",6,TRUE,C00,TOTAL CPC,0,0,TOTAL MOT,8,kg,575895.4,FALSE,8,kg,"575,895",FALSE,"575,895",FALSE,0,FALSE,,"$9,170,511.00","$9,170,511.00",0,TRUE,FALSE,$15.92
,"200899 (구운김, 조미김)",0.26876,$31.70,,C,A,20210101,2021,52,2021,410,KOR,Rep. of Korea,X,Export,348,HUN,Hungary,0,W00,World,H5,HS,TRUE,200899,"Fruit, nuts and other edible parts of plants; prepared or preserved, whether or not containing added sugar, other sweetening matter or spirit, n.e.c. in heading no. 2008",6,TRUE,C00,TOTAL CPC,0,0,TOTAL MOT,8,kg,268.76,FALSE,8,kg,269,FALSE,269,FALSE,0,FALSE,,"$8,519.00","$8,519.00",0,TRUE,FALSE,$31.70
,"200899 (구운김, 조미김)",179.07685,$25.40,,C,A,20210101,2021,52,2021,410,KOR,Rep. of Korea,X,Export,360,IDN,Indonesia,0,W00,World,H5,HS,TRUE,200899,"Fruit, nuts and other edible parts of plants; prepared or preserved, whether or not containing added sugar, other sweetening matter or spirit, n.e.c. in heading no. 2008",6,TRUE,C00,TOTAL CPC,0,0,TOTAL MOT,8,kg,179076.85,FALSE,8,kg,"179,077",FALSE,"179,077",FALSE,0,FALSE,,"$4,548,037.00","$4,548,037.00",0,TRUE,FALSE,$25.40
,"200899 (구운김, 조미김)",1.2957,$10.14,,C,A,20210101,2021,52,2021,410,KOR,Rep. of Korea,X,Export,368,IRQ,Iraq,0,W00,World,H5,HS,TRUE,200899,"Fruit, nuts and other edible parts of plants; prepared or preserved, whether or not containing added sugar, other sweetening matter or spirit, n.e.c. in heading no. 2008",6,TRUE,C00,TOTAL CPC,0,0,TOTAL MOT,8,kg,1295.7,FALSE,8,kg,"1,296",FALSE,"1,296",FALSE,0,FALSE,,"$13,135.00","$13,135.00",0,TRUE,FALSE,$10.14
,"200899 (구운김, 조미김)",1.4611,$30.62,,C,A,20210101,2021,52,2021,410,KOR,Rep. of Korea,X,Export,372,IRL,Ireland,0,W00,World,H5,HS,TRUE,200899,"Fruit, nuts and other edible parts of plants; prepared or preserved, whether or not containing added sugar, other sweetening matter or spirit, n.e.c. in heading no. 2008",6,TRUE,C00,TOTAL CPC,0,0,TOTAL MOT,8,kg,1461.1,FALSE,8,kg,"1,461",FALSE,"1,461",FALSE,0,FALSE,,"$44,737.00","$44,737.00",0,TRUE,FALSE,$30.62
,"200899 (구운김, 조미김)",31.38545,$32.53,,C,A,20210101,2021,52,2021,410,KOR,Rep. of Korea,X,Export,376,ISR,Israel,0,W00,World,H5,HS,TRUE,200899,"Fruit, nuts and other edible parts of plants; prepared or preserved, whether or not containing added sugar, other sweetening matter or spirit, n.e.c. in heading no. 2008",6,TRUE,C00,TOTAL CPC,0,0,TOTAL MOT,8,kg,31385.45,FALSE,8,kg,"31,385",FALSE,"31,385",FALSE,0,FALSE,,"$1,020,820.00","$1,020,820.00",0,TRUE,FALSE,$32.53
,"200899 (구운김, 조미김)",64.73882,$26.36,,C,A,20210101,2021,52,2021,410,KOR,Rep. of Korea,X,Export,380,ITA,Italy,0,W00,World,H5,HS,TRUE,200899,"Fruit, nuts and other edible parts of plants; prepared or preserved, whether or not containing added sugar, other sweetening matter or spirit, n.e.c. in heading no. 2008",6,TRUE,C00,TOTAL CPC,0,0,TOTAL MOT,8,kg,64738.82,FALSE,8,kg,"64,739",FALSE,"64,739",FALSE,0,FALSE,,"$1,706,220.00","$1,706,220.00",0,TRUE,FALSE,$26.36
,"200899 (구운김, 조미김)",0.09313,$17.28,,C,A,20210101,2021,52,2021,410,KOR,Rep. of Korea,X,Export,384,CIV,Côte d'Ivoire,0,W00,World,H5,HS,TRUE,200899,"Fruit, nuts and other edible parts of plants; prepared or preserved, whether or not containing added sugar, other sweetening matter or spirit, n.e.c. in heading no. 2008",6,TRUE,C00,TOTAL CPC,0,0,TOTAL MOT,8,kg,93.13,FALSE,8,kg,93,FALSE,93,FALSE,0,FALSE,,"$1,609.00","$1,609.00",0,TRUE,FALSE,$17.28
,"200899 (구운김, 조미김)",3503.853,$22.08,,C,A,20210101,2021,52,2021,410,KOR,Rep. of Korea,X,Export,392,JPN,Japan,0,W00,World,H5,HS,TRUE,200899,"Fruit, nuts and other edible parts of plants; prepared or preserved, whether or not containing added sugar, other sweetening matter or spirit, n.e.c. in heading no. 2008",6,TRUE,C00,TOTAL CPC,0,0,TOTAL MOT,8,kg,3503853,FALSE,8,kg,"3,503,853",FALSE,"3,503,853",FALSE,0,FALSE,,"$77,365,645.00","$77,365,645.00",0,TRUE,FALSE,$22.08
,"200899 (구운김, 조미김)",38.6248,$20.66,,C,A,20210101,2021,52,2021,410,KOR,Rep. of Korea,X,Export,398,KAZ,Kazakhstan,0,W00,World,H5,HS,TRUE,200899,"Fruit, nuts and other edible parts of plants; prepared or preserved, whether or not containing added sugar, other sweetening matter or spirit, n.e.c. in heading no. 2008",6,TRUE,C00,TOTAL CPC,0,0,TOTAL MOT,8,kg,38624.8,FALSE,8,kg,"38,625",FALSE,"38,625",FALSE,0,FALSE,,"$797,828.00","$797,828.00",0,TRUE,FALSE,$20.66
,"200899 (구운김, 조미김)",0.024,$34.46,,C,A,20210101,2021,52,2021,410,KOR,Rep. of Korea,X,Export,400,JOR,Jordan,0,W00,World,H5,HS,TRUE,200899,"Fruit, nuts and other edible parts of plants; prepared or preserved, whether or not containing added sugar, other sweetening matter or spirit, n.e.c. in heading no. 2008",6,TRUE,C00,TOTAL CPC,0,0,TOTAL MOT,8,kg,24,FALSE,8,kg,24,FALSE,24,FALSE,0,FALSE,,$827.00,$827.00,0,TRUE,FALSE,$34.46
,"200899 (구운김, 조미김)",0.08,$21.69,,C,A,20210101,2021,52,2021,410,KOR,Rep. of Korea,X,Export,404,KEN,Kenya,0,W00,World,H5,HS,TRUE,200899,"Fruit, nuts and other edible parts of plants; prepared or preserved, whether or not containing added sugar, other sweetening matter or spirit, n.e.c. in heading no. 2008",6,TRUE,C00,TOTAL CPC,0,0,TOTAL MOT,8,kg,80,FALSE,8,kg,80,FALSE,80,FALSE,0,FALSE,,"$1,735.00","$1,735.00",0,TRUE,FALSE,$21.69
,"200899 (구운김, 조미김)",7.06925,$14.09,,C,A,20210101,2021,52,2021,410,KOR,Rep. of Korea,X,Export,414,KWT,Kuwait,0,W00,World,H5,HS,TRUE,200899,"Fruit, nuts and other edible parts of plants; prepared or preserved, whether or not containing added sugar, other sweetening matter or spirit, n.e.c. in heading no. 2008",6,TRUE,C00,TOTAL CPC,0,0,TOTAL MOT,8,kg,7069.25,FALSE,8,kg,"7,069",FALSE,"7,069",FALSE,0,FALSE,,"$99,619.00","$99,619.00",0,TRUE,FALSE,$14.09
,"200899 (구운김, 조미김)",1.1002,$30.48,,C,A,20210101,2021,52,2021,410,KOR,Rep. of Korea,X,Export,417,KGZ,Kyrgyzstan,0,W00,World,H5,HS,TRUE,200899,"Fruit, nuts and other edible parts of plants; prepared or preserved, whether or not containing added sugar, other sweetening matter or spirit, n.e.c. in heading no. 2008",6,TRUE,C00,TOTAL CPC,0,0,TOTAL MOT,8,kg,1100.2,FALSE,8,kg,"1,100",FALSE,"1,100",FALSE,0,FALSE,,"$33,537.00","$33,537.00",0,TRUE,FALSE,$30.48
,"200899 (구운김, 조미김)",8.0943,$19.75,,C,A,20210101,2021,52,2021,410,KOR,Rep. of Korea,X,Export,418,LAO,Lao People's Dem. Rep.,0,W00,World,H5,HS,TRUE,200899,"Fruit, nuts and other edible parts of plants; prepared or preserved, whether or not containing added sugar, other sweetening matter or spirit, n.e.c. in heading no. 2008",6,TRUE,C00,TOTAL CPC,0,0,TOTAL MOT,8,kg,8094.3,FALSE,8,kg,"8,094",FALSE,"8,094",FALSE,0,FALSE,,"$159,863.00","$159,863.00",0,TRUE,FALSE,$19.75
,"200899 (구운김, 조미김)",0.737,$28.73,,C,A,20210101,2021,52,2021,410,KOR,Rep. of Korea,X,Export,422,LBN,Lebanon,0,W00,World,H5,HS,TRUE,200899,"Fruit, nuts and other edible parts of plants; prepared or preserved, whether or not containing added sugar, other sweetening matter or spirit, n.e.c. in heading no. 2008",6,TRUE,C00,TOTAL CPC,0,0,TOTAL MOT,8,kg,737,FALSE,8,kg,737,FALSE,737,FALSE,0,FALSE,,"$21,177.00","$21,177.00",0,TRUE,FALSE,$28.73
,"200899 (구운김, 조미김)",8.7014,$24.61,,C,A,20210101,2021,52,2021,410,KOR,Rep. of Korea,X,Export,428,LVA,Latvia,0,W00,World,H5,HS,TRUE,200899,"Fruit, nuts and other edible parts of plants; prepared or preserved, whether or not containing added sugar, other sweetening matter or spirit, n.e.c. in heading no. 2008",6,TRUE,C00,TOTAL CPC,0,0,TOTAL MOT,8,kg,8701.4,FALSE,8,kg,"8,701",FALSE,"8,701",FALSE,0,FALSE,,"$214,173.00","$214,173.00",0,TRUE,FALSE,$24.61
,"200899 (구운김, 조미김)",3,$0.03,,C,A,20210101,2021,52,2021,410,KOR,Rep. of Korea,X,Export,430,LBR,Liberia,0,W00,World,H5,HS,TRUE,200899,"Fruit, nuts and other edible parts of plants; prepared or preserved, whether or not containing added sugar, other sweetening matter or spirit, n.e.c. in heading no. 2008",6,TRUE,C00,TOTAL CPC,0,0,TOTAL MOT,8,kg,3000,FALSE,8,kg,"3,000",FALSE,"3,000",FALSE,0,FALSE,,$85.00,$85.00,0,TRUE,FALSE,$0.03
,"200899 (구운김, 조미김)",20.10924,$27.08,,C,A,20210101,2021,52,2021,410,KOR,Rep. of Korea,X,Export,440,LTU,Lithuania,0,W00,World,H5,HS,TRUE,200899,"Fruit, nuts and other edible parts of plants; prepared or preserved, whether or not containing added sugar, other sweetening matter or spirit, n.e.c. in heading no. 2008",6,TRUE,C00,TOTAL CPC,0,0,TOTAL MOT,8,kg,20109.24,FALSE,8,kg,"20,109",FALSE,"20,109",FALSE,0,FALSE,,"$544,500.00","$544,500.00",0,TRUE,FALSE,$27.08
,"200899 (구운김, 조미김)",0.00848,$43.75,,C,A,20210101,2021,52,2021,410,KOR,Rep. of Korea,X,Export,442,LUX,Luxembourg,0,W00,World,H5,HS,TRUE,200899,"Fruit, nuts and other edible parts of plants; prepared or preserved, whether or not containing added sugar, other sweetening matter or spirit, n.e.c. in heading no. 2008",6,TRUE,C00,TOTAL CPC,0,0,TOTAL MOT,8,kg,8.48,FALSE,8,kg,8,FALSE,8,FALSE,0,FALSE,,$371.00,$371.00,0,TRUE,FALSE,$43.75
,"200899 (구운김, 조미김)",0.8054,$6.18,,C,A,20210101,2021,52,2021,410,KOR,Rep. of Korea,X,Export,446,MAC,"China, Macao SAR",0,W00,World,H5,HS,TRUE,200899,"Fruit, nuts and other edible parts of plants; prepared or preserved, whether or not containing added sugar, other sweetening matter or spirit, n.e.c. in heading no. 2008",6,TRUE,C00,TOTAL CPC,0,0,TOTAL MOT,8,kg,805.4,FALSE,8,kg,805,FALSE,805,FALSE,0,FALSE,,"$4,975.00","$4,975.00",0,TRUE,FALSE,$6.18
,"200899 (구운김, 조미김)",0.36,$8.12,,C,A,20210101,2021,52,2021,410,KOR,Rep. of Korea,X,Export,450,MDG,Madagascar,0,W00,World,H5,HS,TRUE,200899,"Fruit, nuts and other edible parts of plants; prepared or preserved, whether or not containing added sugar, other sweetening matter or spirit, n.e.c. in heading no. 2008",6,TRUE,C00,TOTAL CPC,0,0,TOTAL MOT,8,kg,360,FALSE,8,kg,360,FALSE,360,FALSE,0,FALSE,,"$2,922.00","$2,922.00",0,TRUE,FALSE,$8.12
,"200899 (구운김, 조미김)",310.3232,$15.55,,C,A,20210101,2021,52,2021,410,KOR,Rep. of Korea,X,Export,458,MYS,Malaysia,0,W00,World,H5,HS,TRUE,200899,"Fruit, nuts and other edible parts of plants; prepared or preserved, whether or not containing added sugar, other sweetening matter or spirit, n.e.c. in heading no. 2008",6,TRUE,C00,TOTAL CPC,0,0,TOTAL MOT,8,kg,310323.2,FALSE,8,kg,"310,323",FALSE,"310,323",FALSE,0,FALSE,,"$4,826,826.00","$4,826,826.00",0,TRUE,FALSE,$15.55
,"200899 (구운김, 조미김)",1.084,$1.23,,C,A,20210101,2021,52,2021,410,KOR,Rep. of Korea,X,Export,462,MDV,Maldives,0,W00,World,H5,HS,TRUE,200899,"Fruit, nuts and other edible parts of plants; prepared or preserved, whether or not containing added sugar, other sweetening matter or spirit, n.e.c. in heading no. 2008",6,TRUE,C00,TOTAL CPC,0,0,TOTAL MOT,8,kg,1084,FALSE,8,kg,"1,084",FALSE,"1,084",FALSE,0,FALSE,,"$1,330.00","$1,330.00",0,TRUE,FALSE,$1.23
,"200899 (구운김, 조미김)",0.0556,$38.71,,C,A,20210101,2021,52,2021,410,KOR,Rep. of Korea,X,Export,470,MLT,Malta,0,W00,World,H5,HS,TRUE,200899,"Fruit, nuts and other edible parts of plants; prepared or preserved, whether or not containing added sugar, other sweetening matter or spirit, n.e.c. in heading no. 2008",6,TRUE,C00,TOTAL CPC,0,0,TOTAL MOT,8,kg,55.6,FALSE,8,kg,56,FALSE,56,FALSE,0,FALSE,,"$2,152.00","$2,152.00",0,TRUE,FALSE,$38.71
,"200899 (구운김, 조미김)",60.4097,$30.26,,C,A,20210101,2021,52,2021,410,KOR,Rep. of Korea,X,Export,484,MEX,Mexico,0,W00,World,H5,HS,TRUE,200899,"Fruit, nuts and other edible parts of plants; prepared or preserved, whether or not containing added sugar, other sweetening matter or spirit, n.e.c. in heading no. 2008",6,TRUE,C00,TOTAL CPC,0,0,TOTAL MOT,8,kg,60409.7,FALSE,8,kg,"60,410",FALSE,"60,410",FALSE,0,FALSE,,"$1,828,234.00","$1,828,234.00",0,TRUE,FALSE,$30.26
,"200899 (구운김, 조미김)",646.3345,$23.79,,C,A,20210101,2021,52,2021,410,KOR,Rep. of Korea,X,Export,490,S19,"Other Asia, nes",0,W00,World,H5,HS,TRUE,200899,"Fruit, nuts and other edible parts of plants; prepared or preserved, whether or not containing added sugar, other sweetening matter or spirit, n.e.c. in heading no. 2008",6,TRUE,C00,TOTAL CPC,0,0,TOTAL MOT,8,kg,646334.5,FALSE,8,kg,"646,335",FALSE,"646,335",FALSE,0,FALSE,,"$15,373,151.00","$15,373,151.00",0,TRUE,FALSE,$23.79
,"200899 (구운김, 조미김)",255.98908,$9.61,,C,A,20210101,2021,52,2021,410,KOR,Rep. of Korea,X,Export,496,MNG,Mongolia,0,W00,World,H5,HS,TRUE,200899,"Fruit, nuts and other edible parts of plants; prepared or preserved, whether or not containing added sugar, other sweetening matter or spirit, n.e.c. in heading no. 2008",6,TRUE,C00,TOTAL CPC,0,0,TOTAL MOT,8,kg,255989.08,FALSE,8,kg,"255,989",FALSE,"255,989",FALSE,0,FALSE,,"$2,460,520.00","$2,460,520.00",0,TRUE,FALSE,$9.61
,"200899 (구운김, 조미김)",6.76216,$4.41,,C,A,20210101,2021,52,2021,410,KOR,Rep. of Korea,X,Export,498,MDA,Rep. of Moldova,0,W00,World,H5,HS,TRUE,200899,"Fruit, nuts and other edible parts of plants; prepared or preserved, whether or not containing added sugar, other sweetening matter or spirit, n.e.c. in heading no. 2008",6,TRUE,C00,TOTAL CPC,0,0,TOTAL MOT,8,kg,6762.16,FALSE,8,kg,"6,762",FALSE,"6,762",FALSE,0,FALSE,,"$29,840.00","$29,840.00",0,TRUE,FALSE,$4.41
,"200899 (구운김, 조미김)",0.0177,$58.53,,C,A,20210101,2021,52,2021,410,KOR,Rep. of Korea,X,Export,504,MAR,Morocco,0,W00,World,H5,HS,TRUE,200899,"Fruit, nuts and other edible parts of plants; prepared or preserved, whether or not containing added sugar, other sweetening matter or spirit, n.e.c. in heading no. 2008",6,TRUE,C00,TOTAL CPC,0,0,TOTAL MOT,8,kg,17.7,FALSE,8,kg,18,FALSE,18,FALSE,0,FALSE,,"$1,036.00","$1,036.00",0,TRUE,FALSE,$58.53
,"200899 (구운김, 조미김)",0.1779,$32.19,,C,A,20210101,2021,52,2021,410,KOR,Rep. of Korea,X,Export,512,OMN,Oman,0,W00,World,H5,HS,TRUE,200899,"Fruit, nuts and other edible parts of plants; prepared or preserved, whether or not containing added sugar, other sweetening matter or spirit, n.e.c. in heading no. 2008",6,TRUE,C00,TOTAL CPC,0,0,TOTAL MOT,8,kg,177.9,FALSE,8,kg,178,FALSE,178,FALSE,0,FALSE,,"$5,726.00","$5,726.00",0,TRUE,FALSE,$32.19
,"200899 (구운김, 조미김)",0.7619,$24.09,,C,A,20210101,2021,52,2021,410,KOR,Rep. of Korea,X,Export,524,NPL,Nepal,0,W00,World,H5,HS,TRUE,200899,"Fruit, nuts and other edible parts of plants; prepared or preserved, whether or not containing added sugar, other sweetening matter or spirit, n.e.c. in heading no. 2008",6,TRUE,C00,TOTAL CPC,0,0,TOTAL MOT,8,kg,761.9,FALSE,8,kg,762,FALSE,762,FALSE,0,FALSE,,"$18,357.00","$18,357.00",0,TRUE,FALSE,$24.09
,"200899 (구운김, 조미김)",351.3856,$17.38,,C,A,20210101,2021,52,2021,410,KOR,Rep. of Korea,X,Export,528,NLD,Netherlands,0,W00,World,H5,HS,TRUE,200899,"Fruit, nuts and other edible parts of plants; prepared or preserved, whether or not containing added sugar, other sweetening matter or spirit, n.e.c. in heading no. 2008",6,TRUE,C00,TOTAL CPC,0,0,TOTAL MOT,8,kg,351385.6,FALSE,8,kg,"351,386",FALSE,"351,386",FALSE,0,FALSE,,"$6,108,278.00","$6,108,278.00",0,TRUE,FALSE,$17.38
,"200899 (구운김, 조미김)",0.00711,$25.32,,C,A,20210101,2021,52,2021,410,KOR,Rep. of Korea,X,Export,531,CUW,Curaçao,0,W00,World,H5,HS,TRUE,200899,"Fruit, nuts and other edible parts of plants; prepared or preserved, whether or not containing added sugar, other sweetening matter or spirit, n.e.c. in heading no. 2008",6,TRUE,C00,TOTAL CPC,0,0,TOTAL MOT,8,kg,7.11,FALSE,8,kg,7,FALSE,7,FALSE,0,FALSE,,$180.00,$180.00,0,TRUE,FALSE,$25.32
,"200899 (구운김, 조미김)",0.035,$14.80,,C,A,20210101,2021,52,2021,410,KOR,Rep. of Korea,X,Export,548,VUT,Vanuatu,0,W00,World,H5,HS,TRUE,200899,"Fruit, nuts and other edible parts of plants; prepared or preserved, whether or not containing added sugar, other sweetening matter or spirit, n.e.c. in heading no. 2008",6,TRUE,C00,TOTAL CPC,0,0,TOTAL MOT,8,kg,35,FALSE,8,kg,35,FALSE,35,FALSE,0,FALSE,,$518.00,$518.00,0,TRUE,FALSE,$14.80
,"200899 (구운김, 조미김)",140.59668,$28.30,,C,A,20210101,2021,52,2021,410,KOR,Rep. of Korea,X,Export,554,NZL,New Zealand,0,W00,World,H5,HS,TRUE,200899,"Fruit, nuts and other edible parts of plants; prepared or preserved, whether or not containing added sugar, other sweetening matter or spirit, n.e.c. in heading no. 2008",6,TRUE,C00,TOTAL CPC,0,0,TOTAL MOT,8,kg,140596.68,FALSE,8,kg,"140,597",FALSE,"140,597",FALSE,0,FALSE,,"$3,978,303.00","$3,978,303.00",0,TRUE,FALSE,$28.30
,"200899 (구운김, 조미김)",0.075,$102.84,,C,A,20210101,2021,52,2021,410,KOR,Rep. of Korea,X,Export,558,NIC,Nicaragua,0,W00,World,H5,HS,TRUE,200899,"Fruit, nuts and other edible parts of plants; prepared or preserved, whether or not containing added sugar, other sweetening matter or spirit, n.e.c. in heading no. 2008",6,TRUE,C00,TOTAL CPC,0,0,TOTAL MOT,8,kg,75,FALSE,8,kg,75,FALSE,75,FALSE,0,FALSE,,"$7,713.00","$7,713.00",0,TRUE,FALSE,$102.84
,"200899 (구운김, 조미김)",0.1273,$9.48,,C,A,20210101,2021,52,2021,410,KOR,Rep. of Korea,X,Export,566,NGA,Nigeria,0,W00,World,H5,HS,TRUE,200899,"Fruit, nuts and other edible parts of plants; prepared or preserved, whether or not containing added sugar, other sweetening matter or spirit, n.e.c. in heading no. 2008",6,TRUE,C00,TOTAL CPC,0,0,TOTAL MOT,8,kg,127.3,FALSE,8,kg,127,FALSE,127,FALSE,0,FALSE,,"$1,207.00","$1,207.00",0,TRUE,FALSE,$9.48
,"200899 (구운김, 조미김)",17.42703,$29.75,,C,A,20210101,2021,52,2021,410,KOR,Rep. of Korea,X,Export,579,NOR,Norway,0,W00,World,H5,HS,TRUE,200899,"Fruit, nuts and other edible parts of plants; prepared or preserved, whether or not containing added sugar, other sweetening matter or spirit, n.e.c. in heading no. 2008",6,TRUE,C00,TOTAL CPC,0,0,TOTAL MOT,8,kg,17427.03,FALSE,8,kg,"17,427",FALSE,"17,427",FALSE,0,FALSE,,"$518,495.00","$518,495.00",0,TRUE,FALSE,$29.75
,"200899 (구운김, 조미김)",4.88406,$24.05,,C,A,20210101,2021,52,2021,410,KOR,Rep. of Korea,X,Export,580,MNP,N. Mariana Isds,0,W00,World,H5,HS,TRUE,200899,"Fruit, nuts and other edible parts of plants; prepared or preserved, whether or not containing added sugar, other sweetening matter or spirit, n.e.c. in heading no. 2008",6,TRUE,C00,TOTAL CPC,0,0,TOTAL MOT,8,kg,4884.06,FALSE,8,kg,"4,884",FALSE,"4,884",FALSE,0,FALSE,,"$117,454.00","$117,454.00",0,TRUE,FALSE,$24.05
,"200899 (구운김, 조미김)",0.119688,$28.82,,C,A,20210101,2021,52,2021,410,KOR,Rep. of Korea,X,Export,583,FSM,FS Micronesia,0,W00,World,H5,HS,TRUE,200899,"Fruit, nuts and other edible parts of plants; prepared or preserved, whether or not containing added sugar, other sweetening matter or spirit, n.e.c. in heading no. 2008",6,TRUE,C00,TOTAL CPC,0,0,TOTAL MOT,8,kg,119.688,FALSE,8,kg,120,FALSE,120,FALSE,0,FALSE,,"$3,450.00","$3,450.00",0,TRUE,FALSE,$28.82
,"200899 (구운김, 조미김)",0.048579,$4.49,,C,A,20210101,2021,52,2021,410,KOR,Rep. of Korea,X,Export,584,MHL,Marshall Isds,0,W00,World,H5,HS,TRUE,200899,"Fruit, nuts and other edible parts of plants; prepared or preserved, whether or not containing added sugar, other sweetening matter or spirit, n.e.c. in heading no. 2008",6,TRUE,C00,TOTAL CPC,0,0,TOTAL MOT,8,kg,48.579,FALSE,8,kg,49,FALSE,49,FALSE,0,FALSE,,$218.00,$218.00,0,TRUE,FALSE,$4.49
,"200899 (구운김, 조미김)",0.46562,$42.37,,C,A,20210101,2021,52,2021,410,KOR,Rep. of Korea,X,Export,585,PLW,Palau,0,W00,World,H5,HS,TRUE,200899,"Fruit, nuts and other edible parts of plants; prepared or preserved, whether or not containing added sugar, other sweetening matter or spirit, n.e.c. in heading no. 2008",6,TRUE,C00,TOTAL CPC,0,0,TOTAL MOT,8,kg,465.62,FALSE,8,kg,466,FALSE,466,FALSE,0,FALSE,,"$19,729.00","$19,729.00",0,TRUE,FALSE,$42.37
,"200899 (구운김, 조미김)",0.55692,$63.14,,C,A,20210101,2021,52,2021,410,KOR,Rep. of Korea,X,Export,586,PAK,Pakistan,0,W00,World,H5,HS,TRUE,200899,"Fruit, nuts and other edible parts of plants; prepared or preserved, whether or not containing added sugar, other sweetening matter or spirit, n.e.c. in heading no. 2008",6,TRUE,C00,TOTAL CPC,0,0,TOTAL MOT,8,kg,556.92,FALSE,8,kg,557,FALSE,557,FALSE,0,FALSE,,"$35,162.00","$35,162.00",0,TRUE,FALSE,$63.14
,"200899 (구운김, 조미김)",0.92042,$31.66,,C,A,20210101,2021,52,2021,410,KOR,Rep. of Korea,X,Export,591,PAN,Panama,0,W00,World,H5,HS,TRUE,200899,"Fruit, nuts and other edible parts of plants; prepared or preserved, whether or not containing added sugar, other sweetening matter or spirit, n.e.c. in heading no. 2008",6,TRUE,C00,TOTAL CPC,0,0,TOTAL MOT,8,kg,920.42,FALSE,8,kg,920,FALSE,920,FALSE,0,FALSE,,"$29,138.00","$29,138.00",0,TRUE,FALSE,$31.66
,"200899 (구운김, 조미김)",3.80049,$23.76,,C,A,20210101,2021,52,2021,410,KOR,Rep. of Korea,X,Export,600,PRY,Paraguay,0,W00,World,H5,HS,TRUE,200899,"Fruit, nuts and other edible parts of plants; prepared or preserved, whether or not containing added sugar, other sweetening matter or spirit, n.e.c. in heading no. 2008",6,TRUE,C00,TOTAL CPC,0,0,TOTAL MOT,8,kg,3800.49,FALSE,8,kg,"3,800",FALSE,"3,800",FALSE,0,FALSE,,"$90,307.00","$90,307.00",0,TRUE,FALSE,$23.76
,"200899 (구운김, 조미김)",3.16647,$23.40,,C,A,20210101,2021,52,2021,410,KOR,Rep. of Korea,X,Export,604,PER,Peru,0,W00,World,H5,HS,TRUE,200899,"Fruit, nuts and other edible parts of plants; prepared or preserved, whether or not containing added sugar, other sweetening matter or spirit, n.e.c. in heading no. 2008",6,TRUE,C00,TOTAL CPC,0,0,TOTAL MOT,8,kg,3166.47,FALSE,8,kg,"3,166",FALSE,"3,166",FALSE,0,FALSE,,"$74,109.00","$74,109.00",0,TRUE,FALSE,$23.40
,"200899 (구운김, 조미김)",468.2655,$20.59,,C,A,20210101,2021,52,2021,410,KOR,Rep. of Korea,X,Export,608,PHL,Philippines,0,W00,World,H5,HS,TRUE,200899,"Fruit, nuts and other edible parts of plants; prepared or preserved, whether or not containing added sugar, other sweetening matter or spirit, n.e.c. in heading no. 2008",6,TRUE,C00,TOTAL CPC,0,0,TOTAL MOT,8,kg,468265.5,FALSE,8,kg,"468,266",FALSE,"468,266",FALSE,0,FALSE,,"$9,641,465.00","$9,641,465.00",0,TRUE,FALSE,$20.59
,"200899 (구운김, 조미김)",167.8105,$28.98,,C,A,20210101,2021,52,2021,410,KOR,Rep. of Korea,X,Export,616,POL,Poland,0,W00,World,H5,HS,TRUE,200899,"Fruit, nuts and other edible parts of plants; prepared or preserved, whether or not containing added sugar, other sweetening matter or spirit, n.e.c. in heading no. 2008",6,TRUE,C00,TOTAL CPC,0,0,TOTAL MOT,8,kg,167810.5,FALSE,8,kg,"167,811",FALSE,"167,811",FALSE,0,FALSE,,"$4,863,214.00","$4,863,214.00",0,TRUE,FALSE,$28.98
,"200899 (구운김, 조미김)",0.77539,$33.49,,C,A,20210101,2021,52,2021,410,KOR,Rep. of Korea,X,Export,620,PRT,Portugal,0,W00,World,H5,HS,TRUE,200899,"Fruit, nuts and other edible parts of plants; prepared or preserved, whether or not containing added sugar, other sweetening matter or spirit, n.e.c. in heading no. 2008",6,TRUE,C00,TOTAL CPC,0,0,TOTAL MOT,8,kg,775.39,FALSE,8,kg,775,FALSE,775,FALSE,0,FALSE,,"$25,966.00","$25,966.00",0,TRUE,FALSE,$33.49
,"200899 (구운김, 조미김)",6.28738,$32.15,,C,A,20210101,2021,52,2021,410,KOR,Rep. of Korea,X,Export,634,QAT,Qatar,0,W00,World,H5,HS,TRUE,200899,"Fruit, nuts and other edible parts of plants; prepared or preserved, whether or not containing added sugar, other sweetening matter or spirit, n.e.c. in heading no. 2008",6,TRUE,C00,TOTAL CPC,0,0,TOTAL MOT,8,kg,6287.38,FALSE,8,kg,"6,287",FALSE,"6,287",FALSE,0,FALSE,,"$202,151.00","$202,151.00",0,TRUE,FALSE,$32.15
,"200899 (구운김, 조미김)",2.89,$12.56,,C,A,20210101,2021,52,2021,410,KOR,Rep. of Korea,X,Export,642,ROU,Romania,0,W00,World,H5,HS,TRUE,200899,"Fruit, nuts and other edible parts of plants; prepared or preserved, whether or not containing added sugar, other sweetening matter or spirit, n.e.c. in heading no. 2008",6,TRUE,C00,TOTAL CPC,0,0,TOTAL MOT,8,kg,2890,FALSE,8,kg,"2,890",FALSE,"2,890",FALSE,0,FALSE,,"$36,305.00","$36,305.00",0,TRUE,FALSE,$12.56
,"200899 (구운김, 조미김)",1127.2764,$20.03,,C,A,20210101,2021,52,2021,410,KOR,Rep. of Korea,X,Export,643,RUS,Russian Federation,0,W00,World,H5,HS,TRUE,200899,"Fruit, nuts and other edible parts of plants; prepared or preserved, whether or not containing added sugar, other sweetening matter or spirit, n.e.c. in heading no. 2008",6,TRUE,C00,TOTAL CPC,0,0,TOTAL MOT,8,kg,1127276.4,FALSE,8,kg,"1,127,276",FALSE,"1,127,276",FALSE,0,FALSE,,"$22,582,866.00","$22,582,866.00",0,TRUE,FALSE,$20.03
,"200899 (구운김, 조미김)",5.8682,$22.30,,C,A,20210101,2021,52,2021,410,KOR,Rep. of Korea,X,Export,682,SAU,Saudi Arabia,0,W00,World,H5,HS,TRUE,200899,"Fruit, nuts and other edible parts of plants; prepared or preserved, whether or not containing added sugar, other sweetening matter or spirit, n.e.c. in heading no. 2008",6,TRUE,C00,TOTAL CPC,0,0,TOTAL MOT,8,kg,5868.2,FALSE,8,kg,"5,868",FALSE,"5,868",FALSE,0,FALSE,,"$130,851.00","$130,851.00",0,TRUE,FALSE,$22.30
,"200899 (구운김, 조미김)",1.67401,$24.36,,C,A,20210101,2021,52,2021,410,KOR,Rep. of Korea,X,Export,688,SRB,Serbia,0,W00,World,H5,HS,TRUE,200899,"Fruit, nuts and other edible parts of plants; prepared or preserved, whether or not containing added sugar, other sweetening matter or spirit, n.e.c. in heading no. 2008",6,TRUE,C00,TOTAL CPC,0,0,TOTAL MOT,8,kg,1674.01,FALSE,8,kg,"1,674",FALSE,"1,674",FALSE,0,FALSE,,"$40,779.00","$40,779.00",0,TRUE,FALSE,$24.36
,"200899 (구운김, 조미김)",12.079124,$28.19,,C,A,20210101,2021,52,2021,410,KOR,Rep. of Korea,X,Export,699,IND,India,0,W00,World,H5,HS,TRUE,200899,"Fruit, nuts and other edible parts of plants; prepared or preserved, whether or not containing added sugar, other sweetening matter or spirit, n.e.c. in heading no. 2008",6,TRUE,C00,TOTAL CPC,0,0,TOTAL MOT,8,kg,12079.124,FALSE,8,kg,"12,079",FALSE,"12,079",FALSE,0,FALSE,,"$340,498.00","$340,498.00",0,TRUE,FALSE,$28.19
,"200899 (구운김, 조미김)",232.4729,$18.69,,C,A,20210101,2021,52,2021,410,KOR,Rep. of Korea,X,Export,702,SGP,Singapore,0,W00,World,H5,HS,TRUE,200899,"Fruit, nuts and other edible parts of plants; prepared or preserved, whether or not containing added sugar, other sweetening matter or spirit, n.e.c. in heading no. 2008",6,TRUE,C00,TOTAL CPC,0,0,TOTAL MOT,8,kg,232472.9,FALSE,8,kg,"232,473",FALSE,"232,473",FALSE,0,FALSE,,"$4,344,633.00","$4,344,633.00",0,TRUE,FALSE,$18.69
,"200899 (구운김, 조미김)",0.048,$24.96,,C,A,20210101,2021,52,2021,410,KOR,Rep. of Korea,X,Export,703,SVK,Slovakia,0,W00,World,H5,HS,TRUE,200899,"Fruit, nuts and other edible parts of plants; prepared or preserved, whether or not containing added sugar, other sweetening matter or spirit, n.e.c. in heading no. 2008",6,TRUE,C00,TOTAL CPC,0,0,TOTAL MOT,8,kg,48,FALSE,8,kg,48,FALSE,48,FALSE,0,FALSE,,"$1,198.00","$1,198.00",0,TRUE,FALSE,$24.96
,"200899 (구운김, 조미김)",1072.1623,$16.58,,C,A,20210101,2021,52,2021,410,KOR,Rep. of Korea,X,Export,704,VNM,Viet Nam,0,W00,World,H5,HS,TRUE,200899,"Fruit, nuts and other edible parts of plants; prepared or preserved, whether or not containing added sugar, other sweetening matter or spirit, n.e.c. in heading no. 2008",6,TRUE,C00,TOTAL CPC,0,0,TOTAL MOT,8,kg,1072162.3,FALSE,8,kg,"1,072,162",FALSE,"1,072,162",FALSE,0,FALSE,,"$17,775,773.00","$17,775,773.00",0,TRUE,FALSE,$16.58
,"200899 (구운김, 조미김)",0.0198,$38.79,,C,A,20210101,2021,52,2021,410,KOR,Rep. of Korea,X,Export,705,SVN,Slovenia,0,W00,World,H5,HS,TRUE,200899,"Fruit, nuts and other edible parts of plants; prepared or preserved, whether or not containing added sugar, other sweetening matter or spirit, n.e.c. in heading no. 2008",6,TRUE,C00,TOTAL CPC,0,0,TOTAL MOT,8,kg,19.8,FALSE,8,kg,20,FALSE,20,FALSE,0,FALSE,,$768.00,$768.00,0,TRUE,FALSE,$38.79
,"200899 (구운김, 조미김)",3.54132,$36.29,,C,A,20210101,2021,52,2021,410,KOR,Rep. of Korea,X,Export,710,ZAF,South Africa,0,W00,World,H5,HS,TRUE,200899,"Fruit, nuts and other edible parts of plants; prepared or preserved, whether or not containing added sugar, other sweetening matter or spirit, n.e.c. in heading no. 2008",6,TRUE,C00,TOTAL CPC,0,0,TOTAL MOT,8,kg,3541.32,FALSE,8,kg,"3,541",FALSE,"3,541",FALSE,0,FALSE,,"$128,519.00","$128,519.00",0,TRUE,FALSE,$36.29
,"200899 (구운김, 조미김)",53.94685,$30.32,,C,A,20210101,2021,52,2021,410,KOR,Rep. of Korea,X,Export,724,ESP,Spain,0,W00,World,H5,HS,TRUE,200899,"Fruit, nuts and other edible parts of plants; prepared or preserved, whether or not containing added sugar, other sweetening matter or spirit, n.e.c. in heading no. 2008",6,TRUE,C00,TOTAL CPC,0,0,TOTAL MOT,8,kg,53946.85,FALSE,8,kg,"53,947",FALSE,"53,947",FALSE,0,FALSE,,"$1,635,730.00","$1,635,730.00",0,TRUE,FALSE,$30.32
,"200899 (구운김, 조미김)",0.1,$0.38,,C,A,20210101,2021,52,2021,410,KOR,Rep. of Korea,X,Export,729,SDN,Sudan,0,W00,World,H5,HS,TRUE,200899,"Fruit, nuts and other edible parts of plants; prepared or preserved, whether or not containing added sugar, other sweetening matter or spirit, n.e.c. in heading no. 2008",6,TRUE,C00,TOTAL CPC,0,0,TOTAL MOT,8,kg,100,FALSE,8,kg,100,FALSE,100,FALSE,0,FALSE,,$38.00,$38.00,0,TRUE,FALSE,$0.38
,"200899 (구운김, 조미김)",137.03275,$9.75,,C,A,20210101,2021,52,2021,410,KOR,Rep. of Korea,X,Export,752,SWE,Sweden,0,W00,World,H5,HS,TRUE,200899,"Fruit, nuts and other edible parts of plants; prepared or preserved, whether or not containing added sugar, other sweetening matter or spirit, n.e.c. in heading no. 2008",6,TRUE,C00,TOTAL CPC,0,0,TOTAL MOT,8,kg,137032.75,FALSE,8,kg,"137,033",FALSE,"137,033",FALSE,0,FALSE,,"$1,335,785.00","$1,335,785.00",0,TRUE,FALSE,$9.75
,"200899 (구운김, 조미김)",46.51457,$32.36,,C,A,20210101,2021,52,2021,410,KOR,Rep. of Korea,X,Export,757,CHE,Switzerland,0,W00,World,H5,HS,TRUE,200899,"Fruit, nuts and other edible parts of plants; prepared or preserved, whether or not containing added sugar, other sweetening matter or spirit, n.e.c. in heading no. 2008",6,TRUE,C00,TOTAL CPC,0,0,TOTAL MOT,8,kg,46514.57,FALSE,8,kg,"46,515",FALSE,"46,515",FALSE,0,FALSE,,"$1,505,097.00","$1,505,097.00",0,TRUE,FALSE,$32.36
,"200899 (구운김, 조미김)",242.45172,$23.08,,C,A,20210101,2021,52,2021,410,KOR,Rep. of Korea,X,Export,764,THA,Thailand,0,W00,World,H5,HS,TRUE,200899,"Fruit, nuts and other edible parts of plants; prepared or preserved, whether or not containing added sugar, other sweetening matter or spirit, n.e.c. in heading no. 2008",6,TRUE,C00,TOTAL CPC,0,0,TOTAL MOT,8,kg,242451.72,FALSE,8,kg,"242,452",FALSE,"242,452",FALSE,0,FALSE,,"$5,596,488.00","$5,596,488.00",0,TRUE,FALSE,$23.08
,"200899 (구운김, 조미김)",46.6787,$22.43,,C,A,20210101,2021,52,2021,410,KOR,Rep. of Korea,X,Export,784,ARE,United Arab Emirates,0,W00,World,H5,HS,TRUE,200899,"Fruit, nuts and other edible parts of plants; prepared or preserved, whether or not containing added sugar, other sweetening matter or spirit, n.e.c. in heading no. 2008",6,TRUE,C00,TOTAL CPC,0,0,TOTAL MOT,8,kg,46678.7,FALSE,8,kg,"46,679",FALSE,"46,679",FALSE,0,FALSE,,"$1,047,103.00","$1,047,103.00",0,TRUE,FALSE,$22.43
,"200899 (구운김, 조미김)",30.6998,$15.21,,C,A,20210101,2021,52,2021,410,KOR,Rep. of Korea,X,Export,792,TUR,Türkiye,0,W00,World,H5,HS,TRUE,200899,"Fruit, nuts and other edible parts of plants; prepared or preserved, whether or not containing added sugar, other sweetening matter or spirit, n.e.c. in heading no. 2008",6,TRUE,C00,TOTAL CPC,0,0,TOTAL MOT,8,kg,30699.8,FALSE,8,kg,"30,700",FALSE,"30,700",FALSE,0,FALSE,,"$466,900.00","$466,900.00",0,TRUE,FALSE,$15.21
,"200899 (구운김, 조미김)",0.56,$0.98,,C,A,20210101,2021,52,2021,410,KOR,Rep. of Korea,X,Export,800,UGA,Uganda,0,W00,World,H5,HS,TRUE,200899,"Fruit, nuts and other edible parts of plants; prepared or preserved, whether or not containing added sugar, other sweetening matter or spirit, n.e.c. in heading no. 2008",6,TRUE,C00,TOTAL CPC,0,0,TOTAL MOT,8,kg,560,FALSE,8,kg,560,FALSE,560,FALSE,0,FALSE,,$550.00,$550.00,0,TRUE,FALSE,$0.98
,"200899 (구운김, 조미김)",139.309424,$21.86,,C,A,20210101,2021,52,2021,410,KOR,Rep. of Korea,X,Export,804,UKR,Ukraine,0,W00,World,H5,HS,TRUE,200899,"Fruit, nuts and other edible parts of plants; prepared or preserved, whether or not containing added sugar, other sweetening matter or spirit, n.e.c. in heading no. 2008",6,TRUE,C00,TOTAL CPC,0,0,TOTAL MOT,8,kg,139309.424,FALSE,8,kg,"139,309",FALSE,"139,309",FALSE,0,FALSE,,"$3,045,323.00","$3,045,323.00",0,TRUE,FALSE,$21.86
,"200899 (구운김, 조미김)",0.22108,$39.73,,C,A,20210101,2021,52,2021,410,KOR,Rep. of Korea,X,Export,807,MKD,North Macedonia,0,W00,World,H5,HS,TRUE,200899,"Fruit, nuts and other edible parts of plants; prepared or preserved, whether or not containing added sugar, other sweetening matter or spirit, n.e.c. in heading no. 2008",6,TRUE,C00,TOTAL CPC,0,0,TOTAL MOT,8,kg,221.08,FALSE,8,kg,221,FALSE,221,FALSE,0,FALSE,,"$8,784.00","$8,784.00",0,TRUE,FALSE,$39.73
,"200899 (구운김, 조미김)",0.4136,$44.24,,C,A,20210101,2021,52,2021,410,KOR,Rep. of Korea,X,Export,818,EGY,Egypt,0,W00,World,H5,HS,TRUE,200899,"Fruit, nuts and other edible parts of plants; prepared or preserved, whether or not containing added sugar, other sweetening matter or spirit, n.e.c. in heading no. 2008",6,TRUE,C00,TOTAL CPC,0,0,TOTAL MOT,8,kg,413.6,FALSE,8,kg,414,FALSE,414,FALSE,0,FALSE,,"$18,297.00","$18,297.00",0,TRUE,FALSE,$44.24
,"200899 (구운김, 조미김)",427.8359,$22.86,,C,A,20210101,2021,52,2021,410,KOR,Rep. of Korea,X,Export,826,GBR,United Kingdom,0,W00,World,H5,HS,TRUE,200899,"Fruit, nuts and other edible parts of plants; prepared or preserved, whether or not containing added sugar, other sweetening matter or spirit, n.e.c. in heading no. 2008",6,TRUE,C00,TOTAL CPC,0,0,TOTAL MOT,8,kg,427835.9,FALSE,8,kg,"427,836",FALSE,"427,836",FALSE,0,FALSE,,"$9,779,373.00","$9,779,373.00",0,TRUE,FALSE,$22.86
,"200899 (구운김, 조미김)",7492.584,$21.48,,C,A,20210101,2021,52,2021,410,KOR,Rep. of Korea,X,Export,842,USA,USA,0,W00,World,H5,HS,TRUE,200899,"Fruit, nuts and other edible parts of plants; prepared or preserved, whether or not containing added sugar, other sweetening matter or spirit, n.e.c. in heading no. 2008",6,TRUE,C00,TOTAL CPC,0,0,TOTAL MOT,8,kg,7492584,FALSE,8,kg,"7,492,584",FALSE,"7,492,584",FALSE,0,FALSE,,"$160,966,892.00","$160,966,892.00",0,TRUE,FALSE,$21.48
,"200899 (구운김, 조미김)",0.53,$28.17,,C,A,20210101,2021,52,2021,410,KOR,Rep. of Korea,X,Export,858,URY,Uruguay,0,W00,World,H5,HS,TRUE,200899,"Fruit, nuts and other edible parts of plants; prepared or preserved, whether or not containing added sugar, other sweetening matter or spirit, n.e.c. in heading no. 2008",6,TRUE,C00,TOTAL CPC,0,0,TOTAL MOT,8,kg,530,FALSE,8,kg,530,FALSE,530,FALSE,0,FALSE,,"$14,932.00","$14,932.00",0,TRUE,FALSE,$28.17
,"200899 (구운김, 조미김)",4.464,$23.52,,C,A,20210101,2021,52,2021,410,KOR,Rep. of Korea,X,Export,860,UZB,Uzbekistan,0,W00,World,H5,HS,TRUE,200899,"Fruit, nuts and other edible parts of plants; prepared or preserved, whether or not containing added sugar, other sweetening matter or spirit, n.e.c. in heading no. 2008",6,TRUE,C00,TOTAL CPC,0,0,TOTAL MOT,8,kg,4464,FALSE,8,kg,"4,464",FALSE,"4,464",FALSE,0,FALSE,,"$104,989.00","$104,989.00",0,TRUE,FALSE,$23.52
,"200899 (구운김, 조미김)",2.08046,$31.97,,C,A,20210101,2021,52,2021,410,KOR,Rep. of Korea,X,Export,882,WSM,Samoa,0,W00,World,H5,HS,TRUE,200899,"Fruit, nuts and other edible parts of plants; prepared or preserved, whether or not containing added sugar, other sweetening matter or spirit, n.e.c. in heading no. 2008",6,TRUE,C00,TOTAL CPC,0,0,TOTAL MOT,8,kg,2080.46,FALSE,8,kg,"2,080",FALSE,"2,080",FALSE,0,FALSE,,"$66,520.00","$66,520.00",0,TRUE,FALSE,$31.97
,"200899 (구운김, 조미김)",0.0526,$7.40,,C,A,20210101,2021,52,2021,410,KOR,Rep. of Korea,X,Export,894,ZMB,Zambia,0,W00,World,H5,HS,TRUE,200899,"Fruit, nuts and other edible parts of plants; prepared or preserved, whether or not containing added sugar, other sweetening matter or spirit, n.e.c. in heading no. 2008",6,TRUE,C00,TOTAL CPC,0,0,TOTAL MOT,8,kg,52.6,FALSE,8,kg,53,FALSE,53,FALSE,0,FALSE,,$389.00,$389.00,0,TRUE,FALSE,$7.40
,"121221 (건조김, 마른김)",25300.84299,$10.80,,C,A,20220101,2022,52,2022,410,KOR,Rep. of Korea,X,Export,0,W00,World,0,W00,World,H6,HS,TRUE,121221,"Seaweeds and other algae; fit for human consumption, fresh, chilled, frozen or dried, whether or not ground",6,TRUE,C00,TOTAL CPC,0,0,TOTAL MOT,8,kg,25300842.99,FALSE,8,kg,"25,300,843",FALSE,"25,300,843",FALSE,0,FALSE,,"$273,171,257.00","$273,171,257.00",0,FALSE,TRUE,$10.80
,"121221 (건조김, 마른김)",4.094,$23.41,,C,A,20220101,2022,52,2022,410,KOR,Rep. of Korea,X,Export,31,AZE,Azerbaijan,0,W00,World,H6,HS,TRUE,121221,"Seaweeds and other algae; fit for human consumption, fresh, chilled, frozen or dried, whether or not ground",6,TRUE,C00,TOTAL CPC,0,0,TOTAL MOT,8,kg,4094,FALSE,8,kg,"4,094",FALSE,"4,094",FALSE,0,FALSE,,"$95,839.00","$95,839.00",0,TRUE,FALSE,$23.41
,"121221 (건조김, 마른김)",0.36,$15.42,,C,A,20220101,2022,52,2022,410,KOR,Rep. of Korea,X,Export,32,ARG,Argentina,0,W00,World,H6,HS,TRUE,121221,"Seaweeds and other algae; fit for human consumption, fresh, chilled, frozen or dried, whether or not ground",6,TRUE,C00,TOTAL CPC,0,0,TOTAL MOT,8,kg,360,FALSE,8,kg,360,FALSE,360,FALSE,0,FALSE,,"$5,550.00","$5,550.00",0,TRUE,FALSE,$15.42
,"121221 (건조김, 마른김)",142.56737,$7.40,,C,A,20220101,2022,52,2022,410,KOR,Rep. of Korea,X,Export,36,AUS,Australia,0,W00,World,H6,HS,TRUE,121221,"Seaweeds and other algae; fit for human consumption, fresh, chilled, frozen or dried, whether or not ground",6,TRUE,C00,TOTAL CPC,0,0,TOTAL MOT,8,kg,142567.37,FALSE,8,kg,"142,567",FALSE,"142,567",FALSE,0,FALSE,,"$1,055,694.00","$1,055,694.00",0,TRUE,FALSE,$7.40
,"121221 (건조김, 마른김)",6.239,$6.78,,C,A,20220101,2022,52,2022,410,KOR,Rep. of Korea,X,Export,40,AUT,Austria,0,W00,World,H6,HS,TRUE,121221,"Seaweeds and other algae; fit for human consumption, fresh, chilled, frozen or dried, whether or not ground",6,TRUE,C00,TOTAL CPC,0,0,TOTAL MOT,8,kg,6239,FALSE,8,kg,"6,239",FALSE,"6,239",FALSE,0,FALSE,,"$42,312.00","$42,312.00",0,TRUE,FALSE,$6.78
,"121221 (건조김, 마른김)",0.6565,$40.71,,C,A,20220101,2022,52,2022,410,KOR,Rep. of Korea,X,Export,48,BHR,Bahrain,0,W00,World,H6,HS,TRUE,121221,"Seaweeds and other algae; fit for human consumption, fresh, chilled, frozen or dried, whether or not ground",6,TRUE,C00,TOTAL CPC,0,0,TOTAL MOT,8,kg,656.5,FALSE,8,kg,657,FALSE,657,FALSE,0,FALSE,,"$26,729.00","$26,729.00",0,TRUE,FALSE,$40.71
,"121221 (건조김, 마른김)",0.17297,$19.21,,C,A,20220101,2022,52,2022,410,KOR,Rep. of Korea,X,Export,50,BGD,Bangladesh,0,W00,World,H6,HS,TRUE,121221,"Seaweeds and other algae; fit for human consumption, fresh, chilled, frozen or dried, whether or not ground",6,TRUE,C00,TOTAL CPC,0,0,TOTAL MOT,8,kg,172.97,FALSE,8,kg,173,FALSE,173,FALSE,0,FALSE,,"$3,322.00","$3,322.00",0,TRUE,FALSE,$19.21
,"121221 (건조김, 마른김)",0.02718,$101.99,,C,A,20220101,2022,52,2022,410,KOR,Rep. of Korea,X,Export,56,BEL,Belgium,0,W00,World,H6,HS,TRUE,121221,"Seaweeds and other algae; fit for human consumption, fresh, chilled, frozen or dried, whether or not ground",6,TRUE,C00,TOTAL CPC,0,0,TOTAL MOT,8,kg,27.18,FALSE,8,kg,27,FALSE,27,FALSE,0,FALSE,,"$2,772.00","$2,772.00",0,TRUE,FALSE,$101.99
,"121221 (건조김, 마른김)",0.05888,$10.95,,C,A,20220101,2022,52,2022,410,KOR,Rep. of Korea,X,Export,64,BTN,Bhutan,0,W00,World,H6,HS,TRUE,121221,"Seaweeds and other algae; fit for human consumption, fresh, chilled, frozen or dried, whether or not ground",6,TRUE,C00,TOTAL CPC,0,0,TOTAL MOT,8,kg,58.88,FALSE,8,kg,59,FALSE,59,FALSE,0,FALSE,,$645.00,$645.00,0,TRUE,FALSE,$10.95
,"121221 (건조김, 마른김)",1.22277,$24.94,,C,A,20220101,2022,52,2022,410,KOR,Rep. of Korea,X,Export,68,BOL,Bolivia (Plurinational State of),0,W00,World,H6,HS,TRUE,121221,"Seaweeds and other algae; fit for human consumption, fresh, chilled, frozen or dried, whether or not ground",6,TRUE,C00,TOTAL CPC,0,0,TOTAL MOT,8,kg,1222.77,FALSE,8,kg,"1,223",FALSE,"1,223",FALSE,0,FALSE,,"$30,498.00","$30,498.00",0,TRUE,FALSE,$24.94
,"121221 (건조김, 마른김)",25.59448,$20.13,,C,A,20220101,2022,52,2022,410,KOR,Rep. of Korea,X,Export,76,BRA,Brazil,0,W00,World,H6,HS,TRUE,121221,"Seaweeds and other algae; fit for human consumption, fresh, chilled, frozen or dried, whether or not ground",6,TRUE,C00,TOTAL CPC,0,0,TOTAL MOT,8,kg,25594.48,FALSE,8,kg,"25,594",FALSE,"25,594",FALSE,0,FALSE,,"$515,315.00","$515,315.00",0,TRUE,FALSE,$20.13
,"121221 (건조김, 마른김)",0.0165,$2.97,,C,A,20220101,2022,52,2022,410,KOR,Rep. of Korea,X,Export,90,SLB,Solomon Isds,0,W00,World,H6,HS,TRUE,121221,"Seaweeds and other algae; fit for human consumption, fresh, chilled, frozen or dried, whether or not ground",6,TRUE,C00,TOTAL CPC,0,0,TOTAL MOT,8,kg,16.5,FALSE,8,kg,17,FALSE,17,FALSE,0,FALSE,,$49.00,$49.00,0,TRUE,FALSE,$2.97
,"121221 (건조김, 마른김)",0.38734,$13.73,,C,A,20220101,2022,52,2022,410,KOR,Rep. of Korea,X,Export,96,BRN,Brunei Darussalam,0,W00,World,H6,HS,TRUE,121221,"Seaweeds and other algae; fit for human consumption, fresh, chilled, frozen or dried, whether or not ground",6,TRUE,C00,TOTAL CPC,0,0,TOTAL MOT,8,kg,387.34,FALSE,8,kg,387,FALSE,387,FALSE,0,FALSE,,"$5,320.00","$5,320.00",0,TRUE,FALSE,$13.73
,"121221 (건조김, 마른김)",0.1505,$11.38,,C,A,20220101,2022,52,2022,410,KOR,Rep. of Korea,X,Export,100,BGR,Bulgaria,0,W00,World,H6,HS,TRUE,121221,"Seaweeds and other algae; fit for human consumption, fresh, chilled, frozen or dried, whether or not ground",6,TRUE,C00,TOTAL CPC,0,0,TOTAL MOT,8,kg,150.5,FALSE,8,kg,151,FALSE,151,FALSE,0,FALSE,,"$1,712.00","$1,712.00",0,TRUE,FALSE,$11.38
,"121221 (건조김, 마른김)",5.2588,$14.76,,C,A,20220101,2022,52,2022,410,KOR,Rep. of Korea,X,Export,104,MMR,Myanmar,0,W00,World,H6,HS,TRUE,121221,"Seaweeds and other algae; fit for human consumption, fresh, chilled, frozen or dried, whether or not ground",6,TRUE,C00,TOTAL CPC,0,0,TOTAL MOT,8,kg,5258.8,FALSE,8,kg,"5,259",FALSE,"5,259",FALSE,0,FALSE,,"$77,629.00","$77,629.00",0,TRUE,FALSE,$14.76
,"121221 (건조김, 마른김)",4.55082,$7.12,,C,A,20220101,2022,52,2022,410,KOR,Rep. of Korea,X,Export,116,KHM,Cambodia,0,W00,World,H6,HS,TRUE,121221,"Seaweeds and other algae; fit for human consumption, fresh, chilled, frozen or dried, whether or not ground",6,TRUE,C00,TOTAL CPC,0,0,TOTAL MOT,8,kg,4550.82,FALSE,8,kg,"4,551",FALSE,"4,551",FALSE,0,FALSE,,"$32,406.00","$32,406.00",0,TRUE,FALSE,$7.12
,"121221 (건조김, 마른김)",116.38786,$8.21,,C,A,20220101,2022,52,2022,410,KOR,Rep. of Korea,X,Export,124,CAN,Canada,0,W00,World,H6,HS,TRUE,121221,"Seaweeds and other algae; fit for human consumption, fresh, chilled, frozen or dried, whether or not ground",6,TRUE,C00,TOTAL CPC,0,0,TOTAL MOT,8,kg,116387.86,FALSE,8,kg,"116,388",FALSE,"116,388",FALSE,0,FALSE,,"$955,789.00","$955,789.00",0,TRUE,FALSE,$8.21
,"121221 (건조김, 마른김)",2.09661,$10.12,,C,A,20220101,2022,52,2022,410,KOR,Rep. of Korea,X,Export,152,CHL,Chile,0,W00,World,H6,HS,TRUE,121221,"Seaweeds and other algae; fit for human consumption, fresh, chilled, frozen or dried, whether or not ground",6,TRUE,C00,TOTAL CPC,0,0,TOTAL MOT,8,kg,2096.61,FALSE,8,kg,"2,097",FALSE,"2,097",FALSE,0,FALSE,,"$21,210.00","$21,210.00",0,TRUE,FALSE,$10.12
,"121221 (건조김, 마른김)",6840.559,$7.65,,C,A,20220101,2022,52,2022,410,KOR,Rep. of Korea,X,Export,156,CHN,China,0,W00,World,H6,HS,TRUE,121221,"Seaweeds and other algae; fit for human consumption, fresh, chilled, frozen or dried, whether or not ground",6,TRUE,C00,TOTAL CPC,0,0,TOTAL MOT,8,kg,6840559,FALSE,8,kg,"6,840,559",FALSE,"6,840,559",FALSE,0,FALSE,,"$52,311,679.00","$52,311,679.00",0,TRUE,FALSE,$7.65
,"121221 (건조김, 마른김)",10.6846,$26.18,,C,A,20220101,2022,52,2022,410,KOR,Rep. of Korea,X,Export,170,COL,Colombia,0,W00,World,H6,HS,TRUE,121221,"Seaweeds and other algae; fit for human consumption, fresh, chilled, frozen or dried, whether or not ground",6,TRUE,C00,TOTAL CPC,0,0,TOTAL MOT,8,kg,10684.6,FALSE,8,kg,"10,685",FALSE,"10,685",FALSE,0,FALSE,,"$279,743.00","$279,743.00",0,TRUE,FALSE,$26.18
,"121221 (건조김, 마른김)",0.05126,$12.15,,C,A,20220101,2022,52,2022,410,KOR,Rep. of Korea,X,Export,188,CRI,Costa Rica,0,W00,World,H6,HS,TRUE,121221,"Seaweeds and other algae; fit for human consumption, fresh, chilled, frozen or dried, whether or not ground",6,TRUE,C00,TOTAL CPC,0,0,TOTAL MOT,8,kg,51.26,FALSE,8,kg,51,FALSE,51,FALSE,0,FALSE,,$623.00,$623.00,0,TRUE,FALSE,$12.15
,"121221 (건조김, 마른김)",0.42,$10.62,,C,A,20220101,2022,52,2022,410,KOR,Rep. of Korea,X,Export,196,CYP,Cyprus,0,W00,World,H6,HS,TRUE,121221,"Seaweeds and other algae; fit for human consumption, fresh, chilled, frozen or dried, whether or not ground",6,TRUE,C00,TOTAL CPC,0,0,TOTAL MOT,8,kg,420,FALSE,8,kg,420,FALSE,420,FALSE,0,FALSE,,"$4,460.00","$4,460.00",0,TRUE,FALSE,$10.62
,"121221 (건조김, 마른김)",1.745,$13.25,,C,A,20220101,2022,52,2022,410,KOR,Rep. of Korea,X,Export,203,CZE,Czechia,0,W00,World,H6,HS,TRUE,121221,"Seaweeds and other algae; fit for human consumption, fresh, chilled, frozen or dried, whether or not ground",6,TRUE,C00,TOTAL CPC,0,0,TOTAL MOT,8,kg,1745,FALSE,8,kg,"1,745",FALSE,"1,745",FALSE,0,FALSE,,"$23,121.00","$23,121.00",0,TRUE,FALSE,$13.25
,"121221 (건조김, 마른김)",0.016,$19.88,,C,A,20220101,2022,52,2022,410,KOR,Rep. of Korea,X,Export,214,DOM,Dominican Rep.,0,W00,World,H6,HS,TRUE,121221,"Seaweeds and other algae; fit for human consumption, fresh, chilled, frozen or dried, whether or not ground",6,TRUE,C00,TOTAL CPC,0,0,TOTAL MOT,8,kg,16,FALSE,8,kg,16,FALSE,16,FALSE,0,FALSE,,$318.00,$318.00,0,TRUE,FALSE,$19.88
,"121221 (건조김, 마른김)",23.48346,$17.27,,C,A,20220101,2022,52,2022,410,KOR,Rep. of Korea,X,Export,251,FRA,France,0,W00,World,H6,HS,TRUE,121221,"Seaweeds and other algae; fit for human consumption, fresh, chilled, frozen or dried, whether or not ground",6,TRUE,C00,TOTAL CPC,0,0,TOTAL MOT,8,kg,23483.46,FALSE,8,kg,"23,483",FALSE,"23,483",FALSE,0,FALSE,,"$405,458.00","$405,458.00",0,TRUE,FALSE,$17.27
,"121221 (건조김, 마른김)",15.16457,$9.80,,C,A,20220101,2022,52,2022,410,KOR,Rep. of Korea,X,Export,276,DEU,Germany,0,W00,World,H6,HS,TRUE,121221,"Seaweeds and other algae; fit for human consumption, fresh, chilled, frozen or dried, whether or not ground",6,TRUE,C00,TOTAL CPC,0,0,TOTAL MOT,8,kg,15164.57,FALSE,8,kg,"15,165",FALSE,"15,165",FALSE,0,FALSE,,"$148,688.00","$148,688.00",0,TRUE,FALSE,$9.80
,"121221 (건조김, 마른김)",0.0054,$58.33,,C,A,20220101,2022,52,2022,410,KOR,Rep. of Korea,X,Export,288,GHA,Ghana,0,W00,World,H6,HS,TRUE,121221,"Seaweeds and other algae; fit for human consumption, fresh, chilled, frozen or dried, whether or not ground",6,TRUE,C00,TOTAL CPC,0,0,TOTAL MOT,8,kg,5.4,FALSE,8,kg,5,FALSE,5,FALSE,0,FALSE,,$315.00,$315.00,0,TRUE,FALSE,$58.33
,"121221 (건조김, 마른김)",0.0111,$16.94,,C,A,20220101,2022,52,2022,410,KOR,Rep. of Korea,X,Export,300,GRC,Greece,0,W00,World,H6,HS,TRUE,121221,"Seaweeds and other algae; fit for human consumption, fresh, chilled, frozen or dried, whether or not ground",6,TRUE,C00,TOTAL CPC,0,0,TOTAL MOT,8,kg,11.1,FALSE,8,kg,11,FALSE,11,FALSE,0,FALSE,,$188.00,$188.00,0,TRUE,FALSE,$16.94
,"121221 (건조김, 마른김)",5.75238,$9.11,,C,A,20220101,2022,52,2022,410,KOR,Rep. of Korea,X,Export,316,GUM,Guam,0,W00,World,H6,HS,TRUE,121221,"Seaweeds and other algae; fit for human consumption, fresh, chilled, frozen or dried, whether or not ground",6,TRUE,C00,TOTAL CPC,0,0,TOTAL MOT,8,kg,5752.38,FALSE,8,kg,"5,752",FALSE,"5,752",FALSE,0,FALSE,,"$52,429.00","$52,429.00",0,TRUE,FALSE,$9.11
,"121221 (건조김, 마른김)",2.72393,$3.02,,C,A,20220101,2022,52,2022,410,KOR,Rep. of Korea,X,Export,320,GTM,Guatemala,0,W00,World,H6,HS,TRUE,121221,"Seaweeds and other algae; fit for human consumption, fresh, chilled, frozen or dried, whether or not ground",6,TRUE,C00,TOTAL CPC,0,0,TOTAL MOT,8,kg,2723.93,FALSE,8,kg,"2,724",FALSE,"2,724",FALSE,0,FALSE,,"$8,232.00","$8,232.00",0,TRUE,FALSE,$3.02
,"121221 (건조김, 마른김)",0.0286,$6.26,,C,A,20220101,2022,52,2022,410,KOR,Rep. of Korea,X,Export,332,HTI,Haiti,0,W00,World,H6,HS,TRUE,121221,"Seaweeds and other algae; fit for human consumption, fresh, chilled, frozen or dried, whether or not ground",6,TRUE,C00,TOTAL CPC,0,0,TOTAL MOT,8,kg,28.6,FALSE,8,kg,29,FALSE,29,FALSE,0,FALSE,,$179.00,$179.00,0,TRUE,FALSE,$6.26
,"121221 (건조김, 마른김)",52.9546,$11.04,,C,A,20220101,2022,52,2022,410,KOR,Rep. of Korea,X,Export,344,HKG,"China, Hong Kong SAR",0,W00,World,H6,HS,TRUE,121221,"Seaweeds and other algae; fit for human consumption, fresh, chilled, frozen or dried, whether or not ground",6,TRUE,C00,TOTAL CPC,0,0,TOTAL MOT,8,kg,52954.6,FALSE,8,kg,"52,955",FALSE,"52,955",FALSE,0,FALSE,,"$584,718.00","$584,718.00",0,TRUE,FALSE,$11.04
,"121221 (건조김, 마른김)",1.07333,$8.65,,C,A,20220101,2022,52,2022,410,KOR,Rep. of Korea,X,Export,348,HUN,Hungary,0,W00,World,H6,HS,TRUE,121221,"Seaweeds and other algae; fit for human consumption, fresh, chilled, frozen or dried, whether or not ground",6,TRUE,C00,TOTAL CPC,0,0,TOTAL MOT,8,kg,1073.33,FALSE,8,kg,"1,073",FALSE,"1,073",FALSE,0,FALSE,,"$9,279.00","$9,279.00",0,TRUE,FALSE,$8.65
,"121221 (건조김, 마른김)",770.6133,$15.22,,C,A,20220101,2022,52,2022,410,KOR,Rep. of Korea,X,Export,360,IDN,Indonesia,0,W00,World,H6,HS,TRUE,121221,"Seaweeds and other algae; fit for human consumption, fresh, chilled, frozen or dried, whether or not ground",6,TRUE,C00,TOTAL CPC,0,0,TOTAL MOT,8,kg,770613.3,FALSE,8,kg,"770,613",FALSE,"770,613",FALSE,0,FALSE,,"$11,729,235.00","$11,729,235.00",0,TRUE,FALSE,$15.22
,"121221 (건조김, 마른김)",2.13781,$8.91,,C,A,20220101,2022,52,2022,410,KOR,Rep. of Korea,X,Export,368,IRQ,Iraq,0,W00,World,H6,HS,TRUE,121221,"Seaweeds and other algae; fit for human consumption, fresh, chilled, frozen or dried, whether or not ground",6,TRUE,C00,TOTAL CPC,0,0,TOTAL MOT,8,kg,2137.81,FALSE,8,kg,"2,138",FALSE,"2,138",FALSE,0,FALSE,,"$19,048.00","$19,048.00",0,TRUE,FALSE,$8.91
,"121221 (건조김, 마른김)",1.4175,$39.26,,C,A,20220101,2022,52,2022,410,KOR,Rep. of Korea,X,Export,376,ISR,Israel,0,W00,World,H6,HS,TRUE,121221,"Seaweeds and other algae; fit for human consumption, fresh, chilled, frozen or dried, whether or not ground",6,TRUE,C00,TOTAL CPC,0,0,TOTAL MOT,8,kg,1417.5,FALSE,8,kg,"1,418",FALSE,"1,418",FALSE,0,FALSE,,"$55,650.00","$55,650.00",0,TRUE,FALSE,$39.26
,"121221 (건조김, 마른김)",0.015,$18.53,,C,A,20220101,2022,52,2022,410,KOR,Rep. of Korea,X,Export,384,CIV,Côte d'Ivoire,0,W00,World,H6,HS,TRUE,121221,"Seaweeds and other algae; fit for human consumption, fresh, chilled, frozen or dried, whether or not ground",6,TRUE,C00,TOTAL CPC,0,0,TOTAL MOT,8,kg,15,FALSE,8,kg,15,FALSE,15,FALSE,0,FALSE,,$278.00,$278.00,0,TRUE,FALSE,$18.53
,"121221 (건조김, 마른김)",8181.451,$9.17,,C,A,20220101,2022,52,2022,410,KOR,Rep. of Korea,X,Export,392,JPN,Japan,0,W00,World,H6,HS,TRUE,121221,"Seaweeds and other algae; fit for human consumption, fresh, chilled, frozen or dried, whether or not ground",6,TRUE,C00,TOTAL CPC,0,0,TOTAL MOT,8,kg,8181451,FALSE,8,kg,"8,181,451",FALSE,"8,181,451",FALSE,0,FALSE,,"$75,060,170.00","$75,060,170.00",0,TRUE,FALSE,$9.17
,"121221 (건조김, 마른김)",52.97194,$15.19,,C,A,20220101,2022,52,2022,410,KOR,Rep. of Korea,X,Export,398,KAZ,Kazakhstan,0,W00,World,H6,HS,TRUE,121221,"Seaweeds and other algae; fit for human consumption, fresh, chilled, frozen or dried, whether or not ground",6,TRUE,C00,TOTAL CPC,0,0,TOTAL MOT,8,kg,52971.94,FALSE,8,kg,"52,972",FALSE,"52,972",FALSE,0,FALSE,,"$804,662.00","$804,662.00",0,TRUE,FALSE,$15.19
,"121221 (건조김, 마른김)",0.448,$1.53,,C,A,20220101,2022,52,2022,410,KOR,Rep. of Korea,X,Export,404,KEN,Kenya,0,W00,World,H6,HS,TRUE,121221,"Seaweeds and other algae; fit for human consumption, fresh, chilled, frozen or dried, whether or not ground",6,TRUE,C00,TOTAL CPC,0,0,TOTAL MOT,8,kg,448,FALSE,8,kg,448,FALSE,448,FALSE,0,FALSE,,$687.00,$687.00,0,TRUE,FALSE,$1.53
,"121221 (건조김, 마른김)",0.41397,$14.52,,C,A,20220101,2022,52,2022,410,KOR,Rep. of Korea,X,Export,414,KWT,Kuwait,0,W00,World,H6,HS,TRUE,121221,"Seaweeds and other algae; fit for human consumption, fresh, chilled, frozen or dried, whether or not ground",6,TRUE,C00,TOTAL CPC,0,0,TOTAL MOT,8,kg,413.97,FALSE,8,kg,414,FALSE,414,FALSE,0,FALSE,,"$6,009.00","$6,009.00",0,TRUE,FALSE,$14.52
,"121221 (건조김, 마른김)",0.348659,$16.54,,C,A,20220101,2022,52,2022,410,KOR,Rep. of Korea,X,Export,417,KGZ,Kyrgyzstan,0,W00,World,H6,HS,TRUE,121221,"Seaweeds and other algae; fit for human consumption, fresh, chilled, frozen or dried, whether or not ground",6,TRUE,C00,TOTAL CPC,0,0,TOTAL MOT,8,kg,348.659,FALSE,8,kg,349,FALSE,349,FALSE,0,FALSE,,"$5,768.00","$5,768.00",0,TRUE,FALSE,$16.54
,"121221 (건조김, 마른김)",0.71069,$15.00,,C,A,20220101,2022,52,2022,410,KOR,Rep. of Korea,X,Export,418,LAO,Lao People's Dem. Rep.,0,W00,World,H6,HS,TRUE,121221,"Seaweeds and other algae; fit for human consumption, fresh, chilled, frozen or dried, whether or not ground",6,TRUE,C00,TOTAL CPC,0,0,TOTAL MOT,8,kg,710.69,FALSE,8,kg,711,FALSE,711,FALSE,0,FALSE,,"$10,659.00","$10,659.00",0,TRUE,FALSE,$15.00
,"121221 (건조김, 마른김)",0.2136,$39.54,,C,A,20220101,2022,52,2022,410,KOR,Rep. of Korea,X,Export,422,LBN,Lebanon,0,W00,World,H6,HS,TRUE,121221,"Seaweeds and other algae; fit for human consumption, fresh, chilled, frozen or dried, whether or not ground",6,TRUE,C00,TOTAL CPC,0,0,TOTAL MOT,8,kg,213.6,FALSE,8,kg,214,FALSE,214,FALSE,0,FALSE,,"$8,446.00","$8,446.00",0,TRUE,FALSE,$39.54
,"121221 (건조김, 마른김)",14.9299,$19.76,,C,A,20220101,2022,52,2022,410,KOR,Rep. of Korea,X,Export,428,LVA,Latvia,0,W00,World,H6,HS,TRUE,121221,"Seaweeds and other algae; fit for human consumption, fresh, chilled, frozen or dried, whether or not ground",6,TRUE,C00,TOTAL CPC,0,0,TOTAL MOT,8,kg,14929.9,FALSE,8,kg,"14,930",FALSE,"14,930",FALSE,0,FALSE,,"$294,971.00","$294,971.00",0,TRUE,FALSE,$19.76
,"121221 (건조김, 마른김)",0.00225,$26.67,,C,A,20220101,2022,52,2022,410,KOR,Rep. of Korea,X,Export,434,LBY,Libya,0,W00,World,H6,HS,TRUE,121221,"Seaweeds and other algae; fit for human consumption, fresh, chilled, frozen or dried, whether or not ground",6,TRUE,C00,TOTAL CPC,0,0,TOTAL MOT,8,kg,2.25,FALSE,8,kg,2,FALSE,2,FALSE,0,FALSE,,$60.00,$60.00,0,TRUE,FALSE,$26.67
,"121221 (건조김, 마른김)",95.0985,$17.95,,C,A,20220101,2022,52,2022,410,KOR,Rep. of Korea,X,Export,440,LTU,Lithuania,0,W00,World,H6,HS,TRUE,121221,"Seaweeds and other algae; fit for human consumption, fresh, chilled, frozen or dried, whether or not ground",6,TRUE,C00,TOTAL CPC,0,0,TOTAL MOT,8,kg,95098.5,FALSE,8,kg,"95,099",FALSE,"95,099",FALSE,0,FALSE,,"$1,707,167.00","$1,707,167.00",0,TRUE,FALSE,$17.95
,"121221 (건조김, 마른김)",17.26141,$14.93,,C,A,20220101,2022,52,2022,410,KOR,Rep. of Korea,X,Export,458,MYS,Malaysia,0,W00,World,H6,HS,TRUE,121221,"Seaweeds and other algae; fit for human consumption, fresh, chilled, frozen or dried, whether or not ground",6,TRUE,C00,TOTAL CPC,0,0,TOTAL MOT,8,kg,17261.41,FALSE,8,kg,"17,261",FALSE,"17,261",FALSE,0,FALSE,,"$257,725.00","$257,725.00",0,TRUE,FALSE,$14.93
,"121221 (건조김, 마른김)",213.45964,$19.34,,C,A,20220101,2022,52,2022,410,KOR,Rep. of Korea,X,Export,484,MEX,Mexico,0,W00,World,H6,HS,TRUE,121221,"Seaweeds and other algae; fit for human consumption, fresh, chilled, frozen or dried, whether or not ground",6,TRUE,C00,TOTAL CPC,0,0,TOTAL MOT,8,kg,213459.64,FALSE,8,kg,"213,460",FALSE,"213,460",FALSE,0,FALSE,,"$4,128,864.00","$4,128,864.00",0,TRUE,FALSE,$19.34
,"121221 (건조김, 마른김)",929.7702,$18.42,,C,A,20220101,2022,52,2022,410,KOR,Rep. of Korea,X,Export,490,S19,"Other Asia, nes",0,W00,World,H6,HS,TRUE,121221,"Seaweeds and other algae; fit for human consumption, fresh, chilled, frozen or dried, whether or not ground",6,TRUE,C00,TOTAL CPC,0,0,TOTAL MOT,8,kg,929770.2,FALSE,8,kg,"929,770",FALSE,"929,770",FALSE,0,FALSE,,"$17,124,830.00","$17,124,830.00",0,TRUE,FALSE,$18.42
,"121221 (건조김, 마른김)",177.36681,$8.96,,C,A,20220101,2022,52,2022,410,KOR,Rep. of Korea,X,Export,496,MNG,Mongolia,0,W00,World,H6,HS,TRUE,121221,"Seaweeds and other algae; fit for human consumption, fresh, chilled, frozen or dried, whether or not ground",6,TRUE,C00,TOTAL CPC,0,0,TOTAL MOT,8,kg,177366.81,FALSE,8,kg,"177,367",FALSE,"177,367",FALSE,0,FALSE,,"$1,589,069.00","$1,589,069.00",0,TRUE,FALSE,$8.96
,"121221 (건조김, 마른김)",4.508,$19.57,,C,A,20220101,2022,52,2022,410,KOR,Rep. of Korea,X,Export,498,MDA,Rep. of Moldova,0,W00,World,H6,HS,TRUE,121221,"Seaweeds and other algae; fit for human consumption, fresh, chilled, frozen or dried, whether or not ground",6,TRUE,C00,TOTAL CPC,0,0,TOTAL MOT,8,kg,4508,FALSE,8,kg,"4,508",FALSE,"4,508",FALSE,0,FALSE,,"$88,200.00","$88,200.00",0,TRUE,FALSE,$19.57
,"121221 (건조김, 마른김)",0.0007,$4.29,,C,A,20220101,2022,52,2022,410,KOR,Rep. of Korea,X,Export,512,OMN,Oman,0,W00,World,H6,HS,TRUE,121221,"Seaweeds and other algae; fit for human consumption, fresh, chilled, frozen or dried, whether or not ground",6,TRUE,C00,TOTAL CPC,0,0,TOTAL MOT,8,kg,0.7,FALSE,8,kg,1,FALSE,1,FALSE,0,FALSE,,$3.00,$3.00,0,TRUE,FALSE,$4.29
,"121221 (건조김, 마른김)",0.04936,$12.97,,C,A,20220101,2022,52,2022,410,KOR,Rep. of Korea,X,Export,524,NPL,Nepal,0,W00,World,H6,HS,TRUE,121221,"Seaweeds and other algae; fit for human consumption, fresh, chilled, frozen or dried, whether or not ground",6,TRUE,C00,TOTAL CPC,0,0,TOTAL MOT,8,kg,49.36,FALSE,8,kg,49,FALSE,49,FALSE,0,FALSE,,$640.00,$640.00,0,TRUE,FALSE,$12.97
,"121221 (건조김, 마른김)",42.81177,$12.39,,C,A,20220101,2022,52,2022,410,KOR,Rep. of Korea,X,Export,528,NLD,Netherlands,0,W00,World,H6,HS,TRUE,121221,"Seaweeds and other algae; fit for human consumption, fresh, chilled, frozen or dried, whether or not ground",6,TRUE,C00,TOTAL CPC,0,0,TOTAL MOT,8,kg,42811.77,FALSE,8,kg,"42,812",FALSE,"42,812",FALSE,0,FALSE,,"$530,629.00","$530,629.00",0,TRUE,FALSE,$12.39
,"121221 (건조김, 마른김)",34.60232,$6.45,,C,A,20220101,2022,52,2022,410,KOR,Rep. of Korea,X,Export,554,NZL,New Zealand,0,W00,World,H6,HS,TRUE,121221,"Seaweeds and other algae; fit for human consumption, fresh, chilled, frozen or dried, whether or not ground",6,TRUE,C00,TOTAL CPC,0,0,TOTAL MOT,8,kg,34602.32,FALSE,8,kg,"34,602",FALSE,"34,602",FALSE,0,FALSE,,"$223,159.00","$223,159.00",0,TRUE,FALSE,$6.45
,"121221 (건조김, 마른김)",0.003,$16.67,,C,A,20220101,2022,52,2022,410,KOR,Rep. of Korea,X,Export,558,NIC,Nicaragua,0,W00,World,H6,HS,TRUE,121221,"Seaweeds and other algae; fit for human consumption, fresh, chilled, frozen or dried, whether or not ground",6,TRUE,C00,TOTAL CPC,0,0,TOTAL MOT,8,kg,3,FALSE,8,kg,3,FALSE,3,FALSE,0,FALSE,,$50.00,$50.00,0,TRUE,FALSE,$16.67
,"121221 (건조김, 마른김)",0.9,$8.55,,C,A,20220101,2022,52,2022,410,KOR,Rep. of Korea,X,Export,566,NGA,Nigeria,0,W00,World,H6,HS,TRUE,121221,"Seaweeds and other algae; fit for human consumption, fresh, chilled, frozen or dried, whether or not ground",6,TRUE,C00,TOTAL CPC,0,0,TOTAL MOT,8,kg,900,FALSE,8,kg,900,FALSE,900,FALSE,0,FALSE,,"$7,697.00","$7,697.00",0,TRUE,FALSE,$8.55
,"121221 (건조김, 마른김)",1.156,$242.75,,C,A,20220101,2022,52,2022,410,KOR,Rep. of Korea,X,Export,579,NOR,Norway,0,W00,World,H6,HS,TRUE,121221,"Seaweeds and other algae; fit for human consumption, fresh, chilled, frozen or dried, whether or not ground",6,TRUE,C00,TOTAL CPC,0,0,TOTAL MOT,8,kg,1156,FALSE,8,kg,"1,156",FALSE,"1,156",FALSE,0,FALSE,,"$280,621.00","$280,621.00",0,TRUE,FALSE,$242.75
,"121221 (건조김, 마른김)",1.8794,$7.35,,C,A,20220101,2022,52,2022,410,KOR,Rep. of Korea,X,Export,580,MNP,N. Mariana Isds,0,W00,World,H6,HS,TRUE,121221,"Seaweeds and other algae; fit for human consumption, fresh, chilled, frozen or dried, whether or not ground",6,TRUE,C00,TOTAL CPC,0,0,TOTAL MOT,8,kg,1879.4,FALSE,8,kg,"1,879",FALSE,"1,879",FALSE,0,FALSE,,"$13,822.00","$13,822.00",0,TRUE,FALSE,$7.35
,"121221 (건조김, 마른김)",0.024,$24.08,,C,A,20220101,2022,52,2022,410,KOR,Rep. of Korea,X,Export,584,MHL,Marshall Isds,0,W00,World,H6,HS,TRUE,121221,"Seaweeds and other algae; fit for human consumption, fresh, chilled, frozen or dried, whether or not ground",6,TRUE,C00,TOTAL CPC,0,0,TOTAL MOT,8,kg,24,FALSE,8,kg,24,FALSE,24,FALSE,0,FALSE,,$578.00,$578.00,0,TRUE,FALSE,$24.08
,"121221 (건조김, 마른김)",0.18656,$18.20,,C,A,20220101,2022,52,2022,410,KOR,Rep. of Korea,X,Export,585,PLW,Palau,0,W00,World,H6,HS,TRUE,121221,"Seaweeds and other algae; fit for human consumption, fresh, chilled, frozen or dried, whether or not ground",6,TRUE,C00,TOTAL CPC,0,0,TOTAL MOT,8,kg,186.56,FALSE,8,kg,187,FALSE,187,FALSE,0,FALSE,,"$3,395.00","$3,395.00",0,TRUE,FALSE,$18.20
,"121221 (건조김, 마른김)",0.19592,$27.04,,C,A,20220101,2022,52,2022,410,KOR,Rep. of Korea,X,Export,591,PAN,Panama,0,W00,World,H6,HS,TRUE,121221,"Seaweeds and other algae; fit for human consumption, fresh, chilled, frozen or dried, whether or not ground",6,TRUE,C00,TOTAL CPC,0,0,TOTAL MOT,8,kg,195.92,FALSE,8,kg,196,FALSE,196,FALSE,0,FALSE,,"$5,298.00","$5,298.00",0,TRUE,FALSE,$27.04
,"121221 (건조김, 마른김)",0.8335,$4.99,,C,A,20220101,2022,52,2022,410,KOR,Rep. of Korea,X,Export,600,PRY,Paraguay,0,W00,World,H6,HS,TRUE,121221,"Seaweeds and other algae; fit for human consumption, fresh, chilled, frozen or dried, whether or not ground",6,TRUE,C00,TOTAL CPC,0,0,TOTAL MOT,8,kg,833.5,FALSE,8,kg,834,FALSE,834,FALSE,0,FALSE,,"$4,162.00","$4,162.00",0,TRUE,FALSE,$4.99
,"121221 (건조김, 마른김)",0.027,$26.52,,C,A,20220101,2022,52,2022,410,KOR,Rep. of Korea,X,Export,604,PER,Peru,0,W00,World,H6,HS,TRUE,121221,"Seaweeds and other algae; fit for human consumption, fresh, chilled, frozen or dried, whether or not ground",6,TRUE,C00,TOTAL CPC,0,0,TOTAL MOT,8,kg,27,FALSE,8,kg,27,FALSE,27,FALSE,0,FALSE,,$716.00,$716.00,0,TRUE,FALSE,$26.52
,"121221 (건조김, 마른김)",131.79639,$8.34,,C,A,20220101,2022,52,2022,410,KOR,Rep. of Korea,X,Export,608,PHL,Philippines,0,W00,World,H6,HS,TRUE,121221,"Seaweeds and other algae; fit for human consumption, fresh, chilled, frozen or dried, whether or not ground",6,TRUE,C00,TOTAL CPC,0,0,TOTAL MOT,8,kg,131796.39,FALSE,8,kg,"131,796",FALSE,"131,796",FALSE,0,FALSE,,"$1,098,915.00","$1,098,915.00",0,TRUE,FALSE,$8.34
,"121221 (건조김, 마른김)",35.62646,$19.68,,C,A,20220101,2022,52,2022,410,KOR,Rep. of Korea,X,Export,616,POL,Poland,0,W00,World,H6,HS,TRUE,121221,"Seaweeds and other algae; fit for human consumption, fresh, chilled, frozen or dried, whether or not ground",6,TRUE,C00,TOTAL CPC,0,0,TOTAL MOT,8,kg,35626.46,FALSE,8,kg,"35,626",FALSE,"35,626",FALSE,0,FALSE,,"$701,214.00","$701,214.00",0,TRUE,FALSE,$19.68
,"121221 (건조김, 마른김)",3.4215,$4.06,,C,A,20220101,2022,52,2022,410,KOR,Rep. of Korea,X,Export,634,QAT,Qatar,0,W00,World,H6,HS,TRUE,121221,"Seaweeds and other algae; fit for human consumption, fresh, chilled, frozen or dried, whether or not ground",6,TRUE,C00,TOTAL CPC,0,0,TOTAL MOT,8,kg,3421.5,FALSE,8,kg,"3,422",FALSE,"3,422",FALSE,0,FALSE,,"$13,883.00","$13,883.00",0,TRUE,FALSE,$4.06
,"121221 (건조김, 마른김)",0.322,$16.96,,C,A,20220101,2022,52,2022,410,KOR,Rep. of Korea,X,Export,642,ROU,Romania,0,W00,World,H6,HS,TRUE,121221,"Seaweeds and other algae; fit for human consumption, fresh, chilled, frozen or dried, whether or not ground",6,TRUE,C00,TOTAL CPC,0,0,TOTAL MOT,8,kg,322,FALSE,8,kg,322,FALSE,322,FALSE,0,FALSE,,"$5,461.00","$5,461.00",0,TRUE,FALSE,$16.96
,"121221 (건조김, 마른김)",1529.7148,$20.05,,C,A,20220101,2022,52,2022,410,KOR,Rep. of Korea,X,Export,643,RUS,Russian Federation,0,W00,World,H6,HS,TRUE,121221,"Seaweeds and other algae; fit for human consumption, fresh, chilled, frozen or dried, whether or not ground",6,TRUE,C00,TOTAL CPC,0,0,TOTAL MOT,8,kg,1529714.8,FALSE,8,kg,"1,529,715",FALSE,"1,529,715",FALSE,0,FALSE,,"$30,673,577.00","$30,673,577.00",0,TRUE,FALSE,$20.05
,"121221 (건조김, 마른김)",0.67666,$10.37,,C,A,20220101,2022,52,2022,410,KOR,Rep. of Korea,X,Export,682,SAU,Saudi Arabia,0,W00,World,H6,HS,TRUE,121221,"Seaweeds and other algae; fit for human consumption, fresh, chilled, frozen or dried, whether or not ground",6,TRUE,C00,TOTAL CPC,0,0,TOTAL MOT,8,kg,676.66,FALSE,8,kg,677,FALSE,677,FALSE,0,FALSE,,"$7,016.00","$7,016.00",0,TRUE,FALSE,$10.37
,"121221 (건조김, 마른김)",0.07704,$13.90,,C,A,20220101,2022,52,2022,410,KOR,Rep. of Korea,X,Export,688,SRB,Serbia,0,W00,World,H6,HS,TRUE,121221,"Seaweeds and other algae; fit for human consumption, fresh, chilled, frozen or dried, whether or not ground",6,TRUE,C00,TOTAL CPC,0,0,TOTAL MOT,8,kg,77.04,FALSE,8,kg,77,FALSE,77,FALSE,0,FALSE,,"$1,071.00","$1,071.00",0,TRUE,FALSE,$13.90
,"121221 (건조김, 마른김)",1.22537,$14.64,,C,A,20220101,2022,52,2022,410,KOR,Rep. of Korea,X,Export,699,IND,India,0,W00,World,H6,HS,TRUE,121221,"Seaweeds and other algae; fit for human consumption, fresh, chilled, frozen or dried, whether or not ground",6,TRUE,C00,TOTAL CPC,0,0,TOTAL MOT,8,kg,1225.37,FALSE,8,kg,"1,225",FALSE,"1,225",FALSE,0,FALSE,,"$17,934.00","$17,934.00",0,TRUE,FALSE,$14.64
,"121221 (건조김, 마른김)",84.734915,$16.46,,C,A,20220101,2022,52,2022,410,KOR,Rep. of Korea,X,Export,702,SGP,Singapore,0,W00,World,H6,HS,TRUE,121221,"Seaweeds and other algae; fit for human consumption, fresh, chilled, frozen or dried, whether or not ground",6,TRUE,C00,TOTAL CPC,0,0,TOTAL MOT,8,kg,84734.915,FALSE,8,kg,"84,735",FALSE,"84,735",FALSE,0,FALSE,,"$1,394,962.00","$1,394,962.00",0,TRUE,FALSE,$16.46
,"121221 (건조김, 마른김)",0.7854,$14.79,,C,A,20220101,2022,52,2022,410,KOR,Rep. of Korea,X,Export,703,SVK,Slovakia,0,W00,World,H6,HS,TRUE,121221,"Seaweeds and other algae; fit for human consumption, fresh, chilled, frozen or dried, whether or not ground",6,TRUE,C00,TOTAL CPC,0,0,TOTAL MOT,8,kg,785.4,FALSE,8,kg,785,FALSE,785,FALSE,0,FALSE,,"$11,617.00","$11,617.00",0,TRUE,FALSE,$14.79
,"121221 (건조김, 마른김)",501.4417,$12.50,,C,A,20220101,2022,52,2022,410,KOR,Rep. of Korea,X,Export,704,VNM,Viet Nam,0,W00,World,H6,HS,TRUE,121221,"Seaweeds and other algae; fit for human consumption, fresh, chilled, frozen or dried, whether or not ground",6,TRUE,C00,TOTAL CPC,0,0,TOTAL MOT,8,kg,501441.7,FALSE,8,kg,"501,442",FALSE,"501,442",FALSE,0,FALSE,,"$6,269,455.00","$6,269,455.00",0,TRUE,FALSE,$12.50
,"121221 (건조김, 마른김)",1.135,$26.31,,C,A,20220101,2022,52,2022,410,KOR,Rep. of Korea,X,Export,705,SVN,Slovenia,0,W00,World,H6,HS,TRUE,121221,"Seaweeds and other algae; fit for human consumption, fresh, chilled, frozen or dried, whether or not ground",6,TRUE,C00,TOTAL CPC,0,0,TOTAL MOT,8,kg,1135,FALSE,8,kg,"1,135",FALSE,"1,135",FALSE,0,FALSE,,"$29,857.00","$29,857.00",0,TRUE,FALSE,$26.31
,"121221 (건조김, 마른김)",2.02689,$4.18,,C,A,20220101,2022,52,2022,410,KOR,Rep. of Korea,X,Export,710,ZAF,South Africa,0,W00,World,H6,HS,TRUE,121221,"Seaweeds and other algae; fit for human consumption, fresh, chilled, frozen or dried, whether or not ground",6,TRUE,C00,TOTAL CPC,0,0,TOTAL MOT,8,kg,2026.89,FALSE,8,kg,"2,027",FALSE,"2,027",FALSE,0,FALSE,,"$8,463.00","$8,463.00",0,TRUE,FALSE,$4.18
,"121221 (건조김, 마른김)",3.55032,$23.87,,C,A,20220101,2022,52,2022,410,KOR,Rep. of Korea,X,Export,724,ESP,Spain,0,W00,World,H6,HS,TRUE,121221,"Seaweeds and other algae; fit for human consumption, fresh, chilled, frozen or dried, whether or not ground",6,TRUE,C00,TOTAL CPC,0,0,TOTAL MOT,8,kg,3550.32,FALSE,8,kg,"3,550",FALSE,"3,550",FALSE,0,FALSE,,"$84,761.00","$84,761.00",0,TRUE,FALSE,$23.87
,"121221 (건조김, 마른김)",0.26896,$17.90,,C,A,20220101,2022,52,2022,410,KOR,Rep. of Korea,X,Export,752,SWE,Sweden,0,W00,World,H6,HS,TRUE,121221,"Seaweeds and other algae; fit for human consumption, fresh, chilled, frozen or dried, whether or not ground",6,TRUE,C00,TOTAL CPC,0,0,TOTAL MOT,8,kg,268.96,FALSE,8,kg,269,FALSE,269,FALSE,0,FALSE,,"$4,814.00","$4,814.00",0,TRUE,FALSE,$17.90
,"121221 (건조김, 마른김)",0.36495,$25.54,,C,A,20220101,2022,52,2022,410,KOR,Rep. of Korea,X,Export,757,CHE,Switzerland,0,W00,World,H6,HS,TRUE,121221,"Seaweeds and other algae; fit for human consumption, fresh, chilled, frozen or dried, whether or not ground",6,TRUE,C00,TOTAL CPC,0,0,TOTAL MOT,8,kg,364.95,FALSE,8,kg,365,FALSE,365,FALSE,0,FALSE,,"$9,322.00","$9,322.00",0,TRUE,FALSE,$25.54
,"121221 (건조김, 마른김)",3059.086,$13.17,,C,A,20220101,2022,52,2022,410,KOR,Rep. of Korea,X,Export,764,THA,Thailand,0,W00,World,H6,HS,TRUE,121221,"Seaweeds and other algae; fit for human consumption, fresh, chilled, frozen or dried, whether or not ground",6,TRUE,C00,TOTAL CPC,0,0,TOTAL MOT,8,kg,3059086,FALSE,8,kg,"3,059,086",FALSE,"3,059,086",FALSE,0,FALSE,,"$40,274,637.00","$40,274,637.00",0,TRUE,FALSE,$13.17
,"121221 (건조김, 마른김)",4.63657,$22.49,,C,A,20220101,2022,52,2022,410,KOR,Rep. of Korea,X,Export,784,ARE,United Arab Emirates,0,W00,World,H6,HS,TRUE,121221,"Seaweeds and other algae; fit for human consumption, fresh, chilled, frozen or dried, whether or not ground",6,TRUE,C00,TOTAL CPC,0,0,TOTAL MOT,8,kg,4636.57,FALSE,8,kg,"4,637",FALSE,"4,637",FALSE,0,FALSE,,"$104,297.00","$104,297.00",0,TRUE,FALSE,$22.49
,"121221 (건조김, 마른김)",0.01919,$36.01,,C,A,20220101,2022,52,2022,410,KOR,Rep. of Korea,X,Export,788,TUN,Tunisia,0,W00,World,H6,HS,TRUE,121221,"Seaweeds and other algae; fit for human consumption, fresh, chilled, frozen or dried, whether or not ground",6,TRUE,C00,TOTAL CPC,0,0,TOTAL MOT,8,kg,19.19,FALSE,8,kg,19,FALSE,19,FALSE,0,FALSE,,$691.00,$691.00,0,TRUE,FALSE,$36.01
,"121221 (건조김, 마른김)",16.65263,$20.87,,C,A,20220101,2022,52,2022,410,KOR,Rep. of Korea,X,Export,792,TUR,Türkiye,0,W00,World,H6,HS,TRUE,121221,"Seaweeds and other algae; fit for human consumption, fresh, chilled, frozen or dried, whether or not ground",6,TRUE,C00,TOTAL CPC,0,0,TOTAL MOT,8,kg,16652.63,FALSE,8,kg,"16,653",FALSE,"16,653",FALSE,0,FALSE,,"$347,553.00","$347,553.00",0,TRUE,FALSE,$20.87
,"121221 (건조김, 마른김)",2.9594,$20.59,,C,A,20220101,2022,52,2022,410,KOR,Rep. of Korea,X,Export,804,UKR,Ukraine,0,W00,World,H6,HS,TRUE,121221,"Seaweeds and other algae; fit for human consumption, fresh, chilled, frozen or dried, whether or not ground",6,TRUE,C00,TOTAL CPC,0,0,TOTAL MOT,8,kg,2959.4,FALSE,8,kg,"2,959",FALSE,"2,959",FALSE,0,FALSE,,"$60,924.00","$60,924.00",0,TRUE,FALSE,$20.59
,"121221 (건조김, 마른김)",37.85633,$10.59,,C,A,20220101,2022,52,2022,410,KOR,Rep. of Korea,X,Export,826,GBR,United Kingdom,0,W00,World,H6,HS,TRUE,121221,"Seaweeds and other algae; fit for human consumption, fresh, chilled, frozen or dried, whether or not ground",6,TRUE,C00,TOTAL CPC,0,0,TOTAL MOT,8,kg,37856.33,FALSE,8,kg,"37,856",FALSE,"37,856",FALSE,0,FALSE,,"$400,903.00","$400,903.00",0,TRUE,FALSE,$10.59
,"121221 (건조김, 마른김)",2072.055,$10.13,,C,A,20220101,2022,52,2022,410,KOR,Rep. of Korea,X,Export,842,USA,USA,0,W00,World,H6,HS,TRUE,121221,"Seaweeds and other algae; fit for human consumption, fresh, chilled, frozen or dried, whether or not ground",6,TRUE,C00,TOTAL CPC,0,0,TOTAL MOT,8,kg,2072055,FALSE,8,kg,"2,072,055",FALSE,"2,072,055",FALSE,0,FALSE,,"$20,982,328.00","$20,982,328.00",0,TRUE,FALSE,$10.13
,"121221 (건조김, 마른김)",0.079,$33.39,,C,A,20220101,2022,52,2022,410,KOR,Rep. of Korea,X,Export,858,URY,Uruguay,0,W00,World,H6,HS,TRUE,121221,"Seaweeds and other algae; fit for human consumption, fresh, chilled, frozen or dried, whether or not ground",6,TRUE,C00,TOTAL CPC,0,0,TOTAL MOT,8,kg,79,FALSE,8,kg,79,FALSE,79,FALSE,0,FALSE,,"$2,638.00","$2,638.00",0,TRUE,FALSE,$33.39
,"121221 (건조김, 마른김)",0.008,$59.38,,C,A,20220101,2022,52,2022,410,KOR,Rep. of Korea,X,Export,882,WSM,Samoa,0,W00,World,H6,HS,TRUE,121221,"Seaweeds and other algae; fit for human consumption, fresh, chilled, frozen or dried, whether or not ground",6,TRUE,C00,TOTAL CPC,0,0,TOTAL MOT,8,kg,8,FALSE,8,kg,8,FALSE,8,FALSE,0,FALSE,,$475.00,$475.00,0,TRUE,FALSE,$59.38
,"200899 (구운김, 조미김)",24365.83029,$19.57,,C,A,20220101,2022,52,2022,410,KOR,Rep. of Korea,X,Export,0,W00,World,0,W00,World,H6,HS,TRUE,200899,"Fruit, nuts and other edible parts of plants; prepared or preserved, whether or not containing added sugar, other sweetening matter or spirit, n.e.c. in heading no. 2008",6,TRUE,C00,TOTAL CPC,0,0,TOTAL MOT,8,kg,24365830.29,FALSE,8,kg,"24,365,830",FALSE,"24,365,830",FALSE,0,FALSE,,"$476,947,064.00","$476,947,064.00",0,FALSE,TRUE,$19.57
,"200899 (구운김, 조미김)",0.13,$0.40,,C,A,20220101,2022,52,2022,410,KOR,Rep. of Korea,X,Export,12,DZA,Algeria,0,W00,World,H6,HS,TRUE,200899,"Fruit, nuts and other edible parts of plants; prepared or preserved, whether or not containing added sugar, other sweetening matter or spirit, n.e.c. in heading no. 2008",6,TRUE,C00,TOTAL CPC,0,0,TOTAL MOT,8,kg,130,FALSE,8,kg,130,FALSE,130,FALSE,0,FALSE,,$52.00,$52.00,0,TRUE,FALSE,$0.40
,"200899 (구운김, 조미김)",0.005,$33.60,,C,A,20220101,2022,52,2022,410,KOR,Rep. of Korea,X,Export,24,AGO,Angola,0,W00,World,H6,HS,TRUE,200899,"Fruit, nuts and other edible parts of plants; prepared or preserved, whether or not containing added sugar, other sweetening matter or spirit, n.e.c. in heading no. 2008",6,TRUE,C00,TOTAL CPC,0,0,TOTAL MOT,8,kg,5,FALSE,8,kg,5,FALSE,5,FALSE,0,FALSE,,$168.00,$168.00,0,TRUE,FALSE,$33.60
,"200899 (구운김, 조미김)",0.83211,$27.06,,C,A,20220101,2022,52,2022,410,KOR,Rep. of Korea,X,Export,32,ARG,Argentina,0,W00,World,H6,HS,TRUE,200899,"Fruit, nuts and other edible parts of plants; prepared or preserved, whether or not containing added sugar, other sweetening matter or spirit, n.e.c. in heading no. 2008",6,TRUE,C00,TOTAL CPC,0,0,TOTAL MOT,8,kg,832.11,FALSE,8,kg,832,FALSE,832,FALSE,0,FALSE,,"$22,514.00","$22,514.00",0,TRUE,FALSE,$27.06
,"200899 (구운김, 조미김)",1054.1948,$19.14,,C,A,20220101,2022,52,2022,410,KOR,Rep. of Korea,X,Export,36,AUS,Australia,0,W00,World,H6,HS,TRUE,200899,"Fruit, nuts and other edible parts of plants; prepared or preserved, whether or not containing added sugar, other sweetening matter or spirit, n.e.c. in heading no. 2008",6,TRUE,C00,TOTAL CPC,0,0,TOTAL MOT,8,kg,1054194.8,FALSE,8,kg,"1,054,195",FALSE,"1,054,195",FALSE,0,FALSE,,"$20,176,231.00","$20,176,231.00",0,TRUE,FALSE,$19.14
,"200899 (구운김, 조미김)",25.90696,$5.07,,C,A,20220101,2022,52,2022,410,KOR,Rep. of Korea,X,Export,40,AUT,Austria,0,W00,World,H6,HS,TRUE,200899,"Fruit, nuts and other edible parts of plants; prepared or preserved, whether or not containing added sugar, other sweetening matter or spirit, n.e.c. in heading no. 2008",6,TRUE,C00,TOTAL CPC,0,0,TOTAL MOT,8,kg,25906.96,FALSE,8,kg,"25,907",FALSE,"25,907",FALSE,0,FALSE,,"$131,358.00","$131,358.00",0,TRUE,FALSE,$5.07
,"200899 (구운김, 조미김)",1.4258,$34.33,,C,A,20220101,2022,52,2022,410,KOR,Rep. of Korea,X,Export,48,BHR,Bahrain,0,W00,World,H6,HS,TRUE,200899,"Fruit, nuts and other edible parts of plants; prepared or preserved, whether or not containing added sugar, other sweetening matter or spirit, n.e.c. in heading no. 2008",6,TRUE,C00,TOTAL CPC,0,0,TOTAL MOT,8,kg,1425.8,FALSE,8,kg,"1,426",FALSE,"1,426",FALSE,0,FALSE,,"$48,951.00","$48,951.00",0,TRUE,FALSE,$34.33
,"200899 (구운김, 조미김)",0.6696,$41.56,,C,A,20220101,2022,52,2022,410,KOR,Rep. of Korea,X,Export,50,BGD,Bangladesh,0,W00,World,H6,HS,TRUE,200899,"Fruit, nuts and other edible parts of plants; prepared or preserved, whether or not containing added sugar, other sweetening matter or spirit, n.e.c. in heading no. 2008",6,TRUE,C00,TOTAL CPC,0,0,TOTAL MOT,8,kg,669.6,FALSE,8,kg,670,FALSE,670,FALSE,0,FALSE,,"$27,831.00","$27,831.00",0,TRUE,FALSE,$41.56
,"200899 (구운김, 조미김)",338.38182,$3.34,,C,A,20220101,2022,52,2022,410,KOR,Rep. of Korea,X,Export,56,BEL,Belgium,0,W00,World,H6,HS,TRUE,200899,"Fruit, nuts and other edible parts of plants; prepared or preserved, whether or not containing added sugar, other sweetening matter or spirit, n.e.c. in heading no. 2008",6,TRUE,C00,TOTAL CPC,0,0,TOTAL MOT,8,kg,338381.82,FALSE,8,kg,"338,382",FALSE,"338,382",FALSE,0,FALSE,,"$1,131,326.00","$1,131,326.00",0,TRUE,FALSE,$3.34
,"200899 (구운김, 조미김)",0.66451,$27.98,,C,A,20220101,2022,52,2022,410,KOR,Rep. of Korea,X,Export,64,BTN,Bhutan,0,W00,World,H6,HS,TRUE,200899,"Fruit, nuts and other edible parts of plants; prepared or preserved, whether or not containing added sugar, other sweetening matter or spirit, n.e.c. in heading no. 2008",6,TRUE,C00,TOTAL CPC,0,0,TOTAL MOT,8,kg,664.51,FALSE,8,kg,665,FALSE,665,FALSE,0,FALSE,,"$18,592.00","$18,592.00",0,TRUE,FALSE,$27.98
,"200899 (구운김, 조미김)",2.60126,$25.09,,C,A,20220101,2022,52,2022,410,KOR,Rep. of Korea,X,Export,68,BOL,Bolivia (Plurinational State of),0,W00,World,H6,HS,TRUE,200899,"Fruit, nuts and other edible parts of plants; prepared or preserved, whether or not containing added sugar, other sweetening matter or spirit, n.e.c. in heading no. 2008",6,TRUE,C00,TOTAL CPC,0,0,TOTAL MOT,8,kg,2601.26,FALSE,8,kg,"2,601",FALSE,"2,601",FALSE,0,FALSE,,"$65,270.00","$65,270.00",0,TRUE,FALSE,$25.09
,"200899 (구운김, 조미김)",0.042,$24.29,,C,A,20220101,2022,52,2022,410,KOR,Rep. of Korea,X,Export,70,BIH,Bosnia Herzegovina,0,W00,World,H6,HS,TRUE,200899,"Fruit, nuts and other edible parts of plants; prepared or preserved, whether or not containing added sugar, other sweetening matter or spirit, n.e.c. in heading no. 2008",6,TRUE,C00,TOTAL CPC,0,0,TOTAL MOT,8,kg,42,FALSE,8,kg,42,FALSE,42,FALSE,0,FALSE,,"$1,020.00","$1,020.00",0,TRUE,FALSE,$24.29
,"200899 (구운김, 조미김)",154.5436,$19.82,,C,A,20220101,2022,52,2022,410,KOR,Rep. of Korea,X,Export,76,BRA,Brazil,0,W00,World,H6,HS,TRUE,200899,"Fruit, nuts and other edible parts of plants; prepared or preserved, whether or not containing added sugar, other sweetening matter or spirit, n.e.c. in heading no. 2008",6,TRUE,C00,TOTAL CPC,0,0,TOTAL MOT,8,kg,154543.6,FALSE,8,kg,"154,544",FALSE,"154,544",FALSE,0,FALSE,,"$3,062,483.00","$3,062,483.00",0,TRUE,FALSE,$19.82
,"200899 (구운김, 조미김)",5.3127,$12.48,,C,A,20220101,2022,52,2022,410,KOR,Rep. of Korea,X,Export,96,BRN,Brunei Darussalam,0,W00,World,H6,HS,TRUE,200899,"Fruit, nuts and other edible parts of plants; prepared or preserved, whether or not containing added sugar, other sweetening matter or spirit, n.e.c. in heading no. 2008",6,TRUE,C00,TOTAL CPC,0,0,TOTAL MOT,8,kg,5312.7,FALSE,8,kg,"5,313",FALSE,"5,313",FALSE,0,FALSE,,"$66,303.00","$66,303.00",0,TRUE,FALSE,$12.48
,"200899 (구운김, 조미김)",3.7882,$25.60,,C,A,20220101,2022,52,2022,410,KOR,Rep. of Korea,X,Export,100,BGR,Bulgaria,0,W00,World,H6,HS,TRUE,200899,"Fruit, nuts and other edible parts of plants; prepared or preserved, whether or not containing added sugar, other sweetening matter or spirit, n.e.c. in heading no. 2008",6,TRUE,C00,TOTAL CPC,0,0,TOTAL MOT,8,kg,3788.2,FALSE,8,kg,"3,788",FALSE,"3,788",FALSE,0,FALSE,,"$96,968.00","$96,968.00",0,TRUE,FALSE,$25.60
,"200899 (구운김, 조미김)",13.946608,$28.43,,C,A,20220101,2022,52,2022,410,KOR,Rep. of Korea,X,Export,104,MMR,Myanmar,0,W00,World,H6,HS,TRUE,200899,"Fruit, nuts and other edible parts of plants; prepared or preserved, whether or not containing added sugar, other sweetening matter or spirit, n.e.c. in heading no. 2008",6,TRUE,C00,TOTAL CPC,0,0,TOTAL MOT,8,kg,13946.608,FALSE,8,kg,"13,947",FALSE,"13,947",FALSE,0,FALSE,,"$396,447.00","$396,447.00",0,TRUE,FALSE,$28.43
,"200899 (구운김, 조미김)",18.906,$22.99,,C,A,20220101,2022,52,2022,410,KOR,Rep. of Korea,X,Export,112,BLR,Belarus,0,W00,World,H6,HS,TRUE,200899,"Fruit, nuts and other edible parts of plants; prepared or preserved, whether or not containing added sugar, other sweetening matter or spirit, n.e.c. in heading no. 2008",6,TRUE,C00,TOTAL CPC,0,0,TOTAL MOT,8,kg,18906,FALSE,8,kg,"18,906",FALSE,"18,906",FALSE,0,FALSE,,"$434,662.00","$434,662.00",0,TRUE,FALSE,$22.99
,"200899 (구운김, 조미김)",66.02574,$11.30,,C,A,20220101,2022,52,2022,410,KOR,Rep. of Korea,X,Export,116,KHM,Cambodia,0,W00,World,H6,HS,TRUE,200899,"Fruit, nuts and other edible parts of plants; prepared or preserved, whether or not containing added sugar, other sweetening matter or spirit, n.e.c. in heading no. 2008",6,TRUE,C00,TOTAL CPC,0,0,TOTAL MOT,8,kg,66025.74,FALSE,8,kg,"66,026",FALSE,"66,026",FALSE,0,FALSE,,"$745,986.00","$745,986.00",0,TRUE,FALSE,$11.30
,"200899 (구운김, 조미김)",0.005,$1.80,,C,A,20220101,2022,52,2022,410,KOR,Rep. of Korea,X,Export,120,CMR,Cameroon,0,W00,World,H6,HS,TRUE,200899,"Fruit, nuts and other edible parts of plants; prepared or preserved, whether or not containing added sugar, other sweetening matter or spirit, n.e.c. in heading no. 2008",6,TRUE,C00,TOTAL CPC,0,0,TOTAL MOT,8,kg,5,FALSE,8,kg,5,FALSE,5,FALSE,0,FALSE,,$9.00,$9.00,0,TRUE,FALSE,$1.80
,"200899 (구운김, 조미김)",1187.5803,$22.37,,C,A,20220101,2022,52,2022,410,KOR,Rep. of Korea,X,Export,124,CAN,Canada,0,W00,World,H6,HS,TRUE,200899,"Fruit, nuts and other edible parts of plants; prepared or preserved, whether or not containing added sugar, other sweetening matter or spirit, n.e.c. in heading no. 2008",6,TRUE,C00,TOTAL CPC,0,0,TOTAL MOT,8,kg,1187580.3,FALSE,8,kg,"1,187,580",FALSE,"1,187,580",FALSE,0,FALSE,,"$26,561,645.00","$26,561,645.00",0,TRUE,FALSE,$22.37
,"200899 (구운김, 조미김)",52.730054,$20.02,,C,A,20220101,2022,52,2022,410,KOR,Rep. of Korea,X,Export,152,CHL,Chile,0,W00,World,H6,HS,TRUE,200899,"Fruit, nuts and other edible parts of plants; prepared or preserved, whether or not containing added sugar, other sweetening matter or spirit, n.e.c. in heading no. 2008",6,TRUE,C00,TOTAL CPC,0,0,TOTAL MOT,8,kg,52730.054,FALSE,8,kg,"52,730",FALSE,"52,730",FALSE,0,FALSE,,"$1,055,908.00","$1,055,908.00",0,TRUE,FALSE,$20.02
,"200899 (구운김, 조미김)",2576.836,$19.64,,C,A,20220101,2022,52,2022,410,KOR,Rep. of Korea,X,Export,156,CHN,China,0,W00,World,H6,HS,TRUE,200899,"Fruit, nuts and other edible parts of plants; prepared or preserved, whether or not containing added sugar, other sweetening matter or spirit, n.e.c. in heading no. 2008",6,TRUE,C00,TOTAL CPC,0,0,TOTAL MOT,8,kg,2576836,FALSE,8,kg,"2,576,836",FALSE,"2,576,836",FALSE,0,FALSE,,"$50,611,326.00","$50,611,326.00",0,TRUE,FALSE,$19.64
,"200899 (구운김, 조미김)",2.4392,$24.40,,C,A,20220101,2022,52,2022,410,KOR,Rep. of Korea,X,Export,170,COL,Colombia,0,W00,World,H6,HS,TRUE,200899,"Fruit, nuts and other edible parts of plants; prepared or preserved, whether or not containing added sugar, other sweetening matter or spirit, n.e.c. in heading no. 2008",6,TRUE,C00,TOTAL CPC,0,0,TOTAL MOT,8,kg,2439.2,FALSE,8,kg,"2,439",FALSE,"2,439",FALSE,0,FALSE,,"$59,527.00","$59,527.00",0,TRUE,FALSE,$24.40
,"200899 (구운김, 조미김)",0.0571,$28.25,,C,A,20220101,2022,52,2022,410,KOR,Rep. of Korea,X,Export,188,CRI,Costa Rica,0,W00,World,H6,HS,TRUE,200899,"Fruit, nuts and other edible parts of plants; prepared or preserved, whether or not containing added sugar, other sweetening matter or spirit, n.e.c. in heading no. 2008",6,TRUE,C00,TOTAL CPC,0,0,TOTAL MOT,8,kg,57.1,FALSE,8,kg,57,FALSE,57,FALSE,0,FALSE,,"$1,613.00","$1,613.00",0,TRUE,FALSE,$28.25
,"200899 (구운김, 조미김)",2.184,$22.92,,C,A,20220101,2022,52,2022,410,KOR,Rep. of Korea,X,Export,196,CYP,Cyprus,0,W00,World,H6,HS,TRUE,200899,"Fruit, nuts and other edible parts of plants; prepared or preserved, whether or not containing added sugar, other sweetening matter or spirit, n.e.c. in heading no. 2008",6,TRUE,C00,TOTAL CPC,0,0,TOTAL MOT,8,kg,2184,FALSE,8,kg,"2,184",FALSE,"2,184",FALSE,0,FALSE,,"$50,060.00","$50,060.00",0,TRUE,FALSE,$22.92
,"200899 (구운김, 조미김)",50.63537,$9.79,,C,A,20220101,2022,52,2022,410,KOR,Rep. of Korea,X,Export,203,CZE,Czechia,0,W00,World,H6,HS,TRUE,200899,"Fruit, nuts and other edible parts of plants; prepared or preserved, whether or not containing added sugar, other sweetening matter or spirit, n.e.c. in heading no. 2008",6,TRUE,C00,TOTAL CPC,0,0,TOTAL MOT,8,kg,50635.37,FALSE,8,kg,"50,635",FALSE,"50,635",FALSE,0,FALSE,,"$495,739.00","$495,739.00",0,TRUE,FALSE,$9.79
,"200899 (구운김, 조미김)",46.40906,$4.12,,C,A,20220101,2022,52,2022,410,KOR,Rep. of Korea,X,Export,208,DNK,Denmark,0,W00,World,H6,HS,TRUE,200899,"Fruit, nuts and other edible parts of plants; prepared or preserved, whether or not containing added sugar, other sweetening matter or spirit, n.e.c. in heading no. 2008",6,TRUE,C00,TOTAL CPC,0,0,TOTAL MOT,8,kg,46409.06,FALSE,8,kg,"46,409",FALSE,"46,409",FALSE,0,FALSE,,"$191,199.00","$191,199.00",0,TRUE,FALSE,$4.12
,"200899 (구운김, 조미김)",0.18338,$42.00,,C,A,20220101,2022,52,2022,410,KOR,Rep. of Korea,X,Export,214,DOM,Dominican Rep.,0,W00,World,H6,HS,TRUE,200899,"Fruit, nuts and other edible parts of plants; prepared or preserved, whether or not containing added sugar, other sweetening matter or spirit, n.e.c. in heading no. 2008",6,TRUE,C00,TOTAL CPC,0,0,TOTAL MOT,8,kg,183.38,FALSE,8,kg,183,FALSE,183,FALSE,0,FALSE,,"$7,702.00","$7,702.00",0,TRUE,FALSE,$42.00
,"200899 (구운김, 조미김)",0.90252,$31.35,,C,A,20220101,2022,52,2022,410,KOR,Rep. of Korea,X,Export,218,ECU,Ecuador,0,W00,World,H6,HS,TRUE,200899,"Fruit, nuts and other edible parts of plants; prepared or preserved, whether or not containing added sugar, other sweetening matter or spirit, n.e.c. in heading no. 2008",6,TRUE,C00,TOTAL CPC,0,0,TOTAL MOT,8,kg,902.52,FALSE,8,kg,903,FALSE,903,FALSE,0,FALSE,,"$28,293.00","$28,293.00",0,TRUE,FALSE,$31.35
,"200899 (구운김, 조미김)",33.58254,$22.47,,C,A,20220101,2022,52,2022,410,KOR,Rep. of Korea,X,Export,233,EST,Estonia,0,W00,World,H6,HS,TRUE,200899,"Fruit, nuts and other edible parts of plants; prepared or preserved, whether or not containing added sugar, other sweetening matter or spirit, n.e.c. in heading no. 2008",6,TRUE,C00,TOTAL CPC,0,0,TOTAL MOT,8,kg,33582.54,FALSE,8,kg,"33,583",FALSE,"33,583",FALSE,0,FALSE,,"$754,625.00","$754,625.00",0,TRUE,FALSE,$22.47
,"200899 (구운김, 조미김)",1.13402,$41.19,,C,A,20220101,2022,52,2022,410,KOR,Rep. of Korea,X,Export,242,FJI,Fiji,0,W00,World,H6,HS,TRUE,200899,"Fruit, nuts and other edible parts of plants; prepared or preserved, whether or not containing added sugar, other sweetening matter or spirit, n.e.c. in heading no. 2008",6,TRUE,C00,TOTAL CPC,0,0,TOTAL MOT,8,kg,1134.02,FALSE,8,kg,"1,134",FALSE,"1,134",FALSE,0,FALSE,,"$46,714.00","$46,714.00",0,TRUE,FALSE,$41.19
,"200899 (구운김, 조미김)",35.85969,$13.17,,C,A,20220101,2022,52,2022,410,KOR,Rep. of Korea,X,Export,246,FIN,Finland,0,W00,World,H6,HS,TRUE,200899,"Fruit, nuts and other edible parts of plants; prepared or preserved, whether or not containing added sugar, other sweetening matter or spirit, n.e.c. in heading no. 2008",6,TRUE,C00,TOTAL CPC,0,0,TOTAL MOT,8,kg,35859.69,FALSE,8,kg,"35,860",FALSE,"35,860",FALSE,0,FALSE,,"$472,328.00","$472,328.00",0,TRUE,FALSE,$13.17
,"200899 (구운김, 조미김)",268.19152,$21.57,,C,A,20220101,2022,52,2022,410,KOR,Rep. of Korea,X,Export,251,FRA,France,0,W00,World,H6,HS,TRUE,200899,"Fruit, nuts and other edible parts of plants; prepared or preserved, whether or not containing added sugar, other sweetening matter or spirit, n.e.c. in heading no. 2008",6,TRUE,C00,TOTAL CPC,0,0,TOTAL MOT,8,kg,268191.52,FALSE,8,kg,"268,192",FALSE,"268,192",FALSE,0,FALSE,,"$5,784,839.00","$5,784,839.00",0,TRUE,FALSE,$21.57
,"200899 (구운김, 조미김)",0.2417,$53.63,,C,A,20220101,2022,52,2022,410,KOR,Rep. of Korea,X,Export,268,GEO,Georgia,0,W00,World,H6,HS,TRUE,200899,"Fruit, nuts and other edible parts of plants; prepared or preserved, whether or not containing added sugar, other sweetening matter or spirit, n.e.c. in heading no. 2008",6,TRUE,C00,TOTAL CPC,0,0,TOTAL MOT,8,kg,241.7,FALSE,8,kg,242,FALSE,242,FALSE,0,FALSE,,"$12,962.00","$12,962.00",0,TRUE,FALSE,$53.63
,"200899 (구운김, 조미김)",412.12479,$23.17,,C,A,20220101,2022,52,2022,410,KOR,Rep. of Korea,X,Export,276,DEU,Germany,0,W00,World,H6,HS,TRUE,200899,"Fruit, nuts and other edible parts of plants; prepared or preserved, whether or not containing added sugar, other sweetening matter or spirit, n.e.c. in heading no. 2008",6,TRUE,C00,TOTAL CPC,0,0,TOTAL MOT,8,kg,412124.79,FALSE,8,kg,"412,125",FALSE,"412,125",FALSE,0,FALSE,,"$9,548,176.00","$9,548,176.00",0,TRUE,FALSE,$23.17
,"200899 (구운김, 조미김)",0.024,$25.46,,C,A,20220101,2022,52,2022,410,KOR,Rep. of Korea,X,Export,288,GHA,Ghana,0,W00,World,H6,HS,TRUE,200899,"Fruit, nuts and other edible parts of plants; prepared or preserved, whether or not containing added sugar, other sweetening matter or spirit, n.e.c. in heading no. 2008",6,TRUE,C00,TOTAL CPC,0,0,TOTAL MOT,8,kg,24,FALSE,8,kg,24,FALSE,24,FALSE,0,FALSE,,$611.00,$611.00,0,TRUE,FALSE,$25.46
,"200899 (구운김, 조미김)",5.617,$26.42,,C,A,20220101,2022,52,2022,410,KOR,Rep. of Korea,X,Export,300,GRC,Greece,0,W00,World,H6,HS,TRUE,200899,"Fruit, nuts and other edible parts of plants; prepared or preserved, whether or not containing added sugar, other sweetening matter or spirit, n.e.c. in heading no. 2008",6,TRUE,C00,TOTAL CPC,0,0,TOTAL MOT,8,kg,5617,FALSE,8,kg,"5,617",FALSE,"5,617",FALSE,0,FALSE,,"$148,419.00","$148,419.00",0,TRUE,FALSE,$26.42
,"200899 (구운김, 조미김)",34.94727,$11.07,,C,A,20220101,2022,52,2022,410,KOR,Rep. of Korea,X,Export,316,GUM,Guam,0,W00,World,H6,HS,TRUE,200899,"Fruit, nuts and other edible parts of plants; prepared or preserved, whether or not containing added sugar, other sweetening matter or spirit, n.e.c. in heading no. 2008",6,TRUE,C00,TOTAL CPC,0,0,TOTAL MOT,8,kg,34947.27,FALSE,8,kg,"34,947",FALSE,"34,947",FALSE,0,FALSE,,"$386,999.00","$386,999.00",0,TRUE,FALSE,$11.07
,"200899 (구운김, 조미김)",4.910622,$18.39,,C,A,20220101,2022,52,2022,410,KOR,Rep. of Korea,X,Export,320,GTM,Guatemala,0,W00,World,H6,HS,TRUE,200899,"Fruit, nuts and other edible parts of plants; prepared or preserved, whether or not containing added sugar, other sweetening matter or spirit, n.e.c. in heading no. 2008",6,TRUE,C00,TOTAL CPC,0,0,TOTAL MOT,8,kg,4910.622,FALSE,8,kg,"4,911",FALSE,"4,911",FALSE,0,FALSE,,"$90,324.00","$90,324.00",0,TRUE,FALSE,$18.39
,"200899 (구운김, 조미김)",0.04207,$6.37,,C,A,20220101,2022,52,2022,410,KOR,Rep. of Korea,X,Export,332,HTI,Haiti,0,W00,World,H6,HS,TRUE,200899,"Fruit, nuts and other edible parts of plants; prepared or preserved, whether or not containing added sugar, other sweetening matter or spirit, n.e.c. in heading no. 2008",6,TRUE,C00,TOTAL CPC,0,0,TOTAL MOT,8,kg,42.07,FALSE,8,kg,42,FALSE,42,FALSE,0,FALSE,,$268.00,$268.00,0,TRUE,FALSE,$6.37
,"200899 (구운김, 조미김)",527.0918,$16.60,,C,A,20220101,2022,52,2022,410,KOR,Rep. of Korea,X,Export,344,HKG,"China, Hong Kong SAR",0,W00,World,H6,HS,TRUE,200899,"Fruit, nuts and other edible parts of plants; prepared or preserved, whether or not containing added sugar, other sweetening matter or spirit, n.e.c. in heading no. 2008",6,TRUE,C00,TOTAL CPC,0,0,TOTAL MOT,8,kg,527091.8,FALSE,8,kg,"527,092",FALSE,"527,092",FALSE,0,FALSE,,"$8,751,499.00","$8,751,499.00",0,TRUE,FALSE,$16.60
,"200899 (구운김, 조미김)",0.85766,$28.21,,C,A,20220101,2022,52,2022,410,KOR,Rep. of Korea,X,Export,348,HUN,Hungary,0,W00,World,H6,HS,TRUE,200899,"Fruit, nuts and other edible parts of plants; prepared or preserved, whether or not containing added sugar, other sweetening matter or spirit, n.e.c. in heading no. 2008",6,TRUE,C00,TOTAL CPC,0,0,TOTAL MOT,8,kg,857.66,FALSE,8,kg,858,FALSE,858,FALSE,0,FALSE,,"$24,192.00","$24,192.00",0,TRUE,FALSE,$28.21
,"200899 (구운김, 조미김)",219.0209,$28.85,,C,A,20220101,2022,52,2022,410,KOR,Rep. of Korea,X,Export,360,IDN,Indonesia,0,W00,World,H6,HS,TRUE,200899,"Fruit, nuts and other edible parts of plants; prepared or preserved, whether or not containing added sugar, other sweetening matter or spirit, n.e.c. in heading no. 2008",6,TRUE,C00,TOTAL CPC,0,0,TOTAL MOT,8,kg,219020.9,FALSE,8,kg,"219,021",FALSE,"219,021",FALSE,0,FALSE,,"$6,317,742.00","$6,317,742.00",0,TRUE,FALSE,$28.85
,"200899 (구운김, 조미김)",2.738738,$13.57,,C,A,20220101,2022,52,2022,410,KOR,Rep. of Korea,X,Export,368,IRQ,Iraq,0,W00,World,H6,HS,TRUE,200899,"Fruit, nuts and other edible parts of plants; prepared or preserved, whether or not containing added sugar, other sweetening matter or spirit, n.e.c. in heading no. 2008",6,TRUE,C00,TOTAL CPC,0,0,TOTAL MOT,8,kg,2738.738,FALSE,8,kg,"2,739",FALSE,"2,739",FALSE,0,FALSE,,"$37,178.00","$37,178.00",0,TRUE,FALSE,$13.57
,"200899 (구운김, 조미김)",3.05462,$33.33,,C,A,20220101,2022,52,2022,410,KOR,Rep. of Korea,X,Export,372,IRL,Ireland,0,W00,World,H6,HS,TRUE,200899,"Fruit, nuts and other edible parts of plants; prepared or preserved, whether or not containing added sugar, other sweetening matter or spirit, n.e.c. in heading no. 2008",6,TRUE,C00,TOTAL CPC,0,0,TOTAL MOT,8,kg,3054.62,FALSE,8,kg,"3,055",FALSE,"3,055",FALSE,0,FALSE,,"$101,805.00","$101,805.00",0,TRUE,FALSE,$33.33
,"200899 (구운김, 조미김)",46.25496,$32.82,,C,A,20220101,2022,52,2022,410,KOR,Rep. of Korea,X,Export,376,ISR,Israel,0,W00,World,H6,HS,TRUE,200899,"Fruit, nuts and other edible parts of plants; prepared or preserved, whether or not containing added sugar, other sweetening matter or spirit, n.e.c. in heading no. 2008",6,TRUE,C00,TOTAL CPC,0,0,TOTAL MOT,8,kg,46254.96,FALSE,8,kg,"46,255",FALSE,"46,255",FALSE,0,FALSE,,"$1,518,249.00","$1,518,249.00",0,TRUE,FALSE,$32.82
,"200899 (구운김, 조미김)",91.99282,$14.12,,C,A,20220101,2022,52,2022,410,KOR,Rep. of Korea,X,Export,380,ITA,Italy,0,W00,World,H6,HS,TRUE,200899,"Fruit, nuts and other edible parts of plants; prepared or preserved, whether or not containing added sugar, other sweetening matter or spirit, n.e.c. in heading no. 2008",6,TRUE,C00,TOTAL CPC,0,0,TOTAL MOT,8,kg,91992.82,FALSE,8,kg,"91,993",FALSE,"91,993",FALSE,0,FALSE,,"$1,298,850.00","$1,298,850.00",0,TRUE,FALSE,$14.12
,"200899 (구운김, 조미김)",0.019,$16.42,,C,A,20220101,2022,52,2022,410,KOR,Rep. of Korea,X,Export,384,CIV,Côte d'Ivoire,0,W00,World,H6,HS,TRUE,200899,"Fruit, nuts and other edible parts of plants; prepared or preserved, whether or not containing added sugar, other sweetening matter or spirit, n.e.c. in heading no. 2008",6,TRUE,C00,TOTAL CPC,0,0,TOTAL MOT,8,kg,19,FALSE,8,kg,19,FALSE,19,FALSE,0,FALSE,,$312.00,$312.00,0,TRUE,FALSE,$16.42
,"200899 (구운김, 조미김)",3738.798,$19.00,,C,A,20220101,2022,52,2022,410,KOR,Rep. of Korea,X,Export,392,JPN,Japan,0,W00,World,H6,HS,TRUE,200899,"Fruit, nuts and other edible parts of plants; prepared or preserved, whether or not containing added sugar, other sweetening matter or spirit, n.e.c. in heading no. 2008",6,TRUE,C00,TOTAL CPC,0,0,TOTAL MOT,8,kg,3738798,FALSE,8,kg,"3,738,798",FALSE,"3,738,798",FALSE,0,FALSE,,"$71,048,862.00","$71,048,862.00",0,TRUE,FALSE,$19.00
,"200899 (구운김, 조미김)",34.06943,$24.83,,C,A,20220101,2022,52,2022,410,KOR,Rep. of Korea,X,Export,398,KAZ,Kazakhstan,0,W00,World,H6,HS,TRUE,200899,"Fruit, nuts and other edible parts of plants; prepared or preserved, whether or not containing added sugar, other sweetening matter or spirit, n.e.c. in heading no. 2008",6,TRUE,C00,TOTAL CPC,0,0,TOTAL MOT,8,kg,34069.43,FALSE,8,kg,"34,069",FALSE,"34,069",FALSE,0,FALSE,,"$846,027.00","$846,027.00",0,TRUE,FALSE,$24.83
,"200899 (구운김, 조미김)",0.97978,$37.53,,C,A,20220101,2022,52,2022,410,KOR,Rep. of Korea,X,Export,400,JOR,Jordan,0,W00,World,H6,HS,TRUE,200899,"Fruit, nuts and other edible parts of plants; prepared or preserved, whether or not containing added sugar, other sweetening matter or spirit, n.e.c. in heading no. 2008",6,TRUE,C00,TOTAL CPC,0,0,TOTAL MOT,8,kg,979.78,FALSE,8,kg,980,FALSE,980,FALSE,0,FALSE,,"$36,772.00","$36,772.00",0,TRUE,FALSE,$37.53
,"200899 (구운김, 조미김)",0.0668,$6.48,,C,A,20220101,2022,52,2022,410,KOR,Rep. of Korea,X,Export,404,KEN,Kenya,0,W00,World,H6,HS,TRUE,200899,"Fruit, nuts and other edible parts of plants; prepared or preserved, whether or not containing added sugar, other sweetening matter or spirit, n.e.c. in heading no. 2008",6,TRUE,C00,TOTAL CPC,0,0,TOTAL MOT,8,kg,66.8,FALSE,8,kg,67,FALSE,67,FALSE,0,FALSE,,$433.00,$433.00,0,TRUE,FALSE,$6.48
,"200899 (구운김, 조미김)",4.36835,$32.47,,C,A,20220101,2022,52,2022,410,KOR,Rep. of Korea,X,Export,414,KWT,Kuwait,0,W00,World,H6,HS,TRUE,200899,"Fruit, nuts and other edible parts of plants; prepared or preserved, whether or not containing added sugar, other sweetening matter or spirit, n.e.c. in heading no. 2008",6,TRUE,C00,TOTAL CPC,0,0,TOTAL MOT,8,kg,4368.35,FALSE,8,kg,"4,368",FALSE,"4,368",FALSE,0,FALSE,,"$141,841.00","$141,841.00",0,TRUE,FALSE,$32.47
,"200899 (구운김, 조미김)",1.3221,$19.04,,C,A,20220101,2022,52,2022,410,KOR,Rep. of Korea,X,Export,417,KGZ,Kyrgyzstan,0,W00,World,H6,HS,TRUE,200899,"Fruit, nuts and other edible parts of plants; prepared or preserved, whether or not containing added sugar, other sweetening matter or spirit, n.e.c. in heading no. 2008",6,TRUE,C00,TOTAL CPC,0,0,TOTAL MOT,8,kg,1322.1,FALSE,8,kg,"1,322",FALSE,"1,322",FALSE,0,FALSE,,"$25,178.00","$25,178.00",0,TRUE,FALSE,$19.04
,"200899 (구운김, 조미김)",13.01388,$12.39,,C,A,20220101,2022,52,2022,410,KOR,Rep. of Korea,X,Export,418,LAO,Lao People's Dem. Rep.,0,W00,World,H6,HS,TRUE,200899,"Fruit, nuts and other edible parts of plants; prepared or preserved, whether or not containing added sugar, other sweetening matter or spirit, n.e.c. in heading no. 2008",6,TRUE,C00,TOTAL CPC,0,0,TOTAL MOT,8,kg,13013.88,FALSE,8,kg,"13,014",FALSE,"13,014",FALSE,0,FALSE,,"$161,297.00","$161,297.00",0,TRUE,FALSE,$12.39
,"200899 (구운김, 조미김)",0.97512,$29.69,,C,A,20220101,2022,52,2022,410,KOR,Rep. of Korea,X,Export,422,LBN,Lebanon,0,W00,World,H6,HS,TRUE,200899,"Fruit, nuts and other edible parts of plants; prepared or preserved, whether or not containing added sugar, other sweetening matter or spirit, n.e.c. in heading no. 2008",6,TRUE,C00,TOTAL CPC,0,0,TOTAL MOT,8,kg,975.12,FALSE,8,kg,975,FALSE,975,FALSE,0,FALSE,,"$28,948.00","$28,948.00",0,TRUE,FALSE,$29.69
,"200899 (구운김, 조미김)",8.126,$17.96,,C,A,20220101,2022,52,2022,410,KOR,Rep. of Korea,X,Export,428,LVA,Latvia,0,W00,World,H6,HS,TRUE,200899,"Fruit, nuts and other edible parts of plants; prepared or preserved, whether or not containing added sugar, other sweetening matter or spirit, n.e.c. in heading no. 2008",6,TRUE,C00,TOTAL CPC,0,0,TOTAL MOT,8,kg,8126,FALSE,8,kg,"8,126",FALSE,"8,126",FALSE,0,FALSE,,"$145,976.00","$145,976.00",0,TRUE,FALSE,$17.96
,"200899 (구운김, 조미김)",12.90236,$31.97,,C,A,20220101,2022,52,2022,410,KOR,Rep. of Korea,X,Export,440,LTU,Lithuania,0,W00,World,H6,HS,TRUE,200899,"Fruit, nuts and other edible parts of plants; prepared or preserved, whether or not containing added sugar, other sweetening matter or spirit, n.e.c. in heading no. 2008",6,TRUE,C00,TOTAL CPC,0,0,TOTAL MOT,8,kg,12902.36,FALSE,8,kg,"12,902",FALSE,"12,902",FALSE,0,FALSE,,"$412,520.00","$412,520.00",0,TRUE,FALSE,$31.97
,"200899 (구운김, 조미김)",0.832,$5.80,,C,A,20220101,2022,52,2022,410,KOR,Rep. of Korea,X,Export,446,MAC,"China, Macao SAR",0,W00,World,H6,HS,TRUE,200899,"Fruit, nuts and other edible parts of plants; prepared or preserved, whether or not containing added sugar, other sweetening matter or spirit, n.e.c. in heading no. 2008",6,TRUE,C00,TOTAL CPC,0,0,TOTAL MOT,8,kg,832,FALSE,8,kg,832,FALSE,832,FALSE,0,FALSE,,"$4,824.00","$4,824.00",0,TRUE,FALSE,$5.80
,"200899 (구운김, 조미김)",340.8113,$14.29,,C,A,20220101,2022,52,2022,410,KOR,Rep. of Korea,X,Export,458,MYS,Malaysia,0,W00,World,H6,HS,TRUE,200899,"Fruit, nuts and other edible parts of plants; prepared or preserved, whether or not containing added sugar, other sweetening matter or spirit, n.e.c. in heading no. 2008",6,TRUE,C00,TOTAL CPC,0,0,TOTAL MOT,8,kg,340811.3,FALSE,8,kg,"340,811",FALSE,"340,811",FALSE,0,FALSE,,"$4,869,654.00","$4,869,654.00",0,TRUE,FALSE,$14.29
,"200899 (구운김, 조미김)",0.0065,$1.23,,C,A,20220101,2022,52,2022,410,KOR,Rep. of Korea,X,Export,462,MDV,Maldives,0,W00,World,H6,HS,TRUE,200899,"Fruit, nuts and other edible parts of plants; prepared or preserved, whether or not containing added sugar, other sweetening matter or spirit, n.e.c. in heading no. 2008",6,TRUE,C00,TOTAL CPC,0,0,TOTAL MOT,8,kg,6.5,FALSE,8,kg,7,FALSE,7,FALSE,0,FALSE,,$8.00,$8.00,0,TRUE,FALSE,$1.23
,"200899 (구운김, 조미김)",0.0966,$32.32,,C,A,20220101,2022,52,2022,410,KOR,Rep. of Korea,X,Export,470,MLT,Malta,0,W00,World,H6,HS,TRUE,200899,"Fruit, nuts and other edible parts of plants; prepared or preserved, whether or not containing added sugar, other sweetening matter or spirit, n.e.c. in heading no. 2008",6,TRUE,C00,TOTAL CPC,0,0,TOTAL MOT,8,kg,96.6,FALSE,8,kg,97,FALSE,97,FALSE,0,FALSE,,"$3,122.00","$3,122.00",0,TRUE,FALSE,$32.32
,"200899 (구운김, 조미김)",0.7584,$5.84,,C,A,20220101,2022,52,2022,410,KOR,Rep. of Korea,X,Export,480,MUS,Mauritius,0,W00,World,H6,HS,TRUE,200899,"Fruit, nuts and other edible parts of plants; prepared or preserved, whether or not containing added sugar, other sweetening matter or spirit, n.e.c. in heading no. 2008",6,TRUE,C00,TOTAL CPC,0,0,TOTAL MOT,8,kg,758.4,FALSE,8,kg,758,FALSE,758,FALSE,0,FALSE,,"$4,428.00","$4,428.00",0,TRUE,FALSE,$5.84
,"200899 (구운김, 조미김)",43.65136,$30.62,,C,A,20220101,2022,52,2022,410,KOR,Rep. of Korea,X,Export,484,MEX,Mexico,0,W00,World,H6,HS,TRUE,200899,"Fruit, nuts and other edible parts of plants; prepared or preserved, whether or not containing added sugar, other sweetening matter or spirit, n.e.c. in heading no. 2008",6,TRUE,C00,TOTAL CPC,0,0,TOTAL MOT,8,kg,43651.36,FALSE,8,kg,"43,651",FALSE,"43,651",FALSE,0,FALSE,,"$1,336,480.00","$1,336,480.00",0,TRUE,FALSE,$30.62
,"200899 (구운김, 조미김)",732.0462,$22.13,,C,A,20220101,2022,52,2022,410,KOR,Rep. of Korea,X,Export,490,S19,"Other Asia, nes",0,W00,World,H6,HS,TRUE,200899,"Fruit, nuts and other edible parts of plants; prepared or preserved, whether or not containing added sugar, other sweetening matter or spirit, n.e.c. in heading no. 2008",6,TRUE,C00,TOTAL CPC,0,0,TOTAL MOT,8,kg,732046.2,FALSE,8,kg,"732,046",FALSE,"732,046",FALSE,0,FALSE,,"$16,201,923.00","$16,201,923.00",0,TRUE,FALSE,$22.13
,"200899 (구운김, 조미김)",239.94608,$9.30,,C,A,20220101,2022,52,2022,410,KOR,Rep. of Korea,X,Export,496,MNG,Mongolia,0,W00,World,H6,HS,TRUE,200899,"Fruit, nuts and other edible parts of plants; prepared or preserved, whether or not containing added sugar, other sweetening matter or spirit, n.e.c. in heading no. 2008",6,TRUE,C00,TOTAL CPC,0,0,TOTAL MOT,8,kg,239946.08,FALSE,8,kg,"239,946",FALSE,"239,946",FALSE,0,FALSE,,"$2,232,203.00","$2,232,203.00",0,TRUE,FALSE,$9.30
,"200899 (구운김, 조미김)",5.30788,$3.73,,C,A,20220101,2022,52,2022,410,KOR,Rep. of Korea,X,Export,498,MDA,Rep. of Moldova,0,W00,World,H6,HS,TRUE,200899,"Fruit, nuts and other edible parts of plants; prepared or preserved, whether or not containing added sugar, other sweetening matter or spirit, n.e.c. in heading no. 2008",6,TRUE,C00,TOTAL CPC,0,0,TOTAL MOT,8,kg,5307.88,FALSE,8,kg,"5,308",FALSE,"5,308",FALSE,0,FALSE,,"$19,808.00","$19,808.00",0,TRUE,FALSE,$3.73
,"200899 (구운김, 조미김)",1.1,$0.54,,C,A,20220101,2022,52,2022,410,KOR,Rep. of Korea,X,Export,508,MOZ,Mozambique,0,W00,World,H6,HS,TRUE,200899,"Fruit, nuts and other edible parts of plants; prepared or preserved, whether or not containing added sugar, other sweetening matter or spirit, n.e.c. in heading no. 2008",6,TRUE,C00,TOTAL CPC,0,0,TOTAL MOT,8,kg,1100,FALSE,8,kg,"1,100",FALSE,"1,100",FALSE,0,FALSE,,$597.00,$597.00,0,TRUE,FALSE,$0.54
,"200899 (구운김, 조미김)",0.4649,$41.21,,C,A,20220101,2022,52,2022,410,KOR,Rep. of Korea,X,Export,512,OMN,Oman,0,W00,World,H6,HS,TRUE,200899,"Fruit, nuts and other edible parts of plants; prepared or preserved, whether or not containing added sugar, other sweetening matter or spirit, n.e.c. in heading no. 2008",6,TRUE,C00,TOTAL CPC,0,0,TOTAL MOT,8,kg,464.9,FALSE,8,kg,465,FALSE,465,FALSE,0,FALSE,,"$19,160.00","$19,160.00",0,TRUE,FALSE,$41.21
,"200899 (구운김, 조미김)",1.58459,$26.40,,C,A,20220101,2022,52,2022,410,KOR,Rep. of Korea,X,Export,524,NPL,Nepal,0,W00,World,H6,HS,TRUE,200899,"Fruit, nuts and other edible parts of plants; prepared or preserved, whether or not containing added sugar, other sweetening matter or spirit, n.e.c. in heading no. 2008",6,TRUE,C00,TOTAL CPC,0,0,TOTAL MOT,8,kg,1584.59,FALSE,8,kg,"1,585",FALSE,"1,585",FALSE,0,FALSE,,"$41,832.00","$41,832.00",0,TRUE,FALSE,$26.40
,"200899 (구운김, 조미김)",232.44499,$19.23,,C,A,20220101,2022,52,2022,410,KOR,Rep. of Korea,X,Export,528,NLD,Netherlands,0,W00,World,H6,HS,TRUE,200899,"Fruit, nuts and other edible parts of plants; prepared or preserved, whether or not containing added sugar, other sweetening matter or spirit, n.e.c. in heading no. 2008",6,TRUE,C00,TOTAL CPC,0,0,TOTAL MOT,8,kg,232444.99,FALSE,8,kg,"232,445",FALSE,"232,445",FALSE,0,FALSE,,"$4,470,855.00","$4,470,855.00",0,TRUE,FALSE,$19.23
,"200899 (구운김, 조미김)",0.01264,$8.70,,C,A,20220101,2022,52,2022,410,KOR,Rep. of Korea,X,Export,540,NCL,New Caledonia,0,W00,World,H6,HS,TRUE,200899,"Fruit, nuts and other edible parts of plants; prepared or preserved, whether or not containing added sugar, other sweetening matter or spirit, n.e.c. in heading no. 2008",6,TRUE,C00,TOTAL CPC,0,0,TOTAL MOT,8,kg,12.64,FALSE,8,kg,13,FALSE,13,FALSE,0,FALSE,,$110.00,$110.00,0,TRUE,FALSE,$8.70
,"200899 (구운김, 조미김)",0.00458,$8.08,,C,A,20220101,2022,52,2022,410,KOR,Rep. of Korea,X,Export,548,VUT,Vanuatu,0,W00,World,H6,HS,TRUE,200899,"Fruit, nuts and other edible parts of plants; prepared or preserved, whether or not containing added sugar, other sweetening matter or spirit, n.e.c. in heading no. 2008",6,TRUE,C00,TOTAL CPC,0,0,TOTAL MOT,8,kg,4.58,FALSE,8,kg,5,FALSE,5,FALSE,0,FALSE,,$37.00,$37.00,0,TRUE,FALSE,$8.08
,"200899 (구운김, 조미김)",132.8036,$29.92,,C,A,20220101,2022,52,2022,410,KOR,Rep. of Korea,X,Export,554,NZL,New Zealand,0,W00,World,H6,HS,TRUE,200899,"Fruit, nuts and other edible parts of plants; prepared or preserved, whether or not containing added sugar, other sweetening matter or spirit, n.e.c. in heading no. 2008",6,TRUE,C00,TOTAL CPC,0,0,TOTAL MOT,8,kg,132803.6,FALSE,8,kg,"132,804",FALSE,"132,804",FALSE,0,FALSE,,"$3,973,297.00","$3,973,297.00",0,TRUE,FALSE,$29.92
,"200899 (구운김, 조미김)",0.06932,$18.83,,C,A,20220101,2022,52,2022,410,KOR,Rep. of Korea,X,Export,558,NIC,Nicaragua,0,W00,World,H6,HS,TRUE,200899,"Fruit, nuts and other edible parts of plants; prepared or preserved, whether or not containing added sugar, other sweetening matter or spirit, n.e.c. in heading no. 2008",6,TRUE,C00,TOTAL CPC,0,0,TOTAL MOT,8,kg,69.32,FALSE,8,kg,69,FALSE,69,FALSE,0,FALSE,,"$1,305.00","$1,305.00",0,TRUE,FALSE,$18.83
,"200899 (구운김, 조미김)",8.60589,$29.43,,C,A,20220101,2022,52,2022,410,KOR,Rep. of Korea,X,Export,579,NOR,Norway,0,W00,World,H6,HS,TRUE,200899,"Fruit, nuts and other edible parts of plants; prepared or preserved, whether or not containing added sugar, other sweetening matter or spirit, n.e.c. in heading no. 2008",6,TRUE,C00,TOTAL CPC,0,0,TOTAL MOT,8,kg,8605.89,FALSE,8,kg,"8,606",FALSE,"8,606",FALSE,0,FALSE,,"$253,298.00","$253,298.00",0,TRUE,FALSE,$29.43
,"200899 (구운김, 조미김)",9.02684,$17.52,,C,A,20220101,2022,52,2022,410,KOR,Rep. of Korea,X,Export,580,MNP,N. Mariana Isds,0,W00,World,H6,HS,TRUE,200899,"Fruit, nuts and other edible parts of plants; prepared or preserved, whether or not containing added sugar, other sweetening matter or spirit, n.e.c. in heading no. 2008",6,TRUE,C00,TOTAL CPC,0,0,TOTAL MOT,8,kg,9026.84,FALSE,8,kg,"9,027",FALSE,"9,027",FALSE,0,FALSE,,"$158,141.00","$158,141.00",0,TRUE,FALSE,$17.52
,"200899 (구운김, 조미김)",0.070788,$40.12,,C,A,20220101,2022,52,2022,410,KOR,Rep. of Korea,X,Export,583,FSM,FS Micronesia,0,W00,World,H6,HS,TRUE,200899,"Fruit, nuts and other edible parts of plants; prepared or preserved, whether or not containing added sugar, other sweetening matter or spirit, n.e.c. in heading no. 2008",6,TRUE,C00,TOTAL CPC,0,0,TOTAL MOT,8,kg,70.788,FALSE,8,kg,71,FALSE,71,FALSE,0,FALSE,,"$2,840.00","$2,840.00",0,TRUE,FALSE,$40.12
,"200899 (구운김, 조미김)",0.70232,$36.84,,C,A,20220101,2022,52,2022,410,KOR,Rep. of Korea,X,Export,585,PLW,Palau,0,W00,World,H6,HS,TRUE,200899,"Fruit, nuts and other edible parts of plants; prepared or preserved, whether or not containing added sugar, other sweetening matter or spirit, n.e.c. in heading no. 2008",6,TRUE,C00,TOTAL CPC,0,0,TOTAL MOT,8,kg,702.32,FALSE,8,kg,702,FALSE,702,FALSE,0,FALSE,,"$25,871.00","$25,871.00",0,TRUE,FALSE,$36.84
,"200899 (구운김, 조미김)",0.82462,$32.98,,C,A,20220101,2022,52,2022,410,KOR,Rep. of Korea,X,Export,591,PAN,Panama,0,W00,World,H6,HS,TRUE,200899,"Fruit, nuts and other edible parts of plants; prepared or preserved, whether or not containing added sugar, other sweetening matter or spirit, n.e.c. in heading no. 2008",6,TRUE,C00,TOTAL CPC,0,0,TOTAL MOT,8,kg,824.62,FALSE,8,kg,825,FALSE,825,FALSE,0,FALSE,,"$27,192.00","$27,192.00",0,TRUE,FALSE,$32.98
,"200899 (구운김, 조미김)",18.91155,$6.10,,C,A,20220101,2022,52,2022,410,KOR,Rep. of Korea,X,Export,600,PRY,Paraguay,0,W00,World,H6,HS,TRUE,200899,"Fruit, nuts and other edible parts of plants; prepared or preserved, whether or not containing added sugar, other sweetening matter or spirit, n.e.c. in heading no. 2008",6,TRUE,C00,TOTAL CPC,0,0,TOTAL MOT,8,kg,18911.55,FALSE,8,kg,"18,912",FALSE,"18,912",FALSE,0,FALSE,,"$115,268.00","$115,268.00",0,TRUE,FALSE,$6.10
,"200899 (구운김, 조미김)",2.45466,$31.43,,C,A,20220101,2022,52,2022,410,KOR,Rep. of Korea,X,Export,604,PER,Peru,0,W00,World,H6,HS,TRUE,200899,"Fruit, nuts and other edible parts of plants; prepared or preserved, whether or not containing added sugar, other sweetening matter or spirit, n.e.c. in heading no. 2008",6,TRUE,C00,TOTAL CPC,0,0,TOTAL MOT,8,kg,2454.66,FALSE,8,kg,"2,455",FALSE,"2,455",FALSE,0,FALSE,,"$77,143.00","$77,143.00",0,TRUE,FALSE,$31.43
,"200899 (구운김, 조미김)",728.0668,$14.44,,C,A,20220101,2022,52,2022,410,KOR,Rep. of Korea,X,Export,608,PHL,Philippines,0,W00,World,H6,HS,TRUE,200899,"Fruit, nuts and other edible parts of plants; prepared or preserved, whether or not containing added sugar, other sweetening matter or spirit, n.e.c. in heading no. 2008",6,TRUE,C00,TOTAL CPC,0,0,TOTAL MOT,8,kg,728066.8,FALSE,8,kg,"728,067",FALSE,"728,067",FALSE,0,FALSE,,"$10,513,657.00","$10,513,657.00",0,TRUE,FALSE,$14.44
,"200899 (구운김, 조미김)",180.48893,$27.21,,C,A,20220101,2022,52,2022,410,KOR,Rep. of Korea,X,Export,616,POL,Poland,0,W00,World,H6,HS,TRUE,200899,"Fruit, nuts and other edible parts of plants; prepared or preserved, whether or not containing added sugar, other sweetening matter or spirit, n.e.c. in heading no. 2008",6,TRUE,C00,TOTAL CPC,0,0,TOTAL MOT,8,kg,180488.93,FALSE,8,kg,"180,489",FALSE,"180,489",FALSE,0,FALSE,,"$4,910,704.00","$4,910,704.00",0,TRUE,FALSE,$27.21
,"200899 (구운김, 조미김)",0.51437,$32.01,,C,A,20220101,2022,52,2022,410,KOR,Rep. of Korea,X,Export,620,PRT,Portugal,0,W00,World,H6,HS,TRUE,200899,"Fruit, nuts and other edible parts of plants; prepared or preserved, whether or not containing added sugar, other sweetening matter or spirit, n.e.c. in heading no. 2008",6,TRUE,C00,TOTAL CPC,0,0,TOTAL MOT,8,kg,514.37,FALSE,8,kg,514,FALSE,514,FALSE,0,FALSE,,"$16,466.00","$16,466.00",0,TRUE,FALSE,$32.01
,"200899 (구운김, 조미김)",8.252625,$30.79,,C,A,20220101,2022,52,2022,410,KOR,Rep. of Korea,X,Export,634,QAT,Qatar,0,W00,World,H6,HS,TRUE,200899,"Fruit, nuts and other edible parts of plants; prepared or preserved, whether or not containing added sugar, other sweetening matter or spirit, n.e.c. in heading no. 2008",6,TRUE,C00,TOTAL CPC,0,0,TOTAL MOT,8,kg,8252.625,FALSE,8,kg,"8,253",FALSE,"8,253",FALSE,0,FALSE,,"$254,081.00","$254,081.00",0,TRUE,FALSE,$30.79
,"200899 (구운김, 조미김)",14.10264,$15.64,,C,A,20220101,2022,52,2022,410,KOR,Rep. of Korea,X,Export,642,ROU,Romania,0,W00,World,H6,HS,TRUE,200899,"Fruit, nuts and other edible parts of plants; prepared or preserved, whether or not containing added sugar, other sweetening matter or spirit, n.e.c. in heading no. 2008",6,TRUE,C00,TOTAL CPC,0,0,TOTAL MOT,8,kg,14102.64,FALSE,8,kg,"14,103",FALSE,"14,103",FALSE,0,FALSE,,"$220,620.00","$220,620.00",0,TRUE,FALSE,$15.64
,"200899 (구운김, 조미김)",609.3444,$19.14,,C,A,20220101,2022,52,2022,410,KOR,Rep. of Korea,X,Export,643,RUS,Russian Federation,0,W00,World,H6,HS,TRUE,200899,"Fruit, nuts and other edible parts of plants; prepared or preserved, whether or not containing added sugar, other sweetening matter or spirit, n.e.c. in heading no. 2008",6,TRUE,C00,TOTAL CPC,0,0,TOTAL MOT,8,kg,609344.4,FALSE,8,kg,"609,344",FALSE,"609,344",FALSE,0,FALSE,,"$11,662,966.00","$11,662,966.00",0,TRUE,FALSE,$19.14
,"200899 (구운김, 조미김)",15.79067,$20.70,,C,A,20220101,2022,52,2022,410,KOR,Rep. of Korea,X,Export,682,SAU,Saudi Arabia,0,W00,World,H6,HS,TRUE,200899,"Fruit, nuts and other edible parts of plants; prepared or preserved, whether or not containing added sugar, other sweetening matter or spirit, n.e.c. in heading no. 2008",6,TRUE,C00,TOTAL CPC,0,0,TOTAL MOT,8,kg,15790.67,FALSE,8,kg,"15,791",FALSE,"15,791",FALSE,0,FALSE,,"$326,925.00","$326,925.00",0,TRUE,FALSE,$20.70
,"200899 (구운김, 조미김)",1.4236,$21.75,,C,A,20220101,2022,52,2022,410,KOR,Rep. of Korea,X,Export,688,SRB,Serbia,0,W00,World,H6,HS,TRUE,200899,"Fruit, nuts and other edible parts of plants; prepared or preserved, whether or not containing added sugar, other sweetening matter or spirit, n.e.c. in heading no. 2008",6,TRUE,C00,TOTAL CPC,0,0,TOTAL MOT,8,kg,1423.6,FALSE,8,kg,"1,424",FALSE,"1,424",FALSE,0,FALSE,,"$30,958.00","$30,958.00",0,TRUE,FALSE,$21.75
,"200899 (구운김, 조미김)",20.625665,$21.89,,C,A,20220101,2022,52,2022,410,KOR,Rep. of Korea,X,Export,699,IND,India,0,W00,World,H6,HS,TRUE,200899,"Fruit, nuts and other edible parts of plants; prepared or preserved, whether or not containing added sugar, other sweetening matter or spirit, n.e.c. in heading no. 2008",6,TRUE,C00,TOTAL CPC,0,0,TOTAL MOT,8,kg,20625.665,FALSE,8,kg,"20,626",FALSE,"20,626",FALSE,0,FALSE,,"$451,544.00","$451,544.00",0,TRUE,FALSE,$21.89
,"200899 (구운김, 조미김)",268.1634,$16.29,,C,A,20220101,2022,52,2022,410,KOR,Rep. of Korea,X,Export,702,SGP,Singapore,0,W00,World,H6,HS,TRUE,200899,"Fruit, nuts and other edible parts of plants; prepared or preserved, whether or not containing added sugar, other sweetening matter or spirit, n.e.c. in heading no. 2008",6,TRUE,C00,TOTAL CPC,0,0,TOTAL MOT,8,kg,268163.4,FALSE,8,kg,"268,163",FALSE,"268,163",FALSE,0,FALSE,,"$4,368,561.00","$4,368,561.00",0,TRUE,FALSE,$16.29
,"200899 (구운김, 조미김)",0.5019,$18.47,,C,A,20220101,2022,52,2022,410,KOR,Rep. of Korea,X,Export,703,SVK,Slovakia,0,W00,World,H6,HS,TRUE,200899,"Fruit, nuts and other edible parts of plants; prepared or preserved, whether or not containing added sugar, other sweetening matter or spirit, n.e.c. in heading no. 2008",6,TRUE,C00,TOTAL CPC,0,0,TOTAL MOT,8,kg,501.9,FALSE,8,kg,502,FALSE,502,FALSE,0,FALSE,,"$9,268.00","$9,268.00",0,TRUE,FALSE,$18.47
,"200899 (구운김, 조미김)",1239.5674,$17.39,,C,A,20220101,2022,52,2022,410,KOR,Rep. of Korea,X,Export,704,VNM,Viet Nam,0,W00,World,H6,HS,TRUE,200899,"Fruit, nuts and other edible parts of plants; prepared or preserved, whether or not containing added sugar, other sweetening matter or spirit, n.e.c. in heading no. 2008",6,TRUE,C00,TOTAL CPC,0,0,TOTAL MOT,8,kg,1239567.4,FALSE,8,kg,"1,239,567",FALSE,"1,239,567",FALSE,0,FALSE,,"$21,552,153.00","$21,552,153.00",0,TRUE,FALSE,$17.39
,"200899 (구운김, 조미김)",0.673466,$30.67,,C,A,20220101,2022,52,2022,410,KOR,Rep. of Korea,X,Export,705,SVN,Slovenia,0,W00,World,H6,HS,TRUE,200899,"Fruit, nuts and other edible parts of plants; prepared or preserved, whether or not containing added sugar, other sweetening matter or spirit, n.e.c. in heading no. 2008",6,TRUE,C00,TOTAL CPC,0,0,TOTAL MOT,8,kg,673.466,FALSE,8,kg,673,FALSE,673,FALSE,0,FALSE,,"$20,656.00","$20,656.00",0,TRUE,FALSE,$30.67
,"200899 (구운김, 조미김)",5.24445,$35.69,,C,A,20220101,2022,52,2022,410,KOR,Rep. of Korea,X,Export,710,ZAF,South Africa,0,W00,World,H6,HS,TRUE,200899,"Fruit, nuts and other edible parts of plants; prepared or preserved, whether or not containing added sugar, other sweetening matter or spirit, n.e.c. in heading no. 2008",6,TRUE,C00,TOTAL CPC,0,0,TOTAL MOT,8,kg,5244.45,FALSE,8,kg,"5,244",FALSE,"5,244",FALSE,0,FALSE,,"$187,192.00","$187,192.00",0,TRUE,FALSE,$35.69
,"200899 (구운김, 조미김)",47.46384,$20.04,,C,A,20220101,2022,52,2022,410,KOR,Rep. of Korea,X,Export,724,ESP,Spain,0,W00,World,H6,HS,TRUE,200899,"Fruit, nuts and other edible parts of plants; prepared or preserved, whether or not containing added sugar, other sweetening matter or spirit, n.e.c. in heading no. 2008",6,TRUE,C00,TOTAL CPC,0,0,TOTAL MOT,8,kg,47463.84,FALSE,8,kg,"47,464",FALSE,"47,464",FALSE,0,FALSE,,"$951,410.00","$951,410.00",0,TRUE,FALSE,$20.04
,"200899 (구운김, 조미김)",134.85929,$6.71,,C,A,20220101,2022,52,2022,410,KOR,Rep. of Korea,X,Export,752,SWE,Sweden,0,W00,World,H6,HS,TRUE,200899,"Fruit, nuts and other edible parts of plants; prepared or preserved, whether or not containing added sugar, other sweetening matter or spirit, n.e.c. in heading no. 2008",6,TRUE,C00,TOTAL CPC,0,0,TOTAL MOT,8,kg,134859.29,FALSE,8,kg,"134,859",FALSE,"134,859",FALSE,0,FALSE,,"$904,839.00","$904,839.00",0,TRUE,FALSE,$6.71
,"200899 (구운김, 조미김)",25.31602,$32.16,,C,A,20220101,2022,52,2022,410,KOR,Rep. of Korea,X,Export,757,CHE,Switzerland,0,W00,World,H6,HS,TRUE,200899,"Fruit, nuts and other edible parts of plants; prepared or preserved, whether or not containing added sugar, other sweetening matter or spirit, n.e.c. in heading no. 2008",6,TRUE,C00,TOTAL CPC,0,0,TOTAL MOT,8,kg,25316.02,FALSE,8,kg,"25,316",FALSE,"25,316",FALSE,0,FALSE,,"$814,238.00","$814,238.00",0,TRUE,FALSE,$32.16
,"200899 (구운김, 조미김)",449.114,$15.50,,C,A,20220101,2022,52,2022,410,KOR,Rep. of Korea,X,Export,764,THA,Thailand,0,W00,World,H6,HS,TRUE,200899,"Fruit, nuts and other edible parts of plants; prepared or preserved, whether or not containing added sugar, other sweetening matter or spirit, n.e.c. in heading no. 2008",6,TRUE,C00,TOTAL CPC,0,0,TOTAL MOT,8,kg,449114,FALSE,8,kg,"449,114",FALSE,"449,114",FALSE,0,FALSE,,"$6,961,233.00","$6,961,233.00",0,TRUE,FALSE,$15.50
,"200899 (구운김, 조미김)",53.37425,$19.82,,C,A,20220101,2022,52,2022,410,KOR,Rep. of Korea,X,Export,784,ARE,United Arab Emirates,0,W00,World,H6,HS,TRUE,200899,"Fruit, nuts and other edible parts of plants; prepared or preserved, whether or not containing added sugar, other sweetening matter or spirit, n.e.c. in heading no. 2008",6,TRUE,C00,TOTAL CPC,0,0,TOTAL MOT,8,kg,53374.25,FALSE,8,kg,"53,374",FALSE,"53,374",FALSE,0,FALSE,,"$1,057,793.00","$1,057,793.00",0,TRUE,FALSE,$19.82
,"200899 (구운김, 조미김)",13.8353,$25.65,,C,A,20220101,2022,52,2022,410,KOR,Rep. of Korea,X,Export,792,TUR,Türkiye,0,W00,World,H6,HS,TRUE,200899,"Fruit, nuts and other edible parts of plants; prepared or preserved, whether or not containing added sugar, other sweetening matter or spirit, n.e.c. in heading no. 2008",6,TRUE,C00,TOTAL CPC,0,0,TOTAL MOT,8,kg,13835.3,FALSE,8,kg,"13,835",FALSE,"13,835",FALSE,0,FALSE,,"$354,901.00","$354,901.00",0,TRUE,FALSE,$25.65
,"200899 (구운김, 조미김)",56.7619,$21.50,,C,A,20220101,2022,52,2022,410,KOR,Rep. of Korea,X,Export,804,UKR,Ukraine,0,W00,World,H6,HS,TRUE,200899,"Fruit, nuts and other edible parts of plants; prepared or preserved, whether or not containing added sugar, other sweetening matter or spirit, n.e.c. in heading no. 2008",6,TRUE,C00,TOTAL CPC,0,0,TOTAL MOT,8,kg,56761.9,FALSE,8,kg,"56,762",FALSE,"56,762",FALSE,0,FALSE,,"$1,220,605.00","$1,220,605.00",0,TRUE,FALSE,$21.50
,"200899 (구운김, 조미김)",0.2706,$40.21,,C,A,20220101,2022,52,2022,410,KOR,Rep. of Korea,X,Export,807,MKD,North Macedonia,0,W00,World,H6,HS,TRUE,200899,"Fruit, nuts and other edible parts of plants; prepared or preserved, whether or not containing added sugar, other sweetening matter or spirit, n.e.c. in heading no. 2008",6,TRUE,C00,TOTAL CPC,0,0,TOTAL MOT,8,kg,270.6,FALSE,8,kg,271,FALSE,271,FALSE,0,FALSE,,"$10,882.00","$10,882.00",0,TRUE,FALSE,$40.21
,"200899 (구운김, 조미김)",0.1134,$9.14,,C,A,20220101,2022,52,2022,410,KOR,Rep. of Korea,X,Export,818,EGY,Egypt,0,W00,World,H6,HS,TRUE,200899,"Fruit, nuts and other edible parts of plants; prepared or preserved, whether or not containing added sugar, other sweetening matter or spirit, n.e.c. in heading no. 2008",6,TRUE,C00,TOTAL CPC,0,0,TOTAL MOT,8,kg,113.4,FALSE,8,kg,113,FALSE,113,FALSE,0,FALSE,,"$1,037.00","$1,037.00",0,TRUE,FALSE,$9.14
,"200899 (구운김, 조미김)",504.3931,$19.67,,C,A,20220101,2022,52,2022,410,KOR,Rep. of Korea,X,Export,826,GBR,United Kingdom,0,W00,World,H6,HS,TRUE,200899,"Fruit, nuts and other edible parts of plants; prepared or preserved, whether or not containing added sugar, other sweetening matter or spirit, n.e.c. in heading no. 2008",6,TRUE,C00,TOTAL CPC,0,0,TOTAL MOT,8,kg,504393.1,FALSE,8,kg,"504,393",FALSE,"504,393",FALSE,0,FALSE,,"$9,919,322.00","$9,919,322.00",0,TRUE,FALSE,$19.67
,"200899 (구운김, 조미김)",7093.585,$21.51,,C,A,20220101,2022,52,2022,410,KOR,Rep. of Korea,X,Export,842,USA,USA,0,W00,World,H6,HS,TRUE,200899,"Fruit, nuts and other edible parts of plants; prepared or preserved, whether or not containing added sugar, other sweetening matter or spirit, n.e.c. in heading no. 2008",6,TRUE,C00,TOTAL CPC,0,0,TOTAL MOT,8,kg,7093585,FALSE,8,kg,"7,093,585",FALSE,"7,093,585",FALSE,0,FALSE,,"$152,610,880.00","$152,610,880.00",0,TRUE,FALSE,$21.51
,"200899 (구운김, 조미김)",7.87533,$3.91,,C,A,20220101,2022,52,2022,410,KOR,Rep. of Korea,X,Export,858,URY,Uruguay,0,W00,World,H6,HS,TRUE,200899,"Fruit, nuts and other edible parts of plants; prepared or preserved, whether or not containing added sugar, other sweetening matter or spirit, n.e.c. in heading no. 2008",6,TRUE,C00,TOTAL CPC,0,0,TOTAL MOT,8,kg,7875.33,FALSE,8,kg,"7,875",FALSE,"7,875",FALSE,0,FALSE,,"$30,764.00","$30,764.00",0,TRUE,FALSE,$3.91
,"200899 (구운김, 조미김)",3.01172,$26.53,,C,A,20220101,2022,52,2022,410,KOR,Rep. of Korea,X,Export,860,UZB,Uzbekistan,0,W00,World,H6,HS,TRUE,200899,"Fruit, nuts and other edible parts of plants; prepared or preserved, whether or not containing added sugar, other sweetening matter or spirit, n.e.c. in heading no. 2008",6,TRUE,C00,TOTAL CPC,0,0,TOTAL MOT,8,kg,3011.72,FALSE,8,kg,"3,012",FALSE,"3,012",FALSE,0,FALSE,,"$79,915.00","$79,915.00",0,TRUE,FALSE,$26.53
,"200899 (구운김, 조미김)",0.89238,$34.70,,C,A,20220101,2022,52,2022,410,KOR,Rep. of Korea,X,Export,882,WSM,Samoa,0,W00,World,H6,HS,TRUE,200899,"Fruit, nuts and other edible parts of plants; prepared or preserved, whether or not containing added sugar, other sweetening matter or spirit, n.e.c. in heading no. 2008",6,TRUE,C00,TOTAL CPC,0,0,TOTAL MOT,8,kg,892.38,FALSE,8,kg,892,FALSE,892,FALSE,0,FALSE,,"$30,969.00","$30,969.00",0,TRUE,FALSE,$34.70
,"121221 (건조김, 마른김)",28158.35988,$12.60,,C,A,20230101,2023,52,2023,410,KOR,Rep. of Korea,X,Export,0,W00,World,0,W00,World,H6,HS,TRUE,121221,"Seaweeds and other algae; fit for human consumption, fresh, chilled, frozen or dried, whether or not ground",6,TRUE,C00,TOTAL CPC,0,0,TOTAL MOT,8,kg,28158359.88,FALSE,8,kg,"28,158,360",FALSE,"28,158,360",FALSE,0,FALSE,,"$354,879,252.00","$354,879,252.00",0,FALSE,TRUE,$12.60
,"121221 (건조김, 마른김)",0.009253,$2.38,,C,A,20230101,2023,52,2023,410,KOR,Rep. of Korea,X,Export,8,ALB,Albania,0,W00,World,H6,HS,TRUE,121221,"Seaweeds and other algae; fit for human consumption, fresh, chilled, frozen or dried, whether or not ground",6,TRUE,C00,TOTAL CPC,0,0,TOTAL MOT,8,kg,9.253,FALSE,8,kg,9,FALSE,9,FALSE,0,FALSE,,$22.00,$22.00,0,TRUE,FALSE,$2.38
,"121221 (건조김, 마른김)",0.52664,$5.71,,C,A,20230101,2023,52,2023,410,KOR,Rep. of Korea,X,Export,12,DZA,Algeria,0,W00,World,H6,HS,TRUE,121221,"Seaweeds and other algae; fit for human consumption, fresh, chilled, frozen or dried, whether or not ground",6,TRUE,C00,TOTAL CPC,0,0,TOTAL MOT,8,kg,526.64,FALSE,8,kg,527,FALSE,527,FALSE,0,FALSE,,"$3,006.00","$3,006.00",0,TRUE,FALSE,$5.71
,"121221 (건조김, 마른김)",10.4144,$23.08,,C,A,20230101,2023,52,2023,410,KOR,Rep. of Korea,X,Export,31,AZE,Azerbaijan,0,W00,World,H6,HS,TRUE,121221,"Seaweeds and other algae; fit for human consumption, fresh, chilled, frozen or dried, whether or not ground",6,TRUE,C00,TOTAL CPC,0,0,TOTAL MOT,8,kg,10414.4,FALSE,8,kg,"10,414",FALSE,"10,414",FALSE,0,FALSE,,"$240,357.00","$240,357.00",0,TRUE,FALSE,$23.08
,"121221 (건조김, 마른김)",1.5905,$15.90,,C,A,20230101,2023,52,2023,410,KOR,Rep. of Korea,X,Export,32,ARG,Argentina,0,W00,World,H6,HS,TRUE,121221,"Seaweeds and other algae; fit for human consumption, fresh, chilled, frozen or dried, whether or not ground",6,TRUE,C00,TOTAL CPC,0,0,TOTAL MOT,8,kg,1590.5,FALSE,8,kg,"1,591",FALSE,"1,591",FALSE,0,FALSE,,"$25,287.00","$25,287.00",0,TRUE,FALSE,$15.90
,"121221 (건조김, 마른김)",150.14224,$9.83,,C,A,20230101,2023,52,2023,410,KOR,Rep. of Korea,X,Export,36,AUS,Australia,0,W00,World,H6,HS,TRUE,121221,"Seaweeds and other algae; fit for human consumption, fresh, chilled, frozen or dried, whether or not ground",6,TRUE,C00,TOTAL CPC,0,0,TOTAL MOT,8,kg,150142.24,FALSE,8,kg,"150,142",FALSE,"150,142",FALSE,0,FALSE,,"$1,476,298.00","$1,476,298.00",0,TRUE,FALSE,$9.83
,"121221 (건조김, 마른김)",5.119,$8.04,,C,A,20230101,2023,52,2023,410,KOR,Rep. of Korea,X,Export,40,AUT,Austria,0,W00,World,H6,HS,TRUE,121221,"Seaweeds and other algae; fit for human consumption, fresh, chilled, frozen or dried, whether or not ground",6,TRUE,C00,TOTAL CPC,0,0,TOTAL MOT,8,kg,5119,FALSE,8,kg,"5,119",FALSE,"5,119",FALSE,0,FALSE,,"$41,172.00","$41,172.00",0,TRUE,FALSE,$8.04
,"121221 (건조김, 마른김)",2.1267,$28.97,,C,A,20230101,2023,52,2023,410,KOR,Rep. of Korea,X,Export,48,BHR,Bahrain,0,W00,World,H6,HS,TRUE,121221,"Seaweeds and other algae; fit for human consumption, fresh, chilled, frozen or dried, whether or not ground",6,TRUE,C00,TOTAL CPC,0,0,TOTAL MOT,8,kg,2126.7,FALSE,8,kg,"2,127",FALSE,"2,127",FALSE,0,FALSE,,"$61,617.00","$61,617.00",0,TRUE,FALSE,$28.97
,"121221 (건조김, 마른김)",0.20253,$16.33,,C,A,20230101,2023,52,2023,410,KOR,Rep. of Korea,X,Export,50,BGD,Bangladesh,0,W00,World,H6,HS,TRUE,121221,"Seaweeds and other algae; fit for human consumption, fresh, chilled, frozen or dried, whether or not ground",6,TRUE,C00,TOTAL CPC,0,0,TOTAL MOT,8,kg,202.53,FALSE,8,kg,203,FALSE,203,FALSE,0,FALSE,,"$3,307.00","$3,307.00",0,TRUE,FALSE,$16.33
,"121221 (건조김, 마른김)",0.008452,$92.88,,C,A,20230101,2023,52,2023,410,KOR,Rep. of Korea,X,Export,56,BEL,Belgium,0,W00,World,H6,HS,TRUE,121221,"Seaweeds and other algae; fit for human consumption, fresh, chilled, frozen or dried, whether or not ground",6,TRUE,C00,TOTAL CPC,0,0,TOTAL MOT,8,kg,8.452,FALSE,8,kg,8,FALSE,8,FALSE,0,FALSE,,$785.00,$785.00,0,TRUE,FALSE,$92.88
,"121221 (건조김, 마른김)",0.01063,$13.73,,C,A,20230101,2023,52,2023,410,KOR,Rep. of Korea,X,Export,64,BTN,Bhutan,0,W00,World,H6,HS,TRUE,121221,"Seaweeds and other algae; fit for human consumption, fresh, chilled, frozen or dried, whether or not ground",6,TRUE,C00,TOTAL CPC,0,0,TOTAL MOT,8,kg,10.63,FALSE,8,kg,11,FALSE,11,FALSE,0,FALSE,,$146.00,$146.00,0,TRUE,FALSE,$13.73
,"121221 (건조김, 마른김)",0.246,$15.24,,C,A,20230101,2023,52,2023,410,KOR,Rep. of Korea,X,Export,68,BOL,Bolivia (Plurinational State of),0,W00,World,H6,HS,TRUE,121221,"Seaweeds and other algae; fit for human consumption, fresh, chilled, frozen or dried, whether or not ground",6,TRUE,C00,TOTAL CPC,0,0,TOTAL MOT,8,kg,246,FALSE,8,kg,246,FALSE,246,FALSE,0,FALSE,,"$3,749.00","$3,749.00",0,TRUE,FALSE,$15.24
,"121221 (건조김, 마른김)",21.51685,$4.37,,C,A,20230101,2023,52,2023,410,KOR,Rep. of Korea,X,Export,76,BRA,Brazil,0,W00,World,H6,HS,TRUE,121221,"Seaweeds and other algae; fit for human consumption, fresh, chilled, frozen or dried, whether or not ground",6,TRUE,C00,TOTAL CPC,0,0,TOTAL MOT,8,kg,21516.85,FALSE,8,kg,"21,517",FALSE,"21,517",FALSE,0,FALSE,,"$94,098.00","$94,098.00",0,TRUE,FALSE,$4.37
,"121221 (건조김, 마른김)",0.35792,$14.72,,C,A,20230101,2023,52,2023,410,KOR,Rep. of Korea,X,Export,96,BRN,Brunei Darussalam,0,W00,World,H6,HS,TRUE,121221,"Seaweeds and other algae; fit for human consumption, fresh, chilled, frozen or dried, whether or not ground",6,TRUE,C00,TOTAL CPC,0,0,TOTAL MOT,8,kg,357.92,FALSE,8,kg,358,FALSE,358,FALSE,0,FALSE,,"$5,269.00","$5,269.00",0,TRUE,FALSE,$14.72
,"121221 (건조김, 마른김)",0.0285,$21.82,,C,A,20230101,2023,52,2023,410,KOR,Rep. of Korea,X,Export,100,BGR,Bulgaria,0,W00,World,H6,HS,TRUE,121221,"Seaweeds and other algae; fit for human consumption, fresh, chilled, frozen or dried, whether or not ground",6,TRUE,C00,TOTAL CPC,0,0,TOTAL MOT,8,kg,28.5,FALSE,8,kg,29,FALSE,29,FALSE,0,FALSE,,$622.00,$622.00,0,TRUE,FALSE,$21.82
,"121221 (건조김, 마른김)",2.86376,$28.91,,C,A,20230101,2023,52,2023,410,KOR,Rep. of Korea,X,Export,104,MMR,Myanmar,0,W00,World,H6,HS,TRUE,121221,"Seaweeds and other algae; fit for human consumption, fresh, chilled, frozen or dried, whether or not ground",6,TRUE,C00,TOTAL CPC,0,0,TOTAL MOT,8,kg,2863.76,FALSE,8,kg,"2,864",FALSE,"2,864",FALSE,0,FALSE,,"$82,778.00","$82,778.00",0,TRUE,FALSE,$28.91
,"121221 (건조김, 마른김)",6.03429,$10.46,,C,A,20230101,2023,52,2023,410,KOR,Rep. of Korea,X,Export,116,KHM,Cambodia,0,W00,World,H6,HS,TRUE,121221,"Seaweeds and other algae; fit for human consumption, fresh, chilled, frozen or dried, whether or not ground",6,TRUE,C00,TOTAL CPC,0,0,TOTAL MOT,8,kg,6034.29,FALSE,8,kg,"6,034",FALSE,"6,034",FALSE,0,FALSE,,"$63,113.00","$63,113.00",0,TRUE,FALSE,$10.46
,"121221 (건조김, 마른김)",143.13016,$7.82,,C,A,20230101,2023,52,2023,410,KOR,Rep. of Korea,X,Export,124,CAN,Canada,0,W00,World,H6,HS,TRUE,121221,"Seaweeds and other algae; fit for human consumption, fresh, chilled, frozen or dried, whether or not ground",6,TRUE,C00,TOTAL CPC,0,0,TOTAL MOT,8,kg,143130.16,FALSE,8,kg,"143,130",FALSE,"143,130",FALSE,0,FALSE,,"$1,119,945.00","$1,119,945.00",0,TRUE,FALSE,$7.82
,"121221 (건조김, 마른김)",0.03673,$17.70,,C,A,20230101,2023,52,2023,410,KOR,Rep. of Korea,X,Export,144,LKA,Sri Lanka,0,W00,World,H6,HS,TRUE,121221,"Seaweeds and other algae; fit for human consumption, fresh, chilled, frozen or dried, whether or not ground",6,TRUE,C00,TOTAL CPC,0,0,TOTAL MOT,8,kg,36.73,FALSE,8,kg,37,FALSE,37,FALSE,0,FALSE,,$650.00,$650.00,0,TRUE,FALSE,$17.70
,"121221 (건조김, 마른김)",1.67509,$15.27,,C,A,20230101,2023,52,2023,410,KOR,Rep. of Korea,X,Export,152,CHL,Chile,0,W00,World,H6,HS,TRUE,121221,"Seaweeds and other algae; fit for human consumption, fresh, chilled, frozen or dried, whether or not ground",6,TRUE,C00,TOTAL CPC,0,0,TOTAL MOT,8,kg,1675.09,FALSE,8,kg,"1,675",FALSE,"1,675",FALSE,0,FALSE,,"$25,574.00","$25,574.00",0,TRUE,FALSE,$15.27
,"121221 (건조김, 마른김)",5390.3955,$9.52,,C,A,20230101,2023,52,2023,410,KOR,Rep. of Korea,X,Export,156,CHN,China,0,W00,World,H6,HS,TRUE,121221,"Seaweeds and other algae; fit for human consumption, fresh, chilled, frozen or dried, whether or not ground",6,TRUE,C00,TOTAL CPC,0,0,TOTAL MOT,8,kg,5390395.5,FALSE,8,kg,"5,390,396",FALSE,"5,390,396",FALSE,0,FALSE,,"$51,305,916.00","$51,305,916.00",0,TRUE,FALSE,$9.52
,"121221 (건조김, 마른김)",14.58328,$26.90,,C,A,20230101,2023,52,2023,410,KOR,Rep. of Korea,X,Export,170,COL,Colombia,0,W00,World,H6,HS,TRUE,121221,"Seaweeds and other algae; fit for human consumption, fresh, chilled, frozen or dried, whether or not ground",6,TRUE,C00,TOTAL CPC,0,0,TOTAL MOT,8,kg,14583.28,FALSE,8,kg,"14,583",FALSE,"14,583",FALSE,0,FALSE,,"$392,354.00","$392,354.00",0,TRUE,FALSE,$26.90
,"121221 (건조김, 마른김)",0.43506,$14.23,,C,A,20230101,2023,52,2023,410,KOR,Rep. of Korea,X,Export,188,CRI,Costa Rica,0,W00,World,H6,HS,TRUE,121221,"Seaweeds and other algae; fit for human consumption, fresh, chilled, frozen or dried, whether or not ground",6,TRUE,C00,TOTAL CPC,0,0,TOTAL MOT,8,kg,435.06,FALSE,8,kg,435,FALSE,435,FALSE,0,FALSE,,"$6,192.00","$6,192.00",0,TRUE,FALSE,$14.23
,"121221 (건조김, 마른김)",0.0135,$18.74,,C,A,20230101,2023,52,2023,410,KOR,Rep. of Korea,X,Export,191,HRV,Croatia,0,W00,World,H6,HS,TRUE,121221,"Seaweeds and other algae; fit for human consumption, fresh, chilled, frozen or dried, whether or not ground",6,TRUE,C00,TOTAL CPC,0,0,TOTAL MOT,8,kg,13.5,FALSE,8,kg,14,FALSE,14,FALSE,0,FALSE,,$253.00,$253.00,0,TRUE,FALSE,$18.74
,"121221 (건조김, 마른김)",0.12,$10.42,,C,A,20230101,2023,52,2023,410,KOR,Rep. of Korea,X,Export,196,CYP,Cyprus,0,W00,World,H6,HS,TRUE,121221,"Seaweeds and other algae; fit for human consumption, fresh, chilled, frozen or dried, whether or not ground",6,TRUE,C00,TOTAL CPC,0,0,TOTAL MOT,8,kg,120,FALSE,8,kg,120,FALSE,120,FALSE,0,FALSE,,"$1,250.00","$1,250.00",0,TRUE,FALSE,$10.42
,"121221 (건조김, 마른김)",2.4591,$11.86,,C,A,20230101,2023,52,2023,410,KOR,Rep. of Korea,X,Export,203,CZE,Czechia,0,W00,World,H6,HS,TRUE,121221,"Seaweeds and other algae; fit for human consumption, fresh, chilled, frozen or dried, whether or not ground",6,TRUE,C00,TOTAL CPC,0,0,TOTAL MOT,8,kg,2459.1,FALSE,8,kg,"2,459",FALSE,"2,459",FALSE,0,FALSE,,"$29,164.00","$29,164.00",0,TRUE,FALSE,$11.86
,"121221 (건조김, 마른김)",0.10625,$16.42,,C,A,20230101,2023,52,2023,410,KOR,Rep. of Korea,X,Export,208,DNK,Denmark,0,W00,World,H6,HS,TRUE,121221,"Seaweeds and other algae; fit for human consumption, fresh, chilled, frozen or dried, whether or not ground",6,TRUE,C00,TOTAL CPC,0,0,TOTAL MOT,8,kg,106.25,FALSE,8,kg,106,FALSE,106,FALSE,0,FALSE,,"$1,745.00","$1,745.00",0,TRUE,FALSE,$16.42
,"121221 (건조김, 마른김)",0.234,$3.03,,C,A,20230101,2023,52,2023,410,KOR,Rep. of Korea,X,Export,214,DOM,Dominican Rep.,0,W00,World,H6,HS,TRUE,121221,"Seaweeds and other algae; fit for human consumption, fresh, chilled, frozen or dried, whether or not ground",6,TRUE,C00,TOTAL CPC,0,0,TOTAL MOT,8,kg,234,FALSE,8,kg,234,FALSE,234,FALSE,0,FALSE,,$708.00,$708.00,0,TRUE,FALSE,$3.03
,"121221 (건조김, 마른김)",0.54,$27.78,,C,A,20230101,2023,52,2023,410,KOR,Rep. of Korea,X,Export,218,ECU,Ecuador,0,W00,World,H6,HS,TRUE,121221,"Seaweeds and other algae; fit for human consumption, fresh, chilled, frozen or dried, whether or not ground",6,TRUE,C00,TOTAL CPC,0,0,TOTAL MOT,8,kg,540,FALSE,8,kg,540,FALSE,540,FALSE,0,FALSE,,"$14,999.00","$14,999.00",0,TRUE,FALSE,$27.78
,"121221 (건조김, 마른김)",27.947038,$18.65,,C,A,20230101,2023,52,2023,410,KOR,Rep. of Korea,X,Export,251,FRA,France,0,W00,World,H6,HS,TRUE,121221,"Seaweeds and other algae; fit for human consumption, fresh, chilled, frozen or dried, whether or not ground",6,TRUE,C00,TOTAL CPC,0,0,TOTAL MOT,8,kg,27947.038,FALSE,8,kg,"27,947",FALSE,"27,947",FALSE,0,FALSE,,"$521,206.00","$521,206.00",0,TRUE,FALSE,$18.65
,"121221 (건조김, 마른김)",9.368793,$8.69,,C,A,20230101,2023,52,2023,410,KOR,Rep. of Korea,X,Export,276,DEU,Germany,0,W00,World,H6,HS,TRUE,121221,"Seaweeds and other algae; fit for human consumption, fresh, chilled, frozen or dried, whether or not ground",6,TRUE,C00,TOTAL CPC,0,0,TOTAL MOT,8,kg,9368.793,FALSE,8,kg,"9,369",FALSE,"9,369",FALSE,0,FALSE,,"$81,394.00","$81,394.00",0,TRUE,FALSE,$8.69
,"121221 (건조김, 마른김)",0.038,$15.58,,C,A,20230101,2023,52,2023,410,KOR,Rep. of Korea,X,Export,288,GHA,Ghana,0,W00,World,H6,HS,TRUE,121221,"Seaweeds and other algae; fit for human consumption, fresh, chilled, frozen or dried, whether or not ground",6,TRUE,C00,TOTAL CPC,0,0,TOTAL MOT,8,kg,38,FALSE,8,kg,38,FALSE,38,FALSE,0,FALSE,,$592.00,$592.00,0,TRUE,FALSE,$15.58
,"121221 (건조김, 마른김)",0.043,$19.91,,C,A,20230101,2023,52,2023,410,KOR,Rep. of Korea,X,Export,296,KIR,Kiribati,0,W00,World,H6,HS,TRUE,121221,"Seaweeds and other algae; fit for human consumption, fresh, chilled, frozen or dried, whether or not ground",6,TRUE,C00,TOTAL CPC,0,0,TOTAL MOT,8,kg,43,FALSE,8,kg,43,FALSE,43,FALSE,0,FALSE,,$856.00,$856.00,0,TRUE,FALSE,$19.91
,"121221 (건조김, 마른김)",0.0273,$15.86,,C,A,20230101,2023,52,2023,410,KOR,Rep. of Korea,X,Export,300,GRC,Greece,0,W00,World,H6,HS,TRUE,121221,"Seaweeds and other algae; fit for human consumption, fresh, chilled, frozen or dried, whether or not ground",6,TRUE,C00,TOTAL CPC,0,0,TOTAL MOT,8,kg,27.3,FALSE,8,kg,27,FALSE,27,FALSE,0,FALSE,,$433.00,$433.00,0,TRUE,FALSE,$15.86
,"121221 (건조김, 마른김)",5.31383,$10.01,,C,A,20230101,2023,52,2023,410,KOR,Rep. of Korea,X,Export,316,GUM,Guam,0,W00,World,H6,HS,TRUE,121221,"Seaweeds and other algae; fit for human consumption, fresh, chilled, frozen or dried, whether or not ground",6,TRUE,C00,TOTAL CPC,0,0,TOTAL MOT,8,kg,5313.83,FALSE,8,kg,"5,314",FALSE,"5,314",FALSE,0,FALSE,,"$53,215.00","$53,215.00",0,TRUE,FALSE,$10.01
,"121221 (건조김, 마른김)",0.70176,$6.40,,C,A,20230101,2023,52,2023,410,KOR,Rep. of Korea,X,Export,320,GTM,Guatemala,0,W00,World,H6,HS,TRUE,121221,"Seaweeds and other algae; fit for human consumption, fresh, chilled, frozen or dried, whether or not ground",6,TRUE,C00,TOTAL CPC,0,0,TOTAL MOT,8,kg,701.76,FALSE,8,kg,702,FALSE,702,FALSE,0,FALSE,,"$4,491.00","$4,491.00",0,TRUE,FALSE,$6.40
,"121221 (건조김, 마른김)",0.064,$12.91,,C,A,20230101,2023,52,2023,410,KOR,Rep. of Korea,X,Export,324,GIN,Guinea,0,W00,World,H6,HS,TRUE,121221,"Seaweeds and other algae; fit for human consumption, fresh, chilled, frozen or dried, whether or not ground",6,TRUE,C00,TOTAL CPC,0,0,TOTAL MOT,8,kg,64,FALSE,8,kg,64,FALSE,64,FALSE,0,FALSE,,$826.00,$826.00,0,TRUE,FALSE,$12.91
,"121221 (건조김, 마른김)",0.3502,$14.75,,C,A,20230101,2023,52,2023,410,KOR,Rep. of Korea,X,Export,340,HND,Honduras,0,W00,World,H6,HS,TRUE,121221,"Seaweeds and other algae; fit for human consumption, fresh, chilled, frozen or dried, whether or not ground",6,TRUE,C00,TOTAL CPC,0,0,TOTAL MOT,8,kg,350.2,FALSE,8,kg,350,FALSE,350,FALSE,0,FALSE,,"$5,166.00","$5,166.00",0,TRUE,FALSE,$14.75
,"121221 (건조김, 마른김)",51.06948,$11.44,,C,A,20230101,2023,52,2023,410,KOR,Rep. of Korea,X,Export,344,HKG,"China, Hong Kong SAR",0,W00,World,H6,HS,TRUE,121221,"Seaweeds and other algae; fit for human consumption, fresh, chilled, frozen or dried, whether or not ground",6,TRUE,C00,TOTAL CPC,0,0,TOTAL MOT,8,kg,51069.48,FALSE,8,kg,"51,069",FALSE,"51,069",FALSE,0,FALSE,,"$584,225.00","$584,225.00",0,TRUE,FALSE,$11.44
,"121221 (건조김, 마른김)",1.0419,$8.09,,C,A,20230101,2023,52,2023,410,KOR,Rep. of Korea,X,Export,348,HUN,Hungary,0,W00,World,H6,HS,TRUE,121221,"Seaweeds and other algae; fit for human consumption, fresh, chilled, frozen or dried, whether or not ground",6,TRUE,C00,TOTAL CPC,0,0,TOTAL MOT,8,kg,1041.9,FALSE,8,kg,"1,042",FALSE,"1,042",FALSE,0,FALSE,,"$8,432.00","$8,432.00",0,TRUE,FALSE,$8.09
,"121221 (건조김, 마른김)",1044.2045,$16.02,,C,A,20230101,2023,52,2023,410,KOR,Rep. of Korea,X,Export,360,IDN,Indonesia,0,W00,World,H6,HS,TRUE,121221,"Seaweeds and other algae; fit for human consumption, fresh, chilled, frozen or dried, whether or not ground",6,TRUE,C00,TOTAL CPC,0,0,TOTAL MOT,8,kg,1044204.5,FALSE,8,kg,"1,044,205",FALSE,"1,044,205",FALSE,0,FALSE,,"$16,725,848.00","$16,725,848.00",0,TRUE,FALSE,$16.02
,"121221 (건조김, 마른김)",0.711521,$27.23,,C,A,20230101,2023,52,2023,410,KOR,Rep. of Korea,X,Export,368,IRQ,Iraq,0,W00,World,H6,HS,TRUE,121221,"Seaweeds and other algae; fit for human consumption, fresh, chilled, frozen or dried, whether or not ground",6,TRUE,C00,TOTAL CPC,0,0,TOTAL MOT,8,kg,711.521,FALSE,8,kg,712,FALSE,712,FALSE,0,FALSE,,"$19,374.00","$19,374.00",0,TRUE,FALSE,$27.23
,"121221 (건조김, 마른김)",0.2052,$19.71,,C,A,20230101,2023,52,2023,410,KOR,Rep. of Korea,X,Export,372,IRL,Ireland,0,W00,World,H6,HS,TRUE,121221,"Seaweeds and other algae; fit for human consumption, fresh, chilled, frozen or dried, whether or not ground",6,TRUE,C00,TOTAL CPC,0,0,TOTAL MOT,8,kg,205.2,FALSE,8,kg,205,FALSE,205,FALSE,0,FALSE,,"$4,044.00","$4,044.00",0,TRUE,FALSE,$19.71
,"121221 (건조김, 마른김)",0.481,$35.87,,C,A,20230101,2023,52,2023,410,KOR,Rep. of Korea,X,Export,376,ISR,Israel,0,W00,World,H6,HS,TRUE,121221,"Seaweeds and other algae; fit for human consumption, fresh, chilled, frozen or dried, whether or not ground",6,TRUE,C00,TOTAL CPC,0,0,TOTAL MOT,8,kg,481,FALSE,8,kg,481,FALSE,481,FALSE,0,FALSE,,"$17,254.00","$17,254.00",0,TRUE,FALSE,$35.87
,"121221 (건조김, 마른김)",0.17901,$18.26,,C,A,20230101,2023,52,2023,410,KOR,Rep. of Korea,X,Export,380,ITA,Italy,0,W00,World,H6,HS,TRUE,121221,"Seaweeds and other algae; fit for human consumption, fresh, chilled, frozen or dried, whether or not ground",6,TRUE,C00,TOTAL CPC,0,0,TOTAL MOT,8,kg,179.01,FALSE,8,kg,179,FALSE,179,FALSE,0,FALSE,,"$3,268.00","$3,268.00",0,TRUE,FALSE,$18.26
,"121221 (건조김, 마른김)",10402.549,$10.40,,C,A,20230101,2023,52,2023,410,KOR,Rep. of Korea,X,Export,392,JPN,Japan,0,W00,World,H6,HS,TRUE,121221,"Seaweeds and other algae; fit for human consumption, fresh, chilled, frozen or dried, whether or not ground",6,TRUE,C00,TOTAL CPC,0,0,TOTAL MOT,8,kg,10402549,FALSE,8,kg,"10,402,549",FALSE,"10,402,549",FALSE,0,FALSE,,"$108,166,590.00","$108,166,590.00",0,TRUE,FALSE,$10.40
,"121221 (건조김, 마른김)",21.64986,$19.37,,C,A,20230101,2023,52,2023,410,KOR,Rep. of Korea,X,Export,398,KAZ,Kazakhstan,0,W00,World,H6,HS,TRUE,121221,"Seaweeds and other algae; fit for human consumption, fresh, chilled, frozen or dried, whether or not ground",6,TRUE,C00,TOTAL CPC,0,0,TOTAL MOT,8,kg,21649.86,FALSE,8,kg,"21,650",FALSE,"21,650",FALSE,0,FALSE,,"$419,318.00","$419,318.00",0,TRUE,FALSE,$19.37
,"121221 (건조김, 마른김)",0.114,$13.10,,C,A,20230101,2023,52,2023,410,KOR,Rep. of Korea,X,Export,404,KEN,Kenya,0,W00,World,H6,HS,TRUE,121221,"Seaweeds and other algae; fit for human consumption, fresh, chilled, frozen or dried, whether or not ground",6,TRUE,C00,TOTAL CPC,0,0,TOTAL MOT,8,kg,114,FALSE,8,kg,114,FALSE,114,FALSE,0,FALSE,,"$1,493.00","$1,493.00",0,TRUE,FALSE,$13.10
,"121221 (건조김, 마른김)",0.39397,$14.12,,C,A,20230101,2023,52,2023,410,KOR,Rep. of Korea,X,Export,414,KWT,Kuwait,0,W00,World,H6,HS,TRUE,121221,"Seaweeds and other algae; fit for human consumption, fresh, chilled, frozen or dried, whether or not ground",6,TRUE,C00,TOTAL CPC,0,0,TOTAL MOT,8,kg,393.97,FALSE,8,kg,394,FALSE,394,FALSE,0,FALSE,,"$5,563.00","$5,563.00",0,TRUE,FALSE,$14.12
,"121221 (건조김, 마른김)",0.0885,$25.34,,C,A,20230101,2023,52,2023,410,KOR,Rep. of Korea,X,Export,417,KGZ,Kyrgyzstan,0,W00,World,H6,HS,TRUE,121221,"Seaweeds and other algae; fit for human consumption, fresh, chilled, frozen or dried, whether or not ground",6,TRUE,C00,TOTAL CPC,0,0,TOTAL MOT,8,kg,88.5,FALSE,8,kg,89,FALSE,89,FALSE,0,FALSE,,"$2,243.00","$2,243.00",0,TRUE,FALSE,$25.34
,"121221 (건조김, 마른김)",1.74386,$17.73,,C,A,20230101,2023,52,2023,410,KOR,Rep. of Korea,X,Export,418,LAO,Lao People's Dem. Rep.,0,W00,World,H6,HS,TRUE,121221,"Seaweeds and other algae; fit for human consumption, fresh, chilled, frozen or dried, whether or not ground",6,TRUE,C00,TOTAL CPC,0,0,TOTAL MOT,8,kg,1743.86,FALSE,8,kg,"1,744",FALSE,"1,744",FALSE,0,FALSE,,"$30,921.00","$30,921.00",0,TRUE,FALSE,$17.73
,"121221 (건조김, 마른김)",0.16933,$6.17,,C,A,20230101,2023,52,2023,410,KOR,Rep. of Korea,X,Export,434,LBY,Libya,0,W00,World,H6,HS,TRUE,121221,"Seaweeds and other algae; fit for human consumption, fresh, chilled, frozen or dried, whether or not ground",6,TRUE,C00,TOTAL CPC,0,0,TOTAL MOT,8,kg,169.33,FALSE,8,kg,169,FALSE,169,FALSE,0,FALSE,,"$1,045.00","$1,045.00",0,TRUE,FALSE,$6.17
,"121221 (건조김, 마른김)",128.88914,$18.62,,C,A,20230101,2023,52,2023,410,KOR,Rep. of Korea,X,Export,440,LTU,Lithuania,0,W00,World,H6,HS,TRUE,121221,"Seaweeds and other algae; fit for human consumption, fresh, chilled, frozen or dried, whether or not ground",6,TRUE,C00,TOTAL CPC,0,0,TOTAL MOT,8,kg,128889.14,FALSE,8,kg,"128,889",FALSE,"128,889",FALSE,0,FALSE,,"$2,400,449.00","$2,400,449.00",0,TRUE,FALSE,$18.62
,"121221 (건조김, 마른김)",0.122,$13.82,,C,A,20230101,2023,52,2023,410,KOR,Rep. of Korea,X,Export,446,MAC,"China, Macao SAR",0,W00,World,H6,HS,TRUE,121221,"Seaweeds and other algae; fit for human consumption, fresh, chilled, frozen or dried, whether or not ground",6,TRUE,C00,TOTAL CPC,0,0,TOTAL MOT,8,kg,122,FALSE,8,kg,122,FALSE,122,FALSE,0,FALSE,,"$1,686.00","$1,686.00",0,TRUE,FALSE,$13.82
,"121221 (건조김, 마른김)",0.001,$68.00,,C,A,20230101,2023,52,2023,410,KOR,Rep. of Korea,X,Export,450,MDG,Madagascar,0,W00,World,H6,HS,TRUE,121221,"Seaweeds and other algae; fit for human consumption, fresh, chilled, frozen or dried, whether or not ground",6,TRUE,C00,TOTAL CPC,0,0,TOTAL MOT,8,kg,1,FALSE,8,kg,1,FALSE,1,FALSE,0,FALSE,,$68.00,$68.00,0,TRUE,FALSE,$68.00
,"121221 (건조김, 마른김)",16.503132,$16.45,,C,A,20230101,2023,52,2023,410,KOR,Rep. of Korea,X,Export,458,MYS,Malaysia,0,W00,World,H6,HS,TRUE,121221,"Seaweeds and other algae; fit for human consumption, fresh, chilled, frozen or dried, whether or not ground",6,TRUE,C00,TOTAL CPC,0,0,TOTAL MOT,8,kg,16503.132,FALSE,8,kg,"16,503",FALSE,"16,503",FALSE,0,FALSE,,"$271,532.00","$271,532.00",0,TRUE,FALSE,$16.45
,"121221 (건조김, 마른김)",0.01063,$15.05,,C,A,20230101,2023,52,2023,410,KOR,Rep. of Korea,X,Export,480,MUS,Mauritius,0,W00,World,H6,HS,TRUE,121221,"Seaweeds and other algae; fit for human consumption, fresh, chilled, frozen or dried, whether or not ground",6,TRUE,C00,TOTAL CPC,0,0,TOTAL MOT,8,kg,10.63,FALSE,8,kg,11,FALSE,11,FALSE,0,FALSE,,$160.00,$160.00,0,TRUE,FALSE,$15.05
,"121221 (건조김, 마른김)",175.12021,$20.48,,C,A,20230101,2023,52,2023,410,KOR,Rep. of Korea,X,Export,484,MEX,Mexico,0,W00,World,H6,HS,TRUE,121221,"Seaweeds and other algae; fit for human consumption, fresh, chilled, frozen or dried, whether or not ground",6,TRUE,C00,TOTAL CPC,0,0,TOTAL MOT,8,kg,175120.21,FALSE,8,kg,"175,120",FALSE,"175,120",FALSE,0,FALSE,,"$3,587,288.00","$3,587,288.00",0,TRUE,FALSE,$20.48
,"121221 (건조김, 마른김)",1006.0957,$20.17,,C,A,20230101,2023,52,2023,410,KOR,Rep. of Korea,X,Export,490,S19,"Other Asia, nes",0,W00,World,H6,HS,TRUE,121221,"Seaweeds and other algae; fit for human consumption, fresh, chilled, frozen or dried, whether or not ground",6,TRUE,C00,TOTAL CPC,0,0,TOTAL MOT,8,kg,1006095.7,FALSE,8,kg,"1,006,096",FALSE,"1,006,096",FALSE,0,FALSE,,"$20,295,637.00","$20,295,637.00",0,TRUE,FALSE,$20.17
,"121221 (건조김, 마른김)",44.62359,$13.16,,C,A,20230101,2023,52,2023,410,KOR,Rep. of Korea,X,Export,496,MNG,Mongolia,0,W00,World,H6,HS,TRUE,121221,"Seaweeds and other algae; fit for human consumption, fresh, chilled, frozen or dried, whether or not ground",6,TRUE,C00,TOTAL CPC,0,0,TOTAL MOT,8,kg,44623.59,FALSE,8,kg,"44,624",FALSE,"44,624",FALSE,0,FALSE,,"$587,277.00","$587,277.00",0,TRUE,FALSE,$13.16
,"121221 (건조김, 마른김)",0.24784,$20.55,,C,A,20230101,2023,52,2023,410,KOR,Rep. of Korea,X,Export,504,MAR,Morocco,0,W00,World,H6,HS,TRUE,121221,"Seaweeds and other algae; fit for human consumption, fresh, chilled, frozen or dried, whether or not ground",6,TRUE,C00,TOTAL CPC,0,0,TOTAL MOT,8,kg,247.84,FALSE,8,kg,248,FALSE,248,FALSE,0,FALSE,,"$5,094.00","$5,094.00",0,TRUE,FALSE,$20.55
,"121221 (건조김, 마른김)",0.04,$6.93,,C,A,20230101,2023,52,2023,410,KOR,Rep. of Korea,X,Export,508,MOZ,Mozambique,0,W00,World,H6,HS,TRUE,121221,"Seaweeds and other algae; fit for human consumption, fresh, chilled, frozen or dried, whether or not ground",6,TRUE,C00,TOTAL CPC,0,0,TOTAL MOT,8,kg,40,FALSE,8,kg,40,FALSE,40,FALSE,0,FALSE,,$277.00,$277.00,0,TRUE,FALSE,$6.93
,"121221 (건조김, 마른김)",0.20075,$22.89,,C,A,20230101,2023,52,2023,410,KOR,Rep. of Korea,X,Export,524,NPL,Nepal,0,W00,World,H6,HS,TRUE,121221,"Seaweeds and other algae; fit for human consumption, fresh, chilled, frozen or dried, whether or not ground",6,TRUE,C00,TOTAL CPC,0,0,TOTAL MOT,8,kg,200.75,FALSE,8,kg,201,FALSE,201,FALSE,0,FALSE,,"$4,596.00","$4,596.00",0,TRUE,FALSE,$22.89
,"121221 (건조김, 마른김)",51.73943,$15.59,,C,A,20230101,2023,52,2023,410,KOR,Rep. of Korea,X,Export,528,NLD,Netherlands,0,W00,World,H6,HS,TRUE,121221,"Seaweeds and other algae; fit for human consumption, fresh, chilled, frozen or dried, whether or not ground",6,TRUE,C00,TOTAL CPC,0,0,TOTAL MOT,8,kg,51739.43,FALSE,8,kg,"51,739",FALSE,"51,739",FALSE,0,FALSE,,"$806,610.00","$806,610.00",0,TRUE,FALSE,$15.59
,"121221 (건조김, 마른김)",0.07,$5.53,,C,A,20230101,2023,52,2023,410,KOR,Rep. of Korea,X,Export,548,VUT,Vanuatu,0,W00,World,H6,HS,TRUE,121221,"Seaweeds and other algae; fit for human consumption, fresh, chilled, frozen or dried, whether or not ground",6,TRUE,C00,TOTAL CPC,0,0,TOTAL MOT,8,kg,70,FALSE,8,kg,70,FALSE,70,FALSE,0,FALSE,,$387.00,$387.00,0,TRUE,FALSE,$5.53
,"121221 (건조김, 마른김)",37.159769,$6.90,,C,A,20230101,2023,52,2023,410,KOR,Rep. of Korea,X,Export,554,NZL,New Zealand,0,W00,World,H6,HS,TRUE,121221,"Seaweeds and other algae; fit for human consumption, fresh, chilled, frozen or dried, whether or not ground",6,TRUE,C00,TOTAL CPC,0,0,TOTAL MOT,8,kg,37159.769,FALSE,8,kg,"37,160",FALSE,"37,160",FALSE,0,FALSE,,"$256,319.00","$256,319.00",0,TRUE,FALSE,$6.90
,"121221 (건조김, 마른김)",0.0315,$9.08,,C,A,20230101,2023,52,2023,410,KOR,Rep. of Korea,X,Export,558,NIC,Nicaragua,0,W00,World,H6,HS,TRUE,121221,"Seaweeds and other algae; fit for human consumption, fresh, chilled, frozen or dried, whether or not ground",6,TRUE,C00,TOTAL CPC,0,0,TOTAL MOT,8,kg,31.5,FALSE,8,kg,32,FALSE,32,FALSE,0,FALSE,,$286.00,$286.00,0,TRUE,FALSE,$9.08
,"121221 (건조김, 마른김)",2.816969,$6.97,,C,A,20230101,2023,52,2023,410,KOR,Rep. of Korea,X,Export,566,NGA,Nigeria,0,W00,World,H6,HS,TRUE,121221,"Seaweeds and other algae; fit for human consumption, fresh, chilled, frozen or dried, whether or not ground",6,TRUE,C00,TOTAL CPC,0,0,TOTAL MOT,8,kg,2816.969,FALSE,8,kg,"2,817",FALSE,"2,817",FALSE,0,FALSE,,"$19,625.00","$19,625.00",0,TRUE,FALSE,$6.97
,"121221 (건조김, 마른김)",1.28454,$87.15,,C,A,20230101,2023,52,2023,410,KOR,Rep. of Korea,X,Export,579,NOR,Norway,0,W00,World,H6,HS,TRUE,121221,"Seaweeds and other algae; fit for human consumption, fresh, chilled, frozen or dried, whether or not ground",6,TRUE,C00,TOTAL CPC,0,0,TOTAL MOT,8,kg,1284.54,FALSE,8,kg,"1,285",FALSE,"1,285",FALSE,0,FALSE,,"$111,944.00","$111,944.00",0,TRUE,FALSE,$87.15
,"121221 (건조김, 마른김)",1.8965,$6.38,,C,A,20230101,2023,52,2023,410,KOR,Rep. of Korea,X,Export,580,MNP,N. Mariana Isds,0,W00,World,H6,HS,TRUE,121221,"Seaweeds and other algae; fit for human consumption, fresh, chilled, frozen or dried, whether or not ground",6,TRUE,C00,TOTAL CPC,0,0,TOTAL MOT,8,kg,1896.5,FALSE,8,kg,"1,897",FALSE,"1,897",FALSE,0,FALSE,,"$12,097.00","$12,097.00",0,TRUE,FALSE,$6.38
,"121221 (건조김, 마른김)",0.00018,$61.11,,C,A,20230101,2023,52,2023,410,KOR,Rep. of Korea,X,Export,583,FSM,FS Micronesia,0,W00,World,H6,HS,TRUE,121221,"Seaweeds and other algae; fit for human consumption, fresh, chilled, frozen or dried, whether or not ground",6,TRUE,C00,TOTAL CPC,0,0,TOTAL MOT,8,kg,0.18,FALSE,8,kg,0,FALSE,0,FALSE,0,FALSE,,$11.00,$11.00,0,TRUE,FALSE,$61.11
,"121221 (건조김, 마른김)",0.02,$23.15,,C,A,20230101,2023,52,2023,410,KOR,Rep. of Korea,X,Export,584,MHL,Marshall Isds,0,W00,World,H6,HS,TRUE,121221,"Seaweeds and other algae; fit for human consumption, fresh, chilled, frozen or dried, whether or not ground",6,TRUE,C00,TOTAL CPC,0,0,TOTAL MOT,8,kg,20,FALSE,8,kg,20,FALSE,20,FALSE,0,FALSE,,$463.00,$463.00,0,TRUE,FALSE,$23.15
,"121221 (건조김, 마른김)",0.0108,$16.85,,C,A,20230101,2023,52,2023,410,KOR,Rep. of Korea,X,Export,585,PLW,Palau,0,W00,World,H6,HS,TRUE,121221,"Seaweeds and other algae; fit for human consumption, fresh, chilled, frozen or dried, whether or not ground",6,TRUE,C00,TOTAL CPC,0,0,TOTAL MOT,8,kg,10.8,FALSE,8,kg,11,FALSE,11,FALSE,0,FALSE,,$182.00,$182.00,0,TRUE,FALSE,$16.85
,"121221 (건조김, 마른김)",0.38616,$30.54,,C,A,20230101,2023,52,2023,410,KOR,Rep. of Korea,X,Export,591,PAN,Panama,0,W00,World,H6,HS,TRUE,121221,"Seaweeds and other algae; fit for human consumption, fresh, chilled, frozen or dried, whether or not ground",6,TRUE,C00,TOTAL CPC,0,0,TOTAL MOT,8,kg,386.16,FALSE,8,kg,386,FALSE,386,FALSE,0,FALSE,,"$11,794.00","$11,794.00",0,TRUE,FALSE,$30.54
,"121221 (건조김, 마른김)",0.2111,$21.43,,C,A,20230101,2023,52,2023,410,KOR,Rep. of Korea,X,Export,600,PRY,Paraguay,0,W00,World,H6,HS,TRUE,121221,"Seaweeds and other algae; fit for human consumption, fresh, chilled, frozen or dried, whether or not ground",6,TRUE,C00,TOTAL CPC,0,0,TOTAL MOT,8,kg,211.1,FALSE,8,kg,211,FALSE,211,FALSE,0,FALSE,,"$4,523.00","$4,523.00",0,TRUE,FALSE,$21.43
,"121221 (건조김, 마른김)",21.0201,$3.90,,C,A,20230101,2023,52,2023,410,KOR,Rep. of Korea,X,Export,604,PER,Peru,0,W00,World,H6,HS,TRUE,121221,"Seaweeds and other algae; fit for human consumption, fresh, chilled, frozen or dried, whether or not ground",6,TRUE,C00,TOTAL CPC,0,0,TOTAL MOT,8,kg,21020.1,FALSE,8,kg,"21,020",FALSE,"21,020",FALSE,0,FALSE,,"$81,920.00","$81,920.00",0,TRUE,FALSE,$3.90
,"121221 (건조김, 마른김)",145.87238,$8.62,,C,A,20230101,2023,52,2023,410,KOR,Rep. of Korea,X,Export,608,PHL,Philippines,0,W00,World,H6,HS,TRUE,121221,"Seaweeds and other algae; fit for human consumption, fresh, chilled, frozen or dried, whether or not ground",6,TRUE,C00,TOTAL CPC,0,0,TOTAL MOT,8,kg,145872.38,FALSE,8,kg,"145,872",FALSE,"145,872",FALSE,0,FALSE,,"$1,256,871.00","$1,256,871.00",0,TRUE,FALSE,$8.62
,"121221 (건조김, 마른김)",18.30474,$16.16,,C,A,20230101,2023,52,2023,410,KOR,Rep. of Korea,X,Export,616,POL,Poland,0,W00,World,H6,HS,TRUE,121221,"Seaweeds and other algae; fit for human consumption, fresh, chilled, frozen or dried, whether or not ground",6,TRUE,C00,TOTAL CPC,0,0,TOTAL MOT,8,kg,18304.74,FALSE,8,kg,"18,305",FALSE,"18,305",FALSE,0,FALSE,,"$295,838.00","$295,838.00",0,TRUE,FALSE,$16.16
,"121221 (건조김, 마른김)",0.71785,$18.84,,C,A,20230101,2023,52,2023,410,KOR,Rep. of Korea,X,Export,634,QAT,Qatar,0,W00,World,H6,HS,TRUE,121221,"Seaweeds and other algae; fit for human consumption, fresh, chilled, frozen or dried, whether or not ground",6,TRUE,C00,TOTAL CPC,0,0,TOTAL MOT,8,kg,717.85,FALSE,8,kg,718,FALSE,718,FALSE,0,FALSE,,"$13,522.00","$13,522.00",0,TRUE,FALSE,$18.84
,"121221 (건조김, 마른김)",0.121,$19.27,,C,A,20230101,2023,52,2023,410,KOR,Rep. of Korea,X,Export,642,ROU,Romania,0,W00,World,H6,HS,TRUE,121221,"Seaweeds and other algae; fit for human consumption, fresh, chilled, frozen or dried, whether or not ground",6,TRUE,C00,TOTAL CPC,0,0,TOTAL MOT,8,kg,121,FALSE,8,kg,121,FALSE,121,FALSE,0,FALSE,,"$2,332.00","$2,332.00",0,TRUE,FALSE,$19.27
,"121221 (건조김, 마른김)",1955.909,$22.63,,C,A,20230101,2023,52,2023,410,KOR,Rep. of Korea,X,Export,643,RUS,Russian Federation,0,W00,World,H6,HS,TRUE,121221,"Seaweeds and other algae; fit for human consumption, fresh, chilled, frozen or dried, whether or not ground",6,TRUE,C00,TOTAL CPC,0,0,TOTAL MOT,8,kg,1955909,FALSE,8,kg,"1,955,909",FALSE,"1,955,909",FALSE,0,FALSE,,"$44,263,053.00","$44,263,053.00",0,TRUE,FALSE,$22.63
,"121221 (건조김, 마른김)",0.15,$0.20,,C,A,20230101,2023,52,2023,410,KOR,Rep. of Korea,X,Export,646,RWA,Rwanda,0,W00,World,H6,HS,TRUE,121221,"Seaweeds and other algae; fit for human consumption, fresh, chilled, frozen or dried, whether or not ground",6,TRUE,C00,TOTAL CPC,0,0,TOTAL MOT,8,kg,150,FALSE,8,kg,150,FALSE,150,FALSE,0,FALSE,,$30.00,$30.00,0,TRUE,FALSE,$0.20
,"121221 (건조김, 마른김)",2.55494,$16.02,,C,A,20230101,2023,52,2023,410,KOR,Rep. of Korea,X,Export,682,SAU,Saudi Arabia,0,W00,World,H6,HS,TRUE,121221,"Seaweeds and other algae; fit for human consumption, fresh, chilled, frozen or dried, whether or not ground",6,TRUE,C00,TOTAL CPC,0,0,TOTAL MOT,8,kg,2554.94,FALSE,8,kg,"2,555",FALSE,"2,555",FALSE,0,FALSE,,"$40,918.00","$40,918.00",0,TRUE,FALSE,$16.02
,"121221 (건조김, 마른김)",0.21,$11.24,,C,A,20230101,2023,52,2023,410,KOR,Rep. of Korea,X,Export,688,SRB,Serbia,0,W00,World,H6,HS,TRUE,121221,"Seaweeds and other algae; fit for human consumption, fresh, chilled, frozen or dried, whether or not ground",6,TRUE,C00,TOTAL CPC,0,0,TOTAL MOT,8,kg,210,FALSE,8,kg,210,FALSE,210,FALSE,0,FALSE,,"$2,361.00","$2,361.00",0,TRUE,FALSE,$11.24
,"121221 (건조김, 마른김)",1.9868,$17.11,,C,A,20230101,2023,52,2023,410,KOR,Rep. of Korea,X,Export,699,IND,India,0,W00,World,H6,HS,TRUE,121221,"Seaweeds and other algae; fit for human consumption, fresh, chilled, frozen or dried, whether or not ground",6,TRUE,C00,TOTAL CPC,0,0,TOTAL MOT,8,kg,1986.8,FALSE,8,kg,"1,987",FALSE,"1,987",FALSE,0,FALSE,,"$33,985.00","$33,985.00",0,TRUE,FALSE,$17.11
,"121221 (건조김, 마른김)",108.986231,$18.94,,C,A,20230101,2023,52,2023,410,KOR,Rep. of Korea,X,Export,702,SGP,Singapore,0,W00,World,H6,HS,TRUE,121221,"Seaweeds and other algae; fit for human consumption, fresh, chilled, frozen or dried, whether or not ground",6,TRUE,C00,TOTAL CPC,0,0,TOTAL MOT,8,kg,108986.231,FALSE,8,kg,"108,986",FALSE,"108,986",FALSE,0,FALSE,,"$2,063,998.00","$2,063,998.00",0,TRUE,FALSE,$18.94
,"121221 (건조김, 마른김)",817.8938,$14.38,,C,A,20230101,2023,52,2023,410,KOR,Rep. of Korea,X,Export,704,VNM,Viet Nam,0,W00,World,H6,HS,TRUE,121221,"Seaweeds and other algae; fit for human consumption, fresh, chilled, frozen or dried, whether or not ground",6,TRUE,C00,TOTAL CPC,0,0,TOTAL MOT,8,kg,817893.8,FALSE,8,kg,"817,894",FALSE,"817,894",FALSE,0,FALSE,,"$11,763,776.00","$11,763,776.00",0,TRUE,FALSE,$14.38
,"121221 (건조김, 마른김)",2.96104,$26.36,,C,A,20230101,2023,52,2023,410,KOR,Rep. of Korea,X,Export,705,SVN,Slovenia,0,W00,World,H6,HS,TRUE,121221,"Seaweeds and other algae; fit for human consumption, fresh, chilled, frozen or dried, whether or not ground",6,TRUE,C00,TOTAL CPC,0,0,TOTAL MOT,8,kg,2961.04,FALSE,8,kg,"2,961",FALSE,"2,961",FALSE,0,FALSE,,"$78,040.00","$78,040.00",0,TRUE,FALSE,$26.36
,"121221 (건조김, 마른김)",0.7265,$5.86,,C,A,20230101,2023,52,2023,410,KOR,Rep. of Korea,X,Export,710,ZAF,South Africa,0,W00,World,H6,HS,TRUE,121221,"Seaweeds and other algae; fit for human consumption, fresh, chilled, frozen or dried, whether or not ground",6,TRUE,C00,TOTAL CPC,0,0,TOTAL MOT,8,kg,726.5,FALSE,8,kg,727,FALSE,727,FALSE,0,FALSE,,"$4,255.00","$4,255.00",0,TRUE,FALSE,$5.86
,"121221 (건조김, 마른김)",2.03822,$23.86,,C,A,20230101,2023,52,2023,410,KOR,Rep. of Korea,X,Export,724,ESP,Spain,0,W00,World,H6,HS,TRUE,121221,"Seaweeds and other algae; fit for human consumption, fresh, chilled, frozen or dried, whether or not ground",6,TRUE,C00,TOTAL CPC,0,0,TOTAL MOT,8,kg,2038.22,FALSE,8,kg,"2,038",FALSE,"2,038",FALSE,0,FALSE,,"$48,638.00","$48,638.00",0,TRUE,FALSE,$23.86
,"121221 (건조김, 마른김)",0.35986,$19.07,,C,A,20230101,2023,52,2023,410,KOR,Rep. of Korea,X,Export,752,SWE,Sweden,0,W00,World,H6,HS,TRUE,121221,"Seaweeds and other algae; fit for human consumption, fresh, chilled, frozen or dried, whether or not ground",6,TRUE,C00,TOTAL CPC,0,0,TOTAL MOT,8,kg,359.86,FALSE,8,kg,360,FALSE,360,FALSE,0,FALSE,,"$6,861.00","$6,861.00",0,TRUE,FALSE,$19.07
,"121221 (건조김, 마른김)",0.01875,$62.99,,C,A,20230101,2023,52,2023,410,KOR,Rep. of Korea,X,Export,757,CHE,Switzerland,0,W00,World,H6,HS,TRUE,121221,"Seaweeds and other algae; fit for human consumption, fresh, chilled, frozen or dried, whether or not ground",6,TRUE,C00,TOTAL CPC,0,0,TOTAL MOT,8,kg,18.75,FALSE,8,kg,19,FALSE,19,FALSE,0,FALSE,,"$1,181.00","$1,181.00",0,TRUE,FALSE,$62.99
,"121221 (건조김, 마른김)",4229.454,$14.73,,C,A,20230101,2023,52,2023,410,KOR,Rep. of Korea,X,Export,764,THA,Thailand,0,W00,World,H6,HS,TRUE,121221,"Seaweeds and other algae; fit for human consumption, fresh, chilled, frozen or dried, whether or not ground",6,TRUE,C00,TOTAL CPC,0,0,TOTAL MOT,8,kg,4229454,FALSE,8,kg,"4,229,454",FALSE,"4,229,454",FALSE,0,FALSE,,"$62,304,048.00","$62,304,048.00",0,TRUE,FALSE,$14.73
,"121221 (건조김, 마른김)",0.03,$25.33,,C,A,20230101,2023,52,2023,410,KOR,Rep. of Korea,X,Export,780,TTO,Trinidad and Tobago,0,W00,World,H6,HS,TRUE,121221,"Seaweeds and other algae; fit for human consumption, fresh, chilled, frozen or dried, whether or not ground",6,TRUE,C00,TOTAL CPC,0,0,TOTAL MOT,8,kg,30,FALSE,8,kg,30,FALSE,30,FALSE,0,FALSE,,$760.00,$760.00,0,TRUE,FALSE,$25.33
,"121221 (건조김, 마른김)",9.38555,$17.99,,C,A,20230101,2023,52,2023,410,KOR,Rep. of Korea,X,Export,784,ARE,United Arab Emirates,0,W00,World,H6,HS,TRUE,121221,"Seaweeds and other algae; fit for human consumption, fresh, chilled, frozen or dried, whether or not ground",6,TRUE,C00,TOTAL CPC,0,0,TOTAL MOT,8,kg,9385.55,FALSE,8,kg,"9,386",FALSE,"9,386",FALSE,0,FALSE,,"$168,839.00","$168,839.00",0,TRUE,FALSE,$17.99
,"121221 (건조김, 마른김)",38.1325,$21.30,,C,A,20230101,2023,52,2023,410,KOR,Rep. of Korea,X,Export,792,TUR,Türkiye,0,W00,World,H6,HS,TRUE,121221,"Seaweeds and other algae; fit for human consumption, fresh, chilled, frozen or dried, whether or not ground",6,TRUE,C00,TOTAL CPC,0,0,TOTAL MOT,8,kg,38132.5,FALSE,8,kg,"38,133",FALSE,"38,133",FALSE,0,FALSE,,"$812,081.00","$812,081.00",0,TRUE,FALSE,$21.30
,"121221 (건조김, 마른김)",3.87215,$25.01,,C,A,20230101,2023,52,2023,410,KOR,Rep. of Korea,X,Export,804,UKR,Ukraine,0,W00,World,H6,HS,TRUE,121221,"Seaweeds and other algae; fit for human consumption, fresh, chilled, frozen or dried, whether or not ground",6,TRUE,C00,TOTAL CPC,0,0,TOTAL MOT,8,kg,3872.15,FALSE,8,kg,"3,872",FALSE,"3,872",FALSE,0,FALSE,,"$96,850.00","$96,850.00",0,TRUE,FALSE,$25.01
,"121221 (건조김, 마른김)",41.15934,$14.03,,C,A,20230101,2023,52,2023,410,KOR,Rep. of Korea,X,Export,826,GBR,United Kingdom,0,W00,World,H6,HS,TRUE,121221,"Seaweeds and other algae; fit for human consumption, fresh, chilled, frozen or dried, whether or not ground",6,TRUE,C00,TOTAL CPC,0,0,TOTAL MOT,8,kg,41159.34,FALSE,8,kg,"41,159",FALSE,"41,159",FALSE,0,FALSE,,"$577,343.00","$577,343.00",0,TRUE,FALSE,$14.03
,"121221 (건조김, 마른김)",0.267389,$3.83,,C,A,20230101,2023,52,2023,410,KOR,Rep. of Korea,X,Export,834,TZA,United Rep. of Tanzania,0,W00,World,H6,HS,TRUE,121221,"Seaweeds and other algae; fit for human consumption, fresh, chilled, frozen or dried, whether or not ground",6,TRUE,C00,TOTAL CPC,0,0,TOTAL MOT,8,kg,267.389,FALSE,8,kg,267,FALSE,267,FALSE,0,FALSE,,"$1,025.00","$1,025.00",0,TRUE,FALSE,$3.83
,"121221 (건조김, 마른김)",1963.77,$10.64,,C,A,20230101,2023,52,2023,410,KOR,Rep. of Korea,X,Export,842,USA,USA,0,W00,World,H6,HS,TRUE,121221,"Seaweeds and other algae; fit for human consumption, fresh, chilled, frozen or dried, whether or not ground",6,TRUE,C00,TOTAL CPC,0,0,TOTAL MOT,8,kg,1963770,FALSE,8,kg,"1,963,770",FALSE,"1,963,770",FALSE,0,FALSE,,"$20,903,199.00","$20,903,199.00",0,TRUE,FALSE,$10.64
,"121221 (건조김, 마른김)",1.4998,$12.44,,C,A,20230101,2023,52,2023,410,KOR,Rep. of Korea,X,Export,860,UZB,Uzbekistan,0,W00,World,H6,HS,TRUE,121221,"Seaweeds and other algae; fit for human consumption, fresh, chilled, frozen or dried, whether or not ground",6,TRUE,C00,TOTAL CPC,0,0,TOTAL MOT,8,kg,1499.8,FALSE,8,kg,"1,500",FALSE,"1,500",FALSE,0,FALSE,,"$18,653.00","$18,653.00",0,TRUE,FALSE,$12.44
,"121221 (건조김, 마른김)",0.09561,$25.07,,C,A,20230101,2023,52,2023,410,KOR,Rep. of Korea,X,Export,882,WSM,Samoa,0,W00,World,H6,HS,TRUE,121221,"Seaweeds and other algae; fit for human consumption, fresh, chilled, frozen or dried, whether or not ground",6,TRUE,C00,TOTAL CPC,0,0,TOTAL MOT,8,kg,95.61,FALSE,8,kg,96,FALSE,96,FALSE,0,FALSE,,"$2,397.00","$2,397.00",0,TRUE,FALSE,$25.07
,"200899 (구운김, 조미김)",26734.17979,$20.47,,C,A,20230101,2023,52,2023,410,KOR,Rep. of Korea,X,Export,0,W00,World,0,W00,World,H6,HS,TRUE,200899,"Fruit, nuts and other edible parts of plants; prepared or preserved, whether or not containing added sugar, other sweetening matter or spirit, n.e.c. in heading no. 2008",6,TRUE,C00,TOTAL CPC,0,0,TOTAL MOT,8,kg,26734179.79,FALSE,8,kg,"26,734,180",FALSE,"26,734,180",FALSE,0,FALSE,,"$547,146,589.00","$547,146,589.00",0,FALSE,TRUE,$20.47
,"200899 (구운김, 조미김)",0.017197,$27.68,,C,A,20230101,2023,52,2023,410,KOR,Rep. of Korea,X,Export,8,ALB,Albania,0,W00,World,H6,HS,TRUE,200899,"Fruit, nuts and other edible parts of plants; prepared or preserved, whether or not containing added sugar, other sweetening matter or spirit, n.e.c. in heading no. 2008",6,TRUE,C00,TOTAL CPC,0,0,TOTAL MOT,8,kg,17.197,FALSE,8,kg,17,FALSE,17,FALSE,0,FALSE,,$476.00,$476.00,0,TRUE,FALSE,$27.68
,"200899 (구운김, 조미김)",0.732606,$5.71,,C,A,20230101,2023,52,2023,410,KOR,Rep. of Korea,X,Export,12,DZA,Algeria,0,W00,World,H6,HS,TRUE,200899,"Fruit, nuts and other edible parts of plants; prepared or preserved, whether or not containing added sugar, other sweetening matter or spirit, n.e.c. in heading no. 2008",6,TRUE,C00,TOTAL CPC,0,0,TOTAL MOT,8,kg,732.606,FALSE,8,kg,733,FALSE,733,FALSE,0,FALSE,,"$4,181.00","$4,181.00",0,TRUE,FALSE,$5.71
,"200899 (구운김, 조미김)",0.7924,$27.66,,C,A,20230101,2023,52,2023,410,KOR,Rep. of Korea,X,Export,16,ASM,American Samoa,0,W00,World,H6,HS,TRUE,200899,"Fruit, nuts and other edible parts of plants; prepared or preserved, whether or not containing added sugar, other sweetening matter or spirit, n.e.c. in heading no. 2008",6,TRUE,C00,TOTAL CPC,0,0,TOTAL MOT,8,kg,792.4,FALSE,8,kg,792,FALSE,792,FALSE,0,FALSE,,"$21,916.00","$21,916.00",0,TRUE,FALSE,$27.66
,"200899 (구운김, 조미김)",0.10202,$44.92,,C,A,20230101,2023,52,2023,410,KOR,Rep. of Korea,X,Export,31,AZE,Azerbaijan,0,W00,World,H6,HS,TRUE,200899,"Fruit, nuts and other edible parts of plants; prepared or preserved, whether or not containing added sugar, other sweetening matter or spirit, n.e.c. in heading no. 2008",6,TRUE,C00,TOTAL CPC,0,0,TOTAL MOT,8,kg,102.02,FALSE,8,kg,102,FALSE,102,FALSE,0,FALSE,,"$4,583.00","$4,583.00",0,TRUE,FALSE,$44.92
,"200899 (구운김, 조미김)",1.57694,$43.51,,C,A,20230101,2023,52,2023,410,KOR,Rep. of Korea,X,Export,32,ARG,Argentina,0,W00,World,H6,HS,TRUE,200899,"Fruit, nuts and other edible parts of plants; prepared or preserved, whether or not containing added sugar, other sweetening matter or spirit, n.e.c. in heading no. 2008",6,TRUE,C00,TOTAL CPC,0,0,TOTAL MOT,8,kg,1576.94,FALSE,8,kg,"1,577",FALSE,"1,577",FALSE,0,FALSE,,"$68,617.00","$68,617.00",0,TRUE,FALSE,$43.51
,"200899 (구운김, 조미김)",911.2878,$21.98,,C,A,20230101,2023,52,2023,410,KOR,Rep. of Korea,X,Export,36,AUS,Australia,0,W00,World,H6,HS,TRUE,200899,"Fruit, nuts and other edible parts of plants; prepared or preserved, whether or not containing added sugar, other sweetening matter or spirit, n.e.c. in heading no. 2008",6,TRUE,C00,TOTAL CPC,0,0,TOTAL MOT,8,kg,911287.8,FALSE,8,kg,"911,288",FALSE,"911,288",FALSE,0,FALSE,,"$20,033,464.00","$20,033,464.00",0,TRUE,FALSE,$21.98
,"200899 (구운김, 조미김)",15.23991,$14.30,,C,A,20230101,2023,52,2023,410,KOR,Rep. of Korea,X,Export,40,AUT,Austria,0,W00,World,H6,HS,TRUE,200899,"Fruit, nuts and other edible parts of plants; prepared or preserved, whether or not containing added sugar, other sweetening matter or spirit, n.e.c. in heading no. 2008",6,TRUE,C00,TOTAL CPC,0,0,TOTAL MOT,8,kg,15239.91,FALSE,8,kg,"15,240",FALSE,"15,240",FALSE,0,FALSE,,"$217,951.00","$217,951.00",0,TRUE,FALSE,$14.30
,"200899 (구운김, 조미김)",0.45382,$43.07,,C,A,20230101,2023,52,2023,410,KOR,Rep. of Korea,X,Export,48,BHR,Bahrain,0,W00,World,H6,HS,TRUE,200899,"Fruit, nuts and other edible parts of plants; prepared or preserved, whether or not containing added sugar, other sweetening matter or spirit, n.e.c. in heading no. 2008",6,TRUE,C00,TOTAL CPC,0,0,TOTAL MOT,8,kg,453.82,FALSE,8,kg,454,FALSE,454,FALSE,0,FALSE,,"$19,545.00","$19,545.00",0,TRUE,FALSE,$43.07
,"200899 (구운김, 조미김)",0.7875,$26.97,,C,A,20230101,2023,52,2023,410,KOR,Rep. of Korea,X,Export,50,BGD,Bangladesh,0,W00,World,H6,HS,TRUE,200899,"Fruit, nuts and other edible parts of plants; prepared or preserved, whether or not containing added sugar, other sweetening matter or spirit, n.e.c. in heading no. 2008",6,TRUE,C00,TOTAL CPC,0,0,TOTAL MOT,8,kg,787.5,FALSE,8,kg,788,FALSE,788,FALSE,0,FALSE,,"$21,240.00","$21,240.00",0,TRUE,FALSE,$26.97
,"200899 (구운김, 조미김)",439.15978,$3.50,,C,A,20230101,2023,52,2023,410,KOR,Rep. of Korea,X,Export,56,BEL,Belgium,0,W00,World,H6,HS,TRUE,200899,"Fruit, nuts and other edible parts of plants; prepared or preserved, whether or not containing added sugar, other sweetening matter or spirit, n.e.c. in heading no. 2008",6,TRUE,C00,TOTAL CPC,0,0,TOTAL MOT,8,kg,439159.78,FALSE,8,kg,"439,160",FALSE,"439,160",FALSE,0,FALSE,,"$1,538,248.00","$1,538,248.00",0,TRUE,FALSE,$3.50
,"200899 (구운김, 조미김)",0.584,$34.68,,C,A,20230101,2023,52,2023,410,KOR,Rep. of Korea,X,Export,64,BTN,Bhutan,0,W00,World,H6,HS,TRUE,200899,"Fruit, nuts and other edible parts of plants; prepared or preserved, whether or not containing added sugar, other sweetening matter or spirit, n.e.c. in heading no. 2008",6,TRUE,C00,TOTAL CPC,0,0,TOTAL MOT,8,kg,584,FALSE,8,kg,584,FALSE,584,FALSE,0,FALSE,,"$20,256.00","$20,256.00",0,TRUE,FALSE,$34.68
,"200899 (구운김, 조미김)",3.44366,$27.30,,C,A,20230101,2023,52,2023,410,KOR,Rep. of Korea,X,Export,68,BOL,Bolivia (Plurinational State of),0,W00,World,H6,HS,TRUE,200899,"Fruit, nuts and other edible parts of plants; prepared or preserved, whether or not containing added sugar, other sweetening matter or spirit, n.e.c. in heading no. 2008",6,TRUE,C00,TOTAL CPC,0,0,TOTAL MOT,8,kg,3443.66,FALSE,8,kg,"3,444",FALSE,"3,444",FALSE,0,FALSE,,"$94,023.00","$94,023.00",0,TRUE,FALSE,$27.30
,"200899 (구운김, 조미김)",0.1932,$27.08,,C,A,20230101,2023,52,2023,410,KOR,Rep. of Korea,X,Export,70,BIH,Bosnia Herzegovina,0,W00,World,H6,HS,TRUE,200899,"Fruit, nuts and other edible parts of plants; prepared or preserved, whether or not containing added sugar, other sweetening matter or spirit, n.e.c. in heading no. 2008",6,TRUE,C00,TOTAL CPC,0,0,TOTAL MOT,8,kg,193.2,FALSE,8,kg,193,FALSE,193,FALSE,0,FALSE,,"$5,232.00","$5,232.00",0,TRUE,FALSE,$27.08
,"200899 (구운김, 조미김)",266.41664,$20.42,,C,A,20230101,2023,52,2023,410,KOR,Rep. of Korea,X,Export,76,BRA,Brazil,0,W00,World,H6,HS,TRUE,200899,"Fruit, nuts and other edible parts of plants; prepared or preserved, whether or not containing added sugar, other sweetening matter or spirit, n.e.c. in heading no. 2008",6,TRUE,C00,TOTAL CPC,0,0,TOTAL MOT,8,kg,266416.64,FALSE,8,kg,"266,417",FALSE,"266,417",FALSE,0,FALSE,,"$5,439,660.00","$5,439,660.00",0,TRUE,FALSE,$20.42
,"200899 (구운김, 조미김)",0.00671,$25.34,,C,A,20230101,2023,52,2023,410,KOR,Rep. of Korea,X,Export,84,BLZ,Belize,0,W00,World,H6,HS,TRUE,200899,"Fruit, nuts and other edible parts of plants; prepared or preserved, whether or not containing added sugar, other sweetening matter or spirit, n.e.c. in heading no. 2008",6,TRUE,C00,TOTAL CPC,0,0,TOTAL MOT,8,kg,6.71,FALSE,8,kg,7,FALSE,7,FALSE,0,FALSE,,$170.00,$170.00,0,TRUE,FALSE,$25.34
,"200899 (구운김, 조미김)",5.16992,$14.19,,C,A,20230101,2023,52,2023,410,KOR,Rep. of Korea,X,Export,96,BRN,Brunei Darussalam,0,W00,World,H6,HS,TRUE,200899,"Fruit, nuts and other edible parts of plants; prepared or preserved, whether or not containing added sugar, other sweetening matter or spirit, n.e.c. in heading no. 2008",6,TRUE,C00,TOTAL CPC,0,0,TOTAL MOT,8,kg,5169.92,FALSE,8,kg,"5,170",FALSE,"5,170",FALSE,0,FALSE,,"$73,369.00","$73,369.00",0,TRUE,FALSE,$14.19
,"200899 (구운김, 조미김)",6.57598,$25.33,,C,A,20230101,2023,52,2023,410,KOR,Rep. of Korea,X,Export,100,BGR,Bulgaria,0,W00,World,H6,HS,TRUE,200899,"Fruit, nuts and other edible parts of plants; prepared or preserved, whether or not containing added sugar, other sweetening matter or spirit, n.e.c. in heading no. 2008",6,TRUE,C00,TOTAL CPC,0,0,TOTAL MOT,8,kg,6575.98,FALSE,8,kg,"6,576",FALSE,"6,576",FALSE,0,FALSE,,"$166,554.00","$166,554.00",0,TRUE,FALSE,$25.33
,"200899 (구운김, 조미김)",10.27424,$28.33,,C,A,20230101,2023,52,2023,410,KOR,Rep. of Korea,X,Export,104,MMR,Myanmar,0,W00,World,H6,HS,TRUE,200899,"Fruit, nuts and other edible parts of plants; prepared or preserved, whether or not containing added sugar, other sweetening matter or spirit, n.e.c. in heading no. 2008",6,TRUE,C00,TOTAL CPC,0,0,TOTAL MOT,8,kg,10274.24,FALSE,8,kg,"10,274",FALSE,"10,274",FALSE,0,FALSE,,"$291,099.00","$291,099.00",0,TRUE,FALSE,$28.33
,"200899 (구운김, 조미김)",0.073,$1.42,,C,A,20230101,2023,52,2023,410,KOR,Rep. of Korea,X,Export,108,BDI,Burundi,0,W00,World,H6,HS,TRUE,200899,"Fruit, nuts and other edible parts of plants; prepared or preserved, whether or not containing added sugar, other sweetening matter or spirit, n.e.c. in heading no. 2008",6,TRUE,C00,TOTAL CPC,0,0,TOTAL MOT,8,kg,73,FALSE,8,kg,73,FALSE,73,FALSE,0,FALSE,,$104.00,$104.00,0,TRUE,FALSE,$1.42
,"200899 (구운김, 조미김)",48.10677,$20.17,,C,A,20230101,2023,52,2023,410,KOR,Rep. of Korea,X,Export,116,KHM,Cambodia,0,W00,World,H6,HS,TRUE,200899,"Fruit, nuts and other edible parts of plants; prepared or preserved, whether or not containing added sugar, other sweetening matter or spirit, n.e.c. in heading no. 2008",6,TRUE,C00,TOTAL CPC,0,0,TOTAL MOT,8,kg,48106.77,FALSE,8,kg,"48,107",FALSE,"48,107",FALSE,0,FALSE,,"$970,341.00","$970,341.00",0,TRUE,FALSE,$20.17
,"200899 (구운김, 조미김)",0.002,$1.00,,C,A,20230101,2023,52,2023,410,KOR,Rep. of Korea,X,Export,120,CMR,Cameroon,0,W00,World,H6,HS,TRUE,200899,"Fruit, nuts and other edible parts of plants; prepared or preserved, whether or not containing added sugar, other sweetening matter or spirit, n.e.c. in heading no. 2008",6,TRUE,C00,TOTAL CPC,0,0,TOTAL MOT,8,kg,2,FALSE,8,kg,2,FALSE,2,FALSE,0,FALSE,,$2.00,$2.00,0,TRUE,FALSE,$1.00
,"200899 (구운김, 조미김)",958.1129,$30.17,,C,A,20230101,2023,52,2023,410,KOR,Rep. of Korea,X,Export,124,CAN,Canada,0,W00,World,H6,HS,TRUE,200899,"Fruit, nuts and other edible parts of plants; prepared or preserved, whether or not containing added sugar, other sweetening matter or spirit, n.e.c. in heading no. 2008",6,TRUE,C00,TOTAL CPC,0,0,TOTAL MOT,8,kg,958112.9,FALSE,8,kg,"958,113",FALSE,"958,113",FALSE,0,FALSE,,"$28,903,188.00","$28,903,188.00",0,TRUE,FALSE,$30.17
,"200899 (구운김, 조미김)",62.66282,$22.51,,C,A,20230101,2023,52,2023,410,KOR,Rep. of Korea,X,Export,152,CHL,Chile,0,W00,World,H6,HS,TRUE,200899,"Fruit, nuts and other edible parts of plants; prepared or preserved, whether or not containing added sugar, other sweetening matter or spirit, n.e.c. in heading no. 2008",6,TRUE,C00,TOTAL CPC,0,0,TOTAL MOT,8,kg,62662.82,FALSE,8,kg,"62,663",FALSE,"62,663",FALSE,0,FALSE,,"$1,410,324.00","$1,410,324.00",0,TRUE,FALSE,$22.51
,"200899 (구운김, 조미김)",2721.941,$18.37,,C,A,20230101,2023,52,2023,410,KOR,Rep. of Korea,X,Export,156,CHN,China,0,W00,World,H6,HS,TRUE,200899,"Fruit, nuts and other edible parts of plants; prepared or preserved, whether or not containing added sugar, other sweetening matter or spirit, n.e.c. in heading no. 2008",6,TRUE,C00,TOTAL CPC,0,0,TOTAL MOT,8,kg,2721941,FALSE,8,kg,"2,721,941",FALSE,"2,721,941",FALSE,0,FALSE,,"$49,992,788.00","$49,992,788.00",0,TRUE,FALSE,$18.37
,"200899 (구운김, 조미김)",3.24085,$10.17,,C,A,20230101,2023,52,2023,410,KOR,Rep. of Korea,X,Export,170,COL,Colombia,0,W00,World,H6,HS,TRUE,200899,"Fruit, nuts and other edible parts of plants; prepared or preserved, whether or not containing added sugar, other sweetening matter or spirit, n.e.c. in heading no. 2008",6,TRUE,C00,TOTAL CPC,0,0,TOTAL MOT,8,kg,3240.85,FALSE,8,kg,"3,241",FALSE,"3,241",FALSE,0,FALSE,,"$32,959.00","$32,959.00",0,TRUE,FALSE,$10.17
,"200899 (구운김, 조미김)",0.25359,$15.86,,C,A,20230101,2023,52,2023,410,KOR,Rep. of Korea,X,Export,188,CRI,Costa Rica,0,W00,World,H6,HS,TRUE,200899,"Fruit, nuts and other edible parts of plants; prepared or preserved, whether or not containing added sugar, other sweetening matter or spirit, n.e.c. in heading no. 2008",6,TRUE,C00,TOTAL CPC,0,0,TOTAL MOT,8,kg,253.59,FALSE,8,kg,254,FALSE,254,FALSE,0,FALSE,,"$4,021.00","$4,021.00",0,TRUE,FALSE,$15.86
,"200899 (구운김, 조미김)",0.11524,$32.18,,C,A,20230101,2023,52,2023,410,KOR,Rep. of Korea,X,Export,191,HRV,Croatia,0,W00,World,H6,HS,TRUE,200899,"Fruit, nuts and other edible parts of plants; prepared or preserved, whether or not containing added sugar, other sweetening matter or spirit, n.e.c. in heading no. 2008",6,TRUE,C00,TOTAL CPC,0,0,TOTAL MOT,8,kg,115.24,FALSE,8,kg,115,FALSE,115,FALSE,0,FALSE,,"$3,708.00","$3,708.00",0,TRUE,FALSE,$32.18
,"200899 (구운김, 조미김)",7.48222,$22.09,,C,A,20230101,2023,52,2023,410,KOR,Rep. of Korea,X,Export,196,CYP,Cyprus,0,W00,World,H6,HS,TRUE,200899,"Fruit, nuts and other edible parts of plants; prepared or preserved, whether or not containing added sugar, other sweetening matter or spirit, n.e.c. in heading no. 2008",6,TRUE,C00,TOTAL CPC,0,0,TOTAL MOT,8,kg,7482.22,FALSE,8,kg,"7,482",FALSE,"7,482",FALSE,0,FALSE,,"$165,296.00","$165,296.00",0,TRUE,FALSE,$22.09
,"200899 (구운김, 조미김)",52.68716,$5.90,,C,A,20230101,2023,52,2023,410,KOR,Rep. of Korea,X,Export,203,CZE,Czechia,0,W00,World,H6,HS,TRUE,200899,"Fruit, nuts and other edible parts of plants; prepared or preserved, whether or not containing added sugar, other sweetening matter or spirit, n.e.c. in heading no. 2008",6,TRUE,C00,TOTAL CPC,0,0,TOTAL MOT,8,kg,52687.16,FALSE,8,kg,"52,687",FALSE,"52,687",FALSE,0,FALSE,,"$310,805.00","$310,805.00",0,TRUE,FALSE,$5.90
,"200899 (구운김, 조미김)",112.154862,$3.99,,C,A,20230101,2023,52,2023,410,KOR,Rep. of Korea,X,Export,208,DNK,Denmark,0,W00,World,H6,HS,TRUE,200899,"Fruit, nuts and other edible parts of plants; prepared or preserved, whether or not containing added sugar, other sweetening matter or spirit, n.e.c. in heading no. 2008",6,TRUE,C00,TOTAL CPC,0,0,TOTAL MOT,8,kg,112154.862,FALSE,8,kg,"112,155",FALSE,"112,155",FALSE,0,FALSE,,"$446,943.00","$446,943.00",0,TRUE,FALSE,$3.99
,"200899 (구운김, 조미김)",0.51686,$26.74,,C,A,20230101,2023,52,2023,410,KOR,Rep. of Korea,X,Export,214,DOM,Dominican Rep.,0,W00,World,H6,HS,TRUE,200899,"Fruit, nuts and other edible parts of plants; prepared or preserved, whether or not containing added sugar, other sweetening matter or spirit, n.e.c. in heading no. 2008",6,TRUE,C00,TOTAL CPC,0,0,TOTAL MOT,8,kg,516.86,FALSE,8,kg,517,FALSE,517,FALSE,0,FALSE,,"$13,819.00","$13,819.00",0,TRUE,FALSE,$26.74
,"200899 (구운김, 조미김)",1.54996,$30.65,,C,A,20230101,2023,52,2023,410,KOR,Rep. of Korea,X,Export,218,ECU,Ecuador,0,W00,World,H6,HS,TRUE,200899,"Fruit, nuts and other edible parts of plants; prepared or preserved, whether or not containing added sugar, other sweetening matter or spirit, n.e.c. in heading no. 2008",6,TRUE,C00,TOTAL CPC,0,0,TOTAL MOT,8,kg,1549.96,FALSE,8,kg,"1,550",FALSE,"1,550",FALSE,0,FALSE,,"$47,503.00","$47,503.00",0,TRUE,FALSE,$30.65
,"200899 (구운김, 조미김)",2.79247,$38.40,,C,A,20230101,2023,52,2023,410,KOR,Rep. of Korea,X,Export,233,EST,Estonia,0,W00,World,H6,HS,TRUE,200899,"Fruit, nuts and other edible parts of plants; prepared or preserved, whether or not containing added sugar, other sweetening matter or spirit, n.e.c. in heading no. 2008",6,TRUE,C00,TOTAL CPC,0,0,TOTAL MOT,8,kg,2792.47,FALSE,8,kg,"2,792",FALSE,"2,792",FALSE,0,FALSE,,"$107,240.00","$107,240.00",0,TRUE,FALSE,$38.40
,"200899 (구운김, 조미김)",1.58168,$39.66,,C,A,20230101,2023,52,2023,410,KOR,Rep. of Korea,X,Export,242,FJI,Fiji,0,W00,World,H6,HS,TRUE,200899,"Fruit, nuts and other edible parts of plants; prepared or preserved, whether or not containing added sugar, other sweetening matter or spirit, n.e.c. in heading no. 2008",6,TRUE,C00,TOTAL CPC,0,0,TOTAL MOT,8,kg,1581.68,FALSE,8,kg,"1,582",FALSE,"1,582",FALSE,0,FALSE,,"$62,733.00","$62,733.00",0,TRUE,FALSE,$39.66
,"200899 (구운김, 조미김)",14.01036,$26.18,,C,A,20230101,2023,52,2023,410,KOR,Rep. of Korea,X,Export,246,FIN,Finland,0,W00,World,H6,HS,TRUE,200899,"Fruit, nuts and other edible parts of plants; prepared or preserved, whether or not containing added sugar, other sweetening matter or spirit, n.e.c. in heading no. 2008",6,TRUE,C00,TOTAL CPC,0,0,TOTAL MOT,8,kg,14010.36,FALSE,8,kg,"14,010",FALSE,"14,010",FALSE,0,FALSE,,"$366,748.00","$366,748.00",0,TRUE,FALSE,$26.18
,"200899 (구운김, 조미김)",216.63333,$23.51,,C,A,20230101,2023,52,2023,410,KOR,Rep. of Korea,X,Export,251,FRA,France,0,W00,World,H6,HS,TRUE,200899,"Fruit, nuts and other edible parts of plants; prepared or preserved, whether or not containing added sugar, other sweetening matter or spirit, n.e.c. in heading no. 2008",6,TRUE,C00,TOTAL CPC,0,0,TOTAL MOT,8,kg,216633.33,FALSE,8,kg,"216,633",FALSE,"216,633",FALSE,0,FALSE,,"$5,093,579.00","$5,093,579.00",0,TRUE,FALSE,$23.51
,"200899 (구운김, 조미김)",0.0676,$42.37,,C,A,20230101,2023,52,2023,410,KOR,Rep. of Korea,X,Export,268,GEO,Georgia,0,W00,World,H6,HS,TRUE,200899,"Fruit, nuts and other edible parts of plants; prepared or preserved, whether or not containing added sugar, other sweetening matter or spirit, n.e.c. in heading no. 2008",6,TRUE,C00,TOTAL CPC,0,0,TOTAL MOT,8,kg,67.6,FALSE,8,kg,68,FALSE,68,FALSE,0,FALSE,,"$2,864.00","$2,864.00",0,TRUE,FALSE,$42.37
,"200899 (구운김, 조미김)",473.0926,$25.60,,C,A,20230101,2023,52,2023,410,KOR,Rep. of Korea,X,Export,276,DEU,Germany,0,W00,World,H6,HS,TRUE,200899,"Fruit, nuts and other edible parts of plants; prepared or preserved, whether or not containing added sugar, other sweetening matter or spirit, n.e.c. in heading no. 2008",6,TRUE,C00,TOTAL CPC,0,0,TOTAL MOT,8,kg,473092.6,FALSE,8,kg,"473,093",FALSE,"473,093",FALSE,0,FALSE,,"$12,112,836.00","$12,112,836.00",0,TRUE,FALSE,$25.60
,"200899 (구운김, 조미김)",0.055,$2.29,,C,A,20230101,2023,52,2023,410,KOR,Rep. of Korea,X,Export,288,GHA,Ghana,0,W00,World,H6,HS,TRUE,200899,"Fruit, nuts and other edible parts of plants; prepared or preserved, whether or not containing added sugar, other sweetening matter or spirit, n.e.c. in heading no. 2008",6,TRUE,C00,TOTAL CPC,0,0,TOTAL MOT,8,kg,55,FALSE,8,kg,55,FALSE,55,FALSE,0,FALSE,,$126.00,$126.00,0,TRUE,FALSE,$2.29
,"200899 (구운김, 조미김)",7.95882,$22.36,,C,A,20230101,2023,52,2023,410,KOR,Rep. of Korea,X,Export,300,GRC,Greece,0,W00,World,H6,HS,TRUE,200899,"Fruit, nuts and other edible parts of plants; prepared or preserved, whether or not containing added sugar, other sweetening matter or spirit, n.e.c. in heading no. 2008",6,TRUE,C00,TOTAL CPC,0,0,TOTAL MOT,8,kg,7958.82,FALSE,8,kg,"7,959",FALSE,"7,959",FALSE,0,FALSE,,"$177,996.00","$177,996.00",0,TRUE,FALSE,$22.36
,"200899 (구운김, 조미김)",17.89848,$16.89,,C,A,20230101,2023,52,2023,410,KOR,Rep. of Korea,X,Export,316,GUM,Guam,0,W00,World,H6,HS,TRUE,200899,"Fruit, nuts and other edible parts of plants; prepared or preserved, whether or not containing added sugar, other sweetening matter or spirit, n.e.c. in heading no. 2008",6,TRUE,C00,TOTAL CPC,0,0,TOTAL MOT,8,kg,17898.48,FALSE,8,kg,"17,898",FALSE,"17,898",FALSE,0,FALSE,,"$302,233.00","$302,233.00",0,TRUE,FALSE,$16.89
,"200899 (구운김, 조미김)",2.935774,$20.38,,C,A,20230101,2023,52,2023,410,KOR,Rep. of Korea,X,Export,320,GTM,Guatemala,0,W00,World,H6,HS,TRUE,200899,"Fruit, nuts and other edible parts of plants; prepared or preserved, whether or not containing added sugar, other sweetening matter or spirit, n.e.c. in heading no. 2008",6,TRUE,C00,TOTAL CPC,0,0,TOTAL MOT,8,kg,2935.774,FALSE,8,kg,"2,936",FALSE,"2,936",FALSE,0,FALSE,,"$59,842.00","$59,842.00",0,TRUE,FALSE,$20.38
,"200899 (구운김, 조미김)",0.1743,$15.35,,C,A,20230101,2023,52,2023,410,KOR,Rep. of Korea,X,Export,324,GIN,Guinea,0,W00,World,H6,HS,TRUE,200899,"Fruit, nuts and other edible parts of plants; prepared or preserved, whether or not containing added sugar, other sweetening matter or spirit, n.e.c. in heading no. 2008",6,TRUE,C00,TOTAL CPC,0,0,TOTAL MOT,8,kg,174.3,FALSE,8,kg,174,FALSE,174,FALSE,0,FALSE,,"$2,676.00","$2,676.00",0,TRUE,FALSE,$15.35
,"200899 (구운김, 조미김)",0.27678,$13.96,,C,A,20230101,2023,52,2023,410,KOR,Rep. of Korea,X,Export,332,HTI,Haiti,0,W00,World,H6,HS,TRUE,200899,"Fruit, nuts and other edible parts of plants; prepared or preserved, whether or not containing added sugar, other sweetening matter or spirit, n.e.c. in heading no. 2008",6,TRUE,C00,TOTAL CPC,0,0,TOTAL MOT,8,kg,276.78,FALSE,8,kg,277,FALSE,277,FALSE,0,FALSE,,"$3,863.00","$3,863.00",0,TRUE,FALSE,$13.96
,"200899 (구운김, 조미김)",0.303,$4.09,,C,A,20230101,2023,52,2023,410,KOR,Rep. of Korea,X,Export,340,HND,Honduras,0,W00,World,H6,HS,TRUE,200899,"Fruit, nuts and other edible parts of plants; prepared or preserved, whether or not containing added sugar, other sweetening matter or spirit, n.e.c. in heading no. 2008",6,TRUE,C00,TOTAL CPC,0,0,TOTAL MOT,8,kg,303,FALSE,8,kg,303,FALSE,303,FALSE,0,FALSE,,"$1,239.00","$1,239.00",0,TRUE,FALSE,$4.09
,"200899 (구운김, 조미김)",456.9304,$19.03,,C,A,20230101,2023,52,2023,410,KOR,Rep. of Korea,X,Export,344,HKG,"China, Hong Kong SAR",0,W00,World,H6,HS,TRUE,200899,"Fruit, nuts and other edible parts of plants; prepared or preserved, whether or not containing added sugar, other sweetening matter or spirit, n.e.c. in heading no. 2008",6,TRUE,C00,TOTAL CPC,0,0,TOTAL MOT,8,kg,456930.4,FALSE,8,kg,"456,930",FALSE,"456,930",FALSE,0,FALSE,,"$8,696,093.00","$8,696,093.00",0,TRUE,FALSE,$19.03
,"200899 (구운김, 조미김)",0.98824,$27.19,,C,A,20230101,2023,52,2023,410,KOR,Rep. of Korea,X,Export,348,HUN,Hungary,0,W00,World,H6,HS,TRUE,200899,"Fruit, nuts and other edible parts of plants; prepared or preserved, whether or not containing added sugar, other sweetening matter or spirit, n.e.c. in heading no. 2008",6,TRUE,C00,TOTAL CPC,0,0,TOTAL MOT,8,kg,988.24,FALSE,8,kg,988,FALSE,988,FALSE,0,FALSE,,"$26,868.00","$26,868.00",0,TRUE,FALSE,$27.19
,"200899 (구운김, 조미김)",302.1247,$30.75,,C,A,20230101,2023,52,2023,410,KOR,Rep. of Korea,X,Export,360,IDN,Indonesia,0,W00,World,H6,HS,TRUE,200899,"Fruit, nuts and other edible parts of plants; prepared or preserved, whether or not containing added sugar, other sweetening matter or spirit, n.e.c. in heading no. 2008",6,TRUE,C00,TOTAL CPC,0,0,TOTAL MOT,8,kg,302124.7,FALSE,8,kg,"302,125",FALSE,"302,125",FALSE,0,FALSE,,"$9,290,066.00","$9,290,066.00",0,TRUE,FALSE,$30.75
,"200899 (구운김, 조미김)",5.127197,$11.37,,C,A,20230101,2023,52,2023,410,KOR,Rep. of Korea,X,Export,368,IRQ,Iraq,0,W00,World,H6,HS,TRUE,200899,"Fruit, nuts and other edible parts of plants; prepared or preserved, whether or not containing added sugar, other sweetening matter or spirit, n.e.c. in heading no. 2008",6,TRUE,C00,TOTAL CPC,0,0,TOTAL MOT,8,kg,5127.197,FALSE,8,kg,"5,127",FALSE,"5,127",FALSE,0,FALSE,,"$58,295.00","$58,295.00",0,TRUE,FALSE,$11.37
,"200899 (구운김, 조미김)",7.435823,$36.43,,C,A,20230101,2023,52,2023,410,KOR,Rep. of Korea,X,Export,372,IRL,Ireland,0,W00,World,H6,HS,TRUE,200899,"Fruit, nuts and other edible parts of plants; prepared or preserved, whether or not containing added sugar, other sweetening matter or spirit, n.e.c. in heading no. 2008",6,TRUE,C00,TOTAL CPC,0,0,TOTAL MOT,8,kg,7435.823,FALSE,8,kg,"7,436",FALSE,"7,436",FALSE,0,FALSE,,"$270,922.00","$270,922.00",0,TRUE,FALSE,$36.43
,"200899 (구운김, 조미김)",46.96059,$37.58,,C,A,20230101,2023,52,2023,410,KOR,Rep. of Korea,X,Export,376,ISR,Israel,0,W00,World,H6,HS,TRUE,200899,"Fruit, nuts and other edible parts of plants; prepared or preserved, whether or not containing added sugar, other sweetening matter or spirit, n.e.c. in heading no. 2008",6,TRUE,C00,TOTAL CPC,0,0,TOTAL MOT,8,kg,46960.59,FALSE,8,kg,"46,961",FALSE,"46,961",FALSE,0,FALSE,,"$1,764,746.00","$1,764,746.00",0,TRUE,FALSE,$37.58
,"200899 (구운김, 조미김)",51.62778,$27.32,,C,A,20230101,2023,52,2023,410,KOR,Rep. of Korea,X,Export,380,ITA,Italy,0,W00,World,H6,HS,TRUE,200899,"Fruit, nuts and other edible parts of plants; prepared or preserved, whether or not containing added sugar, other sweetening matter or spirit, n.e.c. in heading no. 2008",6,TRUE,C00,TOTAL CPC,0,0,TOTAL MOT,8,kg,51627.78,FALSE,8,kg,"51,628",FALSE,"51,628",FALSE,0,FALSE,,"$1,410,335.00","$1,410,335.00",0,TRUE,FALSE,$27.32
,"200899 (구운김, 조미김)",4264.218,$18.58,,C,A,20230101,2023,52,2023,410,KOR,Rep. of Korea,X,Export,392,JPN,Japan,0,W00,World,H6,HS,TRUE,200899,"Fruit, nuts and other edible parts of plants; prepared or preserved, whether or not containing added sugar, other sweetening matter or spirit, n.e.c. in heading no. 2008",6,TRUE,C00,TOTAL CPC,0,0,TOTAL MOT,8,kg,4264218,FALSE,8,kg,"4,264,218",FALSE,"4,264,218",FALSE,0,FALSE,,"$79,234,436.00","$79,234,436.00",0,TRUE,FALSE,$18.58
,"200899 (구운김, 조미김)",50.551876,$26.43,,C,A,20230101,2023,52,2023,410,KOR,Rep. of Korea,X,Export,398,KAZ,Kazakhstan,0,W00,World,H6,HS,TRUE,200899,"Fruit, nuts and other edible parts of plants; prepared or preserved, whether or not containing added sugar, other sweetening matter or spirit, n.e.c. in heading no. 2008",6,TRUE,C00,TOTAL CPC,0,0,TOTAL MOT,8,kg,50551.876,FALSE,8,kg,"50,552",FALSE,"50,552",FALSE,0,FALSE,,"$1,336,163.00","$1,336,163.00",0,TRUE,FALSE,$26.43
,"200899 (구운김, 조미김)",0.042,$23.38,,C,A,20230101,2023,52,2023,410,KOR,Rep. of Korea,X,Export,400,JOR,Jordan,0,W00,World,H6,HS,TRUE,200899,"Fruit, nuts and other edible parts of plants; prepared or preserved, whether or not containing added sugar, other sweetening matter or spirit, n.e.c. in heading no. 2008",6,TRUE,C00,TOTAL CPC,0,0,TOTAL MOT,8,kg,42,FALSE,8,kg,42,FALSE,42,FALSE,0,FALSE,,$982.00,$982.00,0,TRUE,FALSE,$23.38
,"200899 (구운김, 조미김)",0.0045,$34.89,,C,A,20230101,2023,52,2023,410,KOR,Rep. of Korea,X,Export,404,KEN,Kenya,0,W00,World,H6,HS,TRUE,200899,"Fruit, nuts and other edible parts of plants; prepared or preserved, whether or not containing added sugar, other sweetening matter or spirit, n.e.c. in heading no. 2008",6,TRUE,C00,TOTAL CPC,0,0,TOTAL MOT,8,kg,4.5,FALSE,8,kg,5,FALSE,5,FALSE,0,FALSE,,$157.00,$157.00,0,TRUE,FALSE,$34.89
,"200899 (구운김, 조미김)",2.735632,$38.23,,C,A,20230101,2023,52,2023,410,KOR,Rep. of Korea,X,Export,414,KWT,Kuwait,0,W00,World,H6,HS,TRUE,200899,"Fruit, nuts and other edible parts of plants; prepared or preserved, whether or not containing added sugar, other sweetening matter or spirit, n.e.c. in heading no. 2008",6,TRUE,C00,TOTAL CPC,0,0,TOTAL MOT,8,kg,2735.632,FALSE,8,kg,"2,736",FALSE,"2,736",FALSE,0,FALSE,,"$104,571.00","$104,571.00",0,TRUE,FALSE,$38.23
,"200899 (구운김, 조미김)",3.176538,$11.55,,C,A,20230101,2023,52,2023,410,KOR,Rep. of Korea,X,Export,417,KGZ,Kyrgyzstan,0,W00,World,H6,HS,TRUE,200899,"Fruit, nuts and other edible parts of plants; prepared or preserved, whether or not containing added sugar, other sweetening matter or spirit, n.e.c. in heading no. 2008",6,TRUE,C00,TOTAL CPC,0,0,TOTAL MOT,8,kg,3176.538,FALSE,8,kg,"3,177",FALSE,"3,177",FALSE,0,FALSE,,"$36,684.00","$36,684.00",0,TRUE,FALSE,$11.55
,"200899 (구운김, 조미김)",15.33931,$14.22,,C,A,20230101,2023,52,2023,410,KOR,Rep. of Korea,X,Export,418,LAO,Lao People's Dem. Rep.,0,W00,World,H6,HS,TRUE,200899,"Fruit, nuts and other edible parts of plants; prepared or preserved, whether or not containing added sugar, other sweetening matter or spirit, n.e.c. in heading no. 2008",6,TRUE,C00,TOTAL CPC,0,0,TOTAL MOT,8,kg,15339.31,FALSE,8,kg,"15,339",FALSE,"15,339",FALSE,0,FALSE,,"$218,088.00","$218,088.00",0,TRUE,FALSE,$14.22
,"200899 (구운김, 조미김)",1.39629,$25.61,,C,A,20230101,2023,52,2023,410,KOR,Rep. of Korea,X,Export,422,LBN,Lebanon,0,W00,World,H6,HS,TRUE,200899,"Fruit, nuts and other edible parts of plants; prepared or preserved, whether or not containing added sugar, other sweetening matter or spirit, n.e.c. in heading no. 2008",6,TRUE,C00,TOTAL CPC,0,0,TOTAL MOT,8,kg,1396.29,FALSE,8,kg,"1,396",FALSE,"1,396",FALSE,0,FALSE,,"$35,758.00","$35,758.00",0,TRUE,FALSE,$25.61
,"200899 (구운김, 조미김)",4.058,$29.95,,C,A,20230101,2023,52,2023,410,KOR,Rep. of Korea,X,Export,428,LVA,Latvia,0,W00,World,H6,HS,TRUE,200899,"Fruit, nuts and other edible parts of plants; prepared or preserved, whether or not containing added sugar, other sweetening matter or spirit, n.e.c. in heading no. 2008",6,TRUE,C00,TOTAL CPC,0,0,TOTAL MOT,8,kg,4058,FALSE,8,kg,"4,058",FALSE,"4,058",FALSE,0,FALSE,,"$121,548.00","$121,548.00",0,TRUE,FALSE,$29.95
,"200899 (구운김, 조미김)",0.1968,$32.85,,C,A,20230101,2023,52,2023,410,KOR,Rep. of Korea,X,Export,434,LBY,Libya,0,W00,World,H6,HS,TRUE,200899,"Fruit, nuts and other edible parts of plants; prepared or preserved, whether or not containing added sugar, other sweetening matter or spirit, n.e.c. in heading no. 2008",6,TRUE,C00,TOTAL CPC,0,0,TOTAL MOT,8,kg,196.8,FALSE,8,kg,197,FALSE,197,FALSE,0,FALSE,,"$6,465.00","$6,465.00",0,TRUE,FALSE,$32.85
,"200899 (구운김, 조미김)",36.21146,$16.04,,C,A,20230101,2023,52,2023,410,KOR,Rep. of Korea,X,Export,440,LTU,Lithuania,0,W00,World,H6,HS,TRUE,200899,"Fruit, nuts and other edible parts of plants; prepared or preserved, whether or not containing added sugar, other sweetening matter or spirit, n.e.c. in heading no. 2008",6,TRUE,C00,TOTAL CPC,0,0,TOTAL MOT,8,kg,36211.46,FALSE,8,kg,"36,211",FALSE,"36,211",FALSE,0,FALSE,,"$580,654.00","$580,654.00",0,TRUE,FALSE,$16.04
,"200899 (구운김, 조미김)",0.0948,$35.73,,C,A,20230101,2023,52,2023,410,KOR,Rep. of Korea,X,Export,446,MAC,"China, Macao SAR",0,W00,World,H6,HS,TRUE,200899,"Fruit, nuts and other edible parts of plants; prepared or preserved, whether or not containing added sugar, other sweetening matter or spirit, n.e.c. in heading no. 2008",6,TRUE,C00,TOTAL CPC,0,0,TOTAL MOT,8,kg,94.8,FALSE,8,kg,95,FALSE,95,FALSE,0,FALSE,,"$3,387.00","$3,387.00",0,TRUE,FALSE,$35.73
,"200899 (구운김, 조미김)",0.002,$8.50,,C,A,20230101,2023,52,2023,410,KOR,Rep. of Korea,X,Export,450,MDG,Madagascar,0,W00,World,H6,HS,TRUE,200899,"Fruit, nuts and other edible parts of plants; prepared or preserved, whether or not containing added sugar, other sweetening matter or spirit, n.e.c. in heading no. 2008",6,TRUE,C00,TOTAL CPC,0,0,TOTAL MOT,8,kg,2,FALSE,8,kg,2,FALSE,2,FALSE,0,FALSE,,$17.00,$17.00,0,TRUE,FALSE,$8.50
,"200899 (구운김, 조미김)",473.2303,$10.80,,C,A,20230101,2023,52,2023,410,KOR,Rep. of Korea,X,Export,458,MYS,Malaysia,0,W00,World,H6,HS,TRUE,200899,"Fruit, nuts and other edible parts of plants; prepared or preserved, whether or not containing added sugar, other sweetening matter or spirit, n.e.c. in heading no. 2008",6,TRUE,C00,TOTAL CPC,0,0,TOTAL MOT,8,kg,473230.3,FALSE,8,kg,"473,230",FALSE,"473,230",FALSE,0,FALSE,,"$5,108,793.00","$5,108,793.00",0,TRUE,FALSE,$10.80
,"200899 (구운김, 조미김)",0.06752,$33.35,,C,A,20230101,2023,52,2023,410,KOR,Rep. of Korea,X,Export,470,MLT,Malta,0,W00,World,H6,HS,TRUE,200899,"Fruit, nuts and other edible parts of plants; prepared or preserved, whether or not containing added sugar, other sweetening matter or spirit, n.e.c. in heading no. 2008",6,TRUE,C00,TOTAL CPC,0,0,TOTAL MOT,8,kg,67.52,FALSE,8,kg,68,FALSE,68,FALSE,0,FALSE,,"$2,252.00","$2,252.00",0,TRUE,FALSE,$33.35
,"200899 (구운김, 조미김)",0.2477,$24.78,,C,A,20230101,2023,52,2023,410,KOR,Rep. of Korea,X,Export,480,MUS,Mauritius,0,W00,World,H6,HS,TRUE,200899,"Fruit, nuts and other edible parts of plants; prepared or preserved, whether or not containing added sugar, other sweetening matter or spirit, n.e.c. in heading no. 2008",6,TRUE,C00,TOTAL CPC,0,0,TOTAL MOT,8,kg,247.7,FALSE,8,kg,248,FALSE,248,FALSE,0,FALSE,,"$6,139.00","$6,139.00",0,TRUE,FALSE,$24.78
,"200899 (구운김, 조미김)",90.60152,$29.41,,C,A,20230101,2023,52,2023,410,KOR,Rep. of Korea,X,Export,484,MEX,Mexico,0,W00,World,H6,HS,TRUE,200899,"Fruit, nuts and other edible parts of plants; prepared or preserved, whether or not containing added sugar, other sweetening matter or spirit, n.e.c. in heading no. 2008",6,TRUE,C00,TOTAL CPC,0,0,TOTAL MOT,8,kg,90601.52,FALSE,8,kg,"90,602",FALSE,"90,602",FALSE,0,FALSE,,"$2,664,850.00","$2,664,850.00",0,TRUE,FALSE,$29.41
,"200899 (구운김, 조미김)",788.3228,$20.06,,C,A,20230101,2023,52,2023,410,KOR,Rep. of Korea,X,Export,490,S19,"Other Asia, nes",0,W00,World,H6,HS,TRUE,200899,"Fruit, nuts and other edible parts of plants; prepared or preserved, whether or not containing added sugar, other sweetening matter or spirit, n.e.c. in heading no. 2008",6,TRUE,C00,TOTAL CPC,0,0,TOTAL MOT,8,kg,788322.8,FALSE,8,kg,"788,323",FALSE,"788,323",FALSE,0,FALSE,,"$15,813,689.00","$15,813,689.00",0,TRUE,FALSE,$20.06
,"200899 (구운김, 조미김)",263.32354,$11.91,,C,A,20230101,2023,52,2023,410,KOR,Rep. of Korea,X,Export,496,MNG,Mongolia,0,W00,World,H6,HS,TRUE,200899,"Fruit, nuts and other edible parts of plants; prepared or preserved, whether or not containing added sugar, other sweetening matter or spirit, n.e.c. in heading no. 2008",6,TRUE,C00,TOTAL CPC,0,0,TOTAL MOT,8,kg,263323.54,FALSE,8,kg,"263,324",FALSE,"263,324",FALSE,0,FALSE,,"$3,136,525.00","$3,136,525.00",0,TRUE,FALSE,$11.91
,"200899 (구운김, 조미김)",10.95782,$20.36,,C,A,20230101,2023,52,2023,410,KOR,Rep. of Korea,X,Export,498,MDA,Rep. of Moldova,0,W00,World,H6,HS,TRUE,200899,"Fruit, nuts and other edible parts of plants; prepared or preserved, whether or not containing added sugar, other sweetening matter or spirit, n.e.c. in heading no. 2008",6,TRUE,C00,TOTAL CPC,0,0,TOTAL MOT,8,kg,10957.82,FALSE,8,kg,"10,958",FALSE,"10,958",FALSE,0,FALSE,,"$223,122.00","$223,122.00",0,TRUE,FALSE,$20.36
,"200899 (구운김, 조미김)",1.15864,$27.29,,C,A,20230101,2023,52,2023,410,KOR,Rep. of Korea,X,Export,504,MAR,Morocco,0,W00,World,H6,HS,TRUE,200899,"Fruit, nuts and other edible parts of plants; prepared or preserved, whether or not containing added sugar, other sweetening matter or spirit, n.e.c. in heading no. 2008",6,TRUE,C00,TOTAL CPC,0,0,TOTAL MOT,8,kg,1158.64,FALSE,8,kg,"1,159",FALSE,"1,159",FALSE,0,FALSE,,"$31,621.00","$31,621.00",0,TRUE,FALSE,$27.29
,"200899 (구운김, 조미김)",0.756,$13.35,,C,A,20230101,2023,52,2023,410,KOR,Rep. of Korea,X,Export,508,MOZ,Mozambique,0,W00,World,H6,HS,TRUE,200899,"Fruit, nuts and other edible parts of plants; prepared or preserved, whether or not containing added sugar, other sweetening matter or spirit, n.e.c. in heading no. 2008",6,TRUE,C00,TOTAL CPC,0,0,TOTAL MOT,8,kg,756,FALSE,8,kg,756,FALSE,756,FALSE,0,FALSE,,"$10,094.00","$10,094.00",0,TRUE,FALSE,$13.35
,"200899 (구운김, 조미김)",0.59032,$34.60,,C,A,20230101,2023,52,2023,410,KOR,Rep. of Korea,X,Export,512,OMN,Oman,0,W00,World,H6,HS,TRUE,200899,"Fruit, nuts and other edible parts of plants; prepared or preserved, whether or not containing added sugar, other sweetening matter or spirit, n.e.c. in heading no. 2008",6,TRUE,C00,TOTAL CPC,0,0,TOTAL MOT,8,kg,590.32,FALSE,8,kg,590,FALSE,590,FALSE,0,FALSE,,"$20,423.00","$20,423.00",0,TRUE,FALSE,$34.60
,"200899 (구운김, 조미김)",9.09461,$10.42,,C,A,20230101,2023,52,2023,410,KOR,Rep. of Korea,X,Export,524,NPL,Nepal,0,W00,World,H6,HS,TRUE,200899,"Fruit, nuts and other edible parts of plants; prepared or preserved, whether or not containing added sugar, other sweetening matter or spirit, n.e.c. in heading no. 2008",6,TRUE,C00,TOTAL CPC,0,0,TOTAL MOT,8,kg,9094.61,FALSE,8,kg,"9,095",FALSE,"9,095",FALSE,0,FALSE,,"$94,807.00","$94,807.00",0,TRUE,FALSE,$10.42
,"200899 (구운김, 조미김)",394.6731,$20.99,,C,A,20230101,2023,52,2023,410,KOR,Rep. of Korea,X,Export,528,NLD,Netherlands,0,W00,World,H6,HS,TRUE,200899,"Fruit, nuts and other edible parts of plants; prepared or preserved, whether or not containing added sugar, other sweetening matter or spirit, n.e.c. in heading no. 2008",6,TRUE,C00,TOTAL CPC,0,0,TOTAL MOT,8,kg,394673.1,FALSE,8,kg,"394,673",FALSE,"394,673",FALSE,0,FALSE,,"$8,284,381.00","$8,284,381.00",0,TRUE,FALSE,$20.99
,"200899 (구운김, 조미김)",0.04782,$11.96,,C,A,20230101,2023,52,2023,410,KOR,Rep. of Korea,X,Export,540,NCL,New Caledonia,0,W00,World,H6,HS,TRUE,200899,"Fruit, nuts and other edible parts of plants; prepared or preserved, whether or not containing added sugar, other sweetening matter or spirit, n.e.c. in heading no. 2008",6,TRUE,C00,TOTAL CPC,0,0,TOTAL MOT,8,kg,47.82,FALSE,8,kg,48,FALSE,48,FALSE,0,FALSE,,$572.00,$572.00,0,TRUE,FALSE,$11.96
,"200899 (구운김, 조미김)",0.114,$5.54,,C,A,20230101,2023,52,2023,410,KOR,Rep. of Korea,X,Export,548,VUT,Vanuatu,0,W00,World,H6,HS,TRUE,200899,"Fruit, nuts and other edible parts of plants; prepared or preserved, whether or not containing added sugar, other sweetening matter or spirit, n.e.c. in heading no. 2008",6,TRUE,C00,TOTAL CPC,0,0,TOTAL MOT,8,kg,114,FALSE,8,kg,114,FALSE,114,FALSE,0,FALSE,,$632.00,$632.00,0,TRUE,FALSE,$5.54
,"200899 (구운김, 조미김)",140.27743,$32.10,,C,A,20230101,2023,52,2023,410,KOR,Rep. of Korea,X,Export,554,NZL,New Zealand,0,W00,World,H6,HS,TRUE,200899,"Fruit, nuts and other edible parts of plants; prepared or preserved, whether or not containing added sugar, other sweetening matter or spirit, n.e.c. in heading no. 2008",6,TRUE,C00,TOTAL CPC,0,0,TOTAL MOT,8,kg,140277.43,FALSE,8,kg,"140,277",FALSE,"140,277",FALSE,0,FALSE,,"$4,503,301.00","$4,503,301.00",0,TRUE,FALSE,$32.10
,"200899 (구운김, 조미김)",0.0953,$26.46,,C,A,20230101,2023,52,2023,410,KOR,Rep. of Korea,X,Export,558,NIC,Nicaragua,0,W00,World,H6,HS,TRUE,200899,"Fruit, nuts and other edible parts of plants; prepared or preserved, whether or not containing added sugar, other sweetening matter or spirit, n.e.c. in heading no. 2008",6,TRUE,C00,TOTAL CPC,0,0,TOTAL MOT,8,kg,95.3,FALSE,8,kg,95,FALSE,95,FALSE,0,FALSE,,"$2,522.00","$2,522.00",0,TRUE,FALSE,$26.46
,"200899 (구운김, 조미김)",0.00415,$36.87,,C,A,20230101,2023,52,2023,410,KOR,Rep. of Korea,X,Export,566,NGA,Nigeria,0,W00,World,H6,HS,TRUE,200899,"Fruit, nuts and other edible parts of plants; prepared or preserved, whether or not containing added sugar, other sweetening matter or spirit, n.e.c. in heading no. 2008",6,TRUE,C00,TOTAL CPC,0,0,TOTAL MOT,8,kg,4.15,FALSE,8,kg,4,FALSE,4,FALSE,0,FALSE,,$153.00,$153.00,0,TRUE,FALSE,$36.87
,"200899 (구운김, 조미김)",38.76981,$24.85,,C,A,20230101,2023,52,2023,410,KOR,Rep. of Korea,X,Export,579,NOR,Norway,0,W00,World,H6,HS,TRUE,200899,"Fruit, nuts and other edible parts of plants; prepared or preserved, whether or not containing added sugar, other sweetening matter or spirit, n.e.c. in heading no. 2008",6,TRUE,C00,TOTAL CPC,0,0,TOTAL MOT,8,kg,38769.81,FALSE,8,kg,"38,770",FALSE,"38,770",FALSE,0,FALSE,,"$963,285.00","$963,285.00",0,TRUE,FALSE,$24.85
,"200899 (구운김, 조미김)",7.82985,$22.65,,C,A,20230101,2023,52,2023,410,KOR,Rep. of Korea,X,Export,580,MNP,N. Mariana Isds,0,W00,World,H6,HS,TRUE,200899,"Fruit, nuts and other edible parts of plants; prepared or preserved, whether or not containing added sugar, other sweetening matter or spirit, n.e.c. in heading no. 2008",6,TRUE,C00,TOTAL CPC,0,0,TOTAL MOT,8,kg,7829.85,FALSE,8,kg,"7,830",FALSE,"7,830",FALSE,0,FALSE,,"$177,348.00","$177,348.00",0,TRUE,FALSE,$22.65
,"200899 (구운김, 조미김)",0.11092,$40.24,,C,A,20230101,2023,52,2023,410,KOR,Rep. of Korea,X,Export,583,FSM,FS Micronesia,0,W00,World,H6,HS,TRUE,200899,"Fruit, nuts and other edible parts of plants; prepared or preserved, whether or not containing added sugar, other sweetening matter or spirit, n.e.c. in heading no. 2008",6,TRUE,C00,TOTAL CPC,0,0,TOTAL MOT,8,kg,110.92,FALSE,8,kg,111,FALSE,111,FALSE,0,FALSE,,"$4,463.00","$4,463.00",0,TRUE,FALSE,$40.24
,"200899 (구운김, 조미김)",0.025,$2.24,,C,A,20230101,2023,52,2023,410,KOR,Rep. of Korea,X,Export,584,MHL,Marshall Isds,0,W00,World,H6,HS,TRUE,200899,"Fruit, nuts and other edible parts of plants; prepared or preserved, whether or not containing added sugar, other sweetening matter or spirit, n.e.c. in heading no. 2008",6,TRUE,C00,TOTAL CPC,0,0,TOTAL MOT,8,kg,25,FALSE,8,kg,25,FALSE,25,FALSE,0,FALSE,,$56.00,$56.00,0,TRUE,FALSE,$2.24
,"200899 (구운김, 조미김)",0.64114,$33.62,,C,A,20230101,2023,52,2023,410,KOR,Rep. of Korea,X,Export,585,PLW,Palau,0,W00,World,H6,HS,TRUE,200899,"Fruit, nuts and other edible parts of plants; prepared or preserved, whether or not containing added sugar, other sweetening matter or spirit, n.e.c. in heading no. 2008",6,TRUE,C00,TOTAL CPC,0,0,TOTAL MOT,8,kg,641.14,FALSE,8,kg,641,FALSE,641,FALSE,0,FALSE,,"$21,557.00","$21,557.00",0,TRUE,FALSE,$33.62
,"200899 (구운김, 조미김)",14.9,$2.67,,C,A,20230101,2023,52,2023,410,KOR,Rep. of Korea,X,Export,586,PAK,Pakistan,0,W00,World,H6,HS,TRUE,200899,"Fruit, nuts and other edible parts of plants; prepared or preserved, whether or not containing added sugar, other sweetening matter or spirit, n.e.c. in heading no. 2008",6,TRUE,C00,TOTAL CPC,0,0,TOTAL MOT,8,kg,14900,FALSE,8,kg,"14,900",FALSE,"14,900",FALSE,0,FALSE,,"$39,786.00","$39,786.00",0,TRUE,FALSE,$2.67
,"200899 (구운김, 조미김)",2.1149,$22.76,,C,A,20230101,2023,52,2023,410,KOR,Rep. of Korea,X,Export,591,PAN,Panama,0,W00,World,H6,HS,TRUE,200899,"Fruit, nuts and other edible parts of plants; prepared or preserved, whether or not containing added sugar, other sweetening matter or spirit, n.e.c. in heading no. 2008",6,TRUE,C00,TOTAL CPC,0,0,TOTAL MOT,8,kg,2114.9,FALSE,8,kg,"2,115",FALSE,"2,115",FALSE,0,FALSE,,"$48,140.00","$48,140.00",0,TRUE,FALSE,$22.76
,"200899 (구운김, 조미김)",1.93243,$23.47,,C,A,20230101,2023,52,2023,410,KOR,Rep. of Korea,X,Export,600,PRY,Paraguay,0,W00,World,H6,HS,TRUE,200899,"Fruit, nuts and other edible parts of plants; prepared or preserved, whether or not containing added sugar, other sweetening matter or spirit, n.e.c. in heading no. 2008",6,TRUE,C00,TOTAL CPC,0,0,TOTAL MOT,8,kg,1932.43,FALSE,8,kg,"1,932",FALSE,"1,932",FALSE,0,FALSE,,"$45,351.00","$45,351.00",0,TRUE,FALSE,$23.47
,"200899 (구운김, 조미김)",2.98305,$28.39,,C,A,20230101,2023,52,2023,410,KOR,Rep. of Korea,X,Export,604,PER,Peru,0,W00,World,H6,HS,TRUE,200899,"Fruit, nuts and other edible parts of plants; prepared or preserved, whether or not containing added sugar, other sweetening matter or spirit, n.e.c. in heading no. 2008",6,TRUE,C00,TOTAL CPC,0,0,TOTAL MOT,8,kg,2983.05,FALSE,8,kg,"2,983",FALSE,"2,983",FALSE,0,FALSE,,"$84,700.00","$84,700.00",0,TRUE,FALSE,$28.39
,"200899 (구운김, 조미김)",840.5379,$17.29,,C,A,20230101,2023,52,2023,410,KOR,Rep. of Korea,X,Export,608,PHL,Philippines,0,W00,World,H6,HS,TRUE,200899,"Fruit, nuts and other edible parts of plants; prepared or preserved, whether or not containing added sugar, other sweetening matter or spirit, n.e.c. in heading no. 2008",6,TRUE,C00,TOTAL CPC,0,0,TOTAL MOT,8,kg,840537.9,FALSE,8,kg,"840,538",FALSE,"840,538",FALSE,0,FALSE,,"$14,532,917.00","$14,532,917.00",0,TRUE,FALSE,$17.29
,"200899 (구운김, 조미김)",224.72547,$25.61,,C,A,20230101,2023,52,2023,410,KOR,Rep. of Korea,X,Export,616,POL,Poland,0,W00,World,H6,HS,TRUE,200899,"Fruit, nuts and other edible parts of plants; prepared or preserved, whether or not containing added sugar, other sweetening matter or spirit, n.e.c. in heading no. 2008",6,TRUE,C00,TOTAL CPC,0,0,TOTAL MOT,8,kg,224725.47,FALSE,8,kg,"224,725",FALSE,"224,725",FALSE,0,FALSE,,"$5,755,575.00","$5,755,575.00",0,TRUE,FALSE,$25.61
,"200899 (구운김, 조미김)",23.78318,$9.34,,C,A,20230101,2023,52,2023,410,KOR,Rep. of Korea,X,Export,620,PRT,Portugal,0,W00,World,H6,HS,TRUE,200899,"Fruit, nuts and other edible parts of plants; prepared or preserved, whether or not containing added sugar, other sweetening matter or spirit, n.e.c. in heading no. 2008",6,TRUE,C00,TOTAL CPC,0,0,TOTAL MOT,8,kg,23783.18,FALSE,8,kg,"23,783",FALSE,"23,783",FALSE,0,FALSE,,"$222,224.00","$222,224.00",0,TRUE,FALSE,$9.34
,"200899 (구운김, 조미김)",0.07,$4.21,,C,A,20230101,2023,52,2023,410,KOR,Rep. of Korea,X,Export,626,TLS,Timor-Leste,0,W00,World,H6,HS,TRUE,200899,"Fruit, nuts and other edible parts of plants; prepared or preserved, whether or not containing added sugar, other sweetening matter or spirit, n.e.c. in heading no. 2008",6,TRUE,C00,TOTAL CPC,0,0,TOTAL MOT,8,kg,70,FALSE,8,kg,70,FALSE,70,FALSE,0,FALSE,,$295.00,$295.00,0,TRUE,FALSE,$4.21
,"200899 (구운김, 조미김)",9.87487,$19.75,,C,A,20230101,2023,52,2023,410,KOR,Rep. of Korea,X,Export,634,QAT,Qatar,0,W00,World,H6,HS,TRUE,200899,"Fruit, nuts and other edible parts of plants; prepared or preserved, whether or not containing added sugar, other sweetening matter or spirit, n.e.c. in heading no. 2008",6,TRUE,C00,TOTAL CPC,0,0,TOTAL MOT,8,kg,9874.87,FALSE,8,kg,"9,875",FALSE,"9,875",FALSE,0,FALSE,,"$195,005.00","$195,005.00",0,TRUE,FALSE,$19.75
,"200899 (구운김, 조미김)",7.47486,$25.47,,C,A,20230101,2023,52,2023,410,KOR,Rep. of Korea,X,Export,642,ROU,Romania,0,W00,World,H6,HS,TRUE,200899,"Fruit, nuts and other edible parts of plants; prepared or preserved, whether or not containing added sugar, other sweetening matter or spirit, n.e.c. in heading no. 2008",6,TRUE,C00,TOTAL CPC,0,0,TOTAL MOT,8,kg,7474.86,FALSE,8,kg,"7,475",FALSE,"7,475",FALSE,0,FALSE,,"$190,370.00","$190,370.00",0,TRUE,FALSE,$25.47
,"200899 (구운김, 조미김)",649.0653,$21.08,,C,A,20230101,2023,52,2023,410,KOR,Rep. of Korea,X,Export,643,RUS,Russian Federation,0,W00,World,H6,HS,TRUE,200899,"Fruit, nuts and other edible parts of plants; prepared or preserved, whether or not containing added sugar, other sweetening matter or spirit, n.e.c. in heading no. 2008",6,TRUE,C00,TOTAL CPC,0,0,TOTAL MOT,8,kg,649065.3,FALSE,8,kg,"649,065",FALSE,"649,065",FALSE,0,FALSE,,"$13,680,639.00","$13,680,639.00",0,TRUE,FALSE,$21.08
,"200899 (구운김, 조미김)",21.145244,$20.66,,C,A,20230101,2023,52,2023,410,KOR,Rep. of Korea,X,Export,682,SAU,Saudi Arabia,0,W00,World,H6,HS,TRUE,200899,"Fruit, nuts and other edible parts of plants; prepared or preserved, whether or not containing added sugar, other sweetening matter or spirit, n.e.c. in heading no. 2008",6,TRUE,C00,TOTAL CPC,0,0,TOTAL MOT,8,kg,21145.244,FALSE,8,kg,"21,145",FALSE,"21,145",FALSE,0,FALSE,,"$436,813.00","$436,813.00",0,TRUE,FALSE,$20.66
,"200899 (구운김, 조미김)",2.2652,$24.65,,C,A,20230101,2023,52,2023,410,KOR,Rep. of Korea,X,Export,688,SRB,Serbia,0,W00,World,H6,HS,TRUE,200899,"Fruit, nuts and other edible parts of plants; prepared or preserved, whether or not containing added sugar, other sweetening matter or spirit, n.e.c. in heading no. 2008",6,TRUE,C00,TOTAL CPC,0,0,TOTAL MOT,8,kg,2265.2,FALSE,8,kg,"2,265",FALSE,"2,265",FALSE,0,FALSE,,"$55,846.00","$55,846.00",0,TRUE,FALSE,$24.65
,"200899 (구운김, 조미김)",13.03859,$33.04,,C,A,20230101,2023,52,2023,410,KOR,Rep. of Korea,X,Export,699,IND,India,0,W00,World,H6,HS,TRUE,200899,"Fruit, nuts and other edible parts of plants; prepared or preserved, whether or not containing added sugar, other sweetening matter or spirit, n.e.c. in heading no. 2008",6,TRUE,C00,TOTAL CPC,0,0,TOTAL MOT,8,kg,13038.59,FALSE,8,kg,"13,039",FALSE,"13,039",FALSE,0,FALSE,,"$430,795.00","$430,795.00",0,TRUE,FALSE,$33.04
,"200899 (구운김, 조미김)",202.9588,$21.20,,C,A,20230101,2023,52,2023,410,KOR,Rep. of Korea,X,Export,702,SGP,Singapore,0,W00,World,H6,HS,TRUE,200899,"Fruit, nuts and other edible parts of plants; prepared or preserved, whether or not containing added sugar, other sweetening matter or spirit, n.e.c. in heading no. 2008",6,TRUE,C00,TOTAL CPC,0,0,TOTAL MOT,8,kg,202958.8,FALSE,8,kg,"202,959",FALSE,"202,959",FALSE,0,FALSE,,"$4,302,983.00","$4,302,983.00",0,TRUE,FALSE,$21.20
,"200899 (구운김, 조미김)",0.0532,$34.81,,C,A,20230101,2023,52,2023,410,KOR,Rep. of Korea,X,Export,703,SVK,Slovakia,0,W00,World,H6,HS,TRUE,200899,"Fruit, nuts and other edible parts of plants; prepared or preserved, whether or not containing added sugar, other sweetening matter or spirit, n.e.c. in heading no. 2008",6,TRUE,C00,TOTAL CPC,0,0,TOTAL MOT,8,kg,53.2,FALSE,8,kg,53,FALSE,53,FALSE,0,FALSE,,"$1,852.00","$1,852.00",0,TRUE,FALSE,$34.81
,"200899 (구운김, 조미김)",1602.5786,$19.28,,C,A,20230101,2023,52,2023,410,KOR,Rep. of Korea,X,Export,704,VNM,Viet Nam,0,W00,World,H6,HS,TRUE,200899,"Fruit, nuts and other edible parts of plants; prepared or preserved, whether or not containing added sugar, other sweetening matter or spirit, n.e.c. in heading no. 2008",6,TRUE,C00,TOTAL CPC,0,0,TOTAL MOT,8,kg,1602578.6,FALSE,8,kg,"1,602,579",FALSE,"1,602,579",FALSE,0,FALSE,,"$30,890,020.00","$30,890,020.00",0,TRUE,FALSE,$19.28
,"200899 (구운김, 조미김)",1.72805,$26.89,,C,A,20230101,2023,52,2023,410,KOR,Rep. of Korea,X,Export,705,SVN,Slovenia,0,W00,World,H6,HS,TRUE,200899,"Fruit, nuts and other edible parts of plants; prepared or preserved, whether or not containing added sugar, other sweetening matter or spirit, n.e.c. in heading no. 2008",6,TRUE,C00,TOTAL CPC,0,0,TOTAL MOT,8,kg,1728.05,FALSE,8,kg,"1,728",FALSE,"1,728",FALSE,0,FALSE,,"$46,462.00","$46,462.00",0,TRUE,FALSE,$26.89
,"200899 (구운김, 조미김)",5.39565,$18.01,,C,A,20230101,2023,52,2023,410,KOR,Rep. of Korea,X,Export,710,ZAF,South Africa,0,W00,World,H6,HS,TRUE,200899,"Fruit, nuts and other edible parts of plants; prepared or preserved, whether or not containing added sugar, other sweetening matter or spirit, n.e.c. in heading no. 2008",6,TRUE,C00,TOTAL CPC,0,0,TOTAL MOT,8,kg,5395.65,FALSE,8,kg,"5,396",FALSE,"5,396",FALSE,0,FALSE,,"$97,187.00","$97,187.00",0,TRUE,FALSE,$18.01
,"200899 (구운김, 조미김)",66.224707,$19.91,,C,A,20230101,2023,52,2023,410,KOR,Rep. of Korea,X,Export,724,ESP,Spain,0,W00,World,H6,HS,TRUE,200899,"Fruit, nuts and other edible parts of plants; prepared or preserved, whether or not containing added sugar, other sweetening matter or spirit, n.e.c. in heading no. 2008",6,TRUE,C00,TOTAL CPC,0,0,TOTAL MOT,8,kg,66224.707,FALSE,8,kg,"66,225",FALSE,"66,225",FALSE,0,FALSE,,"$1,318,302.00","$1,318,302.00",0,TRUE,FALSE,$19.91
,"200899 (구운김, 조미김)",144.82446,$9.35,,C,A,20230101,2023,52,2023,410,KOR,Rep. of Korea,X,Export,752,SWE,Sweden,0,W00,World,H6,HS,TRUE,200899,"Fruit, nuts and other edible parts of plants; prepared or preserved, whether or not containing added sugar, other sweetening matter or spirit, n.e.c. in heading no. 2008",6,TRUE,C00,TOTAL CPC,0,0,TOTAL MOT,8,kg,144824.46,FALSE,8,kg,"144,824",FALSE,"144,824",FALSE,0,FALSE,,"$1,353,851.00","$1,353,851.00",0,TRUE,FALSE,$9.35
,"200899 (구운김, 조미김)",21.349385,$32.49,,C,A,20230101,2023,52,2023,410,KOR,Rep. of Korea,X,Export,757,CHE,Switzerland,0,W00,World,H6,HS,TRUE,200899,"Fruit, nuts and other edible parts of plants; prepared or preserved, whether or not containing added sugar, other sweetening matter or spirit, n.e.c. in heading no. 2008",6,TRUE,C00,TOTAL CPC,0,0,TOTAL MOT,8,kg,21349.385,FALSE,8,kg,"21,349",FALSE,"21,349",FALSE,0,FALSE,,"$693,602.00","$693,602.00",0,TRUE,FALSE,$32.49
,"200899 (구운김, 조미김)",0.032306,$12.78,,C,A,20230101,2023,52,2023,410,KOR,Rep. of Korea,X,Export,762,TJK,Tajikistan,0,W00,World,H6,HS,TRUE,200899,"Fruit, nuts and other edible parts of plants; prepared or preserved, whether or not containing added sugar, other sweetening matter or spirit, n.e.c. in heading no. 2008",6,TRUE,C00,TOTAL CPC,0,0,TOTAL MOT,8,kg,32.306,FALSE,8,kg,32,FALSE,32,FALSE,0,FALSE,,$413.00,$413.00,0,TRUE,FALSE,$12.78
,"200899 (구운김, 조미김)",239.5923,$24.41,,C,A,20230101,2023,52,2023,410,KOR,Rep. of Korea,X,Export,764,THA,Thailand,0,W00,World,H6,HS,TRUE,200899,"Fruit, nuts and other edible parts of plants; prepared or preserved, whether or not containing added sugar, other sweetening matter or spirit, n.e.c. in heading no. 2008",6,TRUE,C00,TOTAL CPC,0,0,TOTAL MOT,8,kg,239592.3,FALSE,8,kg,"239,592",FALSE,"239,592",FALSE,0,FALSE,,"$5,849,639.00","$5,849,639.00",0,TRUE,FALSE,$24.41
,"200899 (구운김, 조미김)",0.13736,$14.20,,C,A,20230101,2023,52,2023,410,KOR,Rep. of Korea,X,Export,780,TTO,Trinidad and Tobago,0,W00,World,H6,HS,TRUE,200899,"Fruit, nuts and other edible parts of plants; prepared or preserved, whether or not containing added sugar, other sweetening matter or spirit, n.e.c. in heading no. 2008",6,TRUE,C00,TOTAL CPC,0,0,TOTAL MOT,8,kg,137.36,FALSE,8,kg,137,FALSE,137,FALSE,0,FALSE,,"$1,951.00","$1,951.00",0,TRUE,FALSE,$14.20
,"200899 (구운김, 조미김)",50.44565,$32.84,,C,A,20230101,2023,52,2023,410,KOR,Rep. of Korea,X,Export,784,ARE,United Arab Emirates,0,W00,World,H6,HS,TRUE,200899,"Fruit, nuts and other edible parts of plants; prepared or preserved, whether or not containing added sugar, other sweetening matter or spirit, n.e.c. in heading no. 2008",6,TRUE,C00,TOTAL CPC,0,0,TOTAL MOT,8,kg,50445.65,FALSE,8,kg,"50,446",FALSE,"50,446",FALSE,0,FALSE,,"$1,656,783.00","$1,656,783.00",0,TRUE,FALSE,$32.84
,"200899 (구운김, 조미김)",0.886575,$28.95,,C,A,20230101,2023,52,2023,410,KOR,Rep. of Korea,X,Export,788,TUN,Tunisia,0,W00,World,H6,HS,TRUE,200899,"Fruit, nuts and other edible parts of plants; prepared or preserved, whether or not containing added sugar, other sweetening matter or spirit, n.e.c. in heading no. 2008",6,TRUE,C00,TOTAL CPC,0,0,TOTAL MOT,8,kg,886.575,FALSE,8,kg,887,FALSE,887,FALSE,0,FALSE,,"$25,666.00","$25,666.00",0,TRUE,FALSE,$28.95
,"200899 (구운김, 조미김)",9.98155,$25.80,,C,A,20230101,2023,52,2023,410,KOR,Rep. of Korea,X,Export,792,TUR,Türkiye,0,W00,World,H6,HS,TRUE,200899,"Fruit, nuts and other edible parts of plants; prepared or preserved, whether or not containing added sugar, other sweetening matter or spirit, n.e.c. in heading no. 2008",6,TRUE,C00,TOTAL CPC,0,0,TOTAL MOT,8,kg,9981.55,FALSE,8,kg,"9,982",FALSE,"9,982",FALSE,0,FALSE,,"$257,501.00","$257,501.00",0,TRUE,FALSE,$25.80
,"200899 (구운김, 조미김)",157.81642,$22.04,,C,A,20230101,2023,52,2023,410,KOR,Rep. of Korea,X,Export,804,UKR,Ukraine,0,W00,World,H6,HS,TRUE,200899,"Fruit, nuts and other edible parts of plants; prepared or preserved, whether or not containing added sugar, other sweetening matter or spirit, n.e.c. in heading no. 2008",6,TRUE,C00,TOTAL CPC,0,0,TOTAL MOT,8,kg,157816.42,FALSE,8,kg,"157,816",FALSE,"157,816",FALSE,0,FALSE,,"$3,478,142.00","$3,478,142.00",0,TRUE,FALSE,$22.04
,"200899 (구운김, 조미김)",0.24608,$41.21,,C,A,20230101,2023,52,2023,410,KOR,Rep. of Korea,X,Export,807,MKD,North Macedonia,0,W00,World,H6,HS,TRUE,200899,"Fruit, nuts and other edible parts of plants; prepared or preserved, whether or not containing added sugar, other sweetening matter or spirit, n.e.c. in heading no. 2008",6,TRUE,C00,TOTAL CPC,0,0,TOTAL MOT,8,kg,246.08,FALSE,8,kg,246,FALSE,246,FALSE,0,FALSE,,"$10,140.00","$10,140.00",0,TRUE,FALSE,$41.21
,"200899 (구운김, 조미김)",2.7168,$23.01,,C,A,20230101,2023,52,2023,410,KOR,Rep. of Korea,X,Export,818,EGY,Egypt,0,W00,World,H6,HS,TRUE,200899,"Fruit, nuts and other edible parts of plants; prepared or preserved, whether or not containing added sugar, other sweetening matter or spirit, n.e.c. in heading no. 2008",6,TRUE,C00,TOTAL CPC,0,0,TOTAL MOT,8,kg,2716.8,FALSE,8,kg,"2,717",FALSE,"2,717",FALSE,0,FALSE,,"$62,518.00","$62,518.00",0,TRUE,FALSE,$23.01
,"200899 (구운김, 조미김)",606.4925,$20.28,,C,A,20230101,2023,52,2023,410,KOR,Rep. of Korea,X,Export,826,GBR,United Kingdom,0,W00,World,H6,HS,TRUE,200899,"Fruit, nuts and other edible parts of plants; prepared or preserved, whether or not containing added sugar, other sweetening matter or spirit, n.e.c. in heading no. 2008",6,TRUE,C00,TOTAL CPC,0,0,TOTAL MOT,8,kg,606492.5,FALSE,8,kg,"606,493",FALSE,"606,493",FALSE,0,FALSE,,"$12,301,627.00","$12,301,627.00",0,TRUE,FALSE,$20.28
,"200899 (구운김, 조미김)",0.212,$9.92,,C,A,20230101,2023,52,2023,410,KOR,Rep. of Korea,X,Export,834,TZA,United Rep. of Tanzania,0,W00,World,H6,HS,TRUE,200899,"Fruit, nuts and other edible parts of plants; prepared or preserved, whether or not containing added sugar, other sweetening matter or spirit, n.e.c. in heading no. 2008",6,TRUE,C00,TOTAL CPC,0,0,TOTAL MOT,8,kg,212,FALSE,8,kg,212,FALSE,212,FALSE,0,FALSE,,"$2,103.00","$2,103.00",0,TRUE,FALSE,$9.92
,"200899 (구운김, 조미김)",7949.64,$22.12,,C,A,20230101,2023,52,2023,410,KOR,Rep. of Korea,X,Export,842,USA,USA,0,W00,World,H6,HS,TRUE,200899,"Fruit, nuts and other edible parts of plants; prepared or preserved, whether or not containing added sugar, other sweetening matter or spirit, n.e.c. in heading no. 2008",6,TRUE,C00,TOTAL CPC,0,0,TOTAL MOT,8,kg,7949640,FALSE,8,kg,"7,949,640",FALSE,"7,949,640",FALSE,0,FALSE,,"$175,863,031.00","$175,863,031.00",0,TRUE,FALSE,$22.12
,"200899 (구운김, 조미김)",2.111,$1.74,,C,A,20230101,2023,52,2023,410,KOR,Rep. of Korea,X,Export,858,URY,Uruguay,0,W00,World,H6,HS,TRUE,200899,"Fruit, nuts and other edible parts of plants; prepared or preserved, whether or not containing added sugar, other sweetening matter or spirit, n.e.c. in heading no. 2008",6,TRUE,C00,TOTAL CPC,0,0,TOTAL MOT,8,kg,2111,FALSE,8,kg,"2,111",FALSE,"2,111",FALSE,0,FALSE,,"$3,672.00","$3,672.00",0,TRUE,FALSE,$1.74
,"200899 (구운김, 조미김)",12.88648,$19.20,,C,A,20230101,2023,52,2023,410,KOR,Rep. of Korea,X,Export,860,UZB,Uzbekistan,0,W00,World,H6,HS,TRUE,200899,"Fruit, nuts and other edible parts of plants; prepared or preserved, whether or not containing added sugar, other sweetening matter or spirit, n.e.c. in heading no. 2008",6,TRUE,C00,TOTAL CPC,0,0,TOTAL MOT,8,kg,12886.48,FALSE,8,kg,"12,886",FALSE,"12,886",FALSE,0,FALSE,,"$247,382.00","$247,382.00",0,TRUE,FALSE,$19.20
,"200899 (구운김, 조미김)",2.30295,$34.79,,C,A,20230101,2023,52,2023,410,KOR,Rep. of Korea,X,Export,882,WSM,Samoa,0,W00,World,H6,HS,TRUE,200899,"Fruit, nuts and other edible parts of plants; prepared or preserved, whether or not containing added sugar, other sweetening matter or spirit, n.e.c. in heading no. 2008",6,TRUE,C00,TOTAL CPC,0,0,TOTAL MOT,8,kg,2302.95,FALSE,8,kg,"2,303",FALSE,"2,303",FALSE,0,FALSE,,"$80,120.00","$80,120.00",0,TRUE,FALSE,$34.79
,"200899 (구운김, 조미김)",0.001,$6.00,,C,A,20230101,2023,52,2023,410,KOR,Rep. of Korea,X,Export,894,ZMB,Zambia,0,W00,World,H6,HS,TRUE,200899,"Fruit, nuts and other edible parts of plants; prepared or preserved, whether or not containing added sugar, other sweetening matter or spirit, n.e.c. in heading no. 2008",6,TRUE,C00,TOTAL CPC,0,0,TOTAL MOT,8,kg,1,FALSE,8,kg,1,FALSE,1,FALSE,0,FALSE,,$6.00,$6.00,0,TRUE,FALSE,$6.00
,"121221 (건조김, 마른김)",29680.8404,$16.06,,C,A,20240101,2024,52,2024,410,KOR,Rep. of Korea,X,Export,0,W00,World,0,W00,World,H6,HS,TRUE,121221,"Seaweeds and other algae; fit for human consumption, fresh, chilled, frozen or dried, whether or not ground",6,TRUE,C00,TOTAL CPC,0,0,TOTAL MOT,8,kg,29680840.4,FALSE,8,kg,"29,680,840",FALSE,"29,680,840",FALSE,0,FALSE,,"$476,561,517.00","$476,561,517.00",0,FALSE,TRUE,$16.06
,"121221 (건조김, 마른김)",0.233718,$4.63,,C,A,20240101,2024,52,2024,410,KOR,Rep. of Korea,X,Export,12,DZA,Algeria,0,W00,World,H6,HS,TRUE,121221,"Seaweeds and other algae; fit for human consumption, fresh, chilled, frozen or dried, whether or not ground",6,TRUE,C00,TOTAL CPC,0,0,TOTAL MOT,8,kg,233.718,FALSE,8,kg,234,FALSE,234,FALSE,0,FALSE,,"$1,082.00","$1,082.00",0,TRUE,FALSE,$4.63
,"121221 (건조김, 마른김)",0.015,$26.20,,C,A,20240101,2024,52,2024,410,KOR,Rep. of Korea,X,Export,16,ASM,American Samoa,0,W00,World,H6,HS,TRUE,121221,"Seaweeds and other algae; fit for human consumption, fresh, chilled, frozen or dried, whether or not ground",6,TRUE,C00,TOTAL CPC,0,0,TOTAL MOT,8,kg,15,FALSE,8,kg,15,FALSE,15,FALSE,0,FALSE,,$393.00,$393.00,0,TRUE,FALSE,$26.20
,"121221 (건조김, 마른김)",4.7564,$32.59,,C,A,20240101,2024,52,2024,410,KOR,Rep. of Korea,X,Export,31,AZE,Azerbaijan,0,W00,World,H6,HS,TRUE,121221,"Seaweeds and other algae; fit for human consumption, fresh, chilled, frozen or dried, whether or not ground",6,TRUE,C00,TOTAL CPC,0,0,TOTAL MOT,8,kg,4756.4,FALSE,8,kg,"4,756",FALSE,"4,756",FALSE,0,FALSE,,"$155,032.00","$155,032.00",0,TRUE,FALSE,$32.59
,"121221 (건조김, 마른김)",0.1135,$23.81,,C,A,20240101,2024,52,2024,410,KOR,Rep. of Korea,X,Export,32,ARG,Argentina,0,W00,World,H6,HS,TRUE,121221,"Seaweeds and other algae; fit for human consumption, fresh, chilled, frozen or dried, whether or not ground",6,TRUE,C00,TOTAL CPC,0,0,TOTAL MOT,8,kg,113.5,FALSE,8,kg,114,FALSE,114,FALSE,0,FALSE,,"$2,702.00","$2,702.00",0,TRUE,FALSE,$23.81
,"121221 (건조김, 마른김)",146.98934,$9.38,,C,A,20240101,2024,52,2024,410,KOR,Rep. of Korea,X,Export,36,AUS,Australia,0,W00,World,H6,HS,TRUE,121221,"Seaweeds and other algae; fit for human consumption, fresh, chilled, frozen or dried, whether or not ground",6,TRUE,C00,TOTAL CPC,0,0,TOTAL MOT,8,kg,146989.34,FALSE,8,kg,"146,989",FALSE,"146,989",FALSE,0,FALSE,,"$1,378,382.00","$1,378,382.00",0,TRUE,FALSE,$9.38
,"121221 (건조김, 마른김)",4.3023,$8.58,,C,A,20240101,2024,52,2024,410,KOR,Rep. of Korea,X,Export,40,AUT,Austria,0,W00,World,H6,HS,TRUE,121221,"Seaweeds and other algae; fit for human consumption, fresh, chilled, frozen or dried, whether or not ground",6,TRUE,C00,TOTAL CPC,0,0,TOTAL MOT,8,kg,4302.3,FALSE,8,kg,"4,302",FALSE,"4,302",FALSE,0,FALSE,,"$36,927.00","$36,927.00",0,TRUE,FALSE,$8.58
,"121221 (건조김, 마른김)",1.56298,$46.59,,C,A,20240101,2024,52,2024,410,KOR,Rep. of Korea,X,Export,48,BHR,Bahrain,0,W00,World,H6,HS,TRUE,121221,"Seaweeds and other algae; fit for human consumption, fresh, chilled, frozen or dried, whether or not ground",6,TRUE,C00,TOTAL CPC,0,0,TOTAL MOT,8,kg,1562.98,FALSE,8,kg,"1,563",FALSE,"1,563",FALSE,0,FALSE,,"$72,820.00","$72,820.00",0,TRUE,FALSE,$46.59
,"121221 (건조김, 마른김)",0.09555,$14.31,,C,A,20240101,2024,52,2024,410,KOR,Rep. of Korea,X,Export,50,BGD,Bangladesh,0,W00,World,H6,HS,TRUE,121221,"Seaweeds and other algae; fit for human consumption, fresh, chilled, frozen or dried, whether or not ground",6,TRUE,C00,TOTAL CPC,0,0,TOTAL MOT,8,kg,95.55,FALSE,8,kg,96,FALSE,96,FALSE,0,FALSE,,"$1,367.00","$1,367.00",0,TRUE,FALSE,$14.31
,"121221 (건조김, 마른김)",0.29985,$9.14,,C,A,20240101,2024,52,2024,410,KOR,Rep. of Korea,X,Export,56,BEL,Belgium,0,W00,World,H6,HS,TRUE,121221,"Seaweeds and other algae; fit for human consumption, fresh, chilled, frozen or dried, whether or not ground",6,TRUE,C00,TOTAL CPC,0,0,TOTAL MOT,8,kg,299.85,FALSE,8,kg,300,FALSE,300,FALSE,0,FALSE,,"$2,741.00","$2,741.00",0,TRUE,FALSE,$9.14
,"121221 (건조김, 마른김)",0.012,$45.83,,C,A,20240101,2024,52,2024,410,KOR,Rep. of Korea,X,Export,64,BTN,Bhutan,0,W00,World,H6,HS,TRUE,121221,"Seaweeds and other algae; fit for human consumption, fresh, chilled, frozen or dried, whether or not ground",6,TRUE,C00,TOTAL CPC,0,0,TOTAL MOT,8,kg,12,FALSE,8,kg,12,FALSE,12,FALSE,0,FALSE,,$550.00,$550.00,0,TRUE,FALSE,$45.83
,"121221 (건조김, 마른김)",1.22051,$4.47,,C,A,20240101,2024,52,2024,410,KOR,Rep. of Korea,X,Export,68,BOL,Bolivia (Plurinational State of),0,W00,World,H6,HS,TRUE,121221,"Seaweeds and other algae; fit for human consumption, fresh, chilled, frozen or dried, whether or not ground",6,TRUE,C00,TOTAL CPC,0,0,TOTAL MOT,8,kg,1220.51,FALSE,8,kg,"1,221",FALSE,"1,221",FALSE,0,FALSE,,"$5,451.00","$5,451.00",0,TRUE,FALSE,$4.47
,"121221 (건조김, 마른김)",10.05859,$7.16,,C,A,20240101,2024,52,2024,410,KOR,Rep. of Korea,X,Export,76,BRA,Brazil,0,W00,World,H6,HS,TRUE,121221,"Seaweeds and other algae; fit for human consumption, fresh, chilled, frozen or dried, whether or not ground",6,TRUE,C00,TOTAL CPC,0,0,TOTAL MOT,8,kg,10058.59,FALSE,8,kg,"10,059",FALSE,"10,059",FALSE,0,FALSE,,"$72,060.00","$72,060.00",0,TRUE,FALSE,$7.16
,"121221 (건조김, 마른김)",0.37,$18.47,,C,A,20240101,2024,52,2024,410,KOR,Rep. of Korea,X,Export,96,BRN,Brunei Darussalam,0,W00,World,H6,HS,TRUE,121221,"Seaweeds and other algae; fit for human consumption, fresh, chilled, frozen or dried, whether or not ground",6,TRUE,C00,TOTAL CPC,0,0,TOTAL MOT,8,kg,370,FALSE,8,kg,370,FALSE,370,FALSE,0,FALSE,,"$6,834.00","$6,834.00",0,TRUE,FALSE,$18.47
,"121221 (건조김, 마른김)",0.2204,$21.03,,C,A,20240101,2024,52,2024,410,KOR,Rep. of Korea,X,Export,100,BGR,Bulgaria,0,W00,World,H6,HS,TRUE,121221,"Seaweeds and other algae; fit for human consumption, fresh, chilled, frozen or dried, whether or not ground",6,TRUE,C00,TOTAL CPC,0,0,TOTAL MOT,8,kg,220.4,FALSE,8,kg,220,FALSE,220,FALSE,0,FALSE,,"$4,634.00","$4,634.00",0,TRUE,FALSE,$21.03
,"121221 (건조김, 마른김)",2.968346,$24.84,,C,A,20240101,2024,52,2024,410,KOR,Rep. of Korea,X,Export,104,MMR,Myanmar,0,W00,World,H6,HS,TRUE,121221,"Seaweeds and other algae; fit for human consumption, fresh, chilled, frozen or dried, whether or not ground",6,TRUE,C00,TOTAL CPC,0,0,TOTAL MOT,8,kg,2968.346,FALSE,8,kg,"2,968",FALSE,"2,968",FALSE,0,FALSE,,"$73,719.00","$73,719.00",0,TRUE,FALSE,$24.84
,"121221 (건조김, 마른김)",2.274855,$16.65,,C,A,20240101,2024,52,2024,410,KOR,Rep. of Korea,X,Export,116,KHM,Cambodia,0,W00,World,H6,HS,TRUE,121221,"Seaweeds and other algae; fit for human consumption, fresh, chilled, frozen or dried, whether or not ground",6,TRUE,C00,TOTAL CPC,0,0,TOTAL MOT,8,kg,2274.855,FALSE,8,kg,"2,275",FALSE,"2,275",FALSE,0,FALSE,,"$37,873.00","$37,873.00",0,TRUE,FALSE,$16.65
,"121221 (건조김, 마른김)",112.51391,$6.19,,C,A,20240101,2024,52,2024,410,KOR,Rep. of Korea,X,Export,124,CAN,Canada,0,W00,World,H6,HS,TRUE,121221,"Seaweeds and other algae; fit for human consumption, fresh, chilled, frozen or dried, whether or not ground",6,TRUE,C00,TOTAL CPC,0,0,TOTAL MOT,8,kg,112513.91,FALSE,8,kg,"112,514",FALSE,"112,514",FALSE,0,FALSE,,"$696,190.00","$696,190.00",0,TRUE,FALSE,$6.19
,"121221 (건조김, 마른김)",2.02812,$10.66,,C,A,20240101,2024,52,2024,410,KOR,Rep. of Korea,X,Export,152,CHL,Chile,0,W00,World,H6,HS,TRUE,121221,"Seaweeds and other algae; fit for human consumption, fresh, chilled, frozen or dried, whether or not ground",6,TRUE,C00,TOTAL CPC,0,0,TOTAL MOT,8,kg,2028.12,FALSE,8,kg,"2,028",FALSE,"2,028",FALSE,0,FALSE,,"$21,615.00","$21,615.00",0,TRUE,FALSE,$10.66
,"121221 (건조김, 마른김)",4648.7418,$11.72,,C,A,20240101,2024,52,2024,410,KOR,Rep. of Korea,X,Export,156,CHN,China,0,W00,World,H6,HS,TRUE,121221,"Seaweeds and other algae; fit for human consumption, fresh, chilled, frozen or dried, whether or not ground",6,TRUE,C00,TOTAL CPC,0,0,TOTAL MOT,8,kg,4648741.8,FALSE,8,kg,"4,648,742",FALSE,"4,648,742",FALSE,0,FALSE,,"$54,496,097.00","$54,496,097.00",0,TRUE,FALSE,$11.72
,"121221 (건조김, 마른김)",11.7548,$39.94,,C,A,20240101,2024,52,2024,410,KOR,Rep. of Korea,X,Export,170,COL,Colombia,0,W00,World,H6,HS,TRUE,121221,"Seaweeds and other algae; fit for human consumption, fresh, chilled, frozen or dried, whether or not ground",6,TRUE,C00,TOTAL CPC,0,0,TOTAL MOT,8,kg,11754.8,FALSE,8,kg,"11,755",FALSE,"11,755",FALSE,0,FALSE,,"$469,497.00","$469,497.00",0,TRUE,FALSE,$39.94
,"121221 (건조김, 마른김)",0.18544,$9.59,,C,A,20240101,2024,52,2024,410,KOR,Rep. of Korea,X,Export,188,CRI,Costa Rica,0,W00,World,H6,HS,TRUE,121221,"Seaweeds and other algae; fit for human consumption, fresh, chilled, frozen or dried, whether or not ground",6,TRUE,C00,TOTAL CPC,0,0,TOTAL MOT,8,kg,185.44,FALSE,8,kg,185,FALSE,185,FALSE,0,FALSE,,"$1,779.00","$1,779.00",0,TRUE,FALSE,$9.59
,"121221 (건조김, 마른김)",0.0195,$42.36,,C,A,20240101,2024,52,2024,410,KOR,Rep. of Korea,X,Export,196,CYP,Cyprus,0,W00,World,H6,HS,TRUE,121221,"Seaweeds and other algae; fit for human consumption, fresh, chilled, frozen or dried, whether or not ground",6,TRUE,C00,TOTAL CPC,0,0,TOTAL MOT,8,kg,19.5,FALSE,8,kg,20,FALSE,20,FALSE,0,FALSE,,$826.00,$826.00,0,TRUE,FALSE,$42.36
,"121221 (건조김, 마른김)",1.81,$15.09,,C,A,20240101,2024,52,2024,410,KOR,Rep. of Korea,X,Export,203,CZE,Czechia,0,W00,World,H6,HS,TRUE,121221,"Seaweeds and other algae; fit for human consumption, fresh, chilled, frozen or dried, whether or not ground",6,TRUE,C00,TOTAL CPC,0,0,TOTAL MOT,8,kg,1810,FALSE,8,kg,"1,810",FALSE,"1,810",FALSE,0,FALSE,,"$27,318.00","$27,318.00",0,TRUE,FALSE,$15.09
,"121221 (건조김, 마른김)",0.216,$2.94,,C,A,20240101,2024,52,2024,410,KOR,Rep. of Korea,X,Export,214,DOM,Dominican Rep.,0,W00,World,H6,HS,TRUE,121221,"Seaweeds and other algae; fit for human consumption, fresh, chilled, frozen or dried, whether or not ground",6,TRUE,C00,TOTAL CPC,0,0,TOTAL MOT,8,kg,216,FALSE,8,kg,216,FALSE,216,FALSE,0,FALSE,,$635.00,$635.00,0,TRUE,FALSE,$2.94
,"121221 (건조김, 마른김)",0.3402,$30.82,,C,A,20240101,2024,52,2024,410,KOR,Rep. of Korea,X,Export,218,ECU,Ecuador,0,W00,World,H6,HS,TRUE,121221,"Seaweeds and other algae; fit for human consumption, fresh, chilled, frozen or dried, whether or not ground",6,TRUE,C00,TOTAL CPC,0,0,TOTAL MOT,8,kg,340.2,FALSE,8,kg,340,FALSE,340,FALSE,0,FALSE,,"$10,485.00","$10,485.00",0,TRUE,FALSE,$30.82
,"121221 (건조김, 마른김)",21.062216,$20.13,,C,A,20240101,2024,52,2024,410,KOR,Rep. of Korea,X,Export,251,FRA,France,0,W00,World,H6,HS,TRUE,121221,"Seaweeds and other algae; fit for human consumption, fresh, chilled, frozen or dried, whether or not ground",6,TRUE,C00,TOTAL CPC,0,0,TOTAL MOT,8,kg,21062.216,FALSE,8,kg,"21,062",FALSE,"21,062",FALSE,0,FALSE,,"$424,008.00","$424,008.00",0,TRUE,FALSE,$20.13
,"121221 (건조김, 마른김)",13.448401,$9.86,,C,A,20240101,2024,52,2024,410,KOR,Rep. of Korea,X,Export,276,DEU,Germany,0,W00,World,H6,HS,TRUE,121221,"Seaweeds and other algae; fit for human consumption, fresh, chilled, frozen or dried, whether or not ground",6,TRUE,C00,TOTAL CPC,0,0,TOTAL MOT,8,kg,13448.401,FALSE,8,kg,"13,448",FALSE,"13,448",FALSE,0,FALSE,,"$132,580.00","$132,580.00",0,TRUE,FALSE,$9.86
,"121221 (건조김, 마른김)",0.07,$20.64,,C,A,20240101,2024,52,2024,410,KOR,Rep. of Korea,X,Export,288,GHA,Ghana,0,W00,World,H6,HS,TRUE,121221,"Seaweeds and other algae; fit for human consumption, fresh, chilled, frozen or dried, whether or not ground",6,TRUE,C00,TOTAL CPC,0,0,TOTAL MOT,8,kg,70,FALSE,8,kg,70,FALSE,70,FALSE,0,FALSE,,"$1,445.00","$1,445.00",0,TRUE,FALSE,$20.64
,"121221 (건조김, 마른김)",0.316,$20.27,,C,A,20240101,2024,52,2024,410,KOR,Rep. of Korea,X,Export,296,KIR,Kiribati,0,W00,World,H6,HS,TRUE,121221,"Seaweeds and other algae; fit for human consumption, fresh, chilled, frozen or dried, whether or not ground",6,TRUE,C00,TOTAL CPC,0,0,TOTAL MOT,8,kg,316,FALSE,8,kg,316,FALSE,316,FALSE,0,FALSE,,"$6,404.00","$6,404.00",0,TRUE,FALSE,$20.27
,"121221 (건조김, 마른김)",2.99897,$7.35,,C,A,20240101,2024,52,2024,410,KOR,Rep. of Korea,X,Export,316,GUM,Guam,0,W00,World,H6,HS,TRUE,121221,"Seaweeds and other algae; fit for human consumption, fresh, chilled, frozen or dried, whether or not ground",6,TRUE,C00,TOTAL CPC,0,0,TOTAL MOT,8,kg,2998.97,FALSE,8,kg,"2,999",FALSE,"2,999",FALSE,0,FALSE,,"$22,051.00","$22,051.00",0,TRUE,FALSE,$7.35
,"121221 (건조김, 마른김)",3.08241,$7.13,,C,A,20240101,2024,52,2024,410,KOR,Rep. of Korea,X,Export,320,GTM,Guatemala,0,W00,World,H6,HS,TRUE,121221,"Seaweeds and other algae; fit for human consumption, fresh, chilled, frozen or dried, whether or not ground",6,TRUE,C00,TOTAL CPC,0,0,TOTAL MOT,8,kg,3082.41,FALSE,8,kg,"3,082",FALSE,"3,082",FALSE,0,FALSE,,"$21,991.00","$21,991.00",0,TRUE,FALSE,$7.13
,"121221 (건조김, 마른김)",30.395,$18.52,,C,A,20240101,2024,52,2024,410,KOR,Rep. of Korea,X,Export,344,HKG,"China, Hong Kong SAR",0,W00,World,H6,HS,TRUE,121221,"Seaweeds and other algae; fit for human consumption, fresh, chilled, frozen or dried, whether or not ground",6,TRUE,C00,TOTAL CPC,0,0,TOTAL MOT,8,kg,30395,FALSE,8,kg,"30,395",FALSE,"30,395",FALSE,0,FALSE,,"$562,887.00","$562,887.00",0,TRUE,FALSE,$18.52
,"121221 (건조김, 마른김)",0.19556,$19.30,,C,A,20240101,2024,52,2024,410,KOR,Rep. of Korea,X,Export,348,HUN,Hungary,0,W00,World,H6,HS,TRUE,121221,"Seaweeds and other algae; fit for human consumption, fresh, chilled, frozen or dried, whether or not ground",6,TRUE,C00,TOTAL CPC,0,0,TOTAL MOT,8,kg,195.56,FALSE,8,kg,196,FALSE,196,FALSE,0,FALSE,,"$3,775.00","$3,775.00",0,TRUE,FALSE,$19.30
,"121221 (건조김, 마른김)",1589.7164,$15.82,,C,A,20240101,2024,52,2024,410,KOR,Rep. of Korea,X,Export,360,IDN,Indonesia,0,W00,World,H6,HS,TRUE,121221,"Seaweeds and other algae; fit for human consumption, fresh, chilled, frozen or dried, whether or not ground",6,TRUE,C00,TOTAL CPC,0,0,TOTAL MOT,8,kg,1589716.4,FALSE,8,kg,"1,589,716",FALSE,"1,589,716",FALSE,0,FALSE,,"$25,142,469.00","$25,142,469.00",0,TRUE,FALSE,$15.82
,"121221 (건조김, 마른김)",0.541371,$15.97,,C,A,20240101,2024,52,2024,410,KOR,Rep. of Korea,X,Export,368,IRQ,Iraq,0,W00,World,H6,HS,TRUE,121221,"Seaweeds and other algae; fit for human consumption, fresh, chilled, frozen or dried, whether or not ground",6,TRUE,C00,TOTAL CPC,0,0,TOTAL MOT,8,kg,541.371,FALSE,8,kg,541,FALSE,541,FALSE,0,FALSE,,"$8,644.00","$8,644.00",0,TRUE,FALSE,$15.97
,"121221 (건조김, 마른김)",2.126,$38.79,,C,A,20240101,2024,52,2024,410,KOR,Rep. of Korea,X,Export,376,ISR,Israel,0,W00,World,H6,HS,TRUE,121221,"Seaweeds and other algae; fit for human consumption, fresh, chilled, frozen or dried, whether or not ground",6,TRUE,C00,TOTAL CPC,0,0,TOTAL MOT,8,kg,2126,FALSE,8,kg,"2,126",FALSE,"2,126",FALSE,0,FALSE,,"$82,475.00","$82,475.00",0,TRUE,FALSE,$38.79
,"121221 (건조김, 마른김)",0.1965,$21.86,,C,A,20240101,2024,52,2024,410,KOR,Rep. of Korea,X,Export,380,ITA,Italy,0,W00,World,H6,HS,TRUE,121221,"Seaweeds and other algae; fit for human consumption, fresh, chilled, frozen or dried, whether or not ground",6,TRUE,C00,TOTAL CPC,0,0,TOTAL MOT,8,kg,196.5,FALSE,8,kg,197,FALSE,197,FALSE,0,FALSE,,"$4,296.00","$4,296.00",0,TRUE,FALSE,$21.86
,"121221 (건조김, 마른김)",12597.53,$11.99,,C,A,20240101,2024,52,2024,410,KOR,Rep. of Korea,X,Export,392,JPN,Japan,0,W00,World,H6,HS,TRUE,121221,"Seaweeds and other algae; fit for human consumption, fresh, chilled, frozen or dried, whether or not ground",6,TRUE,C00,TOTAL CPC,0,0,TOTAL MOT,8,kg,12597530,FALSE,8,kg,"12,597,530",FALSE,"12,597,530",FALSE,0,FALSE,,"$151,087,938.00","$151,087,938.00",0,TRUE,FALSE,$11.99
,"121221 (건조김, 마른김)",70.14374,$23.67,,C,A,20240101,2024,52,2024,410,KOR,Rep. of Korea,X,Export,398,KAZ,Kazakhstan,0,W00,World,H6,HS,TRUE,121221,"Seaweeds and other algae; fit for human consumption, fresh, chilled, frozen or dried, whether or not ground",6,TRUE,C00,TOTAL CPC,0,0,TOTAL MOT,8,kg,70143.74,FALSE,8,kg,"70,144",FALSE,"70,144",FALSE,0,FALSE,,"$1,660,365.00","$1,660,365.00",0,TRUE,FALSE,$23.67
,"121221 (건조김, 마른김)",1.181,$6.85,,C,A,20240101,2024,52,2024,410,KOR,Rep. of Korea,X,Export,404,KEN,Kenya,0,W00,World,H6,HS,TRUE,121221,"Seaweeds and other algae; fit for human consumption, fresh, chilled, frozen or dried, whether or not ground",6,TRUE,C00,TOTAL CPC,0,0,TOTAL MOT,8,kg,1181,FALSE,8,kg,"1,181",FALSE,"1,181",FALSE,0,FALSE,,"$8,091.00","$8,091.00",0,TRUE,FALSE,$6.85
,"121221 (건조김, 마른김)",0.24931,$12.76,,C,A,20240101,2024,52,2024,410,KOR,Rep. of Korea,X,Export,414,KWT,Kuwait,0,W00,World,H6,HS,TRUE,121221,"Seaweeds and other algae; fit for human consumption, fresh, chilled, frozen or dried, whether or not ground",6,TRUE,C00,TOTAL CPC,0,0,TOTAL MOT,8,kg,249.31,FALSE,8,kg,249,FALSE,249,FALSE,0,FALSE,,"$3,180.00","$3,180.00",0,TRUE,FALSE,$12.76
,"121221 (건조김, 마른김)",0.1374,$25.33,,C,A,20240101,2024,52,2024,410,KOR,Rep. of Korea,X,Export,417,KGZ,Kyrgyzstan,0,W00,World,H6,HS,TRUE,121221,"Seaweeds and other algae; fit for human consumption, fresh, chilled, frozen or dried, whether or not ground",6,TRUE,C00,TOTAL CPC,0,0,TOTAL MOT,8,kg,137.4,FALSE,8,kg,137,FALSE,137,FALSE,0,FALSE,,"$3,481.00","$3,481.00",0,TRUE,FALSE,$25.33
,"121221 (건조김, 마른김)",1.98721,$18.64,,C,A,20240101,2024,52,2024,410,KOR,Rep. of Korea,X,Export,418,LAO,Lao People's Dem. Rep.,0,W00,World,H6,HS,TRUE,121221,"Seaweeds and other algae; fit for human consumption, fresh, chilled, frozen or dried, whether or not ground",6,TRUE,C00,TOTAL CPC,0,0,TOTAL MOT,8,kg,1987.21,FALSE,8,kg,"1,987",FALSE,"1,987",FALSE,0,FALSE,,"$37,042.00","$37,042.00",0,TRUE,FALSE,$18.64
,"121221 (건조김, 마른김)",1.28064,$66.35,,C,A,20240101,2024,52,2024,410,KOR,Rep. of Korea,X,Export,428,LVA,Latvia,0,W00,World,H6,HS,TRUE,121221,"Seaweeds and other algae; fit for human consumption, fresh, chilled, frozen or dried, whether or not ground",6,TRUE,C00,TOTAL CPC,0,0,TOTAL MOT,8,kg,1280.64,FALSE,8,kg,"1,281",FALSE,"1,281",FALSE,0,FALSE,,"$84,974.00","$84,974.00",0,TRUE,FALSE,$66.35
,"121221 (건조김, 마른김)",0.045,$11.09,,C,A,20240101,2024,52,2024,410,KOR,Rep. of Korea,X,Export,434,LBY,Libya,0,W00,World,H6,HS,TRUE,121221,"Seaweeds and other algae; fit for human consumption, fresh, chilled, frozen or dried, whether or not ground",6,TRUE,C00,TOTAL CPC,0,0,TOTAL MOT,8,kg,45,FALSE,8,kg,45,FALSE,45,FALSE,0,FALSE,,$499.00,$499.00,0,TRUE,FALSE,$11.09
,"121221 (건조김, 마른김)",97.33048,$28.33,,C,A,20240101,2024,52,2024,410,KOR,Rep. of Korea,X,Export,440,LTU,Lithuania,0,W00,World,H6,HS,TRUE,121221,"Seaweeds and other algae; fit for human consumption, fresh, chilled, frozen or dried, whether or not ground",6,TRUE,C00,TOTAL CPC,0,0,TOTAL MOT,8,kg,97330.48,FALSE,8,kg,"97,330",FALSE,"97,330",FALSE,0,FALSE,,"$2,757,801.00","$2,757,801.00",0,TRUE,FALSE,$28.33
,"121221 (건조김, 마른김)",0.002,$60.00,,C,A,20240101,2024,52,2024,410,KOR,Rep. of Korea,X,Export,450,MDG,Madagascar,0,W00,World,H6,HS,TRUE,121221,"Seaweeds and other algae; fit for human consumption, fresh, chilled, frozen or dried, whether or not ground",6,TRUE,C00,TOTAL CPC,0,0,TOTAL MOT,8,kg,2,FALSE,8,kg,2,FALSE,2,FALSE,0,FALSE,,$120.00,$120.00,0,TRUE,FALSE,$60.00
,"121221 (건조김, 마른김)",18.15649,$22.98,,C,A,20240101,2024,52,2024,410,KOR,Rep. of Korea,X,Export,458,MYS,Malaysia,0,W00,World,H6,HS,TRUE,121221,"Seaweeds and other algae; fit for human consumption, fresh, chilled, frozen or dried, whether or not ground",6,TRUE,C00,TOTAL CPC,0,0,TOTAL MOT,8,kg,18156.49,FALSE,8,kg,"18,156",FALSE,"18,156",FALSE,0,FALSE,,"$417,241.00","$417,241.00",0,TRUE,FALSE,$22.98
,"121221 (건조김, 마른김)",0.08453,$16.31,,C,A,20240101,2024,52,2024,410,KOR,Rep. of Korea,X,Export,480,MUS,Mauritius,0,W00,World,H6,HS,TRUE,121221,"Seaweeds and other algae; fit for human consumption, fresh, chilled, frozen or dried, whether or not ground",6,TRUE,C00,TOTAL CPC,0,0,TOTAL MOT,8,kg,84.53,FALSE,8,kg,85,FALSE,85,FALSE,0,FALSE,,"$1,379.00","$1,379.00",0,TRUE,FALSE,$16.31
,"121221 (건조김, 마른김)",136.59245,$24.09,,C,A,20240101,2024,52,2024,410,KOR,Rep. of Korea,X,Export,484,MEX,Mexico,0,W00,World,H6,HS,TRUE,121221,"Seaweeds and other algae; fit for human consumption, fresh, chilled, frozen or dried, whether or not ground",6,TRUE,C00,TOTAL CPC,0,0,TOTAL MOT,8,kg,136592.45,FALSE,8,kg,"136,592",FALSE,"136,592",FALSE,0,FALSE,,"$3,290,185.00","$3,290,185.00",0,TRUE,FALSE,$24.09
,"121221 (건조김, 마른김)",1076.9602,$28.08,,C,A,20240101,2024,52,2024,410,KOR,Rep. of Korea,X,Export,490,S19,"Other Asia, nes",0,W00,World,H6,HS,TRUE,121221,"Seaweeds and other algae; fit for human consumption, fresh, chilled, frozen or dried, whether or not ground",6,TRUE,C00,TOTAL CPC,0,0,TOTAL MOT,8,kg,1076960.2,FALSE,8,kg,"1,076,960",FALSE,"1,076,960",FALSE,0,FALSE,,"$30,244,440.00","$30,244,440.00",0,TRUE,FALSE,$28.08
,"121221 (건조김, 마른김)",115.07772,$13.76,,C,A,20240101,2024,52,2024,410,KOR,Rep. of Korea,X,Export,496,MNG,Mongolia,0,W00,World,H6,HS,TRUE,121221,"Seaweeds and other algae; fit for human consumption, fresh, chilled, frozen or dried, whether or not ground",6,TRUE,C00,TOTAL CPC,0,0,TOTAL MOT,8,kg,115077.72,FALSE,8,kg,"115,078",FALSE,"115,078",FALSE,0,FALSE,,"$1,583,802.00","$1,583,802.00",0,TRUE,FALSE,$13.76
,"121221 (건조김, 마른김)",0.23,$15.14,,C,A,20240101,2024,52,2024,410,KOR,Rep. of Korea,X,Export,504,MAR,Morocco,0,W00,World,H6,HS,TRUE,121221,"Seaweeds and other algae; fit for human consumption, fresh, chilled, frozen or dried, whether or not ground",6,TRUE,C00,TOTAL CPC,0,0,TOTAL MOT,8,kg,230,FALSE,8,kg,230,FALSE,230,FALSE,0,FALSE,,"$3,483.00","$3,483.00",0,TRUE,FALSE,$15.14
,"121221 (건조김, 마른김)",62.29729,$12.94,,C,A,20240101,2024,52,2024,410,KOR,Rep. of Korea,X,Export,528,NLD,Netherlands,0,W00,World,H6,HS,TRUE,121221,"Seaweeds and other algae; fit for human consumption, fresh, chilled, frozen or dried, whether or not ground",6,TRUE,C00,TOTAL CPC,0,0,TOTAL MOT,8,kg,62297.29,FALSE,8,kg,"62,297",FALSE,"62,297",FALSE,0,FALSE,,"$806,033.00","$806,033.00",0,TRUE,FALSE,$12.94
,"121221 (건조김, 마른김)",0.0625,$11.04,,C,A,20240101,2024,52,2024,410,KOR,Rep. of Korea,X,Export,540,NCL,New Caledonia,0,W00,World,H6,HS,TRUE,121221,"Seaweeds and other algae; fit for human consumption, fresh, chilled, frozen or dried, whether or not ground",6,TRUE,C00,TOTAL CPC,0,0,TOTAL MOT,8,kg,62.5,FALSE,8,kg,63,FALSE,63,FALSE,0,FALSE,,$690.00,$690.00,0,TRUE,FALSE,$11.04
,"121221 (건조김, 마른김)",0.00482,$22.41,,C,A,20240101,2024,52,2024,410,KOR,Rep. of Korea,X,Export,548,VUT,Vanuatu,0,W00,World,H6,HS,TRUE,121221,"Seaweeds and other algae; fit for human consumption, fresh, chilled, frozen or dried, whether or not ground",6,TRUE,C00,TOTAL CPC,0,0,TOTAL MOT,8,kg,4.82,FALSE,8,kg,5,FALSE,5,FALSE,0,FALSE,,$108.00,$108.00,0,TRUE,FALSE,$22.41
,"121221 (건조김, 마른김)",22.67328,$7.08,,C,A,20240101,2024,52,2024,410,KOR,Rep. of Korea,X,Export,554,NZL,New Zealand,0,W00,World,H6,HS,TRUE,121221,"Seaweeds and other algae; fit for human consumption, fresh, chilled, frozen or dried, whether or not ground",6,TRUE,C00,TOTAL CPC,0,0,TOTAL MOT,8,kg,22673.28,FALSE,8,kg,"22,673",FALSE,"22,673",FALSE,0,FALSE,,"$160,437.00","$160,437.00",0,TRUE,FALSE,$7.08
,"121221 (건조김, 마른김)",0.086,$22.77,,C,A,20240101,2024,52,2024,410,KOR,Rep. of Korea,X,Export,558,NIC,Nicaragua,0,W00,World,H6,HS,TRUE,121221,"Seaweeds and other algae; fit for human consumption, fresh, chilled, frozen or dried, whether or not ground",6,TRUE,C00,TOTAL CPC,0,0,TOTAL MOT,8,kg,86,FALSE,8,kg,86,FALSE,86,FALSE,0,FALSE,,"$1,958.00","$1,958.00",0,TRUE,FALSE,$22.77
,"121221 (건조김, 마른김)",4.822562,$6.25,,C,A,20240101,2024,52,2024,410,KOR,Rep. of Korea,X,Export,566,NGA,Nigeria,0,W00,World,H6,HS,TRUE,121221,"Seaweeds and other algae; fit for human consumption, fresh, chilled, frozen or dried, whether or not ground",6,TRUE,C00,TOTAL CPC,0,0,TOTAL MOT,8,kg,4822.562,FALSE,8,kg,"4,823",FALSE,"4,823",FALSE,0,FALSE,,"$30,148.00","$30,148.00",0,TRUE,FALSE,$6.25
,"121221 (건조김, 마른김)",1.3098,$60.46,,C,A,20240101,2024,52,2024,410,KOR,Rep. of Korea,X,Export,579,NOR,Norway,0,W00,World,H6,HS,TRUE,121221,"Seaweeds and other algae; fit for human consumption, fresh, chilled, frozen or dried, whether or not ground",6,TRUE,C00,TOTAL CPC,0,0,TOTAL MOT,8,kg,1309.8,FALSE,8,kg,"1,310",FALSE,"1,310",FALSE,0,FALSE,,"$79,184.00","$79,184.00",0,TRUE,FALSE,$60.46
,"121221 (건조김, 마른김)",1.846,$7.83,,C,A,20240101,2024,52,2024,410,KOR,Rep. of Korea,X,Export,580,MNP,N. Mariana Isds,0,W00,World,H6,HS,TRUE,121221,"Seaweeds and other algae; fit for human consumption, fresh, chilled, frozen or dried, whether or not ground",6,TRUE,C00,TOTAL CPC,0,0,TOTAL MOT,8,kg,1846,FALSE,8,kg,"1,846",FALSE,"1,846",FALSE,0,FALSE,,"$14,456.00","$14,456.00",0,TRUE,FALSE,$7.83
,"121221 (건조김, 마른김)",0.034,$37.38,,C,A,20240101,2024,52,2024,410,KOR,Rep. of Korea,X,Export,584,MHL,Marshall Isds,0,W00,World,H6,HS,TRUE,121221,"Seaweeds and other algae; fit for human consumption, fresh, chilled, frozen or dried, whether or not ground",6,TRUE,C00,TOTAL CPC,0,0,TOTAL MOT,8,kg,34,FALSE,8,kg,34,FALSE,34,FALSE,0,FALSE,,"$1,271.00","$1,271.00",0,TRUE,FALSE,$37.38
,"121221 (건조김, 마른김)",0.012,$15.75,,C,A,20240101,2024,52,2024,410,KOR,Rep. of Korea,X,Export,585,PLW,Palau,0,W00,World,H6,HS,TRUE,121221,"Seaweeds and other algae; fit for human consumption, fresh, chilled, frozen or dried, whether or not ground",6,TRUE,C00,TOTAL CPC,0,0,TOTAL MOT,8,kg,12,FALSE,8,kg,12,FALSE,12,FALSE,0,FALSE,,$189.00,$189.00,0,TRUE,FALSE,$15.75
,"121221 (건조김, 마른김)",0.26029,$8.40,,C,A,20240101,2024,52,2024,410,KOR,Rep. of Korea,X,Export,591,PAN,Panama,0,W00,World,H6,HS,TRUE,121221,"Seaweeds and other algae; fit for human consumption, fresh, chilled, frozen or dried, whether or not ground",6,TRUE,C00,TOTAL CPC,0,0,TOTAL MOT,8,kg,260.29,FALSE,8,kg,260,FALSE,260,FALSE,0,FALSE,,"$2,186.00","$2,186.00",0,TRUE,FALSE,$8.40
,"121221 (건조김, 마른김)",0.4998,$10.57,,C,A,20240101,2024,52,2024,410,KOR,Rep. of Korea,X,Export,600,PRY,Paraguay,0,W00,World,H6,HS,TRUE,121221,"Seaweeds and other algae; fit for human consumption, fresh, chilled, frozen or dried, whether or not ground",6,TRUE,C00,TOTAL CPC,0,0,TOTAL MOT,8,kg,499.8,FALSE,8,kg,500,FALSE,500,FALSE,0,FALSE,,"$5,281.00","$5,281.00",0,TRUE,FALSE,$10.57
,"121221 (건조김, 마른김)",21.1386,$3.89,,C,A,20240101,2024,52,2024,410,KOR,Rep. of Korea,X,Export,604,PER,Peru,0,W00,World,H6,HS,TRUE,121221,"Seaweeds and other algae; fit for human consumption, fresh, chilled, frozen or dried, whether or not ground",6,TRUE,C00,TOTAL CPC,0,0,TOTAL MOT,8,kg,21138.6,FALSE,8,kg,"21,139",FALSE,"21,139",FALSE,0,FALSE,,"$82,334.00","$82,334.00",0,TRUE,FALSE,$3.89
,"121221 (건조김, 마른김)",168.71182,$12.21,,C,A,20240101,2024,52,2024,410,KOR,Rep. of Korea,X,Export,608,PHL,Philippines,0,W00,World,H6,HS,TRUE,121221,"Seaweeds and other algae; fit for human consumption, fresh, chilled, frozen or dried, whether or not ground",6,TRUE,C00,TOTAL CPC,0,0,TOTAL MOT,8,kg,168711.82,FALSE,8,kg,"168,712",FALSE,"168,712",FALSE,0,FALSE,,"$2,059,274.00","$2,059,274.00",0,TRUE,FALSE,$12.21
,"121221 (건조김, 마른김)",16.86226,$16.34,,C,A,20240101,2024,52,2024,410,KOR,Rep. of Korea,X,Export,616,POL,Poland,0,W00,World,H6,HS,TRUE,121221,"Seaweeds and other algae; fit for human consumption, fresh, chilled, frozen or dried, whether or not ground",6,TRUE,C00,TOTAL CPC,0,0,TOTAL MOT,8,kg,16862.26,FALSE,8,kg,"16,862",FALSE,"16,862",FALSE,0,FALSE,,"$275,558.00","$275,558.00",0,TRUE,FALSE,$16.34
,"121221 (건조김, 마른김)",1.186,$31.37,,C,A,20240101,2024,52,2024,410,KOR,Rep. of Korea,X,Export,634,QAT,Qatar,0,W00,World,H6,HS,TRUE,121221,"Seaweeds and other algae; fit for human consumption, fresh, chilled, frozen or dried, whether or not ground",6,TRUE,C00,TOTAL CPC,0,0,TOTAL MOT,8,kg,1186,FALSE,8,kg,"1,186",FALSE,"1,186",FALSE,0,FALSE,,"$37,200.00","$37,200.00",0,TRUE,FALSE,$31.37
,"121221 (건조김, 마른김)",0.0368,$23.37,,C,A,20240101,2024,52,2024,410,KOR,Rep. of Korea,X,Export,642,ROU,Romania,0,W00,World,H6,HS,TRUE,121221,"Seaweeds and other algae; fit for human consumption, fresh, chilled, frozen or dried, whether or not ground",6,TRUE,C00,TOTAL CPC,0,0,TOTAL MOT,8,kg,36.8,FALSE,8,kg,37,FALSE,37,FALSE,0,FALSE,,$860.00,$860.00,0,TRUE,FALSE,$23.37
,"121221 (건조김, 마른김)",2140.6738,$32.37,,C,A,20240101,2024,52,2024,410,KOR,Rep. of Korea,X,Export,643,RUS,Russian Federation,0,W00,World,H6,HS,TRUE,121221,"Seaweeds and other algae; fit for human consumption, fresh, chilled, frozen or dried, whether or not ground",6,TRUE,C00,TOTAL CPC,0,0,TOTAL MOT,8,kg,2140673.8,FALSE,8,kg,"2,140,674",FALSE,"2,140,674",FALSE,0,FALSE,,"$69,296,175.00","$69,296,175.00",0,TRUE,FALSE,$32.37
,"121221 (건조김, 마른김)",1.946,$19.93,,C,A,20240101,2024,52,2024,410,KOR,Rep. of Korea,X,Export,682,SAU,Saudi Arabia,0,W00,World,H6,HS,TRUE,121221,"Seaweeds and other algae; fit for human consumption, fresh, chilled, frozen or dried, whether or not ground",6,TRUE,C00,TOTAL CPC,0,0,TOTAL MOT,8,kg,1946,FALSE,8,kg,"1,946",FALSE,"1,946",FALSE,0,FALSE,,"$38,784.00","$38,784.00",0,TRUE,FALSE,$19.93
,"121221 (건조김, 마른김)",0.10872,$18.41,,C,A,20240101,2024,52,2024,410,KOR,Rep. of Korea,X,Export,688,SRB,Serbia,0,W00,World,H6,HS,TRUE,121221,"Seaweeds and other algae; fit for human consumption, fresh, chilled, frozen or dried, whether or not ground",6,TRUE,C00,TOTAL CPC,0,0,TOTAL MOT,8,kg,108.72,FALSE,8,kg,109,FALSE,109,FALSE,0,FALSE,,"$2,001.00","$2,001.00",0,TRUE,FALSE,$18.41
,"121221 (건조김, 마른김)",3.73008,$10.17,,C,A,20240101,2024,52,2024,410,KOR,Rep. of Korea,X,Export,699,IND,India,0,W00,World,H6,HS,TRUE,121221,"Seaweeds and other algae; fit for human consumption, fresh, chilled, frozen or dried, whether or not ground",6,TRUE,C00,TOTAL CPC,0,0,TOTAL MOT,8,kg,3730.08,FALSE,8,kg,"3,730",FALSE,"3,730",FALSE,0,FALSE,,"$37,943.00","$37,943.00",0,TRUE,FALSE,$10.17
,"121221 (건조김, 마른김)",90.173112,$23.20,,C,A,20240101,2024,52,2024,410,KOR,Rep. of Korea,X,Export,702,SGP,Singapore,0,W00,World,H6,HS,TRUE,121221,"Seaweeds and other algae; fit for human consumption, fresh, chilled, frozen or dried, whether or not ground",6,TRUE,C00,TOTAL CPC,0,0,TOTAL MOT,8,kg,90173.112,FALSE,8,kg,"90,173",FALSE,"90,173",FALSE,0,FALSE,,"$2,092,056.00","$2,092,056.00",0,TRUE,FALSE,$23.20
,"121221 (건조김, 마른김)",775.1517,$18.82,,C,A,20240101,2024,52,2024,410,KOR,Rep. of Korea,X,Export,704,VNM,Viet Nam,0,W00,World,H6,HS,TRUE,121221,"Seaweeds and other algae; fit for human consumption, fresh, chilled, frozen or dried, whether or not ground",6,TRUE,C00,TOTAL CPC,0,0,TOTAL MOT,8,kg,775151.7,FALSE,8,kg,"775,152",FALSE,"775,152",FALSE,0,FALSE,,"$14,584,914.00","$14,584,914.00",0,TRUE,FALSE,$18.82
,"121221 (건조김, 마른김)",0.076,$21.72,,C,A,20240101,2024,52,2024,410,KOR,Rep. of Korea,X,Export,710,ZAF,South Africa,0,W00,World,H6,HS,TRUE,121221,"Seaweeds and other algae; fit for human consumption, fresh, chilled, frozen or dried, whether or not ground",6,TRUE,C00,TOTAL CPC,0,0,TOTAL MOT,8,kg,76,FALSE,8,kg,76,FALSE,76,FALSE,0,FALSE,,"$1,651.00","$1,651.00",0,TRUE,FALSE,$21.72
,"121221 (건조김, 마른김)",28.69,$35.90,,C,A,20240101,2024,52,2024,410,KOR,Rep. of Korea,X,Export,724,ESP,Spain,0,W00,World,H6,HS,TRUE,121221,"Seaweeds and other algae; fit for human consumption, fresh, chilled, frozen or dried, whether or not ground",6,TRUE,C00,TOTAL CPC,0,0,TOTAL MOT,8,kg,28690,FALSE,8,kg,"28,690",FALSE,"28,690",FALSE,0,FALSE,,"$1,029,999.00","$1,029,999.00",0,TRUE,FALSE,$35.90
,"121221 (건조김, 마른김)",0.13325,$19.54,,C,A,20240101,2024,52,2024,410,KOR,Rep. of Korea,X,Export,752,SWE,Sweden,0,W00,World,H6,HS,TRUE,121221,"Seaweeds and other algae; fit for human consumption, fresh, chilled, frozen or dried, whether or not ground",6,TRUE,C00,TOTAL CPC,0,0,TOTAL MOT,8,kg,133.25,FALSE,8,kg,133,FALSE,133,FALSE,0,FALSE,,"$2,604.00","$2,604.00",0,TRUE,FALSE,$19.54
,"121221 (건조김, 마른김)",0.1922,$24.00,,C,A,20240101,2024,52,2024,410,KOR,Rep. of Korea,X,Export,757,CHE,Switzerland,0,W00,World,H6,HS,TRUE,121221,"Seaweeds and other algae; fit for human consumption, fresh, chilled, frozen or dried, whether or not ground",6,TRUE,C00,TOTAL CPC,0,0,TOTAL MOT,8,kg,192.2,FALSE,8,kg,192,FALSE,192,FALSE,0,FALSE,,"$4,613.00","$4,613.00",0,TRUE,FALSE,$24.00
,"121221 (건조김, 마른김)",3567.1722,$24.13,,C,A,20240101,2024,52,2024,410,KOR,Rep. of Korea,X,Export,764,THA,Thailand,0,W00,World,H6,HS,TRUE,121221,"Seaweeds and other algae; fit for human consumption, fresh, chilled, frozen or dried, whether or not ground",6,TRUE,C00,TOTAL CPC,0,0,TOTAL MOT,8,kg,3567172.2,FALSE,8,kg,"3,567,172",FALSE,"3,567,172",FALSE,0,FALSE,,"$86,090,789.00","$86,090,789.00",0,TRUE,FALSE,$24.13
,"121221 (건조김, 마른김)",0.005,$23.00,,C,A,20240101,2024,52,2024,410,KOR,Rep. of Korea,X,Export,780,TTO,Trinidad and Tobago,0,W00,World,H6,HS,TRUE,121221,"Seaweeds and other algae; fit for human consumption, fresh, chilled, frozen or dried, whether or not ground",6,TRUE,C00,TOTAL CPC,0,0,TOTAL MOT,8,kg,5,FALSE,8,kg,5,FALSE,5,FALSE,0,FALSE,,$115.00,$115.00,0,TRUE,FALSE,$23.00
,"121221 (건조김, 마른김)",3.40154,$17.71,,C,A,20240101,2024,52,2024,410,KOR,Rep. of Korea,X,Export,784,ARE,United Arab Emirates,0,W00,World,H6,HS,TRUE,121221,"Seaweeds and other algae; fit for human consumption, fresh, chilled, frozen or dried, whether or not ground",6,TRUE,C00,TOTAL CPC,0,0,TOTAL MOT,8,kg,3401.54,FALSE,8,kg,"3,402",FALSE,"3,402",FALSE,0,FALSE,,"$60,233.00","$60,233.00",0,TRUE,FALSE,$17.71
,"121221 (건조김, 마른김)",23.0944,$34.72,,C,A,20240101,2024,52,2024,410,KOR,Rep. of Korea,X,Export,792,TUR,Türkiye,0,W00,World,H6,HS,TRUE,121221,"Seaweeds and other algae; fit for human consumption, fresh, chilled, frozen or dried, whether or not ground",6,TRUE,C00,TOTAL CPC,0,0,TOTAL MOT,8,kg,23094.4,FALSE,8,kg,"23,094",FALSE,"23,094",FALSE,0,FALSE,,"$801,827.00","$801,827.00",0,TRUE,FALSE,$34.72
,"121221 (건조김, 마른김)",1.96065,$25.71,,C,A,20240101,2024,52,2024,410,KOR,Rep. of Korea,X,Export,804,UKR,Ukraine,0,W00,World,H6,HS,TRUE,121221,"Seaweeds and other algae; fit for human consumption, fresh, chilled, frozen or dried, whether or not ground",6,TRUE,C00,TOTAL CPC,0,0,TOTAL MOT,8,kg,1960.65,FALSE,8,kg,"1,961",FALSE,"1,961",FALSE,0,FALSE,,"$50,416.00","$50,416.00",0,TRUE,FALSE,$25.71
,"121221 (건조김, 마른김)",35.795,$12.91,,C,A,20240101,2024,52,2024,410,KOR,Rep. of Korea,X,Export,826,GBR,United Kingdom,0,W00,World,H6,HS,TRUE,121221,"Seaweeds and other algae; fit for human consumption, fresh, chilled, frozen or dried, whether or not ground",6,TRUE,C00,TOTAL CPC,0,0,TOTAL MOT,8,kg,35795,FALSE,8,kg,"35,795",FALSE,"35,795",FALSE,0,FALSE,,"$462,147.00","$462,147.00",0,TRUE,FALSE,$12.91
,"121221 (건조김, 마른김)",1971.7791,$11.80,,C,A,20240101,2024,52,2024,410,KOR,Rep. of Korea,X,Export,842,USA,USA,0,W00,World,H6,HS,TRUE,121221,"Seaweeds and other algae; fit for human consumption, fresh, chilled, frozen or dried, whether or not ground",6,TRUE,C00,TOTAL CPC,0,0,TOTAL MOT,8,kg,1971779.1,FALSE,8,kg,"1,971,779",FALSE,"1,971,779",FALSE,0,FALSE,,"$23,263,400.00","$23,263,400.00",0,TRUE,FALSE,$11.80
,"121221 (건조김, 마른김)",0.0125,$33.60,,C,A,20240101,2024,52,2024,410,KOR,Rep. of Korea,X,Export,858,URY,Uruguay,0,W00,World,H6,HS,TRUE,121221,"Seaweeds and other algae; fit for human consumption, fresh, chilled, frozen or dried, whether or not ground",6,TRUE,C00,TOTAL CPC,0,0,TOTAL MOT,8,kg,12.5,FALSE,8,kg,13,FALSE,13,FALSE,0,FALSE,,$420.00,$420.00,0,TRUE,FALSE,$33.60
,"121221 (건조김, 마른김)",0.5601,$15.86,,C,A,20240101,2024,52,2024,410,KOR,Rep. of Korea,X,Export,860,UZB,Uzbekistan,0,W00,World,H6,HS,TRUE,121221,"Seaweeds and other algae; fit for human consumption, fresh, chilled, frozen or dried, whether or not ground",6,TRUE,C00,TOTAL CPC,0,0,TOTAL MOT,8,kg,560.1,FALSE,8,kg,560,FALSE,560,FALSE,0,FALSE,,"$8,882.00","$8,882.00",0,TRUE,FALSE,$15.86
,"121221 (건조김, 마른김)",0.10112,$13.11,,C,A,20240101,2024,52,2024,410,KOR,Rep. of Korea,X,Export,882,WSM,Samoa,0,W00,World,H6,HS,TRUE,121221,"Seaweeds and other algae; fit for human consumption, fresh, chilled, frozen or dried, whether or not ground",6,TRUE,C00,TOTAL CPC,0,0,TOTAL MOT,8,kg,101.12,FALSE,8,kg,101,FALSE,101,FALSE,0,FALSE,,"$1,326.00","$1,326.00",0,TRUE,FALSE,$13.11
,"200899 (구운김, 조미김)",26955.25897,$23.61,,C,A,20240101,2024,52,2024,410,KOR,Rep. of Korea,X,Export,0,W00,World,0,W00,World,H6,HS,TRUE,200899,"Fruit, nuts and other edible parts of plants; prepared or preserved, whether or not containing added sugar, other sweetening matter or spirit, n.e.c. in heading no. 2008",6,TRUE,C00,TOTAL CPC,0,0,TOTAL MOT,8,kg,26955258.97,FALSE,8,kg,"26,955,259",FALSE,"26,955,259",FALSE,0,FALSE,,"$636,476,615.00","$636,476,615.00",0,FALSE,TRUE,$23.61
,"200899 (구운김, 조미김)",0.017,$53.12,,C,A,20240101,2024,52,2024,410,KOR,Rep. of Korea,X,Export,8,ALB,Albania,0,W00,World,H6,HS,TRUE,200899,"Fruit, nuts and other edible parts of plants; prepared or preserved, whether or not containing added sugar, other sweetening matter or spirit, n.e.c. in heading no. 2008",6,TRUE,C00,TOTAL CPC,0,0,TOTAL MOT,8,kg,17,FALSE,8,kg,17,FALSE,17,FALSE,0,FALSE,,$903.00,$903.00,0,TRUE,FALSE,$53.12
,"200899 (구운김, 조미김)",0.047872,$4.64,,C,A,20240101,2024,52,2024,410,KOR,Rep. of Korea,X,Export,12,DZA,Algeria,0,W00,World,H6,HS,TRUE,200899,"Fruit, nuts and other edible parts of plants; prepared or preserved, whether or not containing added sugar, other sweetening matter or spirit, n.e.c. in heading no. 2008",6,TRUE,C00,TOTAL CPC,0,0,TOTAL MOT,8,kg,47.872,FALSE,8,kg,48,FALSE,48,FALSE,0,FALSE,,$222.00,$222.00,0,TRUE,FALSE,$4.64
,"200899 (구운김, 조미김)",0.0004,$7.50,,C,A,20240101,2024,52,2024,410,KOR,Rep. of Korea,X,Export,24,AGO,Angola,0,W00,World,H6,HS,TRUE,200899,"Fruit, nuts and other edible parts of plants; prepared or preserved, whether or not containing added sugar, other sweetening matter or spirit, n.e.c. in heading no. 2008",6,TRUE,C00,TOTAL CPC,0,0,TOTAL MOT,8,kg,0.4,FALSE,8,kg,0,FALSE,0,FALSE,0,FALSE,,$3.00,$3.00,0,TRUE,FALSE,$7.50
,"200899 (구운김, 조미김)",3.13695,$33.07,,C,A,20240101,2024,52,2024,410,KOR,Rep. of Korea,X,Export,31,AZE,Azerbaijan,0,W00,World,H6,HS,TRUE,200899,"Fruit, nuts and other edible parts of plants; prepared or preserved, whether or not containing added sugar, other sweetening matter or spirit, n.e.c. in heading no. 2008",6,TRUE,C00,TOTAL CPC,0,0,TOTAL MOT,8,kg,3136.95,FALSE,8,kg,"3,137",FALSE,"3,137",FALSE,0,FALSE,,"$103,725.00","$103,725.00",0,TRUE,FALSE,$33.07
,"200899 (구운김, 조미김)",1.65856,$23.47,,C,A,20240101,2024,52,2024,410,KOR,Rep. of Korea,X,Export,32,ARG,Argentina,0,W00,World,H6,HS,TRUE,200899,"Fruit, nuts and other edible parts of plants; prepared or preserved, whether or not containing added sugar, other sweetening matter or spirit, n.e.c. in heading no. 2008",6,TRUE,C00,TOTAL CPC,0,0,TOTAL MOT,8,kg,1658.56,FALSE,8,kg,"1,659",FALSE,"1,659",FALSE,0,FALSE,,"$38,922.00","$38,922.00",0,TRUE,FALSE,$23.47
,"200899 (구운김, 조미김)",1041.4366,$22.78,,C,A,20240101,2024,52,2024,410,KOR,Rep. of Korea,X,Export,36,AUS,Australia,0,W00,World,H6,HS,TRUE,200899,"Fruit, nuts and other edible parts of plants; prepared or preserved, whether or not containing added sugar, other sweetening matter or spirit, n.e.c. in heading no. 2008",6,TRUE,C00,TOTAL CPC,0,0,TOTAL MOT,8,kg,1041436.6,FALSE,8,kg,"1,041,437",FALSE,"1,041,437",FALSE,0,FALSE,,"$23,721,298.00","$23,721,298.00",0,TRUE,FALSE,$22.78
,"200899 (구운김, 조미김)",30.284663,$8.69,,C,A,20240101,2024,52,2024,410,KOR,Rep. of Korea,X,Export,40,AUT,Austria,0,W00,World,H6,HS,TRUE,200899,"Fruit, nuts and other edible parts of plants; prepared or preserved, whether or not containing added sugar, other sweetening matter or spirit, n.e.c. in heading no. 2008",6,TRUE,C00,TOTAL CPC,0,0,TOTAL MOT,8,kg,30284.663,FALSE,8,kg,"30,285",FALSE,"30,285",FALSE,0,FALSE,,"$263,207.00","$263,207.00",0,TRUE,FALSE,$8.69
,"200899 (구운김, 조미김)",0.49097,$46.90,,C,A,20240101,2024,52,2024,410,KOR,Rep. of Korea,X,Export,48,BHR,Bahrain,0,W00,World,H6,HS,TRUE,200899,"Fruit, nuts and other edible parts of plants; prepared or preserved, whether or not containing added sugar, other sweetening matter or spirit, n.e.c. in heading no. 2008",6,TRUE,C00,TOTAL CPC,0,0,TOTAL MOT,8,kg,490.97,FALSE,8,kg,491,FALSE,491,FALSE,0,FALSE,,"$23,027.00","$23,027.00",0,TRUE,FALSE,$46.90
,"200899 (구운김, 조미김)",1.64437,$22.68,,C,A,20240101,2024,52,2024,410,KOR,Rep. of Korea,X,Export,50,BGD,Bangladesh,0,W00,World,H6,HS,TRUE,200899,"Fruit, nuts and other edible parts of plants; prepared or preserved, whether or not containing added sugar, other sweetening matter or spirit, n.e.c. in heading no. 2008",6,TRUE,C00,TOTAL CPC,0,0,TOTAL MOT,8,kg,1644.37,FALSE,8,kg,"1,644",FALSE,"1,644",FALSE,0,FALSE,,"$37,298.00","$37,298.00",0,TRUE,FALSE,$22.68
,"200899 (구운김, 조미김)",464.5837,$3.07,,C,A,20240101,2024,52,2024,410,KOR,Rep. of Korea,X,Export,56,BEL,Belgium,0,W00,World,H6,HS,TRUE,200899,"Fruit, nuts and other edible parts of plants; prepared or preserved, whether or not containing added sugar, other sweetening matter or spirit, n.e.c. in heading no. 2008",6,TRUE,C00,TOTAL CPC,0,0,TOTAL MOT,8,kg,464583.7,FALSE,8,kg,"464,584",FALSE,"464,584",FALSE,0,FALSE,,"$1,425,888.00","$1,425,888.00",0,TRUE,FALSE,$3.07
,"200899 (구운김, 조미김)",5.2234,$10.46,,C,A,20240101,2024,52,2024,410,KOR,Rep. of Korea,X,Export,64,BTN,Bhutan,0,W00,World,H6,HS,TRUE,200899,"Fruit, nuts and other edible parts of plants; prepared or preserved, whether or not containing added sugar, other sweetening matter or spirit, n.e.c. in heading no. 2008",6,TRUE,C00,TOTAL CPC,0,0,TOTAL MOT,8,kg,5223.4,FALSE,8,kg,"5,223",FALSE,"5,223",FALSE,0,FALSE,,"$54,612.00","$54,612.00",0,TRUE,FALSE,$10.46
,"200899 (구운김, 조미김)",3.55073,$40.35,,C,A,20240101,2024,52,2024,410,KOR,Rep. of Korea,X,Export,68,BOL,Bolivia (Plurinational State of),0,W00,World,H6,HS,TRUE,200899,"Fruit, nuts and other edible parts of plants; prepared or preserved, whether or not containing added sugar, other sweetening matter or spirit, n.e.c. in heading no. 2008",6,TRUE,C00,TOTAL CPC,0,0,TOTAL MOT,8,kg,3550.73,FALSE,8,kg,"3,551",FALSE,"3,551",FALSE,0,FALSE,,"$143,259.00","$143,259.00",0,TRUE,FALSE,$40.35
,"200899 (구운김, 조미김)",0.168,$37.25,,C,A,20240101,2024,52,2024,410,KOR,Rep. of Korea,X,Export,70,BIH,Bosnia Herzegovina,0,W00,World,H6,HS,TRUE,200899,"Fruit, nuts and other edible parts of plants; prepared or preserved, whether or not containing added sugar, other sweetening matter or spirit, n.e.c. in heading no. 2008",6,TRUE,C00,TOTAL CPC,0,0,TOTAL MOT,8,kg,168,FALSE,8,kg,168,FALSE,168,FALSE,0,FALSE,,"$6,258.00","$6,258.00",0,TRUE,FALSE,$37.25
,"200899 (구운김, 조미김)",0.0004,$7.50,,C,A,20240101,2024,52,2024,410,KOR,Rep. of Korea,X,Export,72,BWA,Botswana,0,W00,World,H6,HS,TRUE,200899,"Fruit, nuts and other edible parts of plants; prepared or preserved, whether or not containing added sugar, other sweetening matter or spirit, n.e.c. in heading no. 2008",6,TRUE,C00,TOTAL CPC,0,0,TOTAL MOT,8,kg,0.4,FALSE,8,kg,0,FALSE,0,FALSE,0,FALSE,,$3.00,$3.00,0,TRUE,FALSE,$7.50
,"200899 (구운김, 조미김)",69.75784,$24.06,,C,A,20240101,2024,52,2024,410,KOR,Rep. of Korea,X,Export,76,BRA,Brazil,0,W00,World,H6,HS,TRUE,200899,"Fruit, nuts and other edible parts of plants; prepared or preserved, whether or not containing added sugar, other sweetening matter or spirit, n.e.c. in heading no. 2008",6,TRUE,C00,TOTAL CPC,0,0,TOTAL MOT,8,kg,69757.84,FALSE,8,kg,"69,758",FALSE,"69,758",FALSE,0,FALSE,,"$1,678,371.00","$1,678,371.00",0,TRUE,FALSE,$24.06
,"200899 (구운김, 조미김)",2.553628,$25.83,,C,A,20240101,2024,52,2024,410,KOR,Rep. of Korea,X,Export,96,BRN,Brunei Darussalam,0,W00,World,H6,HS,TRUE,200899,"Fruit, nuts and other edible parts of plants; prepared or preserved, whether or not containing added sugar, other sweetening matter or spirit, n.e.c. in heading no. 2008",6,TRUE,C00,TOTAL CPC,0,0,TOTAL MOT,8,kg,2553.628,FALSE,8,kg,"2,554",FALSE,"2,554",FALSE,0,FALSE,,"$65,968.00","$65,968.00",0,TRUE,FALSE,$25.83
,"200899 (구운김, 조미김)",7.744973,$33.07,,C,A,20240101,2024,52,2024,410,KOR,Rep. of Korea,X,Export,100,BGR,Bulgaria,0,W00,World,H6,HS,TRUE,200899,"Fruit, nuts and other edible parts of plants; prepared or preserved, whether or not containing added sugar, other sweetening matter or spirit, n.e.c. in heading no. 2008",6,TRUE,C00,TOTAL CPC,0,0,TOTAL MOT,8,kg,7744.973,FALSE,8,kg,"7,745",FALSE,"7,745",FALSE,0,FALSE,,"$256,144.00","$256,144.00",0,TRUE,FALSE,$33.07
,"200899 (구운김, 조미김)",8.923822,$21.54,,C,A,20240101,2024,52,2024,410,KOR,Rep. of Korea,X,Export,104,MMR,Myanmar,0,W00,World,H6,HS,TRUE,200899,"Fruit, nuts and other edible parts of plants; prepared or preserved, whether or not containing added sugar, other sweetening matter or spirit, n.e.c. in heading no. 2008",6,TRUE,C00,TOTAL CPC,0,0,TOTAL MOT,8,kg,8923.822,FALSE,8,kg,"8,924",FALSE,"8,924",FALSE,0,FALSE,,"$192,202.00","$192,202.00",0,TRUE,FALSE,$21.54
,"200899 (구운김, 조미김)",46.16171,$24.95,,C,A,20240101,2024,52,2024,410,KOR,Rep. of Korea,X,Export,116,KHM,Cambodia,0,W00,World,H6,HS,TRUE,200899,"Fruit, nuts and other edible parts of plants; prepared or preserved, whether or not containing added sugar, other sweetening matter or spirit, n.e.c. in heading no. 2008",6,TRUE,C00,TOTAL CPC,0,0,TOTAL MOT,8,kg,46161.71,FALSE,8,kg,"46,162",FALSE,"46,162",FALSE,0,FALSE,,"$1,151,751.00","$1,151,751.00",0,TRUE,FALSE,$24.95
,"200899 (구운김, 조미김)",928.9012,$34.22,,C,A,20240101,2024,52,2024,410,KOR,Rep. of Korea,X,Export,124,CAN,Canada,0,W00,World,H6,HS,TRUE,200899,"Fruit, nuts and other edible parts of plants; prepared or preserved, whether or not containing added sugar, other sweetening matter or spirit, n.e.c. in heading no. 2008",6,TRUE,C00,TOTAL CPC,0,0,TOTAL MOT,8,kg,928901.2,FALSE,8,kg,"928,901",FALSE,"928,901",FALSE,0,FALSE,,"$31,788,755.00","$31,788,755.00",0,TRUE,FALSE,$34.22
,"200899 (구운김, 조미김)",0.000022,$45.45,,C,A,20240101,2024,52,2024,410,KOR,Rep. of Korea,X,Export,140,CAF,Central African Rep.,0,W00,World,H6,HS,TRUE,200899,"Fruit, nuts and other edible parts of plants; prepared or preserved, whether or not containing added sugar, other sweetening matter or spirit, n.e.c. in heading no. 2008",6,TRUE,C00,TOTAL CPC,0,0,TOTAL MOT,8,kg,0.022,FALSE,8,kg,0,FALSE,0,FALSE,0,FALSE,,$1.00,$1.00,0,TRUE,FALSE,$45.45
,"200899 (구운김, 조미김)",0.1698,$11.24,,C,A,20240101,2024,52,2024,410,KOR,Rep. of Korea,X,Export,144,LKA,Sri Lanka,0,W00,World,H6,HS,TRUE,200899,"Fruit, nuts and other edible parts of plants; prepared or preserved, whether or not containing added sugar, other sweetening matter or spirit, n.e.c. in heading no. 2008",6,TRUE,C00,TOTAL CPC,0,0,TOTAL MOT,8,kg,169.8,FALSE,8,kg,170,FALSE,170,FALSE,0,FALSE,,"$1,909.00","$1,909.00",0,TRUE,FALSE,$11.24
,"200899 (구운김, 조미김)",50.97567,$25.91,,C,A,20240101,2024,52,2024,410,KOR,Rep. of Korea,X,Export,152,CHL,Chile,0,W00,World,H6,HS,TRUE,200899,"Fruit, nuts and other edible parts of plants; prepared or preserved, whether or not containing added sugar, other sweetening matter or spirit, n.e.c. in heading no. 2008",6,TRUE,C00,TOTAL CPC,0,0,TOTAL MOT,8,kg,50975.67,FALSE,8,kg,"50,976",FALSE,"50,976",FALSE,0,FALSE,,"$1,320,598.00","$1,320,598.00",0,TRUE,FALSE,$25.91
,"200899 (구운김, 조미김)",2460.191,$15.74,,C,A,20240101,2024,52,2024,410,KOR,Rep. of Korea,X,Export,156,CHN,China,0,W00,World,H6,HS,TRUE,200899,"Fruit, nuts and other edible parts of plants; prepared or preserved, whether or not containing added sugar, other sweetening matter or spirit, n.e.c. in heading no. 2008",6,TRUE,C00,TOTAL CPC,0,0,TOTAL MOT,8,kg,2460191,FALSE,8,kg,"2,460,191",FALSE,"2,460,191",FALSE,0,FALSE,,"$38,726,684.00","$38,726,684.00",0,TRUE,FALSE,$15.74
,"200899 (구운김, 조미김)",2.22504,$24.30,,C,A,20240101,2024,52,2024,410,KOR,Rep. of Korea,X,Export,170,COL,Colombia,0,W00,World,H6,HS,TRUE,200899,"Fruit, nuts and other edible parts of plants; prepared or preserved, whether or not containing added sugar, other sweetening matter or spirit, n.e.c. in heading no. 2008",6,TRUE,C00,TOTAL CPC,0,0,TOTAL MOT,8,kg,2225.04,FALSE,8,kg,"2,225",FALSE,"2,225",FALSE,0,FALSE,,"$54,075.00","$54,075.00",0,TRUE,FALSE,$24.30
,"200899 (구운김, 조미김)",0.15948,$44.93,,C,A,20240101,2024,52,2024,410,KOR,Rep. of Korea,X,Export,188,CRI,Costa Rica,0,W00,World,H6,HS,TRUE,200899,"Fruit, nuts and other edible parts of plants; prepared or preserved, whether or not containing added sugar, other sweetening matter or spirit, n.e.c. in heading no. 2008",6,TRUE,C00,TOTAL CPC,0,0,TOTAL MOT,8,kg,159.48,FALSE,8,kg,159,FALSE,159,FALSE,0,FALSE,,"$7,165.00","$7,165.00",0,TRUE,FALSE,$44.93
,"200899 (구운김, 조미김)",65.24461,$7.30,,C,A,20240101,2024,52,2024,410,KOR,Rep. of Korea,X,Export,203,CZE,Czechia,0,W00,World,H6,HS,TRUE,200899,"Fruit, nuts and other edible parts of plants; prepared or preserved, whether or not containing added sugar, other sweetening matter or spirit, n.e.c. in heading no. 2008",6,TRUE,C00,TOTAL CPC,0,0,TOTAL MOT,8,kg,65244.61,FALSE,8,kg,"65,245",FALSE,"65,245",FALSE,0,FALSE,,"$476,319.00","$476,319.00",0,TRUE,FALSE,$7.30
,"200899 (구운김, 조미김)",89.16654,$3.26,,C,A,20240101,2024,52,2024,410,KOR,Rep. of Korea,X,Export,208,DNK,Denmark,0,W00,World,H6,HS,TRUE,200899,"Fruit, nuts and other edible parts of plants; prepared or preserved, whether or not containing added sugar, other sweetening matter or spirit, n.e.c. in heading no. 2008",6,TRUE,C00,TOTAL CPC,0,0,TOTAL MOT,8,kg,89166.54,FALSE,8,kg,"89,167",FALSE,"89,167",FALSE,0,FALSE,,"$290,894.00","$290,894.00",0,TRUE,FALSE,$3.26
,"200899 (구운김, 조미김)",0.47217,$22.55,,C,A,20240101,2024,52,2024,410,KOR,Rep. of Korea,X,Export,214,DOM,Dominican Rep.,0,W00,World,H6,HS,TRUE,200899,"Fruit, nuts and other edible parts of plants; prepared or preserved, whether or not containing added sugar, other sweetening matter or spirit, n.e.c. in heading no. 2008",6,TRUE,C00,TOTAL CPC,0,0,TOTAL MOT,8,kg,472.17,FALSE,8,kg,472,FALSE,472,FALSE,0,FALSE,,"$10,646.00","$10,646.00",0,TRUE,FALSE,$22.55
,"200899 (구운김, 조미김)",1.3766,$39.28,,C,A,20240101,2024,52,2024,410,KOR,Rep. of Korea,X,Export,218,ECU,Ecuador,0,W00,World,H6,HS,TRUE,200899,"Fruit, nuts and other edible parts of plants; prepared or preserved, whether or not containing added sugar, other sweetening matter or spirit, n.e.c. in heading no. 2008",6,TRUE,C00,TOTAL CPC,0,0,TOTAL MOT,8,kg,1376.6,FALSE,8,kg,"1,377",FALSE,"1,377",FALSE,0,FALSE,,"$54,077.00","$54,077.00",0,TRUE,FALSE,$39.28
,"200899 (구운김, 조미김)",0.0004,$7.50,,C,A,20240101,2024,52,2024,410,KOR,Rep. of Korea,X,Export,231,ETH,Ethiopia,0,W00,World,H6,HS,TRUE,200899,"Fruit, nuts and other edible parts of plants; prepared or preserved, whether or not containing added sugar, other sweetening matter or spirit, n.e.c. in heading no. 2008",6,TRUE,C00,TOTAL CPC,0,0,TOTAL MOT,8,kg,0.4,FALSE,8,kg,0,FALSE,0,FALSE,0,FALSE,,$3.00,$3.00,0,TRUE,FALSE,$7.50
,"200899 (구운김, 조미김)",1.84714,$37.10,,C,A,20240101,2024,52,2024,410,KOR,Rep. of Korea,X,Export,233,EST,Estonia,0,W00,World,H6,HS,TRUE,200899,"Fruit, nuts and other edible parts of plants; prepared or preserved, whether or not containing added sugar, other sweetening matter or spirit, n.e.c. in heading no. 2008",6,TRUE,C00,TOTAL CPC,0,0,TOTAL MOT,8,kg,1847.14,FALSE,8,kg,"1,847",FALSE,"1,847",FALSE,0,FALSE,,"$68,538.00","$68,538.00",0,TRUE,FALSE,$37.10
,"200899 (구운김, 조미김)",0.6059,$43.74,,C,A,20240101,2024,52,2024,410,KOR,Rep. of Korea,X,Export,242,FJI,Fiji,0,W00,World,H6,HS,TRUE,200899,"Fruit, nuts and other edible parts of plants; prepared or preserved, whether or not containing added sugar, other sweetening matter or spirit, n.e.c. in heading no. 2008",6,TRUE,C00,TOTAL CPC,0,0,TOTAL MOT,8,kg,605.9,FALSE,8,kg,606,FALSE,606,FALSE,0,FALSE,,"$26,505.00","$26,505.00",0,TRUE,FALSE,$43.74
,"200899 (구운김, 조미김)",3.32366,$36.67,,C,A,20240101,2024,52,2024,410,KOR,Rep. of Korea,X,Export,246,FIN,Finland,0,W00,World,H6,HS,TRUE,200899,"Fruit, nuts and other edible parts of plants; prepared or preserved, whether or not containing added sugar, other sweetening matter or spirit, n.e.c. in heading no. 2008",6,TRUE,C00,TOTAL CPC,0,0,TOTAL MOT,8,kg,3323.66,FALSE,8,kg,"3,324",FALSE,"3,324",FALSE,0,FALSE,,"$121,876.00","$121,876.00",0,TRUE,FALSE,$36.67
,"200899 (구운김, 조미김)",257.5982,$25.88,,C,A,20240101,2024,52,2024,410,KOR,Rep. of Korea,X,Export,251,FRA,France,0,W00,World,H6,HS,TRUE,200899,"Fruit, nuts and other edible parts of plants; prepared or preserved, whether or not containing added sugar, other sweetening matter or spirit, n.e.c. in heading no. 2008",6,TRUE,C00,TOTAL CPC,0,0,TOTAL MOT,8,kg,257598.2,FALSE,8,kg,"257,598",FALSE,"257,598",FALSE,0,FALSE,,"$6,667,903.00","$6,667,903.00",0,TRUE,FALSE,$25.88
,"200899 (구운김, 조미김)",4.28,$35.86,,C,A,20240101,2024,52,2024,410,KOR,Rep. of Korea,X,Export,268,GEO,Georgia,0,W00,World,H6,HS,TRUE,200899,"Fruit, nuts and other edible parts of plants; prepared or preserved, whether or not containing added sugar, other sweetening matter or spirit, n.e.c. in heading no. 2008",6,TRUE,C00,TOTAL CPC,0,0,TOTAL MOT,8,kg,4280,FALSE,8,kg,"4,280",FALSE,"4,280",FALSE,0,FALSE,,"$153,470.00","$153,470.00",0,TRUE,FALSE,$35.86
,"200899 (구운김, 조미김)",493.8094,$31.25,,C,A,20240101,2024,52,2024,410,KOR,Rep. of Korea,X,Export,276,DEU,Germany,0,W00,World,H6,HS,TRUE,200899,"Fruit, nuts and other edible parts of plants; prepared or preserved, whether or not containing added sugar, other sweetening matter or spirit, n.e.c. in heading no. 2008",6,TRUE,C00,TOTAL CPC,0,0,TOTAL MOT,8,kg,493809.4,FALSE,8,kg,"493,809",FALSE,"493,809",FALSE,0,FALSE,,"$15,430,881.00","$15,430,881.00",0,TRUE,FALSE,$31.25
,"200899 (구운김, 조미김)",8.3406,$35.39,,C,A,20240101,2024,52,2024,410,KOR,Rep. of Korea,X,Export,300,GRC,Greece,0,W00,World,H6,HS,TRUE,200899,"Fruit, nuts and other edible parts of plants; prepared or preserved, whether or not containing added sugar, other sweetening matter or spirit, n.e.c. in heading no. 2008",6,TRUE,C00,TOTAL CPC,0,0,TOTAL MOT,8,kg,8340.6,FALSE,8,kg,"8,341",FALSE,"8,341",FALSE,0,FALSE,,"$295,198.00","$295,198.00",0,TRUE,FALSE,$35.39
,"200899 (구운김, 조미김)",15.85432,$19.23,,C,A,20240101,2024,52,2024,410,KOR,Rep. of Korea,X,Export,316,GUM,Guam,0,W00,World,H6,HS,TRUE,200899,"Fruit, nuts and other edible parts of plants; prepared or preserved, whether or not containing added sugar, other sweetening matter or spirit, n.e.c. in heading no. 2008",6,TRUE,C00,TOTAL CPC,0,0,TOTAL MOT,8,kg,15854.32,FALSE,8,kg,"15,854",FALSE,"15,854",FALSE,0,FALSE,,"$304,912.00","$304,912.00",0,TRUE,FALSE,$19.23
,"200899 (구운김, 조미김)",6.25371,$24.55,,C,A,20240101,2024,52,2024,410,KOR,Rep. of Korea,X,Export,320,GTM,Guatemala,0,W00,World,H6,HS,TRUE,200899,"Fruit, nuts and other edible parts of plants; prepared or preserved, whether or not containing added sugar, other sweetening matter or spirit, n.e.c. in heading no. 2008",6,TRUE,C00,TOTAL CPC,0,0,TOTAL MOT,8,kg,6253.71,FALSE,8,kg,"6,254",FALSE,"6,254",FALSE,0,FALSE,,"$153,514.00","$153,514.00",0,TRUE,FALSE,$24.55
,"200899 (구운김, 조미김)",0.00401,$4.74,,C,A,20240101,2024,52,2024,410,KOR,Rep. of Korea,X,Export,324,GIN,Guinea,0,W00,World,H6,HS,TRUE,200899,"Fruit, nuts and other edible parts of plants; prepared or preserved, whether or not containing added sugar, other sweetening matter or spirit, n.e.c. in heading no. 2008",6,TRUE,C00,TOTAL CPC,0,0,TOTAL MOT,8,kg,4.01,FALSE,8,kg,4,FALSE,4,FALSE,0,FALSE,,$19.00,$19.00,0,TRUE,FALSE,$4.74
,"200899 (구운김, 조미김)",0.07044,$10.90,,C,A,20240101,2024,52,2024,410,KOR,Rep. of Korea,X,Export,332,HTI,Haiti,0,W00,World,H6,HS,TRUE,200899,"Fruit, nuts and other edible parts of plants; prepared or preserved, whether or not containing added sugar, other sweetening matter or spirit, n.e.c. in heading no. 2008",6,TRUE,C00,TOTAL CPC,0,0,TOTAL MOT,8,kg,70.44,FALSE,8,kg,70,FALSE,70,FALSE,0,FALSE,,$768.00,$768.00,0,TRUE,FALSE,$10.90
,"200899 (구운김, 조미김)",0.562,$15.58,,C,A,20240101,2024,52,2024,410,KOR,Rep. of Korea,X,Export,340,HND,Honduras,0,W00,World,H6,HS,TRUE,200899,"Fruit, nuts and other edible parts of plants; prepared or preserved, whether or not containing added sugar, other sweetening matter or spirit, n.e.c. in heading no. 2008",6,TRUE,C00,TOTAL CPC,0,0,TOTAL MOT,8,kg,562,FALSE,8,kg,562,FALSE,562,FALSE,0,FALSE,,"$8,754.00","$8,754.00",0,TRUE,FALSE,$15.58
,"200899 (구운김, 조미김)",365.5036,$23.03,,C,A,20240101,2024,52,2024,410,KOR,Rep. of Korea,X,Export,344,HKG,"China, Hong Kong SAR",0,W00,World,H6,HS,TRUE,200899,"Fruit, nuts and other edible parts of plants; prepared or preserved, whether or not containing added sugar, other sweetening matter or spirit, n.e.c. in heading no. 2008",6,TRUE,C00,TOTAL CPC,0,0,TOTAL MOT,8,kg,365503.6,FALSE,8,kg,"365,504",FALSE,"365,504",FALSE,0,FALSE,,"$8,417,889.00","$8,417,889.00",0,TRUE,FALSE,$23.03
,"200899 (구운김, 조미김)",14.446894,$4.38,,C,A,20240101,2024,52,2024,410,KOR,Rep. of Korea,X,Export,348,HUN,Hungary,0,W00,World,H6,HS,TRUE,200899,"Fruit, nuts and other edible parts of plants; prepared or preserved, whether or not containing added sugar, other sweetening matter or spirit, n.e.c. in heading no. 2008",6,TRUE,C00,TOTAL CPC,0,0,TOTAL MOT,8,kg,14446.894,FALSE,8,kg,"14,447",FALSE,"14,447",FALSE,0,FALSE,,"$63,303.00","$63,303.00",0,TRUE,FALSE,$4.38
,"200899 (구운김, 조미김)",0.000292,$27.40,,C,A,20240101,2024,52,2024,410,KOR,Rep. of Korea,X,Export,352,ISL,Iceland,0,W00,World,H6,HS,TRUE,200899,"Fruit, nuts and other edible parts of plants; prepared or preserved, whether or not containing added sugar, other sweetening matter or spirit, n.e.c. in heading no. 2008",6,TRUE,C00,TOTAL CPC,0,0,TOTAL MOT,8,kg,0.292,FALSE,8,kg,0,FALSE,0,FALSE,0,FALSE,,$8.00,$8.00,0,TRUE,FALSE,$27.40
,"200899 (구운김, 조미김)",344.4471,$32.79,,C,A,20240101,2024,52,2024,410,KOR,Rep. of Korea,X,Export,360,IDN,Indonesia,0,W00,World,H6,HS,TRUE,200899,"Fruit, nuts and other edible parts of plants; prepared or preserved, whether or not containing added sugar, other sweetening matter or spirit, n.e.c. in heading no. 2008",6,TRUE,C00,TOTAL CPC,0,0,TOTAL MOT,8,kg,344447.1,FALSE,8,kg,"344,447",FALSE,"344,447",FALSE,0,FALSE,,"$11,295,629.00","$11,295,629.00",0,TRUE,FALSE,$32.79
,"200899 (구운김, 조미김)",0.681214,$22.66,,C,A,20240101,2024,52,2024,410,KOR,Rep. of Korea,X,Export,368,IRQ,Iraq,0,W00,World,H6,HS,TRUE,200899,"Fruit, nuts and other edible parts of plants; prepared or preserved, whether or not containing added sugar, other sweetening matter or spirit, n.e.c. in heading no. 2008",6,TRUE,C00,TOTAL CPC,0,0,TOTAL MOT,8,kg,681.214,FALSE,8,kg,681,FALSE,681,FALSE,0,FALSE,,"$15,437.00","$15,437.00",0,TRUE,FALSE,$22.66
,"200899 (구운김, 조미김)",7.108689,$46.74,,C,A,20240101,2024,52,2024,410,KOR,Rep. of Korea,X,Export,372,IRL,Ireland,0,W00,World,H6,HS,TRUE,200899,"Fruit, nuts and other edible parts of plants; prepared or preserved, whether or not containing added sugar, other sweetening matter or spirit, n.e.c. in heading no. 2008",6,TRUE,C00,TOTAL CPC,0,0,TOTAL MOT,8,kg,7108.689,FALSE,8,kg,"7,109",FALSE,"7,109",FALSE,0,FALSE,,"$332,267.00","$332,267.00",0,TRUE,FALSE,$46.74
,"200899 (구운김, 조미김)",79.23062,$41.91,,C,A,20240101,2024,52,2024,410,KOR,Rep. of Korea,X,Export,376,ISR,Israel,0,W00,World,H6,HS,TRUE,200899,"Fruit, nuts and other edible parts of plants; prepared or preserved, whether or not containing added sugar, other sweetening matter or spirit, n.e.c. in heading no. 2008",6,TRUE,C00,TOTAL CPC,0,0,TOTAL MOT,8,kg,79230.62,FALSE,8,kg,"79,231",FALSE,"79,231",FALSE,0,FALSE,,"$3,320,550.00","$3,320,550.00",0,TRUE,FALSE,$41.91
,"200899 (구운김, 조미김)",31.07906,$33.23,,C,A,20240101,2024,52,2024,410,KOR,Rep. of Korea,X,Export,380,ITA,Italy,0,W00,World,H6,HS,TRUE,200899,"Fruit, nuts and other edible parts of plants; prepared or preserved, whether or not containing added sugar, other sweetening matter or spirit, n.e.c. in heading no. 2008",6,TRUE,C00,TOTAL CPC,0,0,TOTAL MOT,8,kg,31079.06,FALSE,8,kg,"31,079",FALSE,"31,079",FALSE,0,FALSE,,"$1,032,673.00","$1,032,673.00",0,TRUE,FALSE,$33.23
,"200899 (구운김, 조미김)",4507.079,$21.29,,C,A,20240101,2024,52,2024,410,KOR,Rep. of Korea,X,Export,392,JPN,Japan,0,W00,World,H6,HS,TRUE,200899,"Fruit, nuts and other edible parts of plants; prepared or preserved, whether or not containing added sugar, other sweetening matter or spirit, n.e.c. in heading no. 2008",6,TRUE,C00,TOTAL CPC,0,0,TOTAL MOT,8,kg,4507079,FALSE,8,kg,"4,507,079",FALSE,"4,507,079",FALSE,0,FALSE,,"$95,951,045.00","$95,951,045.00",0,TRUE,FALSE,$21.29
,"200899 (구운김, 조미김)",75.03065,$29.51,,C,A,20240101,2024,52,2024,410,KOR,Rep. of Korea,X,Export,398,KAZ,Kazakhstan,0,W00,World,H6,HS,TRUE,200899,"Fruit, nuts and other edible parts of plants; prepared or preserved, whether or not containing added sugar, other sweetening matter or spirit, n.e.c. in heading no. 2008",6,TRUE,C00,TOTAL CPC,0,0,TOTAL MOT,8,kg,75030.65,FALSE,8,kg,"75,031",FALSE,"75,031",FALSE,0,FALSE,,"$2,214,355.00","$2,214,355.00",0,TRUE,FALSE,$29.51
,"200899 (구운김, 조미김)",0.0435,$57.68,,C,A,20240101,2024,52,2024,410,KOR,Rep. of Korea,X,Export,400,JOR,Jordan,0,W00,World,H6,HS,TRUE,200899,"Fruit, nuts and other edible parts of plants; prepared or preserved, whether or not containing added sugar, other sweetening matter or spirit, n.e.c. in heading no. 2008",6,TRUE,C00,TOTAL CPC,0,0,TOTAL MOT,8,kg,43.5,FALSE,8,kg,44,FALSE,44,FALSE,0,FALSE,,"$2,509.00","$2,509.00",0,TRUE,FALSE,$57.68
,"200899 (구운김, 조미김)",4.864762,$40.78,,C,A,20240101,2024,52,2024,410,KOR,Rep. of Korea,X,Export,414,KWT,Kuwait,0,W00,World,H6,HS,TRUE,200899,"Fruit, nuts and other edible parts of plants; prepared or preserved, whether or not containing added sugar, other sweetening matter or spirit, n.e.c. in heading no. 2008",6,TRUE,C00,TOTAL CPC,0,0,TOTAL MOT,8,kg,4864.762,FALSE,8,kg,"4,865",FALSE,"4,865",FALSE,0,FALSE,,"$198,372.00","$198,372.00",0,TRUE,FALSE,$40.78
,"200899 (구운김, 조미김)",4.049148,$26.18,,C,A,20240101,2024,52,2024,410,KOR,Rep. of Korea,X,Export,417,KGZ,Kyrgyzstan,0,W00,World,H6,HS,TRUE,200899,"Fruit, nuts and other edible parts of plants; prepared or preserved, whether or not containing added sugar, other sweetening matter or spirit, n.e.c. in heading no. 2008",6,TRUE,C00,TOTAL CPC,0,0,TOTAL MOT,8,kg,4049.148,FALSE,8,kg,"4,049",FALSE,"4,049",FALSE,0,FALSE,,"$105,991.00","$105,991.00",0,TRUE,FALSE,$26.18
,"200899 (구운김, 조미김)",20.44178,$15.08,,C,A,20240101,2024,52,2024,410,KOR,Rep. of Korea,X,Export,418,LAO,Lao People's Dem. Rep.,0,W00,World,H6,HS,TRUE,200899,"Fruit, nuts and other edible parts of plants; prepared or preserved, whether or not containing added sugar, other sweetening matter or spirit, n.e.c. in heading no. 2008",6,TRUE,C00,TOTAL CPC,0,0,TOTAL MOT,8,kg,20441.78,FALSE,8,kg,"20,442",FALSE,"20,442",FALSE,0,FALSE,,"$308,253.00","$308,253.00",0,TRUE,FALSE,$15.08
,"200899 (구운김, 조미김)",3.52959,$23.40,,C,A,20240101,2024,52,2024,410,KOR,Rep. of Korea,X,Export,422,LBN,Lebanon,0,W00,World,H6,HS,TRUE,200899,"Fruit, nuts and other edible parts of plants; prepared or preserved, whether or not containing added sugar, other sweetening matter or spirit, n.e.c. in heading no. 2008",6,TRUE,C00,TOTAL CPC,0,0,TOTAL MOT,8,kg,3529.59,FALSE,8,kg,"3,530",FALSE,"3,530",FALSE,0,FALSE,,"$82,587.00","$82,587.00",0,TRUE,FALSE,$23.40
,"200899 (구운김, 조미김)",12.694,$32.54,,C,A,20240101,2024,52,2024,410,KOR,Rep. of Korea,X,Export,428,LVA,Latvia,0,W00,World,H6,HS,TRUE,200899,"Fruit, nuts and other edible parts of plants; prepared or preserved, whether or not containing added sugar, other sweetening matter or spirit, n.e.c. in heading no. 2008",6,TRUE,C00,TOTAL CPC,0,0,TOTAL MOT,8,kg,12694,FALSE,8,kg,"12,694",FALSE,"12,694",FALSE,0,FALSE,,"$413,081.00","$413,081.00",0,TRUE,FALSE,$32.54
,"200899 (구운김, 조미김)",1.31075,$43.24,,C,A,20240101,2024,52,2024,410,KOR,Rep. of Korea,X,Export,434,LBY,Libya,0,W00,World,H6,HS,TRUE,200899,"Fruit, nuts and other edible parts of plants; prepared or preserved, whether or not containing added sugar, other sweetening matter or spirit, n.e.c. in heading no. 2008",6,TRUE,C00,TOTAL CPC,0,0,TOTAL MOT,8,kg,1310.75,FALSE,8,kg,"1,311",FALSE,"1,311",FALSE,0,FALSE,,"$56,680.00","$56,680.00",0,TRUE,FALSE,$43.24
,"200899 (구운김, 조미김)",41.17094,$35.33,,C,A,20240101,2024,52,2024,410,KOR,Rep. of Korea,X,Export,440,LTU,Lithuania,0,W00,World,H6,HS,TRUE,200899,"Fruit, nuts and other edible parts of plants; prepared or preserved, whether or not containing added sugar, other sweetening matter or spirit, n.e.c. in heading no. 2008",6,TRUE,C00,TOTAL CPC,0,0,TOTAL MOT,8,kg,41170.94,FALSE,8,kg,"41,171",FALSE,"41,171",FALSE,0,FALSE,,"$1,454,404.00","$1,454,404.00",0,TRUE,FALSE,$35.33
,"200899 (구운김, 조미김)",0.000133,$67.67,,C,A,20240101,2024,52,2024,410,KOR,Rep. of Korea,X,Export,442,LUX,Luxembourg,0,W00,World,H6,HS,TRUE,200899,"Fruit, nuts and other edible parts of plants; prepared or preserved, whether or not containing added sugar, other sweetening matter or spirit, n.e.c. in heading no. 2008",6,TRUE,C00,TOTAL CPC,0,0,TOTAL MOT,8,kg,0.133,FALSE,8,kg,0,FALSE,0,FALSE,0,FALSE,,$9.00,$9.00,0,TRUE,FALSE,$67.67
,"200899 (구운김, 조미김)",0.097199,$30.03,,C,A,20240101,2024,52,2024,410,KOR,Rep. of Korea,X,Export,446,MAC,"China, Macao SAR",0,W00,World,H6,HS,TRUE,200899,"Fruit, nuts and other edible parts of plants; prepared or preserved, whether or not containing added sugar, other sweetening matter or spirit, n.e.c. in heading no. 2008",6,TRUE,C00,TOTAL CPC,0,0,TOTAL MOT,8,kg,97.199,FALSE,8,kg,97,FALSE,97,FALSE,0,FALSE,,"$2,919.00","$2,919.00",0,TRUE,FALSE,$30.03
,"200899 (구운김, 조미김)",425.3879,$13.69,,C,A,20240101,2024,52,2024,410,KOR,Rep. of Korea,X,Export,458,MYS,Malaysia,0,W00,World,H6,HS,TRUE,200899,"Fruit, nuts and other edible parts of plants; prepared or preserved, whether or not containing added sugar, other sweetening matter or spirit, n.e.c. in heading no. 2008",6,TRUE,C00,TOTAL CPC,0,0,TOTAL MOT,8,kg,425387.9,FALSE,8,kg,"425,388",FALSE,"425,388",FALSE,0,FALSE,,"$5,823,731.00","$5,823,731.00",0,TRUE,FALSE,$13.69
,"200899 (구운김, 조미김)",0.33104,$38.63,,C,A,20240101,2024,52,2024,410,KOR,Rep. of Korea,X,Export,470,MLT,Malta,0,W00,World,H6,HS,TRUE,200899,"Fruit, nuts and other edible parts of plants; prepared or preserved, whether or not containing added sugar, other sweetening matter or spirit, n.e.c. in heading no. 2008",6,TRUE,C00,TOTAL CPC,0,0,TOTAL MOT,8,kg,331.04,FALSE,8,kg,331,FALSE,331,FALSE,0,FALSE,,"$12,789.00","$12,789.00",0,TRUE,FALSE,$38.63
,"200899 (구운김, 조미김)",0.85004,$36.54,,C,A,20240101,2024,52,2024,410,KOR,Rep. of Korea,X,Export,480,MUS,Mauritius,0,W00,World,H6,HS,TRUE,200899,"Fruit, nuts and other edible parts of plants; prepared or preserved, whether or not containing added sugar, other sweetening matter or spirit, n.e.c. in heading no. 2008",6,TRUE,C00,TOTAL CPC,0,0,TOTAL MOT,8,kg,850.04,FALSE,8,kg,850,FALSE,850,FALSE,0,FALSE,,"$31,059.00","$31,059.00",0,TRUE,FALSE,$36.54
,"200899 (구운김, 조미김)",216.55298,$19.41,,C,A,20240101,2024,52,2024,410,KOR,Rep. of Korea,X,Export,484,MEX,Mexico,0,W00,World,H6,HS,TRUE,200899,"Fruit, nuts and other edible parts of plants; prepared or preserved, whether or not containing added sugar, other sweetening matter or spirit, n.e.c. in heading no. 2008",6,TRUE,C00,TOTAL CPC,0,0,TOTAL MOT,8,kg,216552.98,FALSE,8,kg,"216,553",FALSE,"216,553",FALSE,0,FALSE,,"$4,202,374.00","$4,202,374.00",0,TRUE,FALSE,$19.41
,"200899 (구운김, 조미김)",771.3937,$20.85,,C,A,20240101,2024,52,2024,410,KOR,Rep. of Korea,X,Export,490,S19,"Other Asia, nes",0,W00,World,H6,HS,TRUE,200899,"Fruit, nuts and other edible parts of plants; prepared or preserved, whether or not containing added sugar, other sweetening matter or spirit, n.e.c. in heading no. 2008",6,TRUE,C00,TOTAL CPC,0,0,TOTAL MOT,8,kg,771393.7,FALSE,8,kg,"771,394",FALSE,"771,394",FALSE,0,FALSE,,"$16,080,598.00","$16,080,598.00",0,TRUE,FALSE,$20.85
,"200899 (구운김, 조미김)",294.003,$11.96,,C,A,20240101,2024,52,2024,410,KOR,Rep. of Korea,X,Export,496,MNG,Mongolia,0,W00,World,H6,HS,TRUE,200899,"Fruit, nuts and other edible parts of plants; prepared or preserved, whether or not containing added sugar, other sweetening matter or spirit, n.e.c. in heading no. 2008",6,TRUE,C00,TOTAL CPC,0,0,TOTAL MOT,8,kg,294003,FALSE,8,kg,"294,003",FALSE,"294,003",FALSE,0,FALSE,,"$3,517,486.00","$3,517,486.00",0,TRUE,FALSE,$11.96
,"200899 (구운김, 조미김)",0.06797,$43.02,,C,A,20240101,2024,52,2024,410,KOR,Rep. of Korea,X,Export,498,MDA,Rep. of Moldova,0,W00,World,H6,HS,TRUE,200899,"Fruit, nuts and other edible parts of plants; prepared or preserved, whether or not containing added sugar, other sweetening matter or spirit, n.e.c. in heading no. 2008",6,TRUE,C00,TOTAL CPC,0,0,TOTAL MOT,8,kg,67.97,FALSE,8,kg,68,FALSE,68,FALSE,0,FALSE,,"$2,924.00","$2,924.00",0,TRUE,FALSE,$43.02
,"200899 (구운김, 조미김)",0.75572,$24.38,,C,A,20240101,2024,52,2024,410,KOR,Rep. of Korea,X,Export,504,MAR,Morocco,0,W00,World,H6,HS,TRUE,200899,"Fruit, nuts and other edible parts of plants; prepared or preserved, whether or not containing added sugar, other sweetening matter or spirit, n.e.c. in heading no. 2008",6,TRUE,C00,TOTAL CPC,0,0,TOTAL MOT,8,kg,755.72,FALSE,8,kg,756,FALSE,756,FALSE,0,FALSE,,"$18,425.00","$18,425.00",0,TRUE,FALSE,$24.38
,"200899 (구운김, 조미김)",0.3964,$11.33,,C,A,20240101,2024,52,2024,410,KOR,Rep. of Korea,X,Export,508,MOZ,Mozambique,0,W00,World,H6,HS,TRUE,200899,"Fruit, nuts and other edible parts of plants; prepared or preserved, whether or not containing added sugar, other sweetening matter or spirit, n.e.c. in heading no. 2008",6,TRUE,C00,TOTAL CPC,0,0,TOTAL MOT,8,kg,396.4,FALSE,8,kg,396,FALSE,396,FALSE,0,FALSE,,"$4,490.00","$4,490.00",0,TRUE,FALSE,$11.33
,"200899 (구운김, 조미김)",0.69163,$18.33,,C,A,20240101,2024,52,2024,410,KOR,Rep. of Korea,X,Export,512,OMN,Oman,0,W00,World,H6,HS,TRUE,200899,"Fruit, nuts and other edible parts of plants; prepared or preserved, whether or not containing added sugar, other sweetening matter or spirit, n.e.c. in heading no. 2008",6,TRUE,C00,TOTAL CPC,0,0,TOTAL MOT,8,kg,691.63,FALSE,8,kg,692,FALSE,692,FALSE,0,FALSE,,"$12,681.00","$12,681.00",0,TRUE,FALSE,$18.33
,"200899 (구운김, 조미김)",8.23932,$16.15,,C,A,20240101,2024,52,2024,410,KOR,Rep. of Korea,X,Export,524,NPL,Nepal,0,W00,World,H6,HS,TRUE,200899,"Fruit, nuts and other edible parts of plants; prepared or preserved, whether or not containing added sugar, other sweetening matter or spirit, n.e.c. in heading no. 2008",6,TRUE,C00,TOTAL CPC,0,0,TOTAL MOT,8,kg,8239.32,FALSE,8,kg,"8,239",FALSE,"8,239",FALSE,0,FALSE,,"$133,028.00","$133,028.00",0,TRUE,FALSE,$16.15
,"200899 (구운김, 조미김)",463.484,$24.64,,C,A,20240101,2024,52,2024,410,KOR,Rep. of Korea,X,Export,528,NLD,Netherlands,0,W00,World,H6,HS,TRUE,200899,"Fruit, nuts and other edible parts of plants; prepared or preserved, whether or not containing added sugar, other sweetening matter or spirit, n.e.c. in heading no. 2008",6,TRUE,C00,TOTAL CPC,0,0,TOTAL MOT,8,kg,463484,FALSE,8,kg,"463,484",FALSE,"463,484",FALSE,0,FALSE,,"$11,418,767.00","$11,418,767.00",0,TRUE,FALSE,$24.64
,"200899 (구운김, 조미김)",0.0107,$53.83,,C,A,20240101,2024,52,2024,410,KOR,Rep. of Korea,X,Export,540,NCL,New Caledonia,0,W00,World,H6,HS,TRUE,200899,"Fruit, nuts and other edible parts of plants; prepared or preserved, whether or not containing added sugar, other sweetening matter or spirit, n.e.c. in heading no. 2008",6,TRUE,C00,TOTAL CPC,0,0,TOTAL MOT,8,kg,10.7,FALSE,8,kg,11,FALSE,11,FALSE,0,FALSE,,$576.00,$576.00,0,TRUE,FALSE,$53.83
,"200899 (구운김, 조미김)",0.1757,$7.56,,C,A,20240101,2024,52,2024,410,KOR,Rep. of Korea,X,Export,548,VUT,Vanuatu,0,W00,World,H6,HS,TRUE,200899,"Fruit, nuts and other edible parts of plants; prepared or preserved, whether or not containing added sugar, other sweetening matter or spirit, n.e.c. in heading no. 2008",6,TRUE,C00,TOTAL CPC,0,0,TOTAL MOT,8,kg,175.7,FALSE,8,kg,176,FALSE,176,FALSE,0,FALSE,,"$1,328.00","$1,328.00",0,TRUE,FALSE,$7.56
,"200899 (구운김, 조미김)",168.27896,$31.42,,C,A,20240101,2024,52,2024,410,KOR,Rep. of Korea,X,Export,554,NZL,New Zealand,0,W00,World,H6,HS,TRUE,200899,"Fruit, nuts and other edible parts of plants; prepared or preserved, whether or not containing added sugar, other sweetening matter or spirit, n.e.c. in heading no. 2008",6,TRUE,C00,TOTAL CPC,0,0,TOTAL MOT,8,kg,168278.96,FALSE,8,kg,"168,279",FALSE,"168,279",FALSE,0,FALSE,,"$5,286,503.00","$5,286,503.00",0,TRUE,FALSE,$31.42
,"200899 (구운김, 조미김)",0.05616,$22.44,,C,A,20240101,2024,52,2024,410,KOR,Rep. of Korea,X,Export,558,NIC,Nicaragua,0,W00,World,H6,HS,TRUE,200899,"Fruit, nuts and other edible parts of plants; prepared or preserved, whether or not containing added sugar, other sweetening matter or spirit, n.e.c. in heading no. 2008",6,TRUE,C00,TOTAL CPC,0,0,TOTAL MOT,8,kg,56.16,FALSE,8,kg,56,FALSE,56,FALSE,0,FALSE,,"$1,260.00","$1,260.00",0,TRUE,FALSE,$22.44
,"200899 (구운김, 조미김)",0.01,$89.40,,C,A,20240101,2024,52,2024,410,KOR,Rep. of Korea,X,Export,566,NGA,Nigeria,0,W00,World,H6,HS,TRUE,200899,"Fruit, nuts and other edible parts of plants; prepared or preserved, whether or not containing added sugar, other sweetening matter or spirit, n.e.c. in heading no. 2008",6,TRUE,C00,TOTAL CPC,0,0,TOTAL MOT,8,kg,10,FALSE,8,kg,10,FALSE,10,FALSE,0,FALSE,,$894.00,$894.00,0,TRUE,FALSE,$89.40
,"200899 (구운김, 조미김)",22.02547,$38.00,,C,A,20240101,2024,52,2024,410,KOR,Rep. of Korea,X,Export,579,NOR,Norway,0,W00,World,H6,HS,TRUE,200899,"Fruit, nuts and other edible parts of plants; prepared or preserved, whether or not containing added sugar, other sweetening matter or spirit, n.e.c. in heading no. 2008",6,TRUE,C00,TOTAL CPC,0,0,TOTAL MOT,8,kg,22025.47,FALSE,8,kg,"22,025",FALSE,"22,025",FALSE,0,FALSE,,"$836,971.00","$836,971.00",0,TRUE,FALSE,$38.00
,"200899 (구운김, 조미김)",7.24855,$22.65,,C,A,20240101,2024,52,2024,410,KOR,Rep. of Korea,X,Export,580,MNP,N. Mariana Isds,0,W00,World,H6,HS,TRUE,200899,"Fruit, nuts and other edible parts of plants; prepared or preserved, whether or not containing added sugar, other sweetening matter or spirit, n.e.c. in heading no. 2008",6,TRUE,C00,TOTAL CPC,0,0,TOTAL MOT,8,kg,7248.55,FALSE,8,kg,"7,249",FALSE,"7,249",FALSE,0,FALSE,,"$164,152.00","$164,152.00",0,TRUE,FALSE,$22.65
,"200899 (구운김, 조미김)",0.26124,$25.55,,C,A,20240101,2024,52,2024,410,KOR,Rep. of Korea,X,Export,583,FSM,FS Micronesia,0,W00,World,H6,HS,TRUE,200899,"Fruit, nuts and other edible parts of plants; prepared or preserved, whether or not containing added sugar, other sweetening matter or spirit, n.e.c. in heading no. 2008",6,TRUE,C00,TOTAL CPC,0,0,TOTAL MOT,8,kg,261.24,FALSE,8,kg,261,FALSE,261,FALSE,0,FALSE,,"$6,674.00","$6,674.00",0,TRUE,FALSE,$25.55
,"200899 (구운김, 조미김)",0.8057,$34.53,,C,A,20240101,2024,52,2024,410,KOR,Rep. of Korea,X,Export,585,PLW,Palau,0,W00,World,H6,HS,TRUE,200899,"Fruit, nuts and other edible parts of plants; prepared or preserved, whether or not containing added sugar, other sweetening matter or spirit, n.e.c. in heading no. 2008",6,TRUE,C00,TOTAL CPC,0,0,TOTAL MOT,8,kg,805.7,FALSE,8,kg,806,FALSE,806,FALSE,0,FALSE,,"$27,819.00","$27,819.00",0,TRUE,FALSE,$34.53
,"200899 (구운김, 조미김)",3.28108,$36.59,,C,A,20240101,2024,52,2024,410,KOR,Rep. of Korea,X,Export,591,PAN,Panama,0,W00,World,H6,HS,TRUE,200899,"Fruit, nuts and other edible parts of plants; prepared or preserved, whether or not containing added sugar, other sweetening matter or spirit, n.e.c. in heading no. 2008",6,TRUE,C00,TOTAL CPC,0,0,TOTAL MOT,8,kg,3281.08,FALSE,8,kg,"3,281",FALSE,"3,281",FALSE,0,FALSE,,"$120,059.00","$120,059.00",0,TRUE,FALSE,$36.59
,"200899 (구운김, 조미김)",0.0764,$36.82,,C,A,20240101,2024,52,2024,410,KOR,Rep. of Korea,X,Export,598,PNG,Papua New Guinea,0,W00,World,H6,HS,TRUE,200899,"Fruit, nuts and other edible parts of plants; prepared or preserved, whether or not containing added sugar, other sweetening matter or spirit, n.e.c. in heading no. 2008",6,TRUE,C00,TOTAL CPC,0,0,TOTAL MOT,8,kg,76.4,FALSE,8,kg,76,FALSE,76,FALSE,0,FALSE,,"$2,813.00","$2,813.00",0,TRUE,FALSE,$36.82
,"200899 (구운김, 조미김)",4.19917,$33.17,,C,A,20240101,2024,52,2024,410,KOR,Rep. of Korea,X,Export,600,PRY,Paraguay,0,W00,World,H6,HS,TRUE,200899,"Fruit, nuts and other edible parts of plants; prepared or preserved, whether or not containing added sugar, other sweetening matter or spirit, n.e.c. in heading no. 2008",6,TRUE,C00,TOTAL CPC,0,0,TOTAL MOT,8,kg,4199.17,FALSE,8,kg,"4,199",FALSE,"4,199",FALSE,0,FALSE,,"$139,269.00","$139,269.00",0,TRUE,FALSE,$33.17
,"200899 (구운김, 조미김)",1.66589,$41.96,,C,A,20240101,2024,52,2024,410,KOR,Rep. of Korea,X,Export,604,PER,Peru,0,W00,World,H6,HS,TRUE,200899,"Fruit, nuts and other edible parts of plants; prepared or preserved, whether or not containing added sugar, other sweetening matter or spirit, n.e.c. in heading no. 2008",6,TRUE,C00,TOTAL CPC,0,0,TOTAL MOT,8,kg,1665.89,FALSE,8,kg,"1,666",FALSE,"1,666",FALSE,0,FALSE,,"$69,893.00","$69,893.00",0,TRUE,FALSE,$41.96
,"200899 (구운김, 조미김)",972.8813,$23.07,,C,A,20240101,2024,52,2024,410,KOR,Rep. of Korea,X,Export,608,PHL,Philippines,0,W00,World,H6,HS,TRUE,200899,"Fruit, nuts and other edible parts of plants; prepared or preserved, whether or not containing added sugar, other sweetening matter or spirit, n.e.c. in heading no. 2008",6,TRUE,C00,TOTAL CPC,0,0,TOTAL MOT,8,kg,972881.3,FALSE,8,kg,"972,881",FALSE,"972,881",FALSE,0,FALSE,,"$22,445,858.00","$22,445,858.00",0,TRUE,FALSE,$23.07
,"200899 (구운김, 조미김)",258.2323,$34.61,,C,A,20240101,2024,52,2024,410,KOR,Rep. of Korea,X,Export,616,POL,Poland,0,W00,World,H6,HS,TRUE,200899,"Fruit, nuts and other edible parts of plants; prepared or preserved, whether or not containing added sugar, other sweetening matter or spirit, n.e.c. in heading no. 2008",6,TRUE,C00,TOTAL CPC,0,0,TOTAL MOT,8,kg,258232.3,FALSE,8,kg,"258,232",FALSE,"258,232",FALSE,0,FALSE,,"$8,937,474.00","$8,937,474.00",0,TRUE,FALSE,$34.61
,"200899 (구운김, 조미김)",9.465979,$32.30,,C,A,20240101,2024,52,2024,410,KOR,Rep. of Korea,X,Export,620,PRT,Portugal,0,W00,World,H6,HS,TRUE,200899,"Fruit, nuts and other edible parts of plants; prepared or preserved, whether or not containing added sugar, other sweetening matter or spirit, n.e.c. in heading no. 2008",6,TRUE,C00,TOTAL CPC,0,0,TOTAL MOT,8,kg,9465.979,FALSE,8,kg,"9,466",FALSE,"9,466",FALSE,0,FALSE,,"$305,718.00","$305,718.00",0,TRUE,FALSE,$32.30
,"200899 (구운김, 조미김)",0.2312,$9.33,,C,A,20240101,2024,52,2024,410,KOR,Rep. of Korea,X,Export,626,TLS,Timor-Leste,0,W00,World,H6,HS,TRUE,200899,"Fruit, nuts and other edible parts of plants; prepared or preserved, whether or not containing added sugar, other sweetening matter or spirit, n.e.c. in heading no. 2008",6,TRUE,C00,TOTAL CPC,0,0,TOTAL MOT,8,kg,231.2,FALSE,8,kg,231,FALSE,231,FALSE,0,FALSE,,"$2,157.00","$2,157.00",0,TRUE,FALSE,$9.33
,"200899 (구운김, 조미김)",7.563653,$33.98,,C,A,20240101,2024,52,2024,410,KOR,Rep. of Korea,X,Export,634,QAT,Qatar,0,W00,World,H6,HS,TRUE,200899,"Fruit, nuts and other edible parts of plants; prepared or preserved, whether or not containing added sugar, other sweetening matter or spirit, n.e.c. in heading no. 2008",6,TRUE,C00,TOTAL CPC,0,0,TOTAL MOT,8,kg,7563.653,FALSE,8,kg,"7,564",FALSE,"7,564",FALSE,0,FALSE,,"$257,048.00","$257,048.00",0,TRUE,FALSE,$33.98
,"200899 (구운김, 조미김)",6.001473,$34.26,,C,A,20240101,2024,52,2024,410,KOR,Rep. of Korea,X,Export,642,ROU,Romania,0,W00,World,H6,HS,TRUE,200899,"Fruit, nuts and other edible parts of plants; prepared or preserved, whether or not containing added sugar, other sweetening matter or spirit, n.e.c. in heading no. 2008",6,TRUE,C00,TOTAL CPC,0,0,TOTAL MOT,8,kg,6001.473,FALSE,8,kg,"6,001",FALSE,"6,001",FALSE,0,FALSE,,"$205,624.00","$205,624.00",0,TRUE,FALSE,$34.26
,"200899 (구운김, 조미김)",823.7724,$24.65,,C,A,20240101,2024,52,2024,410,KOR,Rep. of Korea,X,Export,643,RUS,Russian Federation,0,W00,World,H6,HS,TRUE,200899,"Fruit, nuts and other edible parts of plants; prepared or preserved, whether or not containing added sugar, other sweetening matter or spirit, n.e.c. in heading no. 2008",6,TRUE,C00,TOTAL CPC,0,0,TOTAL MOT,8,kg,823772.4,FALSE,8,kg,"823,772",FALSE,"823,772",FALSE,0,FALSE,,"$20,302,679.00","$20,302,679.00",0,TRUE,FALSE,$24.65
,"200899 (구운김, 조미김)",31.51536,$21.19,,C,A,20240101,2024,52,2024,410,KOR,Rep. of Korea,X,Export,682,SAU,Saudi Arabia,0,W00,World,H6,HS,TRUE,200899,"Fruit, nuts and other edible parts of plants; prepared or preserved, whether or not containing added sugar, other sweetening matter or spirit, n.e.c. in heading no. 2008",6,TRUE,C00,TOTAL CPC,0,0,TOTAL MOT,8,kg,31515.36,FALSE,8,kg,"31,515",FALSE,"31,515",FALSE,0,FALSE,,"$667,816.00","$667,816.00",0,TRUE,FALSE,$21.19
,"200899 (구운김, 조미김)",0.1885,$29.36,,C,A,20240101,2024,52,2024,410,KOR,Rep. of Korea,X,Export,688,SRB,Serbia,0,W00,World,H6,HS,TRUE,200899,"Fruit, nuts and other edible parts of plants; prepared or preserved, whether or not containing added sugar, other sweetening matter or spirit, n.e.c. in heading no. 2008",6,TRUE,C00,TOTAL CPC,0,0,TOTAL MOT,8,kg,188.5,FALSE,8,kg,189,FALSE,189,FALSE,0,FALSE,,"$5,535.00","$5,535.00",0,TRUE,FALSE,$29.36
,"200899 (구운김, 조미김)",20.10265,$22.38,,C,A,20240101,2024,52,2024,410,KOR,Rep. of Korea,X,Export,699,IND,India,0,W00,World,H6,HS,TRUE,200899,"Fruit, nuts and other edible parts of plants; prepared or preserved, whether or not containing added sugar, other sweetening matter or spirit, n.e.c. in heading no. 2008",6,TRUE,C00,TOTAL CPC,0,0,TOTAL MOT,8,kg,20102.65,FALSE,8,kg,"20,103",FALSE,"20,103",FALSE,0,FALSE,,"$449,807.00","$449,807.00",0,TRUE,FALSE,$22.38
,"200899 (구운김, 조미김)",275.1652,$18.37,,C,A,20240101,2024,52,2024,410,KOR,Rep. of Korea,X,Export,702,SGP,Singapore,0,W00,World,H6,HS,TRUE,200899,"Fruit, nuts and other edible parts of plants; prepared or preserved, whether or not containing added sugar, other sweetening matter or spirit, n.e.c. in heading no. 2008",6,TRUE,C00,TOTAL CPC,0,0,TOTAL MOT,8,kg,275165.2,FALSE,8,kg,"275,165",FALSE,"275,165",FALSE,0,FALSE,,"$5,055,870.00","$5,055,870.00",0,TRUE,FALSE,$18.37
,"200899 (구운김, 조미김)",0.0456,$28.95,,C,A,20240101,2024,52,2024,410,KOR,Rep. of Korea,X,Export,703,SVK,Slovakia,0,W00,World,H6,HS,TRUE,200899,"Fruit, nuts and other edible parts of plants; prepared or preserved, whether or not containing added sugar, other sweetening matter or spirit, n.e.c. in heading no. 2008",6,TRUE,C00,TOTAL CPC,0,0,TOTAL MOT,8,kg,45.6,FALSE,8,kg,46,FALSE,46,FALSE,0,FALSE,,"$1,320.00","$1,320.00",0,TRUE,FALSE,$28.95
,"200899 (구운김, 조미김)",1446.7296,$20.61,,C,A,20240101,2024,52,2024,410,KOR,Rep. of Korea,X,Export,704,VNM,Viet Nam,0,W00,World,H6,HS,TRUE,200899,"Fruit, nuts and other edible parts of plants; prepared or preserved, whether or not containing added sugar, other sweetening matter or spirit, n.e.c. in heading no. 2008",6,TRUE,C00,TOTAL CPC,0,0,TOTAL MOT,8,kg,1446729.6,FALSE,8,kg,"1,446,730",FALSE,"1,446,730",FALSE,0,FALSE,,"$29,812,674.00","$29,812,674.00",0,TRUE,FALSE,$20.61
,"200899 (구운김, 조미김)",2.56752,$6.37,,C,A,20240101,2024,52,2024,410,KOR,Rep. of Korea,X,Export,705,SVN,Slovenia,0,W00,World,H6,HS,TRUE,200899,"Fruit, nuts and other edible parts of plants; prepared or preserved, whether or not containing added sugar, other sweetening matter or spirit, n.e.c. in heading no. 2008",6,TRUE,C00,TOTAL CPC,0,0,TOTAL MOT,8,kg,2567.52,FALSE,8,kg,"2,568",FALSE,"2,568",FALSE,0,FALSE,,"$16,354.00","$16,354.00",0,TRUE,FALSE,$6.37
,"200899 (구운김, 조미김)",8.74433,$16.29,,C,A,20240101,2024,52,2024,410,KOR,Rep. of Korea,X,Export,710,ZAF,South Africa,0,W00,World,H6,HS,TRUE,200899,"Fruit, nuts and other edible parts of plants; prepared or preserved, whether or not containing added sugar, other sweetening matter or spirit, n.e.c. in heading no. 2008",6,TRUE,C00,TOTAL CPC,0,0,TOTAL MOT,8,kg,8744.33,FALSE,8,kg,"8,744",FALSE,"8,744",FALSE,0,FALSE,,"$142,436.00","$142,436.00",0,TRUE,FALSE,$16.29
,"200899 (구운김, 조미김)",0.0004,$7.50,,C,A,20240101,2024,52,2024,410,KOR,Rep. of Korea,X,Export,716,ZWE,Zimbabwe,0,W00,World,H6,HS,TRUE,200899,"Fruit, nuts and other edible parts of plants; prepared or preserved, whether or not containing added sugar, other sweetening matter or spirit, n.e.c. in heading no. 2008",6,TRUE,C00,TOTAL CPC,0,0,TOTAL MOT,8,kg,0.4,FALSE,8,kg,0,FALSE,0,FALSE,0,FALSE,,$3.00,$3.00,0,TRUE,FALSE,$7.50
,"200899 (구운김, 조미김)",86.92934,$26.27,,C,A,20240101,2024,52,2024,410,KOR,Rep. of Korea,X,Export,724,ESP,Spain,0,W00,World,H6,HS,TRUE,200899,"Fruit, nuts and other edible parts of plants; prepared or preserved, whether or not containing added sugar, other sweetening matter or spirit, n.e.c. in heading no. 2008",6,TRUE,C00,TOTAL CPC,0,0,TOTAL MOT,8,kg,86929.34,FALSE,8,kg,"86,929",FALSE,"86,929",FALSE,0,FALSE,,"$2,283,756.00","$2,283,756.00",0,TRUE,FALSE,$26.27
,"200899 (구운김, 조미김)",164.84293,$9.88,,C,A,20240101,2024,52,2024,410,KOR,Rep. of Korea,X,Export,752,SWE,Sweden,0,W00,World,H6,HS,TRUE,200899,"Fruit, nuts and other edible parts of plants; prepared or preserved, whether or not containing added sugar, other sweetening matter or spirit, n.e.c. in heading no. 2008",6,TRUE,C00,TOTAL CPC,0,0,TOTAL MOT,8,kg,164842.93,FALSE,8,kg,"164,843",FALSE,"164,843",FALSE,0,FALSE,,"$1,627,986.00","$1,627,986.00",0,TRUE,FALSE,$9.88
,"200899 (구운김, 조미김)",28.484844,$37.14,,C,A,20240101,2024,52,2024,410,KOR,Rep. of Korea,X,Export,757,CHE,Switzerland,0,W00,World,H6,HS,TRUE,200899,"Fruit, nuts and other edible parts of plants; prepared or preserved, whether or not containing added sugar, other sweetening matter or spirit, n.e.c. in heading no. 2008",6,TRUE,C00,TOTAL CPC,0,0,TOTAL MOT,8,kg,28484.844,FALSE,8,kg,"28,485",FALSE,"28,485",FALSE,0,FALSE,,"$1,058,000.00","$1,058,000.00",0,TRUE,FALSE,$37.14
,"200899 (구운김, 조미김)",4.7286,$2.24,,C,A,20240101,2024,52,2024,410,KOR,Rep. of Korea,X,Export,762,TJK,Tajikistan,0,W00,World,H6,HS,TRUE,200899,"Fruit, nuts and other edible parts of plants; prepared or preserved, whether or not containing added sugar, other sweetening matter or spirit, n.e.c. in heading no. 2008",6,TRUE,C00,TOTAL CPC,0,0,TOTAL MOT,8,kg,4728.6,FALSE,8,kg,"4,729",FALSE,"4,729",FALSE,0,FALSE,,"$10,612.00","$10,612.00",0,TRUE,FALSE,$2.24
,"200899 (구운김, 조미김)",198.65795,$27.22,,C,A,20240101,2024,52,2024,410,KOR,Rep. of Korea,X,Export,764,THA,Thailand,0,W00,World,H6,HS,TRUE,200899,"Fruit, nuts and other edible parts of plants; prepared or preserved, whether or not containing added sugar, other sweetening matter or spirit, n.e.c. in heading no. 2008",6,TRUE,C00,TOTAL CPC,0,0,TOTAL MOT,8,kg,198657.95,FALSE,8,kg,"198,658",FALSE,"198,658",FALSE,0,FALSE,,"$5,407,075.00","$5,407,075.00",0,TRUE,FALSE,$27.22
,"200899 (구운김, 조미김)",0.00006,$50.00,,C,A,20240101,2024,52,2024,410,KOR,Rep. of Korea,X,Export,776,TON,Tonga,0,W00,World,H6,HS,TRUE,200899,"Fruit, nuts and other edible parts of plants; prepared or preserved, whether or not containing added sugar, other sweetening matter or spirit, n.e.c. in heading no. 2008",6,TRUE,C00,TOTAL CPC,0,0,TOTAL MOT,8,kg,0.06,FALSE,8,kg,0,FALSE,0,FALSE,0,FALSE,,$3.00,$3.00,0,TRUE,FALSE,$50.00
,"200899 (구운김, 조미김)",0.08114,$13.33,,C,A,20240101,2024,52,2024,410,KOR,Rep. of Korea,X,Export,780,TTO,Trinidad and Tobago,0,W00,World,H6,HS,TRUE,200899,"Fruit, nuts and other edible parts of plants; prepared or preserved, whether or not containing added sugar, other sweetening matter or spirit, n.e.c. in heading no. 2008",6,TRUE,C00,TOTAL CPC,0,0,TOTAL MOT,8,kg,81.14,FALSE,8,kg,81,FALSE,81,FALSE,0,FALSE,,"$1,082.00","$1,082.00",0,TRUE,FALSE,$13.33
,"200899 (구운김, 조미김)",51.33101,$38.65,,C,A,20240101,2024,52,2024,410,KOR,Rep. of Korea,X,Export,784,ARE,United Arab Emirates,0,W00,World,H6,HS,TRUE,200899,"Fruit, nuts and other edible parts of plants; prepared or preserved, whether or not containing added sugar, other sweetening matter or spirit, n.e.c. in heading no. 2008",6,TRUE,C00,TOTAL CPC,0,0,TOTAL MOT,8,kg,51331.01,FALSE,8,kg,"51,331",FALSE,"51,331",FALSE,0,FALSE,,"$1,983,829.00","$1,983,829.00",0,TRUE,FALSE,$38.65
,"200899 (구운김, 조미김)",0.0033,$43.03,,C,A,20240101,2024,52,2024,410,KOR,Rep. of Korea,X,Export,788,TUN,Tunisia,0,W00,World,H6,HS,TRUE,200899,"Fruit, nuts and other edible parts of plants; prepared or preserved, whether or not containing added sugar, other sweetening matter or spirit, n.e.c. in heading no. 2008",6,TRUE,C00,TOTAL CPC,0,0,TOTAL MOT,8,kg,3.3,FALSE,8,kg,3,FALSE,3,FALSE,0,FALSE,,$142.00,$142.00,0,TRUE,FALSE,$43.03
,"200899 (구운김, 조미김)",14.62478,$50.79,,C,A,20240101,2024,52,2024,410,KOR,Rep. of Korea,X,Export,792,TUR,Türkiye,0,W00,World,H6,HS,TRUE,200899,"Fruit, nuts and other edible parts of plants; prepared or preserved, whether or not containing added sugar, other sweetening matter or spirit, n.e.c. in heading no. 2008",6,TRUE,C00,TOTAL CPC,0,0,TOTAL MOT,8,kg,14624.78,FALSE,8,kg,"14,625",FALSE,"14,625",FALSE,0,FALSE,,"$742,726.00","$742,726.00",0,TRUE,FALSE,$50.79
,"200899 (구운김, 조미김)",0.187461,$0.90,,C,A,20240101,2024,52,2024,410,KOR,Rep. of Korea,X,Export,795,TKM,Turkmenistan,0,W00,World,H6,HS,TRUE,200899,"Fruit, nuts and other edible parts of plants; prepared or preserved, whether or not containing added sugar, other sweetening matter or spirit, n.e.c. in heading no. 2008",6,TRUE,C00,TOTAL CPC,0,0,TOTAL MOT,8,kg,187.461,FALSE,8,kg,187,FALSE,187,FALSE,0,FALSE,,$169.00,$169.00,0,TRUE,FALSE,$0.90
,"200899 (구운김, 조미김)",150.78326,$31.00,,C,A,20240101,2024,52,2024,410,KOR,Rep. of Korea,X,Export,804,UKR,Ukraine,0,W00,World,H6,HS,TRUE,200899,"Fruit, nuts and other edible parts of plants; prepared or preserved, whether or not containing added sugar, other sweetening matter or spirit, n.e.c. in heading no. 2008",6,TRUE,C00,TOTAL CPC,0,0,TOTAL MOT,8,kg,150783.26,FALSE,8,kg,"150,783",FALSE,"150,783",FALSE,0,FALSE,,"$4,675,023.00","$4,675,023.00",0,TRUE,FALSE,$31.00
,"200899 (구운김, 조미김)",0.24608,$45.34,,C,A,20240101,2024,52,2024,410,KOR,Rep. of Korea,X,Export,807,MKD,North Macedonia,0,W00,World,H6,HS,TRUE,200899,"Fruit, nuts and other edible parts of plants; prepared or preserved, whether or not containing added sugar, other sweetening matter or spirit, n.e.c. in heading no. 2008",6,TRUE,C00,TOTAL CPC,0,0,TOTAL MOT,8,kg,246.08,FALSE,8,kg,246,FALSE,246,FALSE,0,FALSE,,"$11,157.00","$11,157.00",0,TRUE,FALSE,$45.34
,"200899 (구운김, 조미김)",3.35532,$27.40,,C,A,20240101,2024,52,2024,410,KOR,Rep. of Korea,X,Export,818,EGY,Egypt,0,W00,World,H6,HS,TRUE,200899,"Fruit, nuts and other edible parts of plants; prepared or preserved, whether or not containing added sugar, other sweetening matter or spirit, n.e.c. in heading no. 2008",6,TRUE,C00,TOTAL CPC,0,0,TOTAL MOT,8,kg,3355.32,FALSE,8,kg,"3,355",FALSE,"3,355",FALSE,0,FALSE,,"$91,930.00","$91,930.00",0,TRUE,FALSE,$27.40
,"200899 (구운김, 조미김)",627.5054,$27.73,,C,A,20240101,2024,52,2024,410,KOR,Rep. of Korea,X,Export,826,GBR,United Kingdom,0,W00,World,H6,HS,TRUE,200899,"Fruit, nuts and other edible parts of plants; prepared or preserved, whether or not containing added sugar, other sweetening matter or spirit, n.e.c. in heading no. 2008",6,TRUE,C00,TOTAL CPC,0,0,TOTAL MOT,8,kg,627505.4,FALSE,8,kg,"627,505",FALSE,"627,505",FALSE,0,FALSE,,"$17,401,426.00","$17,401,426.00",0,TRUE,FALSE,$27.73
,"200899 (구운김, 조미김)",7765.640169,$27.55,,C,A,20240101,2024,52,2024,410,KOR,Rep. of Korea,X,Export,842,USA,USA,0,W00,World,H6,HS,TRUE,200899,"Fruit, nuts and other edible parts of plants; prepared or preserved, whether or not containing added sugar, other sweetening matter or spirit, n.e.c. in heading no. 2008",6,TRUE,C00,TOTAL CPC,0,0,TOTAL MOT,8,kg,7765640.169,FALSE,8,kg,"7,765,640",FALSE,"7,765,640",FALSE,0,FALSE,,"$213,905,931.00","$213,905,931.00",0,TRUE,FALSE,$27.55
,"200899 (구운김, 조미김)",0.574,$8.85,,C,A,20240101,2024,52,2024,410,KOR,Rep. of Korea,X,Export,858,URY,Uruguay,0,W00,World,H6,HS,TRUE,200899,"Fruit, nuts and other edible parts of plants; prepared or preserved, whether or not containing added sugar, other sweetening matter or spirit, n.e.c. in heading no. 2008",6,TRUE,C00,TOTAL CPC,0,0,TOTAL MOT,8,kg,574,FALSE,8,kg,574,FALSE,574,FALSE,0,FALSE,,"$5,081.00","$5,081.00",0,TRUE,FALSE,$8.85
,"200899 (구운김, 조미김)",10.86267,$28.01,,C,A,20240101,2024,52,2024,410,KOR,Rep. of Korea,X,Export,860,UZB,Uzbekistan,0,W00,World,H6,HS,TRUE,200899,"Fruit, nuts and other edible parts of plants; prepared or preserved, whether or not containing added sugar, other sweetening matter or spirit, n.e.c. in heading no. 2008",6,TRUE,C00,TOTAL CPC,0,0,TOTAL MOT,8,kg,10862.67,FALSE,8,kg,"10,863",FALSE,"10,863",FALSE,0,FALSE,,"$304,276.00","$304,276.00",0,TRUE,FALSE,$28.01
,"200899 (구운김, 조미김)",1.32405,$35.42,,C,A,20240101,2024,52,2024,410,KOR,Rep. of Korea,X,Export,882,WSM,Samoa,0,W00,World,H6,HS,TRUE,200899,"Fruit, nuts and other edible parts of plants; prepared or preserved, whether or not containing added sugar, other sweetening matter or spirit, n.e.c. in heading no. 2008",6,TRUE,C00,TOTAL CPC,0,0,TOTAL MOT,8,kg,1324.05,FALSE,8,kg,"1,324",FALSE,"1,324",FALSE,0,FALSE,,"$46,895.00","$46,895.00",0,TRUE,FALSE,$35.42
,"200899 (구운김, 조미김)",0.014,$6.71,,C,A,20240101,2024,52,2024,410,KOR,Rep. of Korea,X,Export,894,ZMB,Zambia,0,W00,World,H6,HS,TRUE,200899,"Fruit, nuts and other edible parts of plants; prepared or preserved, whether or not containing added sugar, other sweetening matter or spirit, n.e.c. in heading no. 2008",6,TRUE,C00,TOTAL CPC,0,0,TOTAL MOT,8,kg,14,FALSE,8,kg,14,FALSE,14,FALSE,0,FALSE,,$94.00,$94.00,0,TRUE,FALSE,$6.71
,"121221 (건조김, 마른김)",31147.03368,$18.09,,C,A,20250101,2025,52,2025,410,KOR,Rep. of Korea,X,Export,0,W00,World,0,W00,World,H6,HS,TRUE,121221,"Seaweeds and other algae; fit for human consumption, fresh, chilled, frozen or dried, whether or not ground",6,TRUE,C00,TOTAL CPC,0,0,TOTAL MOT,8,kg,31147033.68,FALSE,8,kg,"31,147,034",FALSE,"31,147,034",FALSE,0,FALSE,,"$563,576,043.00","$563,576,043.00",0,FALSE,TRUE,$18.09
,"121221 (건조김, 마른김)",0.05,$1.32,,C,A,20250101,2025,52,2025,410,KOR,Rep. of Korea,X,Export,12,DZA,Algeria,0,W00,World,H6,HS,TRUE,121221,"Seaweeds and other algae; fit for human consumption, fresh, chilled, frozen or dried, whether or not ground",6,TRUE,C00,TOTAL CPC,0,0,TOTAL MOT,8,kg,50,FALSE,8,kg,50,FALSE,50,FALSE,0,FALSE,,$66.00,$66.00,0,TRUE,FALSE,$1.32
,"121221 (건조김, 마른김)",0.07442,$6.84,,C,A,20250101,2025,52,2025,410,KOR,Rep. of Korea,X,Export,16,ASM,American Samoa,0,W00,World,H6,HS,TRUE,121221,"Seaweeds and other algae; fit for human consumption, fresh, chilled, frozen or dried, whether or not ground",6,TRUE,C00,TOTAL CPC,0,0,TOTAL MOT,8,kg,74.42,FALSE,8,kg,74,FALSE,74,FALSE,0,FALSE,,$509.00,$509.00,0,TRUE,FALSE,$6.84
,"121221 (건조김, 마른김)",12.074152,$34.50,,C,A,20250101,2025,52,2025,410,KOR,Rep. of Korea,X,Export,31,AZE,Azerbaijan,0,W00,World,H6,HS,TRUE,121221,"Seaweeds and other algae; fit for human consumption, fresh, chilled, frozen or dried, whether or not ground",6,TRUE,C00,TOTAL CPC,0,0,TOTAL MOT,8,kg,12074.152,FALSE,8,kg,"12,074",FALSE,"12,074",FALSE,0,FALSE,,"$416,587.00","$416,587.00",0,TRUE,FALSE,$34.50
,"121221 (건조김, 마른김)",0.45,$25.58,,C,A,20250101,2025,52,2025,410,KOR,Rep. of Korea,X,Export,32,ARG,Argentina,0,W00,World,H6,HS,TRUE,121221,"Seaweeds and other algae; fit for human consumption, fresh, chilled, frozen or dried, whether or not ground",6,TRUE,C00,TOTAL CPC,0,0,TOTAL MOT,8,kg,450,FALSE,8,kg,450,FALSE,450,FALSE,0,FALSE,,"$11,509.00","$11,509.00",0,TRUE,FALSE,$25.58
,"121221 (건조김, 마른김)",194.117106,$6.69,,C,A,20250101,2025,52,2025,410,KOR,Rep. of Korea,X,Export,36,AUS,Australia,0,W00,World,H6,HS,TRUE,121221,"Seaweeds and other algae; fit for human consumption, fresh, chilled, frozen or dried, whether or not ground",6,TRUE,C00,TOTAL CPC,0,0,TOTAL MOT,8,kg,194117.106,FALSE,8,kg,"194,117",FALSE,"194,117",FALSE,0,FALSE,,"$1,298,467.00","$1,298,467.00",0,TRUE,FALSE,$6.69
,"121221 (건조김, 마른김)",5.8264,$3.90,,C,A,20250101,2025,52,2025,410,KOR,Rep. of Korea,X,Export,40,AUT,Austria,0,W00,World,H6,HS,TRUE,121221,"Seaweeds and other algae; fit for human consumption, fresh, chilled, frozen or dried, whether or not ground",6,TRUE,C00,TOTAL CPC,0,0,TOTAL MOT,8,kg,5826.4,FALSE,8,kg,"5,826",FALSE,"5,826",FALSE,0,FALSE,,"$22,718.00","$22,718.00",0,TRUE,FALSE,$3.90
,"121221 (건조김, 마른김)",0.6715,$50.23,,C,A,20250101,2025,52,2025,410,KOR,Rep. of Korea,X,Export,48,BHR,Bahrain,0,W00,World,H6,HS,TRUE,121221,"Seaweeds and other algae; fit for human consumption, fresh, chilled, frozen or dried, whether or not ground",6,TRUE,C00,TOTAL CPC,0,0,TOTAL MOT,8,kg,671.5,FALSE,8,kg,672,FALSE,672,FALSE,0,FALSE,,"$33,728.00","$33,728.00",0,TRUE,FALSE,$50.23
,"121221 (건조김, 마른김)",0.012,$19.08,,C,A,20250101,2025,52,2025,410,KOR,Rep. of Korea,X,Export,50,BGD,Bangladesh,0,W00,World,H6,HS,TRUE,121221,"Seaweeds and other algae; fit for human consumption, fresh, chilled, frozen or dried, whether or not ground",6,TRUE,C00,TOTAL CPC,0,0,TOTAL MOT,8,kg,12,FALSE,8,kg,12,FALSE,12,FALSE,0,FALSE,,$229.00,$229.00,0,TRUE,FALSE,$19.08
,"121221 (건조김, 마른김)",0.0724,$35.98,,C,A,20250101,2025,52,2025,410,KOR,Rep. of Korea,X,Export,56,BEL,Belgium,0,W00,World,H6,HS,TRUE,121221,"Seaweeds and other algae; fit for human consumption, fresh, chilled, frozen or dried, whether or not ground",6,TRUE,C00,TOTAL CPC,0,0,TOTAL MOT,8,kg,72.4,FALSE,8,kg,72,FALSE,72,FALSE,0,FALSE,,"$2,605.00","$2,605.00",0,TRUE,FALSE,$35.98
,"121221 (건조김, 마른김)",0.58625,$6.58,,C,A,20250101,2025,52,2025,410,KOR,Rep. of Korea,X,Export,68,BOL,Bolivia (Plurinational State of),0,W00,World,H6,HS,TRUE,121221,"Seaweeds and other algae; fit for human consumption, fresh, chilled, frozen or dried, whether or not ground",6,TRUE,C00,TOTAL CPC,0,0,TOTAL MOT,8,kg,586.25,FALSE,8,kg,586,FALSE,586,FALSE,0,FALSE,,"$3,858.00","$3,858.00",0,TRUE,FALSE,$6.58
,"121221 (건조김, 마른김)",33.18437,$24.98,,C,A,20250101,2025,52,2025,410,KOR,Rep. of Korea,X,Export,76,BRA,Brazil,0,W00,World,H6,HS,TRUE,121221,"Seaweeds and other algae; fit for human consumption, fresh, chilled, frozen or dried, whether or not ground",6,TRUE,C00,TOTAL CPC,0,0,TOTAL MOT,8,kg,33184.37,FALSE,8,kg,"33,184",FALSE,"33,184",FALSE,0,FALSE,,"$828,934.00","$828,934.00",0,TRUE,FALSE,$24.98
,"121221 (건조김, 마른김)",0.185,$28.00,,C,A,20250101,2025,52,2025,410,KOR,Rep. of Korea,X,Export,96,BRN,Brunei Darussalam,0,W00,World,H6,HS,TRUE,121221,"Seaweeds and other algae; fit for human consumption, fresh, chilled, frozen or dried, whether or not ground",6,TRUE,C00,TOTAL CPC,0,0,TOTAL MOT,8,kg,185,FALSE,8,kg,185,FALSE,185,FALSE,0,FALSE,,"$5,180.00","$5,180.00",0,TRUE,FALSE,$28.00
,"121221 (건조김, 마른김)",0.1897,$13.90,,C,A,20250101,2025,52,2025,410,KOR,Rep. of Korea,X,Export,100,BGR,Bulgaria,0,W00,World,H6,HS,TRUE,121221,"Seaweeds and other algae; fit for human consumption, fresh, chilled, frozen or dried, whether or not ground",6,TRUE,C00,TOTAL CPC,0,0,TOTAL MOT,8,kg,189.7,FALSE,8,kg,190,FALSE,190,FALSE,0,FALSE,,"$2,636.00","$2,636.00",0,TRUE,FALSE,$13.90
,"121221 (건조김, 마른김)",0.95582,$40.89,,C,A,20250101,2025,52,2025,410,KOR,Rep. of Korea,X,Export,104,MMR,Myanmar,0,W00,World,H6,HS,TRUE,121221,"Seaweeds and other algae; fit for human consumption, fresh, chilled, frozen or dried, whether or not ground",6,TRUE,C00,TOTAL CPC,0,0,TOTAL MOT,8,kg,955.82,FALSE,8,kg,956,FALSE,956,FALSE,0,FALSE,,"$39,084.00","$39,084.00",0,TRUE,FALSE,$40.89
,"121221 (건조김, 마른김)",11.5736,$32.61,,C,A,20250101,2025,52,2025,410,KOR,Rep. of Korea,X,Export,112,BLR,Belarus,0,W00,World,H6,HS,TRUE,121221,"Seaweeds and other algae; fit for human consumption, fresh, chilled, frozen or dried, whether or not ground",6,TRUE,C00,TOTAL CPC,0,0,TOTAL MOT,8,kg,11573.6,FALSE,8,kg,"11,574",FALSE,"11,574",FALSE,0,FALSE,,"$377,400.00","$377,400.00",0,TRUE,FALSE,$32.61
,"121221 (건조김, 마른김)",19.88738,$3.84,,C,A,20250101,2025,52,2025,410,KOR,Rep. of Korea,X,Export,116,KHM,Cambodia,0,W00,World,H6,HS,TRUE,121221,"Seaweeds and other algae; fit for human consumption, fresh, chilled, frozen or dried, whether or not ground",6,TRUE,C00,TOTAL CPC,0,0,TOTAL MOT,8,kg,19887.38,FALSE,8,kg,"19,887",FALSE,"19,887",FALSE,0,FALSE,,"$76,324.00","$76,324.00",0,TRUE,FALSE,$3.84
,"121221 (건조김, 마른김)",193.209992,$6.04,,C,A,20250101,2025,52,2025,410,KOR,Rep. of Korea,X,Export,124,CAN,Canada,0,W00,World,H6,HS,TRUE,121221,"Seaweeds and other algae; fit for human consumption, fresh, chilled, frozen or dried, whether or not ground",6,TRUE,C00,TOTAL CPC,0,0,TOTAL MOT,8,kg,193209.992,FALSE,8,kg,"193,210",FALSE,"193,210",FALSE,0,FALSE,,"$1,166,503.00","$1,166,503.00",0,TRUE,FALSE,$6.04
,"121221 (건조김, 마른김)",0.003344,$36.48,,C,A,20250101,2025,52,2025,410,KOR,Rep. of Korea,X,Export,144,LKA,Sri Lanka,0,W00,World,H6,HS,TRUE,121221,"Seaweeds and other algae; fit for human consumption, fresh, chilled, frozen or dried, whether or not ground",6,TRUE,C00,TOTAL CPC,0,0,TOTAL MOT,8,kg,3.344,FALSE,8,kg,3,FALSE,3,FALSE,0,FALSE,,$122.00,$122.00,0,TRUE,FALSE,$36.48
,"121221 (건조김, 마른김)",1.32922,$9.64,,C,A,20250101,2025,52,2025,410,KOR,Rep. of Korea,X,Export,152,CHL,Chile,0,W00,World,H6,HS,TRUE,121221,"Seaweeds and other algae; fit for human consumption, fresh, chilled, frozen or dried, whether or not ground",6,TRUE,C00,TOTAL CPC,0,0,TOTAL MOT,8,kg,1329.22,FALSE,8,kg,"1,329",FALSE,"1,329",FALSE,0,FALSE,,"$12,811.00","$12,811.00",0,TRUE,FALSE,$9.64
,"121221 (건조김, 마른김)",6271.44166,$16.04,,C,A,20250101,2025,52,2025,410,KOR,Rep. of Korea,X,Export,156,CHN,China,0,W00,World,H6,HS,TRUE,121221,"Seaweeds and other algae; fit for human consumption, fresh, chilled, frozen or dried, whether or not ground",6,TRUE,C00,TOTAL CPC,0,0,TOTAL MOT,8,kg,6271441.66,FALSE,8,kg,"6,271,442",FALSE,"6,271,442",FALSE,0,FALSE,,"$100,609,824.00","$100,609,824.00",0,TRUE,FALSE,$16.04
,"121221 (건조김, 마른김)",14.2398,$37.80,,C,A,20250101,2025,52,2025,410,KOR,Rep. of Korea,X,Export,170,COL,Colombia,0,W00,World,H6,HS,TRUE,121221,"Seaweeds and other algae; fit for human consumption, fresh, chilled, frozen or dried, whether or not ground",6,TRUE,C00,TOTAL CPC,0,0,TOTAL MOT,8,kg,14239.8,FALSE,8,kg,"14,240",FALSE,"14,240",FALSE,0,FALSE,,"$538,279.00","$538,279.00",0,TRUE,FALSE,$37.80
,"121221 (건조김, 마른김)",0.93021,$10.80,,C,A,20250101,2025,52,2025,410,KOR,Rep. of Korea,X,Export,188,CRI,Costa Rica,0,W00,World,H6,HS,TRUE,121221,"Seaweeds and other algae; fit for human consumption, fresh, chilled, frozen or dried, whether or not ground",6,TRUE,C00,TOTAL CPC,0,0,TOTAL MOT,8,kg,930.21,FALSE,8,kg,930,FALSE,930,FALSE,0,FALSE,,"$10,042.00","$10,042.00",0,TRUE,FALSE,$10.80
,"121221 (건조김, 마른김)",0.0014,$73.57,,C,A,20250101,2025,52,2025,410,KOR,Rep. of Korea,X,Export,196,CYP,Cyprus,0,W00,World,H6,HS,TRUE,121221,"Seaweeds and other algae; fit for human consumption, fresh, chilled, frozen or dried, whether or not ground",6,TRUE,C00,TOTAL CPC,0,0,TOTAL MOT,8,kg,1.4,FALSE,8,kg,1,FALSE,1,FALSE,0,FALSE,,$103.00,$103.00,0,TRUE,FALSE,$73.57
,"121221 (건조김, 마른김)",1.54787,$10.90,,C,A,20250101,2025,52,2025,410,KOR,Rep. of Korea,X,Export,203,CZE,Czechia,0,W00,World,H6,HS,TRUE,121221,"Seaweeds and other algae; fit for human consumption, fresh, chilled, frozen or dried, whether or not ground",6,TRUE,C00,TOTAL CPC,0,0,TOTAL MOT,8,kg,1547.87,FALSE,8,kg,"1,548",FALSE,"1,548",FALSE,0,FALSE,,"$16,868.00","$16,868.00",0,TRUE,FALSE,$10.90
,"121221 (건조김, 마른김)",0.01916,$6.68,,C,A,20250101,2025,52,2025,410,KOR,Rep. of Korea,X,Export,208,DNK,Denmark,0,W00,World,H6,HS,TRUE,121221,"Seaweeds and other algae; fit for human consumption, fresh, chilled, frozen or dried, whether or not ground",6,TRUE,C00,TOTAL CPC,0,0,TOTAL MOT,8,kg,19.16,FALSE,8,kg,19,FALSE,19,FALSE,0,FALSE,,$128.00,$128.00,0,TRUE,FALSE,$6.68
,"121221 (건조김, 마른김)",0.2,$1.38,,C,A,20250101,2025,52,2025,410,KOR,Rep. of Korea,X,Export,214,DOM,Dominican Rep.,0,W00,World,H6,HS,TRUE,121221,"Seaweeds and other algae; fit for human consumption, fresh, chilled, frozen or dried, whether or not ground",6,TRUE,C00,TOTAL CPC,0,0,TOTAL MOT,8,kg,200,FALSE,8,kg,200,FALSE,200,FALSE,0,FALSE,,$276.00,$276.00,0,TRUE,FALSE,$1.38
,"121221 (건조김, 마른김)",0.00008,$37.50,,C,A,20250101,2025,52,2025,410,KOR,Rep. of Korea,X,Export,233,EST,Estonia,0,W00,World,H6,HS,TRUE,121221,"Seaweeds and other algae; fit for human consumption, fresh, chilled, frozen or dried, whether or not ground",6,TRUE,C00,TOTAL CPC,0,0,TOTAL MOT,8,kg,0.08,FALSE,8,kg,0,FALSE,0,FALSE,0,FALSE,,$3.00,$3.00,0,TRUE,FALSE,$37.50
,"121221 (건조김, 마른김)",25.442225,$18.77,,C,A,20250101,2025,52,2025,410,KOR,Rep. of Korea,X,Export,251,FRA,France,0,W00,World,H6,HS,TRUE,121221,"Seaweeds and other algae; fit for human consumption, fresh, chilled, frozen or dried, whether or not ground",6,TRUE,C00,TOTAL CPC,0,0,TOTAL MOT,8,kg,25442.225,FALSE,8,kg,"25,442",FALSE,"25,442",FALSE,0,FALSE,,"$477,446.00","$477,446.00",0,TRUE,FALSE,$18.77
,"121221 (건조김, 마른김)",0.012,$50.83,,C,A,20250101,2025,52,2025,410,KOR,Rep. of Korea,X,Export,258,PYF,French Polynesia,0,W00,World,H6,HS,TRUE,121221,"Seaweeds and other algae; fit for human consumption, fresh, chilled, frozen or dried, whether or not ground",6,TRUE,C00,TOTAL CPC,0,0,TOTAL MOT,8,kg,12,FALSE,8,kg,12,FALSE,12,FALSE,0,FALSE,,$610.00,$610.00,0,TRUE,FALSE,$50.83
,"121221 (건조김, 마른김)",4.083715,$17.87,,C,A,20250101,2025,52,2025,410,KOR,Rep. of Korea,X,Export,276,DEU,Germany,0,W00,World,H6,HS,TRUE,121221,"Seaweeds and other algae; fit for human consumption, fresh, chilled, frozen or dried, whether or not ground",6,TRUE,C00,TOTAL CPC,0,0,TOTAL MOT,8,kg,4083.715,FALSE,8,kg,"4,084",FALSE,"4,084",FALSE,0,FALSE,,"$72,970.00","$72,970.00",0,TRUE,FALSE,$17.87
,"121221 (건조김, 마른김)",0.04698,$36.70,,C,A,20250101,2025,52,2025,410,KOR,Rep. of Korea,X,Export,288,GHA,Ghana,0,W00,World,H6,HS,TRUE,121221,"Seaweeds and other algae; fit for human consumption, fresh, chilled, frozen or dried, whether or not ground",6,TRUE,C00,TOTAL CPC,0,0,TOTAL MOT,8,kg,46.98,FALSE,8,kg,47,FALSE,47,FALSE,0,FALSE,,"$1,724.00","$1,724.00",0,TRUE,FALSE,$36.70
,"121221 (건조김, 마른김)",2.630784,$8.46,,C,A,20250101,2025,52,2025,410,KOR,Rep. of Korea,X,Export,316,GUM,Guam,0,W00,World,H6,HS,TRUE,121221,"Seaweeds and other algae; fit for human consumption, fresh, chilled, frozen or dried, whether or not ground",6,TRUE,C00,TOTAL CPC,0,0,TOTAL MOT,8,kg,2630.784,FALSE,8,kg,"2,631",FALSE,"2,631",FALSE,0,FALSE,,"$22,256.00","$22,256.00",0,TRUE,FALSE,$8.46
,"121221 (건조김, 마른김)",0.2324,$21.64,,C,A,20250101,2025,52,2025,410,KOR,Rep. of Korea,X,Export,320,GTM,Guatemala,0,W00,World,H6,HS,TRUE,121221,"Seaweeds and other algae; fit for human consumption, fresh, chilled, frozen or dried, whether or not ground",6,TRUE,C00,TOTAL CPC,0,0,TOTAL MOT,8,kg,232.4,FALSE,8,kg,232,FALSE,232,FALSE,0,FALSE,,"$5,029.00","$5,029.00",0,TRUE,FALSE,$21.64
,"121221 (건조김, 마른김)",23.116946,$17.94,,C,A,20250101,2025,52,2025,410,KOR,Rep. of Korea,X,Export,344,HKG,"China, Hong Kong SAR",0,W00,World,H6,HS,TRUE,121221,"Seaweeds and other algae; fit for human consumption, fresh, chilled, frozen or dried, whether or not ground",6,TRUE,C00,TOTAL CPC,0,0,TOTAL MOT,8,kg,23116.946,FALSE,8,kg,"23,117",FALSE,"23,117",FALSE,0,FALSE,,"$414,710.00","$414,710.00",0,TRUE,FALSE,$17.94
,"121221 (건조김, 마른김)",0.2491,$20.76,,C,A,20250101,2025,52,2025,410,KOR,Rep. of Korea,X,Export,348,HUN,Hungary,0,W00,World,H6,HS,TRUE,121221,"Seaweeds and other algae; fit for human consumption, fresh, chilled, frozen or dried, whether or not ground",6,TRUE,C00,TOTAL CPC,0,0,TOTAL MOT,8,kg,249.1,FALSE,8,kg,249,FALSE,249,FALSE,0,FALSE,,"$5,171.00","$5,171.00",0,TRUE,FALSE,$20.76
,"121221 (건조김, 마른김)",986.51848,$19.64,,C,A,20250101,2025,52,2025,410,KOR,Rep. of Korea,X,Export,360,IDN,Indonesia,0,W00,World,H6,HS,TRUE,121221,"Seaweeds and other algae; fit for human consumption, fresh, chilled, frozen or dried, whether or not ground",6,TRUE,C00,TOTAL CPC,0,0,TOTAL MOT,8,kg,986518.48,FALSE,8,kg,"986,518",FALSE,"986,518",FALSE,0,FALSE,,"$19,379,942.00","$19,379,942.00",0,TRUE,FALSE,$19.64
,"121221 (건조김, 마른김)",1.605885,$28.47,,C,A,20250101,2025,52,2025,410,KOR,Rep. of Korea,X,Export,368,IRQ,Iraq,0,W00,World,H6,HS,TRUE,121221,"Seaweeds and other algae; fit for human consumption, fresh, chilled, frozen or dried, whether or not ground",6,TRUE,C00,TOTAL CPC,0,0,TOTAL MOT,8,kg,1605.885,FALSE,8,kg,"1,606",FALSE,"1,606",FALSE,0,FALSE,,"$45,721.00","$45,721.00",0,TRUE,FALSE,$28.47
,"121221 (건조김, 마른김)",0.6554,$14.11,,C,A,20250101,2025,52,2025,410,KOR,Rep. of Korea,X,Export,372,IRL,Ireland,0,W00,World,H6,HS,TRUE,121221,"Seaweeds and other algae; fit for human consumption, fresh, chilled, frozen or dried, whether or not ground",6,TRUE,C00,TOTAL CPC,0,0,TOTAL MOT,8,kg,655.4,FALSE,8,kg,655,FALSE,655,FALSE,0,FALSE,,"$9,245.00","$9,245.00",0,TRUE,FALSE,$14.11
,"121221 (건조김, 마른김)",3.365,$44.13,,C,A,20250101,2025,52,2025,410,KOR,Rep. of Korea,X,Export,376,ISR,Israel,0,W00,World,H6,HS,TRUE,121221,"Seaweeds and other algae; fit for human consumption, fresh, chilled, frozen or dried, whether or not ground",6,TRUE,C00,TOTAL CPC,0,0,TOTAL MOT,8,kg,3365,FALSE,8,kg,"3,365",FALSE,"3,365",FALSE,0,FALSE,,"$148,483.00","$148,483.00",0,TRUE,FALSE,$44.13
,"121221 (건조김, 마른김)",0.2253,$20.35,,C,A,20250101,2025,52,2025,410,KOR,Rep. of Korea,X,Export,380,ITA,Italy,0,W00,World,H6,HS,TRUE,121221,"Seaweeds and other algae; fit for human consumption, fresh, chilled, frozen or dried, whether or not ground",6,TRUE,C00,TOTAL CPC,0,0,TOTAL MOT,8,kg,225.3,FALSE,8,kg,225,FALSE,225,FALSE,0,FALSE,,"$4,584.00","$4,584.00",0,TRUE,FALSE,$20.35
,"121221 (건조김, 마른김)",11973.19385,$13.95,,C,A,20250101,2025,52,2025,410,KOR,Rep. of Korea,X,Export,392,JPN,Japan,0,W00,World,H6,HS,TRUE,121221,"Seaweeds and other algae; fit for human consumption, fresh, chilled, frozen or dried, whether or not ground",6,TRUE,C00,TOTAL CPC,0,0,TOTAL MOT,8,kg,11973193.85,FALSE,8,kg,"11,973,194",FALSE,"11,973,194",FALSE,0,FALSE,,"$167,063,908.00","$167,063,908.00",0,TRUE,FALSE,$13.95
,"121221 (건조김, 마른김)",86.96101,$24.24,,C,A,20250101,2025,52,2025,410,KOR,Rep. of Korea,X,Export,398,KAZ,Kazakhstan,0,W00,World,H6,HS,TRUE,121221,"Seaweeds and other algae; fit for human consumption, fresh, chilled, frozen or dried, whether or not ground",6,TRUE,C00,TOTAL CPC,0,0,TOTAL MOT,8,kg,86961.01,FALSE,8,kg,"86,961",FALSE,"86,961",FALSE,0,FALSE,,"$2,108,123.00","$2,108,123.00",0,TRUE,FALSE,$24.24
,"121221 (건조김, 마른김)",1.192,$4.91,,C,A,20250101,2025,52,2025,410,KOR,Rep. of Korea,X,Export,404,KEN,Kenya,0,W00,World,H6,HS,TRUE,121221,"Seaweeds and other algae; fit for human consumption, fresh, chilled, frozen or dried, whether or not ground",6,TRUE,C00,TOTAL CPC,0,0,TOTAL MOT,8,kg,1192,FALSE,8,kg,"1,192",FALSE,"1,192",FALSE,0,FALSE,,"$5,855.00","$5,855.00",0,TRUE,FALSE,$4.91
,"121221 (건조김, 마른김)",0.19535,$5.95,,C,A,20250101,2025,52,2025,410,KOR,Rep. of Korea,X,Export,414,KWT,Kuwait,0,W00,World,H6,HS,TRUE,121221,"Seaweeds and other algae; fit for human consumption, fresh, chilled, frozen or dried, whether or not ground",6,TRUE,C00,TOTAL CPC,0,0,TOTAL MOT,8,kg,195.35,FALSE,8,kg,195,FALSE,195,FALSE,0,FALSE,,"$1,162.00","$1,162.00",0,TRUE,FALSE,$5.95
,"121221 (건조김, 마른김)",0.2984,$19.81,,C,A,20250101,2025,52,2025,410,KOR,Rep. of Korea,X,Export,417,KGZ,Kyrgyzstan,0,W00,World,H6,HS,TRUE,121221,"Seaweeds and other algae; fit for human consumption, fresh, chilled, frozen or dried, whether or not ground",6,TRUE,C00,TOTAL CPC,0,0,TOTAL MOT,8,kg,298.4,FALSE,8,kg,298,FALSE,298,FALSE,0,FALSE,,"$5,911.00","$5,911.00",0,TRUE,FALSE,$19.81
,"121221 (건조김, 마른김)",2.56583,$17.90,,C,A,20250101,2025,52,2025,410,KOR,Rep. of Korea,X,Export,418,LAO,Lao People's Dem. Rep.,0,W00,World,H6,HS,TRUE,121221,"Seaweeds and other algae; fit for human consumption, fresh, chilled, frozen or dried, whether or not ground",6,TRUE,C00,TOTAL CPC,0,0,TOTAL MOT,8,kg,2565.83,FALSE,8,kg,"2,566",FALSE,"2,566",FALSE,0,FALSE,,"$45,935.00","$45,935.00",0,TRUE,FALSE,$17.90
,"121221 (건조김, 마른김)",140.86968,$28.27,,C,A,20250101,2025,52,2025,410,KOR,Rep. of Korea,X,Export,440,LTU,Lithuania,0,W00,World,H6,HS,TRUE,121221,"Seaweeds and other algae; fit for human consumption, fresh, chilled, frozen or dried, whether or not ground",6,TRUE,C00,TOTAL CPC,0,0,TOTAL MOT,8,kg,140869.68,FALSE,8,kg,"140,870",FALSE,"140,870",FALSE,0,FALSE,,"$3,982,718.00","$3,982,718.00",0,TRUE,FALSE,$28.27
,"121221 (건조김, 마른김)",0.460751,$5.86,,C,A,20250101,2025,52,2025,410,KOR,Rep. of Korea,X,Export,446,MAC,"China, Macao SAR",0,W00,World,H6,HS,TRUE,121221,"Seaweeds and other algae; fit for human consumption, fresh, chilled, frozen or dried, whether or not ground",6,TRUE,C00,TOTAL CPC,0,0,TOTAL MOT,8,kg,460.751,FALSE,8,kg,461,FALSE,461,FALSE,0,FALSE,,"$2,702.00","$2,702.00",0,TRUE,FALSE,$5.86
,"121221 (건조김, 마른김)",0.001,$8.00,,C,A,20250101,2025,52,2025,410,KOR,Rep. of Korea,X,Export,450,MDG,Madagascar,0,W00,World,H6,HS,TRUE,121221,"Seaweeds and other algae; fit for human consumption, fresh, chilled, frozen or dried, whether or not ground",6,TRUE,C00,TOTAL CPC,0,0,TOTAL MOT,8,kg,1,FALSE,8,kg,1,FALSE,1,FALSE,0,FALSE,,$8.00,$8.00,0,TRUE,FALSE,$8.00
,"121221 (건조김, 마른김)",22.71345,$13.25,,C,A,20250101,2025,52,2025,410,KOR,Rep. of Korea,X,Export,458,MYS,Malaysia,0,W00,World,H6,HS,TRUE,121221,"Seaweeds and other algae; fit for human consumption, fresh, chilled, frozen or dried, whether or not ground",6,TRUE,C00,TOTAL CPC,0,0,TOTAL MOT,8,kg,22713.45,FALSE,8,kg,"22,713",FALSE,"22,713",FALSE,0,FALSE,,"$300,883.00","$300,883.00",0,TRUE,FALSE,$13.25
,"121221 (건조김, 마른김)",52.72026,$28.76,,C,A,20250101,2025,52,2025,410,KOR,Rep. of Korea,X,Export,484,MEX,Mexico,0,W00,World,H6,HS,TRUE,121221,"Seaweeds and other algae; fit for human consumption, fresh, chilled, frozen or dried, whether or not ground",6,TRUE,C00,TOTAL CPC,0,0,TOTAL MOT,8,kg,52720.26,FALSE,8,kg,"52,720",FALSE,"52,720",FALSE,0,FALSE,,"$1,515,988.00","$1,515,988.00",0,TRUE,FALSE,$28.76
,"121221 (건조김, 마른김)",1199.67155,$28.42,,C,A,20250101,2025,52,2025,410,KOR,Rep. of Korea,X,Export,490,S19,"Other Asia, nes",0,W00,World,H6,HS,TRUE,121221,"Seaweeds and other algae; fit for human consumption, fresh, chilled, frozen or dried, whether or not ground",6,TRUE,C00,TOTAL CPC,0,0,TOTAL MOT,8,kg,1199671.55,FALSE,8,kg,"1,199,672",FALSE,"1,199,672",FALSE,0,FALSE,,"$34,093,422.00","$34,093,422.00",0,TRUE,FALSE,$28.42
,"121221 (건조김, 마른김)",126.225925,$16.11,,C,A,20250101,2025,52,2025,410,KOR,Rep. of Korea,X,Export,496,MNG,Mongolia,0,W00,World,H6,HS,TRUE,121221,"Seaweeds and other algae; fit for human consumption, fresh, chilled, frozen or dried, whether or not ground",6,TRUE,C00,TOTAL CPC,0,0,TOTAL MOT,8,kg,126225.925,FALSE,8,kg,"126,226",FALSE,"126,226",FALSE,0,FALSE,,"$2,032,995.00","$2,032,995.00",0,TRUE,FALSE,$16.11
,"121221 (건조김, 마른김)",0.29,$11.15,,C,A,20250101,2025,52,2025,410,KOR,Rep. of Korea,X,Export,504,MAR,Morocco,0,W00,World,H6,HS,TRUE,121221,"Seaweeds and other algae; fit for human consumption, fresh, chilled, frozen or dried, whether or not ground",6,TRUE,C00,TOTAL CPC,0,0,TOTAL MOT,8,kg,290,FALSE,8,kg,290,FALSE,290,FALSE,0,FALSE,,"$3,233.00","$3,233.00",0,TRUE,FALSE,$11.15
,"121221 (건조김, 마른김)",0.02,$56.60,,C,A,20250101,2025,52,2025,410,KOR,Rep. of Korea,X,Export,524,NPL,Nepal,0,W00,World,H6,HS,TRUE,121221,"Seaweeds and other algae; fit for human consumption, fresh, chilled, frozen or dried, whether or not ground",6,TRUE,C00,TOTAL CPC,0,0,TOTAL MOT,8,kg,20,FALSE,8,kg,20,FALSE,20,FALSE,0,FALSE,,"$1,132.00","$1,132.00",0,TRUE,FALSE,$56.60
,"121221 (건조김, 마른김)",53.075608,$14.56,,C,A,20250101,2025,52,2025,410,KOR,Rep. of Korea,X,Export,528,NLD,Netherlands,0,W00,World,H6,HS,TRUE,121221,"Seaweeds and other algae; fit for human consumption, fresh, chilled, frozen or dried, whether or not ground",6,TRUE,C00,TOTAL CPC,0,0,TOTAL MOT,8,kg,53075.608,FALSE,8,kg,"53,076",FALSE,"53,076",FALSE,0,FALSE,,"$772,542.00","$772,542.00",0,TRUE,FALSE,$14.56
,"121221 (건조김, 마른김)",0.011347,$80.64,,C,A,20250101,2025,52,2025,410,KOR,Rep. of Korea,X,Export,548,VUT,Vanuatu,0,W00,World,H6,HS,TRUE,121221,"Seaweeds and other algae; fit for human consumption, fresh, chilled, frozen or dried, whether or not ground",6,TRUE,C00,TOTAL CPC,0,0,TOTAL MOT,8,kg,11.347,FALSE,8,kg,11,FALSE,11,FALSE,0,FALSE,,$915.00,$915.00,0,TRUE,FALSE,$80.64
,"121221 (건조김, 마른김)",27.954557,$6.41,,C,A,20250101,2025,52,2025,410,KOR,Rep. of Korea,X,Export,554,NZL,New Zealand,0,W00,World,H6,HS,TRUE,121221,"Seaweeds and other algae; fit for human consumption, fresh, chilled, frozen or dried, whether or not ground",6,TRUE,C00,TOTAL CPC,0,0,TOTAL MOT,8,kg,27954.557,FALSE,8,kg,"27,955",FALSE,"27,955",FALSE,0,FALSE,,"$179,311.00","$179,311.00",0,TRUE,FALSE,$6.41
,"121221 (건조김, 마른김)",0.0278,$17.73,,C,A,20250101,2025,52,2025,410,KOR,Rep. of Korea,X,Export,558,NIC,Nicaragua,0,W00,World,H6,HS,TRUE,121221,"Seaweeds and other algae; fit for human consumption, fresh, chilled, frozen or dried, whether or not ground",6,TRUE,C00,TOTAL CPC,0,0,TOTAL MOT,8,kg,27.8,FALSE,8,kg,28,FALSE,28,FALSE,0,FALSE,,$493.00,$493.00,0,TRUE,FALSE,$17.73
,"121221 (건조김, 마른김)",1.664108,$6.39,,C,A,20250101,2025,52,2025,410,KOR,Rep. of Korea,X,Export,566,NGA,Nigeria,0,W00,World,H6,HS,TRUE,121221,"Seaweeds and other algae; fit for human consumption, fresh, chilled, frozen or dried, whether or not ground",6,TRUE,C00,TOTAL CPC,0,0,TOTAL MOT,8,kg,1664.108,FALSE,8,kg,"1,664",FALSE,"1,664",FALSE,0,FALSE,,"$10,637.00","$10,637.00",0,TRUE,FALSE,$6.39
,"121221 (건조김, 마른김)",1.3027,$82.27,,C,A,20250101,2025,52,2025,410,KOR,Rep. of Korea,X,Export,579,NOR,Norway,0,W00,World,H6,HS,TRUE,121221,"Seaweeds and other algae; fit for human consumption, fresh, chilled, frozen or dried, whether or not ground",6,TRUE,C00,TOTAL CPC,0,0,TOTAL MOT,8,kg,1302.7,FALSE,8,kg,"1,303",FALSE,"1,303",FALSE,0,FALSE,,"$107,173.00","$107,173.00",0,TRUE,FALSE,$82.27
,"121221 (건조김, 마른김)",1.83873,$5.58,,C,A,20250101,2025,52,2025,410,KOR,Rep. of Korea,X,Export,580,MNP,N. Mariana Isds,0,W00,World,H6,HS,TRUE,121221,"Seaweeds and other algae; fit for human consumption, fresh, chilled, frozen or dried, whether or not ground",6,TRUE,C00,TOTAL CPC,0,0,TOTAL MOT,8,kg,1838.73,FALSE,8,kg,"1,839",FALSE,"1,839",FALSE,0,FALSE,,"$10,255.00","$10,255.00",0,TRUE,FALSE,$5.58
,"121221 (건조김, 마른김)",0.012,$38.75,,C,A,20250101,2025,52,2025,410,KOR,Rep. of Korea,X,Export,584,MHL,Marshall Isds,0,W00,World,H6,HS,TRUE,121221,"Seaweeds and other algae; fit for human consumption, fresh, chilled, frozen or dried, whether or not ground",6,TRUE,C00,TOTAL CPC,0,0,TOTAL MOT,8,kg,12,FALSE,8,kg,12,FALSE,12,FALSE,0,FALSE,,$465.00,$465.00,0,TRUE,FALSE,$38.75
,"121221 (건조김, 마른김)",0.238,$5.79,,C,A,20250101,2025,52,2025,410,KOR,Rep. of Korea,X,Export,591,PAN,Panama,0,W00,World,H6,HS,TRUE,121221,"Seaweeds and other algae; fit for human consumption, fresh, chilled, frozen or dried, whether or not ground",6,TRUE,C00,TOTAL CPC,0,0,TOTAL MOT,8,kg,238,FALSE,8,kg,238,FALSE,238,FALSE,0,FALSE,,"$1,378.00","$1,378.00",0,TRUE,FALSE,$5.79
,"121221 (건조김, 마른김)",0.922418,$3.98,,C,A,20250101,2025,52,2025,410,KOR,Rep. of Korea,X,Export,600,PRY,Paraguay,0,W00,World,H6,HS,TRUE,121221,"Seaweeds and other algae; fit for human consumption, fresh, chilled, frozen or dried, whether or not ground",6,TRUE,C00,TOTAL CPC,0,0,TOTAL MOT,8,kg,922.418,FALSE,8,kg,922,FALSE,922,FALSE,0,FALSE,,"$3,671.00","$3,671.00",0,TRUE,FALSE,$3.98
,"121221 (건조김, 마른김)",130.13131,$14.90,,C,A,20250101,2025,52,2025,410,KOR,Rep. of Korea,X,Export,608,PHL,Philippines,0,W00,World,H6,HS,TRUE,121221,"Seaweeds and other algae; fit for human consumption, fresh, chilled, frozen or dried, whether or not ground",6,TRUE,C00,TOTAL CPC,0,0,TOTAL MOT,8,kg,130131.31,FALSE,8,kg,"130,131",FALSE,"130,131",FALSE,0,FALSE,,"$1,938,792.00","$1,938,792.00",0,TRUE,FALSE,$14.90
,"121221 (건조김, 마른김)",21.54886,$16.34,,C,A,20250101,2025,52,2025,410,KOR,Rep. of Korea,X,Export,616,POL,Poland,0,W00,World,H6,HS,TRUE,121221,"Seaweeds and other algae; fit for human consumption, fresh, chilled, frozen or dried, whether or not ground",6,TRUE,C00,TOTAL CPC,0,0,TOTAL MOT,8,kg,21548.86,FALSE,8,kg,"21,549",FALSE,"21,549",FALSE,0,FALSE,,"$352,077.00","$352,077.00",0,TRUE,FALSE,$16.34
,"121221 (건조김, 마른김)",5.6502,$8.10,,C,A,20250101,2025,52,2025,410,KOR,Rep. of Korea,X,Export,634,QAT,Qatar,0,W00,World,H6,HS,TRUE,121221,"Seaweeds and other algae; fit for human consumption, fresh, chilled, frozen or dried, whether or not ground",6,TRUE,C00,TOTAL CPC,0,0,TOTAL MOT,8,kg,5650.2,FALSE,8,kg,"5,650",FALSE,"5,650",FALSE,0,FALSE,,"$45,779.00","$45,779.00",0,TRUE,FALSE,$8.10
,"121221 (건조김, 마른김)",2478.606533,$31.87,,C,A,20250101,2025,52,2025,410,KOR,Rep. of Korea,X,Export,643,RUS,Russian Federation,0,W00,World,H6,HS,TRUE,121221,"Seaweeds and other algae; fit for human consumption, fresh, chilled, frozen or dried, whether or not ground",6,TRUE,C00,TOTAL CPC,0,0,TOTAL MOT,8,kg,2478606.533,FALSE,8,kg,"2,478,607",FALSE,"2,478,607",FALSE,0,FALSE,,"$78,999,557.00","$78,999,557.00",0,TRUE,FALSE,$31.87
,"121221 (건조김, 마른김)",3.45384,$12.77,,C,A,20250101,2025,52,2025,410,KOR,Rep. of Korea,X,Export,682,SAU,Saudi Arabia,0,W00,World,H6,HS,TRUE,121221,"Seaweeds and other algae; fit for human consumption, fresh, chilled, frozen or dried, whether or not ground",6,TRUE,C00,TOTAL CPC,0,0,TOTAL MOT,8,kg,3453.84,FALSE,8,kg,"3,454",FALSE,"3,454",FALSE,0,FALSE,,"$44,119.00","$44,119.00",0,TRUE,FALSE,$12.77
,"121221 (건조김, 마른김)",0.195,$13.52,,C,A,20250101,2025,52,2025,410,KOR,Rep. of Korea,X,Export,688,SRB,Serbia,0,W00,World,H6,HS,TRUE,121221,"Seaweeds and other algae; fit for human consumption, fresh, chilled, frozen or dried, whether or not ground",6,TRUE,C00,TOTAL CPC,0,0,TOTAL MOT,8,kg,195,FALSE,8,kg,195,FALSE,195,FALSE,0,FALSE,,"$2,637.00","$2,637.00",0,TRUE,FALSE,$13.52
,"121221 (건조김, 마른김)",0.9246,$16.91,,C,A,20250101,2025,52,2025,410,KOR,Rep. of Korea,X,Export,699,IND,India,0,W00,World,H6,HS,TRUE,121221,"Seaweeds and other algae; fit for human consumption, fresh, chilled, frozen or dried, whether or not ground",6,TRUE,C00,TOTAL CPC,0,0,TOTAL MOT,8,kg,924.6,FALSE,8,kg,925,FALSE,925,FALSE,0,FALSE,,"$15,632.00","$15,632.00",0,TRUE,FALSE,$16.91
,"121221 (건조김, 마른김)",135.803341,$29.07,,C,A,20250101,2025,52,2025,410,KOR,Rep. of Korea,X,Export,702,SGP,Singapore,0,W00,World,H6,HS,TRUE,121221,"Seaweeds and other algae; fit for human consumption, fresh, chilled, frozen or dried, whether or not ground",6,TRUE,C00,TOTAL CPC,0,0,TOTAL MOT,8,kg,135803.341,FALSE,8,kg,"135,803",FALSE,"135,803",FALSE,0,FALSE,,"$3,948,278.00","$3,948,278.00",0,TRUE,FALSE,$29.07
,"121221 (건조김, 마른김)",1117.206904,$21.11,,C,A,20250101,2025,52,2025,410,KOR,Rep. of Korea,X,Export,704,VNM,Viet Nam,0,W00,World,H6,HS,TRUE,121221,"Seaweeds and other algae; fit for human consumption, fresh, chilled, frozen or dried, whether or not ground",6,TRUE,C00,TOTAL CPC,0,0,TOTAL MOT,8,kg,1117206.904,FALSE,8,kg,"1,117,207",FALSE,"1,117,207",FALSE,0,FALSE,,"$23,581,130.00","$23,581,130.00",0,TRUE,FALSE,$21.11
,"121221 (건조김, 마른김)",1.25354,$9.90,,C,A,20250101,2025,52,2025,410,KOR,Rep. of Korea,X,Export,710,ZAF,South Africa,0,W00,World,H6,HS,TRUE,121221,"Seaweeds and other algae; fit for human consumption, fresh, chilled, frozen or dried, whether or not ground",6,TRUE,C00,TOTAL CPC,0,0,TOTAL MOT,8,kg,1253.54,FALSE,8,kg,"1,254",FALSE,"1,254",FALSE,0,FALSE,,"$12,410.00","$12,410.00",0,TRUE,FALSE,$9.90
,"121221 (건조김, 마른김)",0.5841,$16.03,,C,A,20250101,2025,52,2025,410,KOR,Rep. of Korea,X,Export,724,ESP,Spain,0,W00,World,H6,HS,TRUE,121221,"Seaweeds and other algae; fit for human consumption, fresh, chilled, frozen or dried, whether or not ground",6,TRUE,C00,TOTAL CPC,0,0,TOTAL MOT,8,kg,584.1,FALSE,8,kg,584,FALSE,584,FALSE,0,FALSE,,"$9,361.00","$9,361.00",0,TRUE,FALSE,$16.03
,"121221 (건조김, 마른김)",0.6425,$22.83,,C,A,20250101,2025,52,2025,410,KOR,Rep. of Korea,X,Export,752,SWE,Sweden,0,W00,World,H6,HS,TRUE,121221,"Seaweeds and other algae; fit for human consumption, fresh, chilled, frozen or dried, whether or not ground",6,TRUE,C00,TOTAL CPC,0,0,TOTAL MOT,8,kg,642.5,FALSE,8,kg,643,FALSE,643,FALSE,0,FALSE,,"$14,671.00","$14,671.00",0,TRUE,FALSE,$22.83
,"121221 (건조김, 마른김)",0.2034,$25.70,,C,A,20250101,2025,52,2025,410,KOR,Rep. of Korea,X,Export,757,CHE,Switzerland,0,W00,World,H6,HS,TRUE,121221,"Seaweeds and other algae; fit for human consumption, fresh, chilled, frozen or dried, whether or not ground",6,TRUE,C00,TOTAL CPC,0,0,TOTAL MOT,8,kg,203.4,FALSE,8,kg,203,FALSE,203,FALSE,0,FALSE,,"$5,227.00","$5,227.00",0,TRUE,FALSE,$25.70
,"121221 (건조김, 마른김)",3822.070508,$23.42,,C,A,20250101,2025,52,2025,410,KOR,Rep. of Korea,X,Export,764,THA,Thailand,0,W00,World,H6,HS,TRUE,121221,"Seaweeds and other algae; fit for human consumption, fresh, chilled, frozen or dried, whether or not ground",6,TRUE,C00,TOTAL CPC,0,0,TOTAL MOT,8,kg,3822070.508,FALSE,8,kg,"3,822,071",FALSE,"3,822,071",FALSE,0,FALSE,,"$89,520,641.00","$89,520,641.00",0,TRUE,FALSE,$23.42
,"121221 (건조김, 마른김)",10.75019,$29.96,,C,A,20250101,2025,52,2025,410,KOR,Rep. of Korea,X,Export,784,ARE,United Arab Emirates,0,W00,World,H6,HS,TRUE,121221,"Seaweeds and other algae; fit for human consumption, fresh, chilled, frozen or dried, whether or not ground",6,TRUE,C00,TOTAL CPC,0,0,TOTAL MOT,8,kg,10750.19,FALSE,8,kg,"10,750",FALSE,"10,750",FALSE,0,FALSE,,"$322,076.00","$322,076.00",0,TRUE,FALSE,$29.96
,"121221 (건조김, 마른김)",52.180084,$34.48,,C,A,20250101,2025,52,2025,410,KOR,Rep. of Korea,X,Export,792,TUR,Türkiye,0,W00,World,H6,HS,TRUE,121221,"Seaweeds and other algae; fit for human consumption, fresh, chilled, frozen or dried, whether or not ground",6,TRUE,C00,TOTAL CPC,0,0,TOTAL MOT,8,kg,52180.084,FALSE,8,kg,"52,180",FALSE,"52,180",FALSE,0,FALSE,,"$1,799,295.00","$1,799,295.00",0,TRUE,FALSE,$34.48
,"121221 (건조김, 마른김)",0.015,$7.20,,C,A,20250101,2025,52,2025,410,KOR,Rep. of Korea,X,Export,800,UGA,Uganda,0,W00,World,H6,HS,TRUE,121221,"Seaweeds and other algae; fit for human consumption, fresh, chilled, frozen or dried, whether or not ground",6,TRUE,C00,TOTAL CPC,0,0,TOTAL MOT,8,kg,15,FALSE,8,kg,15,FALSE,15,FALSE,0,FALSE,,$108.00,$108.00,0,TRUE,FALSE,$7.20
,"121221 (건조김, 마른김)",5.59101,$31.39,,C,A,20250101,2025,52,2025,410,KOR,Rep. of Korea,X,Export,804,UKR,Ukraine,0,W00,World,H6,HS,TRUE,121221,"Seaweeds and other algae; fit for human consumption, fresh, chilled, frozen or dried, whether or not ground",6,TRUE,C00,TOTAL CPC,0,0,TOTAL MOT,8,kg,5591.01,FALSE,8,kg,"5,591",FALSE,"5,591",FALSE,0,FALSE,,"$175,509.00","$175,509.00",0,TRUE,FALSE,$31.39
,"121221 (건조김, 마른김)",27.82451,$14.12,,C,A,20250101,2025,52,2025,410,KOR,Rep. of Korea,X,Export,826,GBR,United Kingdom,0,W00,World,H6,HS,TRUE,121221,"Seaweeds and other algae; fit for human consumption, fresh, chilled, frozen or dried, whether or not ground",6,TRUE,C00,TOTAL CPC,0,0,TOTAL MOT,8,kg,27824.51,FALSE,8,kg,"27,825",FALSE,"27,825",FALSE,0,FALSE,,"$392,902.00","$392,902.00",0,TRUE,FALSE,$14.12
,"121221 (건조김, 마른김)",1826.38969,$13.18,,C,A,20250101,2025,52,2025,410,KOR,Rep. of Korea,X,Export,842,USA,USA,0,W00,World,H6,HS,TRUE,121221,"Seaweeds and other algae; fit for human consumption, fresh, chilled, frozen or dried, whether or not ground",6,TRUE,C00,TOTAL CPC,0,0,TOTAL MOT,8,kg,1826389.69,FALSE,8,kg,"1,826,390",FALSE,"1,826,390",FALSE,0,FALSE,,"$24,072,338.00","$24,072,338.00",0,TRUE,FALSE,$13.18
,"121221 (건조김, 마른김)",0.42415,$19.12,,C,A,20250101,2025,52,2025,410,KOR,Rep. of Korea,X,Export,860,UZB,Uzbekistan,0,W00,World,H6,HS,TRUE,121221,"Seaweeds and other algae; fit for human consumption, fresh, chilled, frozen or dried, whether or not ground",6,TRUE,C00,TOTAL CPC,0,0,TOTAL MOT,8,kg,424.15,FALSE,8,kg,424,FALSE,424,FALSE,0,FALSE,,"$8,108.00","$8,108.00",0,TRUE,FALSE,$19.12
,"121221 (건조김, 마른김)",0.125434,$11.82,,C,A,20250101,2025,52,2025,410,KOR,Rep. of Korea,X,Export,882,WSM,Samoa,0,W00,World,H6,HS,TRUE,121221,"Seaweeds and other algae; fit for human consumption, fresh, chilled, frozen or dried, whether or not ground",6,TRUE,C00,TOTAL CPC,0,0,TOTAL MOT,8,kg,125.434,FALSE,8,kg,125,FALSE,125,FALSE,0,FALSE,,"$1,483.00","$1,483.00",0,TRUE,FALSE,$11.82
,"121221 (건조김, 마른김)",0.0156,$26.54,,C,A,20250101,2025,52,2025,410,KOR,Rep. of Korea,X,Export,899,_X ,"Areas, nes",0,W00,World,H6,HS,TRUE,121221,"Seaweeds and other algae; fit for human consumption, fresh, chilled, frozen or dried, whether or not ground",6,TRUE,C00,TOTAL CPC,0,0,TOTAL MOT,8,kg,15.6,FALSE,8,kg,16,FALSE,16,FALSE,0,FALSE,,$414.00,$414.00,0,TRUE,FALSE,$26.54
,"200899 (구운김, 조미김)",27501.95795,$24.99,,C,A,20250101,2025,52,2025,410,KOR,Rep. of Korea,X,Export,0,W00,World,0,W00,World,H6,HS,TRUE,200899,"Fruit, nuts and other edible parts of plants; prepared or preserved, whether or not containing added sugar, other sweetening matter or spirit, n.e.c. in heading no. 2008",6,TRUE,C00,TOTAL CPC,0,0,TOTAL MOT,8,kg,27501957.95,FALSE,8,kg,"27,501,958",FALSE,"27,501,958",FALSE,0,FALSE,,"$687,399,086.00","$687,399,086.00",0,FALSE,TRUE,$24.99
,"200899 (구운김, 조미김)",0.2661,$5.99,,C,A,20250101,2025,52,2025,410,KOR,Rep. of Korea,X,Export,8,ALB,Albania,0,W00,World,H6,HS,TRUE,200899,"Fruit, nuts and other edible parts of plants; prepared or preserved, whether or not containing added sugar, other sweetening matter or spirit, n.e.c. in heading no. 2008",6,TRUE,C00,TOTAL CPC,0,0,TOTAL MOT,8,kg,266.1,FALSE,8,kg,266,FALSE,266,FALSE,0,FALSE,,"$1,593.00","$1,593.00",0,TRUE,FALSE,$5.99
,"200899 (구운김, 조미김)",0.037,$23.30,,C,A,20250101,2025,52,2025,410,KOR,Rep. of Korea,X,Export,12,DZA,Algeria,0,W00,World,H6,HS,TRUE,200899,"Fruit, nuts and other edible parts of plants; prepared or preserved, whether or not containing added sugar, other sweetening matter or spirit, n.e.c. in heading no. 2008",6,TRUE,C00,TOTAL CPC,0,0,TOTAL MOT,8,kg,37,FALSE,8,kg,37,FALSE,37,FALSE,0,FALSE,,$862.00,$862.00,0,TRUE,FALSE,$23.30
,"200899 (구운김, 조미김)",0.079453,$11.99,,C,A,20250101,2025,52,2025,410,KOR,Rep. of Korea,X,Export,24,AGO,Angola,0,W00,World,H6,HS,TRUE,200899,"Fruit, nuts and other edible parts of plants; prepared or preserved, whether or not containing added sugar, other sweetening matter or spirit, n.e.c. in heading no. 2008",6,TRUE,C00,TOTAL CPC,0,0,TOTAL MOT,8,kg,79.453,FALSE,8,kg,79,FALSE,79,FALSE,0,FALSE,,$953.00,$953.00,0,TRUE,FALSE,$11.99
,"200899 (구운김, 조미김)",0.054,$31.59,,C,A,20250101,2025,52,2025,410,KOR,Rep. of Korea,X,Export,31,AZE,Azerbaijan,0,W00,World,H6,HS,TRUE,200899,"Fruit, nuts and other edible parts of plants; prepared or preserved, whether or not containing added sugar, other sweetening matter or spirit, n.e.c. in heading no. 2008",6,TRUE,C00,TOTAL CPC,0,0,TOTAL MOT,8,kg,54,FALSE,8,kg,54,FALSE,54,FALSE,0,FALSE,,"$1,706.00","$1,706.00",0,TRUE,FALSE,$31.59
,"200899 (구운김, 조미김)",2.77456,$32.80,,C,A,20250101,2025,52,2025,410,KOR,Rep. of Korea,X,Export,32,ARG,Argentina,0,W00,World,H6,HS,TRUE,200899,"Fruit, nuts and other edible parts of plants; prepared or preserved, whether or not containing added sugar, other sweetening matter or spirit, n.e.c. in heading no. 2008",6,TRUE,C00,TOTAL CPC,0,0,TOTAL MOT,8,kg,2774.56,FALSE,8,kg,"2,775",FALSE,"2,775",FALSE,0,FALSE,,"$91,015.00","$91,015.00",0,TRUE,FALSE,$32.80
,"200899 (구운김, 조미김)",1096.525586,$24.49,,C,A,20250101,2025,52,2025,410,KOR,Rep. of Korea,X,Export,36,AUS,Australia,0,W00,World,H6,HS,TRUE,200899,"Fruit, nuts and other edible parts of plants; prepared or preserved, whether or not containing added sugar, other sweetening matter or spirit, n.e.c. in heading no. 2008",6,TRUE,C00,TOTAL CPC,0,0,TOTAL MOT,8,kg,1096525.586,FALSE,8,kg,"1,096,526",FALSE,"1,096,526",FALSE,0,FALSE,,"$26,853,771.00","$26,853,771.00",0,TRUE,FALSE,$24.49
,"200899 (구운김, 조미김)",29.825636,$10.65,,C,A,20250101,2025,52,2025,410,KOR,Rep. of Korea,X,Export,40,AUT,Austria,0,W00,World,H6,HS,TRUE,200899,"Fruit, nuts and other edible parts of plants; prepared or preserved, whether or not containing added sugar, other sweetening matter or spirit, n.e.c. in heading no. 2008",6,TRUE,C00,TOTAL CPC,0,0,TOTAL MOT,8,kg,29825.636,FALSE,8,kg,"29,826",FALSE,"29,826",FALSE,0,FALSE,,"$317,698.00","$317,698.00",0,TRUE,FALSE,$10.65
,"200899 (구운김, 조미김)",0.5146,$35.99,,C,A,20250101,2025,52,2025,410,KOR,Rep. of Korea,X,Export,48,BHR,Bahrain,0,W00,World,H6,HS,TRUE,200899,"Fruit, nuts and other edible parts of plants; prepared or preserved, whether or not containing added sugar, other sweetening matter or spirit, n.e.c. in heading no. 2008",6,TRUE,C00,TOTAL CPC,0,0,TOTAL MOT,8,kg,514.6,FALSE,8,kg,515,FALSE,515,FALSE,0,FALSE,,"$18,518.00","$18,518.00",0,TRUE,FALSE,$35.99
,"200899 (구운김, 조미김)",1.871204,$39.39,,C,A,20250101,2025,52,2025,410,KOR,Rep. of Korea,X,Export,50,BGD,Bangladesh,0,W00,World,H6,HS,TRUE,200899,"Fruit, nuts and other edible parts of plants; prepared or preserved, whether or not containing added sugar, other sweetening matter or spirit, n.e.c. in heading no. 2008",6,TRUE,C00,TOTAL CPC,0,0,TOTAL MOT,8,kg,1871.204,FALSE,8,kg,"1,871",FALSE,"1,871",FALSE,0,FALSE,,"$73,701.00","$73,701.00",0,TRUE,FALSE,$39.39
,"200899 (구운김, 조미김)",0.0044,$162.95,,C,A,20250101,2025,52,2025,410,KOR,Rep. of Korea,X,Export,51,ARM,Armenia,0,W00,World,H6,HS,TRUE,200899,"Fruit, nuts and other edible parts of plants; prepared or preserved, whether or not containing added sugar, other sweetening matter or spirit, n.e.c. in heading no. 2008",6,TRUE,C00,TOTAL CPC,0,0,TOTAL MOT,8,kg,4.4,FALSE,8,kg,4,FALSE,4,FALSE,0,FALSE,,$717.00,$717.00,0,TRUE,FALSE,$162.95
,"200899 (구운김, 조미김)",251.25796,$3.02,,C,A,20250101,2025,52,2025,410,KOR,Rep. of Korea,X,Export,56,BEL,Belgium,0,W00,World,H6,HS,TRUE,200899,"Fruit, nuts and other edible parts of plants; prepared or preserved, whether or not containing added sugar, other sweetening matter or spirit, n.e.c. in heading no. 2008",6,TRUE,C00,TOTAL CPC,0,0,TOTAL MOT,8,kg,251257.96,FALSE,8,kg,"251,258",FALSE,"251,258",FALSE,0,FALSE,,"$758,626.00","$758,626.00",0,TRUE,FALSE,$3.02
,"200899 (구운김, 조미김)",1.3682,$22.47,,C,A,20250101,2025,52,2025,410,KOR,Rep. of Korea,X,Export,64,BTN,Bhutan,0,W00,World,H6,HS,TRUE,200899,"Fruit, nuts and other edible parts of plants; prepared or preserved, whether or not containing added sugar, other sweetening matter or spirit, n.e.c. in heading no. 2008",6,TRUE,C00,TOTAL CPC,0,0,TOTAL MOT,8,kg,1368.2,FALSE,8,kg,"1,368",FALSE,"1,368",FALSE,0,FALSE,,"$30,737.00","$30,737.00",0,TRUE,FALSE,$22.47
,"200899 (구운김, 조미김)",1.66995,$39.57,,C,A,20250101,2025,52,2025,410,KOR,Rep. of Korea,X,Export,68,BOL,Bolivia (Plurinational State of),0,W00,World,H6,HS,TRUE,200899,"Fruit, nuts and other edible parts of plants; prepared or preserved, whether or not containing added sugar, other sweetening matter or spirit, n.e.c. in heading no. 2008",6,TRUE,C00,TOTAL CPC,0,0,TOTAL MOT,8,kg,1669.95,FALSE,8,kg,"1,670",FALSE,"1,670",FALSE,0,FALSE,,"$66,085.00","$66,085.00",0,TRUE,FALSE,$39.57
,"200899 (구운김, 조미김)",0.168,$34.43,,C,A,20250101,2025,52,2025,410,KOR,Rep. of Korea,X,Export,70,BIH,Bosnia Herzegovina,0,W00,World,H6,HS,TRUE,200899,"Fruit, nuts and other edible parts of plants; prepared or preserved, whether or not containing added sugar, other sweetening matter or spirit, n.e.c. in heading no. 2008",6,TRUE,C00,TOTAL CPC,0,0,TOTAL MOT,8,kg,168,FALSE,8,kg,168,FALSE,168,FALSE,0,FALSE,,"$5,784.00","$5,784.00",0,TRUE,FALSE,$34.43
,"200899 (구운김, 조미김)",91.961494,$27.39,,C,A,20250101,2025,52,2025,410,KOR,Rep. of Korea,X,Export,76,BRA,Brazil,0,W00,World,H6,HS,TRUE,200899,"Fruit, nuts and other edible parts of plants; prepared or preserved, whether or not containing added sugar, other sweetening matter or spirit, n.e.c. in heading no. 2008",6,TRUE,C00,TOTAL CPC,0,0,TOTAL MOT,8,kg,91961.494,FALSE,8,kg,"91,961",FALSE,"91,961",FALSE,0,FALSE,,"$2,518,844.00","$2,518,844.00",0,TRUE,FALSE,$27.39
,"200899 (구운김, 조미김)",1.30544,$59.01,,C,A,20250101,2025,52,2025,410,KOR,Rep. of Korea,X,Export,96,BRN,Brunei Darussalam,0,W00,World,H6,HS,TRUE,200899,"Fruit, nuts and other edible parts of plants; prepared or preserved, whether or not containing added sugar, other sweetening matter or spirit, n.e.c. in heading no. 2008",6,TRUE,C00,TOTAL CPC,0,0,TOTAL MOT,8,kg,1305.44,FALSE,8,kg,"1,305",FALSE,"1,305",FALSE,0,FALSE,,"$77,033.00","$77,033.00",0,TRUE,FALSE,$59.01
,"200899 (구운김, 조미김)",19.05639,$29.53,,C,A,20250101,2025,52,2025,410,KOR,Rep. of Korea,X,Export,100,BGR,Bulgaria,0,W00,World,H6,HS,TRUE,200899,"Fruit, nuts and other edible parts of plants; prepared or preserved, whether or not containing added sugar, other sweetening matter or spirit, n.e.c. in heading no. 2008",6,TRUE,C00,TOTAL CPC,0,0,TOTAL MOT,8,kg,19056.39,FALSE,8,kg,"19,056",FALSE,"19,056",FALSE,0,FALSE,,"$562,754.00","$562,754.00",0,TRUE,FALSE,$29.53
,"200899 (구운김, 조미김)",3.125778,$43.57,,C,A,20250101,2025,52,2025,410,KOR,Rep. of Korea,X,Export,104,MMR,Myanmar,0,W00,World,H6,HS,TRUE,200899,"Fruit, nuts and other edible parts of plants; prepared or preserved, whether or not containing added sugar, other sweetening matter or spirit, n.e.c. in heading no. 2008",6,TRUE,C00,TOTAL CPC,0,0,TOTAL MOT,8,kg,3125.778,FALSE,8,kg,"3,126",FALSE,"3,126",FALSE,0,FALSE,,"$136,189.00","$136,189.00",0,TRUE,FALSE,$43.57
,"200899 (구운김, 조미김)",1,$0.40,,C,A,20250101,2025,52,2025,410,KOR,Rep. of Korea,X,Export,108,BDI,Burundi,0,W00,World,H6,HS,TRUE,200899,"Fruit, nuts and other edible parts of plants; prepared or preserved, whether or not containing added sugar, other sweetening matter or spirit, n.e.c. in heading no. 2008",6,TRUE,C00,TOTAL CPC,0,0,TOTAL MOT,8,kg,1000,FALSE,8,kg,"1,000",FALSE,"1,000",FALSE,0,FALSE,,$397.00,$397.00,0,TRUE,FALSE,$0.40
,"200899 (구운김, 조미김)",11.01348,$34.78,,C,A,20250101,2025,52,2025,410,KOR,Rep. of Korea,X,Export,112,BLR,Belarus,0,W00,World,H6,HS,TRUE,200899,"Fruit, nuts and other edible parts of plants; prepared or preserved, whether or not containing added sugar, other sweetening matter or spirit, n.e.c. in heading no. 2008",6,TRUE,C00,TOTAL CPC,0,0,TOTAL MOT,8,kg,11013.48,FALSE,8,kg,"11,013",FALSE,"11,013",FALSE,0,FALSE,,"$383,045.00","$383,045.00",0,TRUE,FALSE,$34.78
,"200899 (구운김, 조미김)",59.461914,$27.95,,C,A,20250101,2025,52,2025,410,KOR,Rep. of Korea,X,Export,116,KHM,Cambodia,0,W00,World,H6,HS,TRUE,200899,"Fruit, nuts and other edible parts of plants; prepared or preserved, whether or not containing added sugar, other sweetening matter or spirit, n.e.c. in heading no. 2008",6,TRUE,C00,TOTAL CPC,0,0,TOTAL MOT,8,kg,59461.914,FALSE,8,kg,"59,462",FALSE,"59,462",FALSE,0,FALSE,,"$1,661,702.00","$1,661,702.00",0,TRUE,FALSE,$27.95
,"200899 (구운김, 조미김)",1143.599428,$30.70,,C,A,20250101,2025,52,2025,410,KOR,Rep. of Korea,X,Export,124,CAN,Canada,0,W00,World,H6,HS,TRUE,200899,"Fruit, nuts and other edible parts of plants; prepared or preserved, whether or not containing added sugar, other sweetening matter or spirit, n.e.c. in heading no. 2008",6,TRUE,C00,TOTAL CPC,0,0,TOTAL MOT,8,kg,1143599.428,FALSE,8,kg,"1,143,599",FALSE,"1,143,599",FALSE,0,FALSE,,"$35,111,639.00","$35,111,639.00",0,TRUE,FALSE,$30.70
,"200899 (구운김, 조미김)",0.001,$30.00,,C,A,20250101,2025,52,2025,410,KOR,Rep. of Korea,X,Export,140,CAF,Central African Rep.,0,W00,World,H6,HS,TRUE,200899,"Fruit, nuts and other edible parts of plants; prepared or preserved, whether or not containing added sugar, other sweetening matter or spirit, n.e.c. in heading no. 2008",6,TRUE,C00,TOTAL CPC,0,0,TOTAL MOT,8,kg,1,FALSE,8,kg,1,FALSE,1,FALSE,0,FALSE,,$30.00,$30.00,0,TRUE,FALSE,$30.00
,"200899 (구운김, 조미김)",0.614329,$21.00,,C,A,20250101,2025,52,2025,410,KOR,Rep. of Korea,X,Export,144,LKA,Sri Lanka,0,W00,World,H6,HS,TRUE,200899,"Fruit, nuts and other edible parts of plants; prepared or preserved, whether or not containing added sugar, other sweetening matter or spirit, n.e.c. in heading no. 2008",6,TRUE,C00,TOTAL CPC,0,0,TOTAL MOT,8,kg,614.329,FALSE,8,kg,614,FALSE,614,FALSE,0,FALSE,,"$12,900.00","$12,900.00",0,TRUE,FALSE,$21.00
,"200899 (구운김, 조미김)",43.259745,$32.34,,C,A,20250101,2025,52,2025,410,KOR,Rep. of Korea,X,Export,152,CHL,Chile,0,W00,World,H6,HS,TRUE,200899,"Fruit, nuts and other edible parts of plants; prepared or preserved, whether or not containing added sugar, other sweetening matter or spirit, n.e.c. in heading no. 2008",6,TRUE,C00,TOTAL CPC,0,0,TOTAL MOT,8,kg,43259.745,FALSE,8,kg,"43,260",FALSE,"43,260",FALSE,0,FALSE,,"$1,398,975.00","$1,398,975.00",0,TRUE,FALSE,$32.34
,"200899 (구운김, 조미김)",1881.173806,$11.00,,C,A,20250101,2025,52,2025,410,KOR,Rep. of Korea,X,Export,156,CHN,China,0,W00,World,H6,HS,TRUE,200899,"Fruit, nuts and other edible parts of plants; prepared or preserved, whether or not containing added sugar, other sweetening matter or spirit, n.e.c. in heading no. 2008",6,TRUE,C00,TOTAL CPC,0,0,TOTAL MOT,8,kg,1881173.806,FALSE,8,kg,"1,881,174",FALSE,"1,881,174",FALSE,0,FALSE,,"$20,700,591.00","$20,700,591.00",0,TRUE,FALSE,$11.00
,"200899 (구운김, 조미김)",4.127127,$40.55,,C,A,20250101,2025,52,2025,410,KOR,Rep. of Korea,X,Export,170,COL,Colombia,0,W00,World,H6,HS,TRUE,200899,"Fruit, nuts and other edible parts of plants; prepared or preserved, whether or not containing added sugar, other sweetening matter or spirit, n.e.c. in heading no. 2008",6,TRUE,C00,TOTAL CPC,0,0,TOTAL MOT,8,kg,4127.127,FALSE,8,kg,"4,127",FALSE,"4,127",FALSE,0,FALSE,,"$167,341.00","$167,341.00",0,TRUE,FALSE,$40.55
,"200899 (구운김, 조미김)",0.67302,$35.90,,C,A,20250101,2025,52,2025,410,KOR,Rep. of Korea,X,Export,188,CRI,Costa Rica,0,W00,World,H6,HS,TRUE,200899,"Fruit, nuts and other edible parts of plants; prepared or preserved, whether or not containing added sugar, other sweetening matter or spirit, n.e.c. in heading no. 2008",6,TRUE,C00,TOTAL CPC,0,0,TOTAL MOT,8,kg,673.02,FALSE,8,kg,673,FALSE,673,FALSE,0,FALSE,,"$24,162.00","$24,162.00",0,TRUE,FALSE,$35.90
,"200899 (구운김, 조미김)",0.43932,$25.71,,C,A,20250101,2025,52,2025,410,KOR,Rep. of Korea,X,Export,196,CYP,Cyprus,0,W00,World,H6,HS,TRUE,200899,"Fruit, nuts and other edible parts of plants; prepared or preserved, whether or not containing added sugar, other sweetening matter or spirit, n.e.c. in heading no. 2008",6,TRUE,C00,TOTAL CPC,0,0,TOTAL MOT,8,kg,439.32,FALSE,8,kg,439,FALSE,439,FALSE,0,FALSE,,"$11,295.00","$11,295.00",0,TRUE,FALSE,$25.71
,"200899 (구운김, 조미김)",152.71129,$6.12,,C,A,20250101,2025,52,2025,410,KOR,Rep. of Korea,X,Export,203,CZE,Czechia,0,W00,World,H6,HS,TRUE,200899,"Fruit, nuts and other edible parts of plants; prepared or preserved, whether or not containing added sugar, other sweetening matter or spirit, n.e.c. in heading no. 2008",6,TRUE,C00,TOTAL CPC,0,0,TOTAL MOT,8,kg,152711.29,FALSE,8,kg,"152,711",FALSE,"152,711",FALSE,0,FALSE,,"$935,244.00","$935,244.00",0,TRUE,FALSE,$6.12
,"200899 (구운김, 조미김)",120.317,$3.51,,C,A,20250101,2025,52,2025,410,KOR,Rep. of Korea,X,Export,208,DNK,Denmark,0,W00,World,H6,HS,TRUE,200899,"Fruit, nuts and other edible parts of plants; prepared or preserved, whether or not containing added sugar, other sweetening matter or spirit, n.e.c. in heading no. 2008",6,TRUE,C00,TOTAL CPC,0,0,TOTAL MOT,8,kg,120317,FALSE,8,kg,"120,317",FALSE,"120,317",FALSE,0,FALSE,,"$421,729.00","$421,729.00",0,TRUE,FALSE,$3.51
,"200899 (구운김, 조미김)",0.21332,$51.79,,C,A,20250101,2025,52,2025,410,KOR,Rep. of Korea,X,Export,214,DOM,Dominican Rep.,0,W00,World,H6,HS,TRUE,200899,"Fruit, nuts and other edible parts of plants; prepared or preserved, whether or not containing added sugar, other sweetening matter or spirit, n.e.c. in heading no. 2008",6,TRUE,C00,TOTAL CPC,0,0,TOTAL MOT,8,kg,213.32,FALSE,8,kg,213,FALSE,213,FALSE,0,FALSE,,"$11,047.00","$11,047.00",0,TRUE,FALSE,$51.79
,"200899 (구운김, 조미김)",0.97816,$37.81,,C,A,20250101,2025,52,2025,410,KOR,Rep. of Korea,X,Export,218,ECU,Ecuador,0,W00,World,H6,HS,TRUE,200899,"Fruit, nuts and other edible parts of plants; prepared or preserved, whether or not containing added sugar, other sweetening matter or spirit, n.e.c. in heading no. 2008",6,TRUE,C00,TOTAL CPC,0,0,TOTAL MOT,8,kg,978.16,FALSE,8,kg,978,FALSE,978,FALSE,0,FALSE,,"$36,989.00","$36,989.00",0,TRUE,FALSE,$37.81
,"200899 (구운김, 조미김)",0.0096,$43.02,,C,A,20250101,2025,52,2025,410,KOR,Rep. of Korea,X,Export,222,SLV,El Salvador,0,W00,World,H6,HS,TRUE,200899,"Fruit, nuts and other edible parts of plants; prepared or preserved, whether or not containing added sugar, other sweetening matter or spirit, n.e.c. in heading no. 2008",6,TRUE,C00,TOTAL CPC,0,0,TOTAL MOT,8,kg,9.6,FALSE,8,kg,10,FALSE,10,FALSE,0,FALSE,,$413.00,$413.00,0,TRUE,FALSE,$43.02
,"200899 (구운김, 조미김)",4.65968,$33.47,,C,A,20250101,2025,52,2025,410,KOR,Rep. of Korea,X,Export,233,EST,Estonia,0,W00,World,H6,HS,TRUE,200899,"Fruit, nuts and other edible parts of plants; prepared or preserved, whether or not containing added sugar, other sweetening matter or spirit, n.e.c. in heading no. 2008",6,TRUE,C00,TOTAL CPC,0,0,TOTAL MOT,8,kg,4659.68,FALSE,8,kg,"4,660",FALSE,"4,660",FALSE,0,FALSE,,"$155,940.00","$155,940.00",0,TRUE,FALSE,$33.47
,"200899 (구운김, 조미김)",1.3406,$43.14,,C,A,20250101,2025,52,2025,410,KOR,Rep. of Korea,X,Export,242,FJI,Fiji,0,W00,World,H6,HS,TRUE,200899,"Fruit, nuts and other edible parts of plants; prepared or preserved, whether or not containing added sugar, other sweetening matter or spirit, n.e.c. in heading no. 2008",6,TRUE,C00,TOTAL CPC,0,0,TOTAL MOT,8,kg,1340.6,FALSE,8,kg,"1,341",FALSE,"1,341",FALSE,0,FALSE,,"$57,836.00","$57,836.00",0,TRUE,FALSE,$43.14
,"200899 (구운김, 조미김)",3.289823,$35.37,,C,A,20250101,2025,52,2025,410,KOR,Rep. of Korea,X,Export,246,FIN,Finland,0,W00,World,H6,HS,TRUE,200899,"Fruit, nuts and other edible parts of plants; prepared or preserved, whether or not containing added sugar, other sweetening matter or spirit, n.e.c. in heading no. 2008",6,TRUE,C00,TOTAL CPC,0,0,TOTAL MOT,8,kg,3289.823,FALSE,8,kg,"3,290",FALSE,"3,290",FALSE,0,FALSE,,"$116,367.00","$116,367.00",0,TRUE,FALSE,$35.37
,"200899 (구운김, 조미김)",294.535132,$27.06,,C,A,20250101,2025,52,2025,410,KOR,Rep. of Korea,X,Export,251,FRA,France,0,W00,World,H6,HS,TRUE,200899,"Fruit, nuts and other edible parts of plants; prepared or preserved, whether or not containing added sugar, other sweetening matter or spirit, n.e.c. in heading no. 2008",6,TRUE,C00,TOTAL CPC,0,0,TOTAL MOT,8,kg,294535.132,FALSE,8,kg,"294,535",FALSE,"294,535",FALSE,0,FALSE,,"$7,968,810.00","$7,968,810.00",0,TRUE,FALSE,$27.06
,"200899 (구운김, 조미김)",0.1329,$6.82,,C,A,20250101,2025,52,2025,410,KOR,Rep. of Korea,X,Export,258,PYF,French Polynesia,0,W00,World,H6,HS,TRUE,200899,"Fruit, nuts and other edible parts of plants; prepared or preserved, whether or not containing added sugar, other sweetening matter or spirit, n.e.c. in heading no. 2008",6,TRUE,C00,TOTAL CPC,0,0,TOTAL MOT,8,kg,132.9,FALSE,8,kg,133,FALSE,133,FALSE,0,FALSE,,$906.00,$906.00,0,TRUE,FALSE,$6.82
,"200899 (구운김, 조미김)",0.09589,$41.42,,C,A,20250101,2025,52,2025,410,KOR,Rep. of Korea,X,Export,268,GEO,Georgia,0,W00,World,H6,HS,TRUE,200899,"Fruit, nuts and other edible parts of plants; prepared or preserved, whether or not containing added sugar, other sweetening matter or spirit, n.e.c. in heading no. 2008",6,TRUE,C00,TOTAL CPC,0,0,TOTAL MOT,8,kg,95.89,FALSE,8,kg,96,FALSE,96,FALSE,0,FALSE,,"$3,972.00","$3,972.00",0,TRUE,FALSE,$41.42
,"200899 (구운김, 조미김)",511.34013,$30.32,,C,A,20250101,2025,52,2025,410,KOR,Rep. of Korea,X,Export,276,DEU,Germany,0,W00,World,H6,HS,TRUE,200899,"Fruit, nuts and other edible parts of plants; prepared or preserved, whether or not containing added sugar, other sweetening matter or spirit, n.e.c. in heading no. 2008",6,TRUE,C00,TOTAL CPC,0,0,TOTAL MOT,8,kg,511340.13,FALSE,8,kg,"511,340",FALSE,"511,340",FALSE,0,FALSE,,"$15,501,812.00","$15,501,812.00",0,TRUE,FALSE,$30.32
,"200899 (구운김, 조미김)",0.13843,$39.88,,C,A,20250101,2025,52,2025,410,KOR,Rep. of Korea,X,Export,288,GHA,Ghana,0,W00,World,H6,HS,TRUE,200899,"Fruit, nuts and other edible parts of plants; prepared or preserved, whether or not containing added sugar, other sweetening matter or spirit, n.e.c. in heading no. 2008",6,TRUE,C00,TOTAL CPC,0,0,TOTAL MOT,8,kg,138.43,FALSE,8,kg,138,FALSE,138,FALSE,0,FALSE,,"$5,520.00","$5,520.00",0,TRUE,FALSE,$39.88
,"200899 (구운김, 조미김)",12.0836,$36.54,,C,A,20250101,2025,52,2025,410,KOR,Rep. of Korea,X,Export,300,GRC,Greece,0,W00,World,H6,HS,TRUE,200899,"Fruit, nuts and other edible parts of plants; prepared or preserved, whether or not containing added sugar, other sweetening matter or spirit, n.e.c. in heading no. 2008",6,TRUE,C00,TOTAL CPC,0,0,TOTAL MOT,8,kg,12083.6,FALSE,8,kg,"12,084",FALSE,"12,084",FALSE,0,FALSE,,"$441,580.00","$441,580.00",0,TRUE,FALSE,$36.54
,"200899 (구운김, 조미김)",20.855606,$19.87,,C,A,20250101,2025,52,2025,410,KOR,Rep. of Korea,X,Export,316,GUM,Guam,0,W00,World,H6,HS,TRUE,200899,"Fruit, nuts and other edible parts of plants; prepared or preserved, whether or not containing added sugar, other sweetening matter or spirit, n.e.c. in heading no. 2008",6,TRUE,C00,TOTAL CPC,0,0,TOTAL MOT,8,kg,20855.606,FALSE,8,kg,"20,856",FALSE,"20,856",FALSE,0,FALSE,,"$414,342.00","$414,342.00",0,TRUE,FALSE,$19.87
,"200899 (구운김, 조미김)",2.94781,$35.25,,C,A,20250101,2025,52,2025,410,KOR,Rep. of Korea,X,Export,320,GTM,Guatemala,0,W00,World,H6,HS,TRUE,200899,"Fruit, nuts and other edible parts of plants; prepared or preserved, whether or not containing added sugar, other sweetening matter or spirit, n.e.c. in heading no. 2008",6,TRUE,C00,TOTAL CPC,0,0,TOTAL MOT,8,kg,2947.81,FALSE,8,kg,"2,948",FALSE,"2,948",FALSE,0,FALSE,,"$103,917.00","$103,917.00",0,TRUE,FALSE,$35.25
,"200899 (구운김, 조미김)",1.521,$0.20,,C,A,20250101,2025,52,2025,410,KOR,Rep. of Korea,X,Export,324,GIN,Guinea,0,W00,World,H6,HS,TRUE,200899,"Fruit, nuts and other edible parts of plants; prepared or preserved, whether or not containing added sugar, other sweetening matter or spirit, n.e.c. in heading no. 2008",6,TRUE,C00,TOTAL CPC,0,0,TOTAL MOT,8,kg,1521,FALSE,8,kg,"1,521",FALSE,"1,521",FALSE,0,FALSE,,$309.00,$309.00,0,TRUE,FALSE,$0.20
,"200899 (구운김, 조미김)",396.092722,$23.50,,C,A,20250101,2025,52,2025,410,KOR,Rep. of Korea,X,Export,344,HKG,"China, Hong Kong SAR",0,W00,World,H6,HS,TRUE,200899,"Fruit, nuts and other edible parts of plants; prepared or preserved, whether or not containing added sugar, other sweetening matter or spirit, n.e.c. in heading no. 2008",6,TRUE,C00,TOTAL CPC,0,0,TOTAL MOT,8,kg,396092.722,FALSE,8,kg,"396,093",FALSE,"396,093",FALSE,0,FALSE,,"$9,306,954.00","$9,306,954.00",0,TRUE,FALSE,$23.50
,"200899 (구운김, 조미김)",0.985925,$45.39,,C,A,20250101,2025,52,2025,410,KOR,Rep. of Korea,X,Export,348,HUN,Hungary,0,W00,World,H6,HS,TRUE,200899,"Fruit, nuts and other edible parts of plants; prepared or preserved, whether or not containing added sugar, other sweetening matter or spirit, n.e.c. in heading no. 2008",6,TRUE,C00,TOTAL CPC,0,0,TOTAL MOT,8,kg,985.925,FALSE,8,kg,986,FALSE,986,FALSE,0,FALSE,,"$44,753.00","$44,753.00",0,TRUE,FALSE,$45.39
,"200899 (구운김, 조미김)",256.56028,$36.58,,C,A,20250101,2025,52,2025,410,KOR,Rep. of Korea,X,Export,360,IDN,Indonesia,0,W00,World,H6,HS,TRUE,200899,"Fruit, nuts and other edible parts of plants; prepared or preserved, whether or not containing added sugar, other sweetening matter or spirit, n.e.c. in heading no. 2008",6,TRUE,C00,TOTAL CPC,0,0,TOTAL MOT,8,kg,256560.28,FALSE,8,kg,"256,560",FALSE,"256,560",FALSE,0,FALSE,,"$9,384,382.00","$9,384,382.00",0,TRUE,FALSE,$36.58
,"200899 (구운김, 조미김)",0.581105,$18.92,,C,A,20250101,2025,52,2025,410,KOR,Rep. of Korea,X,Export,368,IRQ,Iraq,0,W00,World,H6,HS,TRUE,200899,"Fruit, nuts and other edible parts of plants; prepared or preserved, whether or not containing added sugar, other sweetening matter or spirit, n.e.c. in heading no. 2008",6,TRUE,C00,TOTAL CPC,0,0,TOTAL MOT,8,kg,581.105,FALSE,8,kg,581,FALSE,581,FALSE,0,FALSE,,"$10,996.00","$10,996.00",0,TRUE,FALSE,$18.92
,"200899 (구운김, 조미김)",10.712363,$46.20,,C,A,20250101,2025,52,2025,410,KOR,Rep. of Korea,X,Export,372,IRL,Ireland,0,W00,World,H6,HS,TRUE,200899,"Fruit, nuts and other edible parts of plants; prepared or preserved, whether or not containing added sugar, other sweetening matter or spirit, n.e.c. in heading no. 2008",6,TRUE,C00,TOTAL CPC,0,0,TOTAL MOT,8,kg,10712.363,FALSE,8,kg,"10,712",FALSE,"10,712",FALSE,0,FALSE,,"$494,918.00","$494,918.00",0,TRUE,FALSE,$46.20
,"200899 (구운김, 조미김)",79.260003,$41.67,,C,A,20250101,2025,52,2025,410,KOR,Rep. of Korea,X,Export,376,ISR,Israel,0,W00,World,H6,HS,TRUE,200899,"Fruit, nuts and other edible parts of plants; prepared or preserved, whether or not containing added sugar, other sweetening matter or spirit, n.e.c. in heading no. 2008",6,TRUE,C00,TOTAL CPC,0,0,TOTAL MOT,8,kg,79260.003,FALSE,8,kg,"79,260",FALSE,"79,260",FALSE,0,FALSE,,"$3,302,806.00","$3,302,806.00",0,TRUE,FALSE,$41.67
,"200899 (구운김, 조미김)",31.685282,$35.85,,C,A,20250101,2025,52,2025,410,KOR,Rep. of Korea,X,Export,380,ITA,Italy,0,W00,World,H6,HS,TRUE,200899,"Fruit, nuts and other edible parts of plants; prepared or preserved, whether or not containing added sugar, other sweetening matter or spirit, n.e.c. in heading no. 2008",6,TRUE,C00,TOTAL CPC,0,0,TOTAL MOT,8,kg,31685.282,FALSE,8,kg,"31,685",FALSE,"31,685",FALSE,0,FALSE,,"$1,135,822.00","$1,135,822.00",0,TRUE,FALSE,$35.85
,"200899 (구운김, 조미김)",0.008,$32.50,,C,A,20250101,2025,52,2025,410,KOR,Rep. of Korea,X,Export,384,CIV,Côte d'Ivoire,0,W00,World,H6,HS,TRUE,200899,"Fruit, nuts and other edible parts of plants; prepared or preserved, whether or not containing added sugar, other sweetening matter or spirit, n.e.c. in heading no. 2008",6,TRUE,C00,TOTAL CPC,0,0,TOTAL MOT,8,kg,8,FALSE,8,kg,8,FALSE,8,FALSE,0,FALSE,,$260.00,$260.00,0,TRUE,FALSE,$32.50
,"200899 (구운김, 조미김)",4214.260225,$24.65,,C,A,20250101,2025,52,2025,410,KOR,Rep. of Korea,X,Export,392,JPN,Japan,0,W00,World,H6,HS,TRUE,200899,"Fruit, nuts and other edible parts of plants; prepared or preserved, whether or not containing added sugar, other sweetening matter or spirit, n.e.c. in heading no. 2008",6,TRUE,C00,TOTAL CPC,0,0,TOTAL MOT,8,kg,4214260.225,FALSE,8,kg,"4,214,260",FALSE,"4,214,260",FALSE,0,FALSE,,"$103,884,465.00","$103,884,465.00",0,TRUE,FALSE,$24.65
,"200899 (구운김, 조미김)",89.017983,$24.42,,C,A,20250101,2025,52,2025,410,KOR,Rep. of Korea,X,Export,398,KAZ,Kazakhstan,0,W00,World,H6,HS,TRUE,200899,"Fruit, nuts and other edible parts of plants; prepared or preserved, whether or not containing added sugar, other sweetening matter or spirit, n.e.c. in heading no. 2008",6,TRUE,C00,TOTAL CPC,0,0,TOTAL MOT,8,kg,89017.983,FALSE,8,kg,"89,018",FALSE,"89,018",FALSE,0,FALSE,,"$2,173,472.00","$2,173,472.00",0,TRUE,FALSE,$24.42
,"200899 (구운김, 조미김)",14.5331,$6.71,,C,A,20250101,2025,52,2025,410,KOR,Rep. of Korea,X,Export,400,JOR,Jordan,0,W00,World,H6,HS,TRUE,200899,"Fruit, nuts and other edible parts of plants; prepared or preserved, whether or not containing added sugar, other sweetening matter or spirit, n.e.c. in heading no. 2008",6,TRUE,C00,TOTAL CPC,0,0,TOTAL MOT,8,kg,14533.1,FALSE,8,kg,"14,533",FALSE,"14,533",FALSE,0,FALSE,,"$97,530.00","$97,530.00",0,TRUE,FALSE,$6.71
,"200899 (구운김, 조미김)",0.1002,$18.10,,C,A,20250101,2025,52,2025,410,KOR,Rep. of Korea,X,Export,404,KEN,Kenya,0,W00,World,H6,HS,TRUE,200899,"Fruit, nuts and other edible parts of plants; prepared or preserved, whether or not containing added sugar, other sweetening matter or spirit, n.e.c. in heading no. 2008",6,TRUE,C00,TOTAL CPC,0,0,TOTAL MOT,8,kg,100.2,FALSE,8,kg,100,FALSE,100,FALSE,0,FALSE,,"$1,814.00","$1,814.00",0,TRUE,FALSE,$18.10
,"200899 (구운김, 조미김)",4.59267,$44.55,,C,A,20250101,2025,52,2025,410,KOR,Rep. of Korea,X,Export,414,KWT,Kuwait,0,W00,World,H6,HS,TRUE,200899,"Fruit, nuts and other edible parts of plants; prepared or preserved, whether or not containing added sugar, other sweetening matter or spirit, n.e.c. in heading no. 2008",6,TRUE,C00,TOTAL CPC,0,0,TOTAL MOT,8,kg,4592.67,FALSE,8,kg,"4,593",FALSE,"4,593",FALSE,0,FALSE,,"$204,597.00","$204,597.00",0,TRUE,FALSE,$44.55
,"200899 (구운김, 조미김)",6.600236,$19.21,,C,A,20250101,2025,52,2025,410,KOR,Rep. of Korea,X,Export,417,KGZ,Kyrgyzstan,0,W00,World,H6,HS,TRUE,200899,"Fruit, nuts and other edible parts of plants; prepared or preserved, whether or not containing added sugar, other sweetening matter or spirit, n.e.c. in heading no. 2008",6,TRUE,C00,TOTAL CPC,0,0,TOTAL MOT,8,kg,6600.236,FALSE,8,kg,"6,600",FALSE,"6,600",FALSE,0,FALSE,,"$126,759.00","$126,759.00",0,TRUE,FALSE,$19.21
,"200899 (구운김, 조미김)",17.770714,$19.27,,C,A,20250101,2025,52,2025,410,KOR,Rep. of Korea,X,Export,418,LAO,Lao People's Dem. Rep.,0,W00,World,H6,HS,TRUE,200899,"Fruit, nuts and other edible parts of plants; prepared or preserved, whether or not containing added sugar, other sweetening matter or spirit, n.e.c. in heading no. 2008",6,TRUE,C00,TOTAL CPC,0,0,TOTAL MOT,8,kg,17770.714,FALSE,8,kg,"17,771",FALSE,"17,771",FALSE,0,FALSE,,"$342,395.00","$342,395.00",0,TRUE,FALSE,$19.27
,"200899 (구운김, 조미김)",1.32904,$32.92,,C,A,20250101,2025,52,2025,410,KOR,Rep. of Korea,X,Export,422,LBN,Lebanon,0,W00,World,H6,HS,TRUE,200899,"Fruit, nuts and other edible parts of plants; prepared or preserved, whether or not containing added sugar, other sweetening matter or spirit, n.e.c. in heading no. 2008",6,TRUE,C00,TOTAL CPC,0,0,TOTAL MOT,8,kg,1329.04,FALSE,8,kg,"1,329",FALSE,"1,329",FALSE,0,FALSE,,"$43,746.00","$43,746.00",0,TRUE,FALSE,$32.92
,"200899 (구운김, 조미김)",9.906,$36.76,,C,A,20250101,2025,52,2025,410,KOR,Rep. of Korea,X,Export,428,LVA,Latvia,0,W00,World,H6,HS,TRUE,200899,"Fruit, nuts and other edible parts of plants; prepared or preserved, whether or not containing added sugar, other sweetening matter or spirit, n.e.c. in heading no. 2008",6,TRUE,C00,TOTAL CPC,0,0,TOTAL MOT,8,kg,9906,FALSE,8,kg,"9,906",FALSE,"9,906",FALSE,0,FALSE,,"$364,149.00","$364,149.00",0,TRUE,FALSE,$36.76
,"200899 (구운김, 조미김)",37.658852,$37.00,,C,A,20250101,2025,52,2025,410,KOR,Rep. of Korea,X,Export,440,LTU,Lithuania,0,W00,World,H6,HS,TRUE,200899,"Fruit, nuts and other edible parts of plants; prepared or preserved, whether or not containing added sugar, other sweetening matter or spirit, n.e.c. in heading no. 2008",6,TRUE,C00,TOTAL CPC,0,0,TOTAL MOT,8,kg,37658.852,FALSE,8,kg,"37,659",FALSE,"37,659",FALSE,0,FALSE,,"$1,393,260.00","$1,393,260.00",0,TRUE,FALSE,$37.00
,"200899 (구운김, 조미김)",3.205309,$13.71,,C,A,20250101,2025,52,2025,410,KOR,Rep. of Korea,X,Export,446,MAC,"China, Macao SAR",0,W00,World,H6,HS,TRUE,200899,"Fruit, nuts and other edible parts of plants; prepared or preserved, whether or not containing added sugar, other sweetening matter or spirit, n.e.c. in heading no. 2008",6,TRUE,C00,TOTAL CPC,0,0,TOTAL MOT,8,kg,3205.309,FALSE,8,kg,"3,205",FALSE,"3,205",FALSE,0,FALSE,,"$43,936.00","$43,936.00",0,TRUE,FALSE,$13.71
,"200899 (구운김, 조미김)",0.01,$5.90,,C,A,20250101,2025,52,2025,410,KOR,Rep. of Korea,X,Export,450,MDG,Madagascar,0,W00,World,H6,HS,TRUE,200899,"Fruit, nuts and other edible parts of plants; prepared or preserved, whether or not containing added sugar, other sweetening matter or spirit, n.e.c. in heading no. 2008",6,TRUE,C00,TOTAL CPC,0,0,TOTAL MOT,8,kg,10,FALSE,8,kg,10,FALSE,10,FALSE,0,FALSE,,$59.00,$59.00,0,TRUE,FALSE,$5.90
,"200899 (구운김, 조미김)",463.789845,$14.81,,C,A,20250101,2025,52,2025,410,KOR,Rep. of Korea,X,Export,458,MYS,Malaysia,0,W00,World,H6,HS,TRUE,200899,"Fruit, nuts and other edible parts of plants; prepared or preserved, whether or not containing added sugar, other sweetening matter or spirit, n.e.c. in heading no. 2008",6,TRUE,C00,TOTAL CPC,0,0,TOTAL MOT,8,kg,463789.845,FALSE,8,kg,"463,790",FALSE,"463,790",FALSE,0,FALSE,,"$6,867,149.00","$6,867,149.00",0,TRUE,FALSE,$14.81
,"200899 (구운김, 조미김)",0.102,$42.81,,C,A,20250101,2025,52,2025,410,KOR,Rep. of Korea,X,Export,470,MLT,Malta,0,W00,World,H6,HS,TRUE,200899,"Fruit, nuts and other edible parts of plants; prepared or preserved, whether or not containing added sugar, other sweetening matter or spirit, n.e.c. in heading no. 2008",6,TRUE,C00,TOTAL CPC,0,0,TOTAL MOT,8,kg,102,FALSE,8,kg,102,FALSE,102,FALSE,0,FALSE,,"$4,367.00","$4,367.00",0,TRUE,FALSE,$42.81
,"200899 (구운김, 조미김)",0.7711,$33.86,,C,A,20250101,2025,52,2025,410,KOR,Rep. of Korea,X,Export,480,MUS,Mauritius,0,W00,World,H6,HS,TRUE,200899,"Fruit, nuts and other edible parts of plants; prepared or preserved, whether or not containing added sugar, other sweetening matter or spirit, n.e.c. in heading no. 2008",6,TRUE,C00,TOTAL CPC,0,0,TOTAL MOT,8,kg,771.1,FALSE,8,kg,771,FALSE,771,FALSE,0,FALSE,,"$26,109.00","$26,109.00",0,TRUE,FALSE,$33.86
,"200899 (구운김, 조미김)",134.703634,$32.78,,C,A,20250101,2025,52,2025,410,KOR,Rep. of Korea,X,Export,484,MEX,Mexico,0,W00,World,H6,HS,TRUE,200899,"Fruit, nuts and other edible parts of plants; prepared or preserved, whether or not containing added sugar, other sweetening matter or spirit, n.e.c. in heading no. 2008",6,TRUE,C00,TOTAL CPC,0,0,TOTAL MOT,8,kg,134703.634,FALSE,8,kg,"134,704",FALSE,"134,704",FALSE,0,FALSE,,"$4,415,417.00","$4,415,417.00",0,TRUE,FALSE,$32.78
,"200899 (구운김, 조미김)",815.905918,$22.96,,C,A,20250101,2025,52,2025,410,KOR,Rep. of Korea,X,Export,490,S19,"Other Asia, nes",0,W00,World,H6,HS,TRUE,200899,"Fruit, nuts and other edible parts of plants; prepared or preserved, whether or not containing added sugar, other sweetening matter or spirit, n.e.c. in heading no. 2008",6,TRUE,C00,TOTAL CPC,0,0,TOTAL MOT,8,kg,815905.918,FALSE,8,kg,"815,906",FALSE,"815,906",FALSE,0,FALSE,,"$18,734,016.00","$18,734,016.00",0,TRUE,FALSE,$22.96
,"200899 (구운김, 조미김)",251.822655,$16.80,,C,A,20250101,2025,52,2025,410,KOR,Rep. of Korea,X,Export,496,MNG,Mongolia,0,W00,World,H6,HS,TRUE,200899,"Fruit, nuts and other edible parts of plants; prepared or preserved, whether or not containing added sugar, other sweetening matter or spirit, n.e.c. in heading no. 2008",6,TRUE,C00,TOTAL CPC,0,0,TOTAL MOT,8,kg,251822.655,FALSE,8,kg,"251,823",FALSE,"251,823",FALSE,0,FALSE,,"$4,231,569.00","$4,231,569.00",0,TRUE,FALSE,$16.80
,"200899 (구운김, 조미김)",0.10368,$43.52,,C,A,20250101,2025,52,2025,410,KOR,Rep. of Korea,X,Export,498,MDA,Rep. of Moldova,0,W00,World,H6,HS,TRUE,200899,"Fruit, nuts and other edible parts of plants; prepared or preserved, whether or not containing added sugar, other sweetening matter or spirit, n.e.c. in heading no. 2008",6,TRUE,C00,TOTAL CPC,0,0,TOTAL MOT,8,kg,103.68,FALSE,8,kg,104,FALSE,104,FALSE,0,FALSE,,"$4,512.00","$4,512.00",0,TRUE,FALSE,$43.52
,"200899 (구운김, 조미김)",1.113634,$26.78,,C,A,20250101,2025,52,2025,410,KOR,Rep. of Korea,X,Export,504,MAR,Morocco,0,W00,World,H6,HS,TRUE,200899,"Fruit, nuts and other edible parts of plants; prepared or preserved, whether or not containing added sugar, other sweetening matter or spirit, n.e.c. in heading no. 2008",6,TRUE,C00,TOTAL CPC,0,0,TOTAL MOT,8,kg,1113.634,FALSE,8,kg,"1,114",FALSE,"1,114",FALSE,0,FALSE,,"$29,818.00","$29,818.00",0,TRUE,FALSE,$26.78
,"200899 (구운김, 조미김)",0.0038,$70.79,,C,A,20250101,2025,52,2025,410,KOR,Rep. of Korea,X,Export,508,MOZ,Mozambique,0,W00,World,H6,HS,TRUE,200899,"Fruit, nuts and other edible parts of plants; prepared or preserved, whether or not containing added sugar, other sweetening matter or spirit, n.e.c. in heading no. 2008",6,TRUE,C00,TOTAL CPC,0,0,TOTAL MOT,8,kg,3.8,FALSE,8,kg,4,FALSE,4,FALSE,0,FALSE,,$269.00,$269.00,0,TRUE,FALSE,$70.79
,"200899 (구운김, 조미김)",0.34238,$43.44,,C,A,20250101,2025,52,2025,410,KOR,Rep. of Korea,X,Export,512,OMN,Oman,0,W00,World,H6,HS,TRUE,200899,"Fruit, nuts and other edible parts of plants; prepared or preserved, whether or not containing added sugar, other sweetening matter or spirit, n.e.c. in heading no. 2008",6,TRUE,C00,TOTAL CPC,0,0,TOTAL MOT,8,kg,342.38,FALSE,8,kg,342,FALSE,342,FALSE,0,FALSE,,"$14,874.00","$14,874.00",0,TRUE,FALSE,$43.44
,"200899 (구운김, 조미김)",2.70759,$38.60,,C,A,20250101,2025,52,2025,410,KOR,Rep. of Korea,X,Export,524,NPL,Nepal,0,W00,World,H6,HS,TRUE,200899,"Fruit, nuts and other edible parts of plants; prepared or preserved, whether or not containing added sugar, other sweetening matter or spirit, n.e.c. in heading no. 2008",6,TRUE,C00,TOTAL CPC,0,0,TOTAL MOT,8,kg,2707.59,FALSE,8,kg,"2,708",FALSE,"2,708",FALSE,0,FALSE,,"$104,516.00","$104,516.00",0,TRUE,FALSE,$38.60
,"200899 (구운김, 조미김)",412.960927,$30.46,,C,A,20250101,2025,52,2025,410,KOR,Rep. of Korea,X,Export,528,NLD,Netherlands,0,W00,World,H6,HS,TRUE,200899,"Fruit, nuts and other edible parts of plants; prepared or preserved, whether or not containing added sugar, other sweetening matter or spirit, n.e.c. in heading no. 2008",6,TRUE,C00,TOTAL CPC,0,0,TOTAL MOT,8,kg,412960.927,FALSE,8,kg,"412,961",FALSE,"412,961",FALSE,0,FALSE,,"$12,579,526.00","$12,579,526.00",0,TRUE,FALSE,$30.46
,"200899 (구운김, 조미김)",0.0064,$48.75,,C,A,20250101,2025,52,2025,410,KOR,Rep. of Korea,X,Export,540,NCL,New Caledonia,0,W00,World,H6,HS,TRUE,200899,"Fruit, nuts and other edible parts of plants; prepared or preserved, whether or not containing added sugar, other sweetening matter or spirit, n.e.c. in heading no. 2008",6,TRUE,C00,TOTAL CPC,0,0,TOTAL MOT,8,kg,6.4,FALSE,8,kg,6,FALSE,6,FALSE,0,FALSE,,$312.00,$312.00,0,TRUE,FALSE,$48.75
,"200899 (구운김, 조미김)",0.1085,$7.47,,C,A,20250101,2025,52,2025,410,KOR,Rep. of Korea,X,Export,548,VUT,Vanuatu,0,W00,World,H6,HS,TRUE,200899,"Fruit, nuts and other edible parts of plants; prepared or preserved, whether or not containing added sugar, other sweetening matter or spirit, n.e.c. in heading no. 2008",6,TRUE,C00,TOTAL CPC,0,0,TOTAL MOT,8,kg,108.5,FALSE,8,kg,109,FALSE,109,FALSE,0,FALSE,,$811.00,$811.00,0,TRUE,FALSE,$7.47
,"200899 (구운김, 조미김)",165.188106,$31.84,,C,A,20250101,2025,52,2025,410,KOR,Rep. of Korea,X,Export,554,NZL,New Zealand,0,W00,World,H6,HS,TRUE,200899,"Fruit, nuts and other edible parts of plants; prepared or preserved, whether or not containing added sugar, other sweetening matter or spirit, n.e.c. in heading no. 2008",6,TRUE,C00,TOTAL CPC,0,0,TOTAL MOT,8,kg,165188.106,FALSE,8,kg,"165,188",FALSE,"165,188",FALSE,0,FALSE,,"$5,259,553.00","$5,259,553.00",0,TRUE,FALSE,$31.84
,"200899 (구운김, 조미김)",0.02528,$34.06,,C,A,20250101,2025,52,2025,410,KOR,Rep. of Korea,X,Export,558,NIC,Nicaragua,0,W00,World,H6,HS,TRUE,200899,"Fruit, nuts and other edible parts of plants; prepared or preserved, whether or not containing added sugar, other sweetening matter or spirit, n.e.c. in heading no. 2008",6,TRUE,C00,TOTAL CPC,0,0,TOTAL MOT,8,kg,25.28,FALSE,8,kg,25,FALSE,25,FALSE,0,FALSE,,$861.00,$861.00,0,TRUE,FALSE,$34.06
,"200899 (구운김, 조미김)",0.854812,$7.13,,C,A,20250101,2025,52,2025,410,KOR,Rep. of Korea,X,Export,566,NGA,Nigeria,0,W00,World,H6,HS,TRUE,200899,"Fruit, nuts and other edible parts of plants; prepared or preserved, whether or not containing added sugar, other sweetening matter or spirit, n.e.c. in heading no. 2008",6,TRUE,C00,TOTAL CPC,0,0,TOTAL MOT,8,kg,854.812,FALSE,8,kg,855,FALSE,855,FALSE,0,FALSE,,"$6,098.00","$6,098.00",0,TRUE,FALSE,$7.13
,"200899 (구운김, 조미김)",22.61994,$40.75,,C,A,20250101,2025,52,2025,410,KOR,Rep. of Korea,X,Export,579,NOR,Norway,0,W00,World,H6,HS,TRUE,200899,"Fruit, nuts and other edible parts of plants; prepared or preserved, whether or not containing added sugar, other sweetening matter or spirit, n.e.c. in heading no. 2008",6,TRUE,C00,TOTAL CPC,0,0,TOTAL MOT,8,kg,22619.94,FALSE,8,kg,"22,620",FALSE,"22,620",FALSE,0,FALSE,,"$921,735.00","$921,735.00",0,TRUE,FALSE,$40.75
,"200899 (구운김, 조미김)",4.20986,$27.89,,C,A,20250101,2025,52,2025,410,KOR,Rep. of Korea,X,Export,580,MNP,N. Mariana Isds,0,W00,World,H6,HS,TRUE,200899,"Fruit, nuts and other edible parts of plants; prepared or preserved, whether or not containing added sugar, other sweetening matter or spirit, n.e.c. in heading no. 2008",6,TRUE,C00,TOTAL CPC,0,0,TOTAL MOT,8,kg,4209.86,FALSE,8,kg,"4,210",FALSE,"4,210",FALSE,0,FALSE,,"$117,394.00","$117,394.00",0,TRUE,FALSE,$27.89
,"200899 (구운김, 조미김)",0.279412,$36.62,,C,A,20250101,2025,52,2025,410,KOR,Rep. of Korea,X,Export,583,FSM,FS Micronesia,0,W00,World,H6,HS,TRUE,200899,"Fruit, nuts and other edible parts of plants; prepared or preserved, whether or not containing added sugar, other sweetening matter or spirit, n.e.c. in heading no. 2008",6,TRUE,C00,TOTAL CPC,0,0,TOTAL MOT,8,kg,279.412,FALSE,8,kg,279,FALSE,279,FALSE,0,FALSE,,"$10,233.00","$10,233.00",0,TRUE,FALSE,$36.62
,"200899 (구운김, 조미김)",0.0192,$4.38,,C,A,20250101,2025,52,2025,410,KOR,Rep. of Korea,X,Export,584,MHL,Marshall Isds,0,W00,World,H6,HS,TRUE,200899,"Fruit, nuts and other edible parts of plants; prepared or preserved, whether or not containing added sugar, other sweetening matter or spirit, n.e.c. in heading no. 2008",6,TRUE,C00,TOTAL CPC,0,0,TOTAL MOT,8,kg,19.2,FALSE,8,kg,19,FALSE,19,FALSE,0,FALSE,,$84.00,$84.00,0,TRUE,FALSE,$4.38
,"200899 (구운김, 조미김)",1.012195,$31.15,,C,A,20250101,2025,52,2025,410,KOR,Rep. of Korea,X,Export,585,PLW,Palau,0,W00,World,H6,HS,TRUE,200899,"Fruit, nuts and other edible parts of plants; prepared or preserved, whether or not containing added sugar, other sweetening matter or spirit, n.e.c. in heading no. 2008",6,TRUE,C00,TOTAL CPC,0,0,TOTAL MOT,8,kg,1012.195,FALSE,8,kg,"1,012",FALSE,"1,012",FALSE,0,FALSE,,"$31,530.00","$31,530.00",0,TRUE,FALSE,$31.15
,"200899 (구운김, 조미김)",1.910456,$40.46,,C,A,20250101,2025,52,2025,410,KOR,Rep. of Korea,X,Export,591,PAN,Panama,0,W00,World,H6,HS,TRUE,200899,"Fruit, nuts and other edible parts of plants; prepared or preserved, whether or not containing added sugar, other sweetening matter or spirit, n.e.c. in heading no. 2008",6,TRUE,C00,TOTAL CPC,0,0,TOTAL MOT,8,kg,1910.456,FALSE,8,kg,"1,910",FALSE,"1,910",FALSE,0,FALSE,,"$77,297.00","$77,297.00",0,TRUE,FALSE,$40.46
,"200899 (구운김, 조미김)",2.85551,$41.69,,C,A,20250101,2025,52,2025,410,KOR,Rep. of Korea,X,Export,600,PRY,Paraguay,0,W00,World,H6,HS,TRUE,200899,"Fruit, nuts and other edible parts of plants; prepared or preserved, whether or not containing added sugar, other sweetening matter or spirit, n.e.c. in heading no. 2008",6,TRUE,C00,TOTAL CPC,0,0,TOTAL MOT,8,kg,2855.51,FALSE,8,kg,"2,856",FALSE,"2,856",FALSE,0,FALSE,,"$119,033.00","$119,033.00",0,TRUE,FALSE,$41.69
,"200899 (구운김, 조미김)",1.59941,$37.65,,C,A,20250101,2025,52,2025,410,KOR,Rep. of Korea,X,Export,604,PER,Peru,0,W00,World,H6,HS,TRUE,200899,"Fruit, nuts and other edible parts of plants; prepared or preserved, whether or not containing added sugar, other sweetening matter or spirit, n.e.c. in heading no. 2008",6,TRUE,C00,TOTAL CPC,0,0,TOTAL MOT,8,kg,1599.41,FALSE,8,kg,"1,599",FALSE,"1,599",FALSE,0,FALSE,,"$60,224.00","$60,224.00",0,TRUE,FALSE,$37.65
,"200899 (구운김, 조미김)",949.033005,$26.85,,C,A,20250101,2025,52,2025,410,KOR,Rep. of Korea,X,Export,608,PHL,Philippines,0,W00,World,H6,HS,TRUE,200899,"Fruit, nuts and other edible parts of plants; prepared or preserved, whether or not containing added sugar, other sweetening matter or spirit, n.e.c. in heading no. 2008",6,TRUE,C00,TOTAL CPC,0,0,TOTAL MOT,8,kg,949033.005,FALSE,8,kg,"949,033",FALSE,"949,033",FALSE,0,FALSE,,"$25,485,620.00","$25,485,620.00",0,TRUE,FALSE,$26.85
,"200899 (구운김, 조미김)",295.472769,$37.67,,C,A,20250101,2025,52,2025,410,KOR,Rep. of Korea,X,Export,616,POL,Poland,0,W00,World,H6,HS,TRUE,200899,"Fruit, nuts and other edible parts of plants; prepared or preserved, whether or not containing added sugar, other sweetening matter or spirit, n.e.c. in heading no. 2008",6,TRUE,C00,TOTAL CPC,0,0,TOTAL MOT,8,kg,295472.769,FALSE,8,kg,"295,473",FALSE,"295,473",FALSE,0,FALSE,,"$11,131,910.00","$11,131,910.00",0,TRUE,FALSE,$37.67
,"200899 (구운김, 조미김)",14.729308,$34.84,,C,A,20250101,2025,52,2025,410,KOR,Rep. of Korea,X,Export,620,PRT,Portugal,0,W00,World,H6,HS,TRUE,200899,"Fruit, nuts and other edible parts of plants; prepared or preserved, whether or not containing added sugar, other sweetening matter or spirit, n.e.c. in heading no. 2008",6,TRUE,C00,TOTAL CPC,0,0,TOTAL MOT,8,kg,14729.308,FALSE,8,kg,"14,729",FALSE,"14,729",FALSE,0,FALSE,,"$513,156.00","$513,156.00",0,TRUE,FALSE,$34.84
,"200899 (구운김, 조미김)",0.16,$3.94,,C,A,20250101,2025,52,2025,410,KOR,Rep. of Korea,X,Export,626,TLS,Timor-Leste,0,W00,World,H6,HS,TRUE,200899,"Fruit, nuts and other edible parts of plants; prepared or preserved, whether or not containing added sugar, other sweetening matter or spirit, n.e.c. in heading no. 2008",6,TRUE,C00,TOTAL CPC,0,0,TOTAL MOT,8,kg,160,FALSE,8,kg,160,FALSE,160,FALSE,0,FALSE,,$631.00,$631.00,0,TRUE,FALSE,$3.94
,"200899 (구운김, 조미김)",13.440498,$32.93,,C,A,20250101,2025,52,2025,410,KOR,Rep. of Korea,X,Export,634,QAT,Qatar,0,W00,World,H6,HS,TRUE,200899,"Fruit, nuts and other edible parts of plants; prepared or preserved, whether or not containing added sugar, other sweetening matter or spirit, n.e.c. in heading no. 2008",6,TRUE,C00,TOTAL CPC,0,0,TOTAL MOT,8,kg,13440.498,FALSE,8,kg,"13,440",FALSE,"13,440",FALSE,0,FALSE,,"$442,546.00","$442,546.00",0,TRUE,FALSE,$32.93
,"200899 (구운김, 조미김)",6.41652,$18.87,,C,A,20250101,2025,52,2025,410,KOR,Rep. of Korea,X,Export,642,ROU,Romania,0,W00,World,H6,HS,TRUE,200899,"Fruit, nuts and other edible parts of plants; prepared or preserved, whether or not containing added sugar, other sweetening matter or spirit, n.e.c. in heading no. 2008",6,TRUE,C00,TOTAL CPC,0,0,TOTAL MOT,8,kg,6416.52,FALSE,8,kg,"6,417",FALSE,"6,417",FALSE,0,FALSE,,"$121,078.00","$121,078.00",0,TRUE,FALSE,$18.87
,"200899 (구운김, 조미김)",765.057612,$23.19,,C,A,20250101,2025,52,2025,410,KOR,Rep. of Korea,X,Export,643,RUS,Russian Federation,0,W00,World,H6,HS,TRUE,200899,"Fruit, nuts and other edible parts of plants; prepared or preserved, whether or not containing added sugar, other sweetening matter or spirit, n.e.c. in heading no. 2008",6,TRUE,C00,TOTAL CPC,0,0,TOTAL MOT,8,kg,765057.612,FALSE,8,kg,"765,058",FALSE,"765,058",FALSE,0,FALSE,,"$17,741,657.00","$17,741,657.00",0,TRUE,FALSE,$23.19
,"200899 (구운김, 조미김)",23.848852,$31.57,,C,A,20250101,2025,52,2025,410,KOR,Rep. of Korea,X,Export,682,SAU,Saudi Arabia,0,W00,World,H6,HS,TRUE,200899,"Fruit, nuts and other edible parts of plants; prepared or preserved, whether or not containing added sugar, other sweetening matter or spirit, n.e.c. in heading no. 2008",6,TRUE,C00,TOTAL CPC,0,0,TOTAL MOT,8,kg,23848.852,FALSE,8,kg,"23,849",FALSE,"23,849",FALSE,0,FALSE,,"$752,961.00","$752,961.00",0,TRUE,FALSE,$31.57
,"200899 (구운김, 조미김)",4.636,$27.53,,C,A,20250101,2025,52,2025,410,KOR,Rep. of Korea,X,Export,688,SRB,Serbia,0,W00,World,H6,HS,TRUE,200899,"Fruit, nuts and other edible parts of plants; prepared or preserved, whether or not containing added sugar, other sweetening matter or spirit, n.e.c. in heading no. 2008",6,TRUE,C00,TOTAL CPC,0,0,TOTAL MOT,8,kg,4636,FALSE,8,kg,"4,636",FALSE,"4,636",FALSE,0,FALSE,,"$127,610.00","$127,610.00",0,TRUE,FALSE,$27.53
,"200899 (구운김, 조미김)",17.03172,$33.40,,C,A,20250101,2025,52,2025,410,KOR,Rep. of Korea,X,Export,699,IND,India,0,W00,World,H6,HS,TRUE,200899,"Fruit, nuts and other edible parts of plants; prepared or preserved, whether or not containing added sugar, other sweetening matter or spirit, n.e.c. in heading no. 2008",6,TRUE,C00,TOTAL CPC,0,0,TOTAL MOT,8,kg,17031.72,FALSE,8,kg,"17,032",FALSE,"17,032",FALSE,0,FALSE,,"$568,938.00","$568,938.00",0,TRUE,FALSE,$33.40
,"200899 (구운김, 조미김)",260.8263,$20.85,,C,A,20250101,2025,52,2025,410,KOR,Rep. of Korea,X,Export,702,SGP,Singapore,0,W00,World,H6,HS,TRUE,200899,"Fruit, nuts and other edible parts of plants; prepared or preserved, whether or not containing added sugar, other sweetening matter or spirit, n.e.c. in heading no. 2008",6,TRUE,C00,TOTAL CPC,0,0,TOTAL MOT,8,kg,260826.3,FALSE,8,kg,"260,826",FALSE,"260,826",FALSE,0,FALSE,,"$5,437,151.00","$5,437,151.00",0,TRUE,FALSE,$20.85
,"200899 (구운김, 조미김)",0.036,$26.67,,C,A,20250101,2025,52,2025,410,KOR,Rep. of Korea,X,Export,703,SVK,Slovakia,0,W00,World,H6,HS,TRUE,200899,"Fruit, nuts and other edible parts of plants; prepared or preserved, whether or not containing added sugar, other sweetening matter or spirit, n.e.c. in heading no. 2008",6,TRUE,C00,TOTAL CPC,0,0,TOTAL MOT,8,kg,36,FALSE,8,kg,36,FALSE,36,FALSE,0,FALSE,,$960.00,$960.00,0,TRUE,FALSE,$26.67
,"200899 (구운김, 조미김)",1604.082897,$19.78,,C,A,20250101,2025,52,2025,410,KOR,Rep. of Korea,X,Export,704,VNM,Viet Nam,0,W00,World,H6,HS,TRUE,200899,"Fruit, nuts and other edible parts of plants; prepared or preserved, whether or not containing added sugar, other sweetening matter or spirit, n.e.c. in heading no. 2008",6,TRUE,C00,TOTAL CPC,0,0,TOTAL MOT,8,kg,1604082.897,FALSE,8,kg,"1,604,083",FALSE,"1,604,083",FALSE,0,FALSE,,"$31,722,365.00","$31,722,365.00",0,TRUE,FALSE,$19.78
,"200899 (구운김, 조미김)",0.14,$35.41,,C,A,20250101,2025,52,2025,410,KOR,Rep. of Korea,X,Export,705,SVN,Slovenia,0,W00,World,H6,HS,TRUE,200899,"Fruit, nuts and other edible parts of plants; prepared or preserved, whether or not containing added sugar, other sweetening matter or spirit, n.e.c. in heading no. 2008",6,TRUE,C00,TOTAL CPC,0,0,TOTAL MOT,8,kg,140,FALSE,8,kg,140,FALSE,140,FALSE,0,FALSE,,"$4,958.00","$4,958.00",0,TRUE,FALSE,$35.41
,"200899 (구운김, 조미김)",10.871406,$31.21,,C,A,20250101,2025,52,2025,410,KOR,Rep. of Korea,X,Export,710,ZAF,South Africa,0,W00,World,H6,HS,TRUE,200899,"Fruit, nuts and other edible parts of plants; prepared or preserved, whether or not containing added sugar, other sweetening matter or spirit, n.e.c. in heading no. 2008",6,TRUE,C00,TOTAL CPC,0,0,TOTAL MOT,8,kg,10871.406,FALSE,8,kg,"10,871",FALSE,"10,871",FALSE,0,FALSE,,"$339,257.00","$339,257.00",0,TRUE,FALSE,$31.21
,"200899 (구운김, 조미김)",106.33252,$28.68,,C,A,20250101,2025,52,2025,410,KOR,Rep. of Korea,X,Export,724,ESP,Spain,0,W00,World,H6,HS,TRUE,200899,"Fruit, nuts and other edible parts of plants; prepared or preserved, whether or not containing added sugar, other sweetening matter or spirit, n.e.c. in heading no. 2008",6,TRUE,C00,TOTAL CPC,0,0,TOTAL MOT,8,kg,106332.52,FALSE,8,kg,"106,333",FALSE,"106,333",FALSE,0,FALSE,,"$3,049,170.00","$3,049,170.00",0,TRUE,FALSE,$28.68
,"200899 (구운김, 조미김)",0.536,$3.69,,C,A,20250101,2025,52,2025,410,KOR,Rep. of Korea,X,Export,729,SDN,Sudan,0,W00,World,H6,HS,TRUE,200899,"Fruit, nuts and other edible parts of plants; prepared or preserved, whether or not containing added sugar, other sweetening matter or spirit, n.e.c. in heading no. 2008",6,TRUE,C00,TOTAL CPC,0,0,TOTAL MOT,8,kg,536,FALSE,8,kg,536,FALSE,536,FALSE,0,FALSE,,"$1,979.00","$1,979.00",0,TRUE,FALSE,$3.69
,"200899 (구운김, 조미김)",146.988993,$12.64,,C,A,20250101,2025,52,2025,410,KOR,Rep. of Korea,X,Export,752,SWE,Sweden,0,W00,World,H6,HS,TRUE,200899,"Fruit, nuts and other edible parts of plants; prepared or preserved, whether or not containing added sugar, other sweetening matter or spirit, n.e.c. in heading no. 2008",6,TRUE,C00,TOTAL CPC,0,0,TOTAL MOT,8,kg,146988.993,FALSE,8,kg,"146,989",FALSE,"146,989",FALSE,0,FALSE,,"$1,858,607.00","$1,858,607.00",0,TRUE,FALSE,$12.64
,"200899 (구운김, 조미김)",19.227735,$38.60,,C,A,20250101,2025,52,2025,410,KOR,Rep. of Korea,X,Export,757,CHE,Switzerland,0,W00,World,H6,HS,TRUE,200899,"Fruit, nuts and other edible parts of plants; prepared or preserved, whether or not containing added sugar, other sweetening matter or spirit, n.e.c. in heading no. 2008",6,TRUE,C00,TOTAL CPC,0,0,TOTAL MOT,8,kg,19227.735,FALSE,8,kg,"19,228",FALSE,"19,228",FALSE,0,FALSE,,"$742,245.00","$742,245.00",0,TRUE,FALSE,$38.60
,"200899 (구운김, 조미김)",225.736762,$26.73,,C,A,20250101,2025,52,2025,410,KOR,Rep. of Korea,X,Export,764,THA,Thailand,0,W00,World,H6,HS,TRUE,200899,"Fruit, nuts and other edible parts of plants; prepared or preserved, whether or not containing added sugar, other sweetening matter or spirit, n.e.c. in heading no. 2008",6,TRUE,C00,TOTAL CPC,0,0,TOTAL MOT,8,kg,225736.762,FALSE,8,kg,"225,737",FALSE,"225,737",FALSE,0,FALSE,,"$6,034,256.00","$6,034,256.00",0,TRUE,FALSE,$26.73
,"200899 (구운김, 조미김)",0.1849,$26.91,,C,A,20250101,2025,52,2025,410,KOR,Rep. of Korea,X,Export,780,TTO,Trinidad and Tobago,0,W00,World,H6,HS,TRUE,200899,"Fruit, nuts and other edible parts of plants; prepared or preserved, whether or not containing added sugar, other sweetening matter or spirit, n.e.c. in heading no. 2008",6,TRUE,C00,TOTAL CPC,0,0,TOTAL MOT,8,kg,184.9,FALSE,8,kg,185,FALSE,185,FALSE,0,FALSE,,"$4,975.00","$4,975.00",0,TRUE,FALSE,$26.91
,"200899 (구운김, 조미김)",69.587789,$41.77,,C,A,20250101,2025,52,2025,410,KOR,Rep. of Korea,X,Export,784,ARE,United Arab Emirates,0,W00,World,H6,HS,TRUE,200899,"Fruit, nuts and other edible parts of plants; prepared or preserved, whether or not containing added sugar, other sweetening matter or spirit, n.e.c. in heading no. 2008",6,TRUE,C00,TOTAL CPC,0,0,TOTAL MOT,8,kg,69587.789,FALSE,8,kg,"69,588",FALSE,"69,588",FALSE,0,FALSE,,"$2,906,548.00","$2,906,548.00",0,TRUE,FALSE,$41.77
,"200899 (구운김, 조미김)",2.6833,$33.42,,C,A,20250101,2025,52,2025,410,KOR,Rep. of Korea,X,Export,788,TUN,Tunisia,0,W00,World,H6,HS,TRUE,200899,"Fruit, nuts and other edible parts of plants; prepared or preserved, whether or not containing added sugar, other sweetening matter or spirit, n.e.c. in heading no. 2008",6,TRUE,C00,TOTAL CPC,0,0,TOTAL MOT,8,kg,2683.3,FALSE,8,kg,"2,683",FALSE,"2,683",FALSE,0,FALSE,,"$89,681.00","$89,681.00",0,TRUE,FALSE,$33.42
,"200899 (구운김, 조미김)",7.1213,$41.89,,C,A,20250101,2025,52,2025,410,KOR,Rep. of Korea,X,Export,792,TUR,Türkiye,0,W00,World,H6,HS,TRUE,200899,"Fruit, nuts and other edible parts of plants; prepared or preserved, whether or not containing added sugar, other sweetening matter or spirit, n.e.c. in heading no. 2008",6,TRUE,C00,TOTAL CPC,0,0,TOTAL MOT,8,kg,7121.3,FALSE,8,kg,"7,121",FALSE,"7,121",FALSE,0,FALSE,,"$298,319.00","$298,319.00",0,TRUE,FALSE,$41.89
,"200899 (구운김, 조미김)",0.00124,$79.03,,C,A,20250101,2025,52,2025,410,KOR,Rep. of Korea,X,Export,800,UGA,Uganda,0,W00,World,H6,HS,TRUE,200899,"Fruit, nuts and other edible parts of plants; prepared or preserved, whether or not containing added sugar, other sweetening matter or spirit, n.e.c. in heading no. 2008",6,TRUE,C00,TOTAL CPC,0,0,TOTAL MOT,8,kg,1.24,FALSE,8,kg,1,FALSE,1,FALSE,0,FALSE,,$98.00,$98.00,0,TRUE,FALSE,$79.03
,"200899 (구운김, 조미김)",169.686212,$34.81,,C,A,20250101,2025,52,2025,410,KOR,Rep. of Korea,X,Export,804,UKR,Ukraine,0,W00,World,H6,HS,TRUE,200899,"Fruit, nuts and other edible parts of plants; prepared or preserved, whether or not containing added sugar, other sweetening matter or spirit, n.e.c. in heading no. 2008",6,TRUE,C00,TOTAL CPC,0,0,TOTAL MOT,8,kg,169686.212,FALSE,8,kg,"169,686",FALSE,"169,686",FALSE,0,FALSE,,"$5,906,153.00","$5,906,153.00",0,TRUE,FALSE,$34.81
,"200899 (구운김, 조미김)",0.2843,$44.88,,C,A,20250101,2025,52,2025,410,KOR,Rep. of Korea,X,Export,807,MKD,North Macedonia,0,W00,World,H6,HS,TRUE,200899,"Fruit, nuts and other edible parts of plants; prepared or preserved, whether or not containing added sugar, other sweetening matter or spirit, n.e.c. in heading no. 2008",6,TRUE,C00,TOTAL CPC,0,0,TOTAL MOT,8,kg,284.3,FALSE,8,kg,284,FALSE,284,FALSE,0,FALSE,,"$12,758.00","$12,758.00",0,TRUE,FALSE,$44.88
,"200899 (구운김, 조미김)",0.36603,$44.44,,C,A,20250101,2025,52,2025,410,KOR,Rep. of Korea,X,Export,818,EGY,Egypt,0,W00,World,H6,HS,TRUE,200899,"Fruit, nuts and other edible parts of plants; prepared or preserved, whether or not containing added sugar, other sweetening matter or spirit, n.e.c. in heading no. 2008",6,TRUE,C00,TOTAL CPC,0,0,TOTAL MOT,8,kg,366.03,FALSE,8,kg,366,FALSE,366,FALSE,0,FALSE,,"$16,265.00","$16,265.00",0,TRUE,FALSE,$44.44
,"200899 (구운김, 조미김)",687.591653,$25.02,,C,A,20250101,2025,52,2025,410,KOR,Rep. of Korea,X,Export,826,GBR,United Kingdom,0,W00,World,H6,HS,TRUE,200899,"Fruit, nuts and other edible parts of plants; prepared or preserved, whether or not containing added sugar, other sweetening matter or spirit, n.e.c. in heading no. 2008",6,TRUE,C00,TOTAL CPC,0,0,TOTAL MOT,8,kg,687591.653,FALSE,8,kg,"687,592",FALSE,"687,592",FALSE,0,FALSE,,"$17,203,379.00","$17,203,379.00",0,TRUE,FALSE,$25.02
,"200899 (구운김, 조미김)",0.055,$10.91,,C,A,20250101,2025,52,2025,410,KOR,Rep. of Korea,X,Export,834,TZA,United Rep. of Tanzania,0,W00,World,H6,HS,TRUE,200899,"Fruit, nuts and other edible parts of plants; prepared or preserved, whether or not containing added sugar, other sweetening matter or spirit, n.e.c. in heading no. 2008",6,TRUE,C00,TOTAL CPC,0,0,TOTAL MOT,8,kg,55,FALSE,8,kg,55,FALSE,55,FALSE,0,FALSE,,$600.00,$600.00,0,TRUE,FALSE,$10.91
,"200899 (구운김, 조미김)",8829.774432,$28.38,,C,A,20250101,2025,52,2025,410,KOR,Rep. of Korea,X,Export,842,USA,USA,0,W00,World,H6,HS,TRUE,200899,"Fruit, nuts and other edible parts of plants; prepared or preserved, whether or not containing added sugar, other sweetening matter or spirit, n.e.c. in heading no. 2008",6,TRUE,C00,TOTAL CPC,0,0,TOTAL MOT,8,kg,8829774.432,FALSE,8,kg,"8,829,774",FALSE,"8,829,774",FALSE,0,FALSE,,"$250,559,932.00","$250,559,932.00",0,TRUE,FALSE,$28.38
,"200899 (구운김, 조미김)",3.6156,$1.13,,C,A,20250101,2025,52,2025,410,KOR,Rep. of Korea,X,Export,858,URY,Uruguay,0,W00,World,H6,HS,TRUE,200899,"Fruit, nuts and other edible parts of plants; prepared or preserved, whether or not containing added sugar, other sweetening matter or spirit, n.e.c. in heading no. 2008",6,TRUE,C00,TOTAL CPC,0,0,TOTAL MOT,8,kg,3615.6,FALSE,8,kg,"3,616",FALSE,"3,616",FALSE,0,FALSE,,"$4,082.00","$4,082.00",0,TRUE,FALSE,$1.13
,"200899 (구운김, 조미김)",30.23128,$36.21,,C,A,20250101,2025,52,2025,410,KOR,Rep. of Korea,X,Export,860,UZB,Uzbekistan,0,W00,World,H6,HS,TRUE,200899,"Fruit, nuts and other edible parts of plants; prepared or preserved, whether or not containing added sugar, other sweetening matter or spirit, n.e.c. in heading no. 2008",6,TRUE,C00,TOTAL CPC,0,0,TOTAL MOT,8,kg,30231.28,FALSE,8,kg,"30,231",FALSE,"30,231",FALSE,0,FALSE,,"$1,094,677.00","$1,094,677.00",0,TRUE,FALSE,$36.21
,"200899 (구운김, 조미김)",1.876474,$45.04,,C,A,20250101,2025,52,2025,410,KOR,Rep. of Korea,X,Export,882,WSM,Samoa,0,W00,World,H6,HS,TRUE,200899,"Fruit, nuts and other edible parts of plants; prepared or preserved, whether or not containing added sugar, other sweetening matter or spirit, n.e.c. in heading no. 2008",6,TRUE,C00,TOTAL CPC,0,0,TOTAL MOT,8,kg,1876.474,FALSE,8,kg,"1,876",FALSE,"1,876",FALSE,0,FALSE,,"$84,523.00","$84,523.00",0,TRUE,FALSE,$45.04
,"200899 (구운김, 조미김)",0.0084,$31.55,,C,A,20250101,2025,52,2025,410,KOR,Rep. of Korea,X,Export,899,_X ,"Areas, nes",0,W00,World,H6,HS,TRUE,200899,"Fruit, nuts and other edible parts of plants; prepared or preserved, whether or not containing added sugar, other sweetening matter or spirit, n.e.c. in heading no. 2008",6,TRUE,C00,TOTAL CPC,0,0,TOTAL MOT,8,kg,8.4,FALSE,8,kg,8,FALSE,8,FALSE,0,FALSE,,$265.00,$265.00,0,TRUE,FALSE,$31.55
