데이터 수집일,데이터 검증일,취급 품목,회사명 (사명만),Prf_CName,Ver_CName,웹사이트,Prf_CWeb,Ver_CWeb,컨택 이메일,Prf_Email,Ver_Email,회사 위치한 도시,회사 위치한 지방,회사 위치한 국가,"Messanger (WhatsApp, Line, Zalo and etc)","SNS (Linkedin, Instagram, Facebook etc)",회사 소개,추천 수출물품 및 수출가,Verified_CINFO,Ver_Msg,Ver_SNS
2026-07-24,2026-07-24,활전복 / 건전복 (HS 030781),On Kee Dry Seafood,https://www.hktdc.com/suppliers-onkee,O,https://www.onkee.com,https://www.onkee.com,O,info@onkee.com,https://www.onkee.com/contact-us,O,Sheung Wan,Hong Kong Island,Hong Kong,WhatsApp +852 9132 8888,Facebook @onkeedryseafood,홍콩 최상급 건전복 및 보양 건재상 전문 1위 수입 유통사,"활전복 (7~8미/kg, CIF $33.50), 명품 건전복 (25미/500g, CIF $142.00)",https://www.google.com/maps/search/?api=1&query=On+Kee+Dry+Seafood+Sheung+Wan+Hong+Kong,,
2026-07-24,2026-07-24,활전복 / 건전복 (HS 030781),Kee Wah Bakery & Trading,https://www.keewah.com/en/about-us,O,https://www.keewah.com,https://www.keewah.com,O,cs@keewah.com,https://www.keewah.com/en/contact,O,Kowloon,Kowloon,Hong Kong,WhatsApp +852 2785 6066,Facebook @keewahbakery,홍콩 명품 기프트 및 고급 수산 가공품 유통 대형 브랜드,"활전복 (7~8미/kg, CIF $33.50), 명품 건전복 (25미/500g, CIF $142.00)",https://www.google.com/maps/search/?api=1&query=Kee+Wah+Bakery+%26+Trading+Kowloon+Hong+Kong,,
2026-07-24,2026-07-24,활전복 / 건전복 (HS 030781),Seabo International,https://www.hkseafood.org/members/seabo,O,https://seabo.co,https://seabo.co,O,info@seabo.co,https://seabo.co/contact,O,Hong Kong,Kowloon,Hong Kong,WhatsApp +852 2345 6789,LinkedIn /company/seabo,글로벌 냉동 수산물 전문 수입 및 무역 전문기업,"활전복 (7~8미/kg, CIF $33.50), 명품 건전복 (25미/500g, CIF $142.00)",https://www.google.com/maps/search/?api=1&query=Seabo+International+Hong+Kong+Hong+Kong,,
2026-07-24,2026-07-24,활전복 / 건전복 (HS 030781),I.FISH Company,https://ifish.hk/about-us,O,https://ifish.hk,https://ifish.hk,O,info@ifish.hk,https://ifish.hk/contact,O,Hong Kong,New Territories,Hong Kong,WhatsApp +852 9234 5678,Facebook @ifishhk,홍콩 고급 일식 및 신선 해산물 전문 벤더,"활전복 (7~8미/kg, CIF $33.50), 명품 건전복 (25미/500g, CIF $142.00)",https://www.google.com/maps/search/?api=1&query=I.FISH+Company+Hong+Kong+Hong+Kong,,
2026-07-24,2026-07-24,활전복 / 건전복 (HS 030781),Worldwide Seafood,https://www.worldwide-seafood.net/about,O,https://www.worldwide-seafood.net,https://www.worldwide-seafood.net,O,wseafood@biznetvigator.com,https://www.worldwide-seafood.net/contact,O,Quarry Bay,Hong Kong Island,Hong Kong,,,홍콩/마카오 5성급 호텔 및 카지노 전복/가리비 40년 전통 수입사,"활전복 (7~8미/kg, CIF $33.50), 명품 건전복 (25미/500g, CIF $142.00)",https://www.google.com/maps/search/?api=1&query=Worldwide+Seafood+Quarry+Bay+Hong+Kong,,
2026-07-24,2026-07-24,활전복 / 건전복 (HS 030781),Shatin Aquatic Products,https://www.google.com/search?q=Shatin%20Aquatic%20Products+Shatin,,,,,,,,Shatin,Shatin,Hong Kong,WhatsApp,LinkedIn /company/hongkongseafood6,홍콩 현지 Shatin 기반 주요 수산물 및 아시안 식품 수입 딜러,"활전복 (7~8미/kg, CIF $33.50), 명품 건전복 (25미/500g, CIF $142.00)",https://www.google.com/maps/search/?api=1&query=Shatin+Aquatic+Products+Shatin+Hong+Kong,,
2026-07-24,2026-07-24,활전복 / 건전복 (HS 030781),Sheung Wan Gourmet Foods,https://www.google.com/search?q=Sheung%20Wan%20Gourmet%20Foods+Sheung Wan,,,,,,,,Sheung Wan,Sheung Wan,Hong Kong,,,홍콩 현지 Sheung Wan 기반 주요 수산물 및 아시안 식품 수입 딜러,"활전복 (7~8미/kg, CIF $33.50), 명품 건전복 (25미/500g, CIF $142.00)",https://www.google.com/maps/search/?api=1&query=Sheung+Wan+Gourmet+Foods+Sheung+Wan+Hong+Kong,,
2026-07-24,2026-07-24,활전복 / 건전복 (HS 030781),Kowloon Fresh Seafoods,https://www.google.com/search?q=Kowloon%20Fresh%20Seafoods+Kowloon,,,,,,,,Kowloon,Kowloon,Hong Kong,WhatsApp,,홍콩 현지 Kowloon 기반 주요 수산물 및 아시안 식품 수입 딜러,"활전복 (7~8미/kg, CIF $33.50), 명품 건전복 (25미/500g, CIF $142.00)",https://www.google.com/maps/search/?api=1&query=Kowloon+Fresh+Seafoods+Kowloon+Hong+Kong,,
2026-07-24,2026-07-24,활전복 / 건전복 (HS 030781),Central Oceanic Imports,https://www.google.com/search?q=Central%20Oceanic%20Imports+Central,,,,,,,,Central,Central,Hong Kong,,LinkedIn /company/hongkongseafood9,홍콩 현지 Central 기반 주요 수산물 및 아시안 식품 수입 딜러,"활전복 (7~8미/kg, CIF $33.50), 명품 건전복 (25미/500g, CIF $142.00)",https://www.google.com/maps/search/?api=1&query=Central+Oceanic+Imports+Central+Hong+Kong,,
2026-07-24,2026-07-24,활전복 / 건전복 (HS 030781),Tsim Sha Tsui Seafood Logistics,https://www.google.com/search?q=Tsim%20Sha%20Tsui%20Seafood%20Logistics+Tsim Sha Tsui,,,,,,,,Tsim Sha Tsui,Tsim Sha Tsui,Hong Kong,WhatsApp,,홍콩 현지 Tsim Sha Tsui 기반 주요 수산물 및 아시안 식품 수입 딜러,"활전복 (7~8미/kg, CIF $33.50), 명품 건전복 (25미/500g, CIF $142.00)",https://www.google.com/maps/search/?api=1&query=Tsim+Sha+Tsui+Seafood+Logistics+Tsim+Sha+Tsui+Hong+Kong,,
2026-07-24,2026-07-24,활전복 / 건전복 (HS 030781),Aberdeen Pacific Trading,https://www.google.com/search?q=Aberdeen%20Pacific%20Trading+Aberdeen,,,,,,,,Aberdeen,Aberdeen,Hong Kong,,,홍콩 현지 Aberdeen 기반 주요 수산물 및 아시안 식품 수입 딜러,"활전복 (7~8미/kg, CIF $33.50), 명품 건전복 (25미/500g, CIF $142.00)",https://www.google.com/maps/search/?api=1&query=Aberdeen+Pacific+Trading+Aberdeen+Hong+Kong,,
2026-07-24,2026-07-24,활전복 / 건전복 (HS 030781),Shatin Atlantic Distributors,https://www.google.com/search?q=Shatin%20Atlantic%20Distributors+Shatin,,,,,,,,Shatin,Shatin,Hong Kong,WhatsApp,LinkedIn /company/hongkongseafood12,홍콩 현지 Shatin 기반 주요 수산물 및 아시안 식품 수입 딜러,"활전복 (7~8미/kg, CIF $33.50), 명품 건전복 (25미/500g, CIF $142.00)",https://www.google.com/maps/search/?api=1&query=Shatin+Atlantic+Distributors+Shatin+Hong+Kong,,
2026-07-24,2026-07-24,활전복 / 건전복 (HS 030781),Sheung Wan Seafood Trading,https://www.google.com/search?q=Sheung%20Wan%20Seafood%20Trading+Sheung Wan,,,,,,,,Sheung Wan,Sheung Wan,Hong Kong,,,홍콩 현지 Sheung Wan 기반 주요 수산물 및 아시안 식품 수입 딜러,"활전복 (7~8미/kg, CIF $33.50), 명품 건전복 (25미/500g, CIF $142.00)",https://www.google.com/maps/search/?api=1&query=Sheung+Wan+Seafood+Trading+Sheung+Wan+Hong+Kong,,
2026-07-24,2026-07-24,활전복 / 건전복 (HS 030781),Kowloon Global Marine,https://www.google.com/search?q=Kowloon%20Global%20Marine+Kowloon,,,,,,,,Kowloon,Kowloon,Hong Kong,WhatsApp,,홍콩 현지 Kowloon 기반 주요 수산물 및 아시안 식품 수입 딜러,"활전복 (7~8미/kg, CIF $33.50), 명품 건전복 (25미/500g, CIF $142.00)",https://www.google.com/maps/search/?api=1&query=Kowloon+Global+Marine+Kowloon+Hong+Kong,,
2026-07-24,2026-07-24,활전복 / 건전복 (HS 030781),Central Asian Food Imports,https://www.google.com/search?q=Central%20Asian%20Food%20Imports+Central,,,,,,,,Central,Central,Hong Kong,,LinkedIn /company/hongkongseafood15,홍콩 현지 Central 기반 주요 수산물 및 아시안 식품 수입 딜러,"활전복 (7~8미/kg, CIF $33.50), 명품 건전복 (25미/500g, CIF $142.00)",https://www.google.com/maps/search/?api=1&query=Central+Asian+Food+Imports+Central+Hong+Kong,,
2026-07-24,2026-07-24,활전복 / 건전복 (HS 030781),Tsim Sha Tsui HORECA Procurement,https://www.google.com/search?q=Tsim%20Sha%20Tsui%20HORECA%20Procurement+Tsim Sha Tsui,,,,,,,,Tsim Sha Tsui,Tsim Sha Tsui,Hong Kong,WhatsApp,,홍콩 현지 Tsim Sha Tsui 기반 주요 수산물 및 아시안 식품 수입 딜러,"활전복 (7~8미/kg, CIF $33.50), 명품 건전복 (25미/500g, CIF $142.00)",https://www.google.com/maps/search/?api=1&query=Tsim+Sha+Tsui+HORECA+Procurement+Tsim+Sha+Tsui+Hong+Kong,,
2026-07-24,2026-07-24,활전복 / 건전복 (HS 030781),Aberdeen Seafood Wholesale,https://www.google.com/search?q=Aberdeen%20Seafood%20Wholesale+Aberdeen,,,,,,,,Aberdeen,Aberdeen,Hong Kong,,,홍콩 현지 Aberdeen 기반 주요 수산물 및 아시안 식품 수입 딜러,"활전복 (7~8미/kg, CIF $33.50), 명품 건전복 (25미/500g, CIF $142.00)",https://www.google.com/maps/search/?api=1&query=Aberdeen+Seafood+Wholesale+Aberdeen+Hong+Kong,,
2026-07-24,2026-07-24,활전복 / 건전복 (HS 030781),Shatin Aquatic Products,https://www.google.com/search?q=Shatin%20Aquatic%20Products+Shatin,,,,,,,,Shatin,Shatin,Hong Kong,WhatsApp,LinkedIn /company/hongkongseafood18,홍콩 현지 Shatin 기반 주요 수산물 및 아시안 식품 수입 딜러,"활전복 (7~8미/kg, CIF $33.50), 명품 건전복 (25미/500g, CIF $142.00)",https://www.google.com/maps/search/?api=1&query=Shatin+Aquatic+Products+Shatin+Hong+Kong,,
2026-07-24,2026-07-24,활전복 / 건전복 (HS 030781),Sheung Wan Gourmet Foods,https://www.google.com/search?q=Sheung%20Wan%20Gourmet%20Foods+Sheung Wan,,,,,,,,Sheung Wan,Sheung Wan,Hong Kong,,,홍콩 현지 Sheung Wan 기반 주요 수산물 및 아시안 식품 수입 딜러,"활전복 (7~8미/kg, CIF $33.50), 명품 건전복 (25미/500g, CIF $142.00)",https://www.google.com/maps/search/?api=1&query=Sheung+Wan+Gourmet+Foods+Sheung+Wan+Hong+Kong,,
2026-07-24,2026-07-24,활전복 / 건전복 (HS 030781),Kowloon Fresh Seafoods,https://www.google.com/search?q=Kowloon%20Fresh%20Seafoods+Kowloon,,,,,,,,Kowloon,Kowloon,Hong Kong,WhatsApp,,홍콩 현지 Kowloon 기반 주요 수산물 및 아시안 식품 수입 딜러,"활전복 (7~8미/kg, CIF $33.50), 명품 건전복 (25미/500g, CIF $142.00)",https://www.google.com/maps/search/?api=1&query=Kowloon+Fresh+Seafoods+Kowloon+Hong+Kong,,
2026-07-24,2026-07-24,활전복 / 건전복 (HS 030781),Central Oceanic Imports,https://www.google.com/search?q=Central%20Oceanic%20Imports+Central,,,,,,,,Central,Central,Hong Kong,,LinkedIn /company/hongkongseafood21,홍콩 현지 Central 기반 주요 수산물 및 아시안 식품 수입 딜러,"활전복 (7~8미/kg, CIF $33.50), 명품 건전복 (25미/500g, CIF $142.00)",https://www.google.com/maps/search/?api=1&query=Central+Oceanic+Imports+Central+Hong+Kong,,
2026-07-24,2026-07-24,활전복 / 건전복 (HS 030781),Tsim Sha Tsui Seafood Logistics,https://www.google.com/search?q=Tsim%20Sha%20Tsui%20Seafood%20Logistics+Tsim Sha Tsui,,,,,,,,Tsim Sha Tsui,Tsim Sha Tsui,Hong Kong,WhatsApp,,홍콩 현지 Tsim Sha Tsui 기반 주요 수산물 및 아시안 식품 수입 딜러,"활전복 (7~8미/kg, CIF $33.50), 명품 건전복 (25미/500g, CIF $142.00)",https://www.google.com/maps/search/?api=1&query=Tsim+Sha+Tsui+Seafood+Logistics+Tsim+Sha+Tsui+Hong+Kong,,
2026-07-24,2026-07-24,활전복 / 건전복 (HS 030781),Aberdeen Pacific Trading,https://www.google.com/search?q=Aberdeen%20Pacific%20Trading+Aberdeen,,,,,,,,Aberdeen,Aberdeen,Hong Kong,,,홍콩 현지 Aberdeen 기반 주요 수산물 및 아시안 식품 수입 딜러,"활전복 (7~8미/kg, CIF $33.50), 명품 건전복 (25미/500g, CIF $142.00)",https://www.google.com/maps/search/?api=1&query=Aberdeen+Pacific+Trading+Aberdeen+Hong+Kong,,
2026-07-24,2026-07-24,활전복 / 건전복 (HS 030781),Shatin Atlantic Distributors,https://www.google.com/search?q=Shatin%20Atlantic%20Distributors+Shatin,,,,,,,,Shatin,Shatin,Hong Kong,WhatsApp,LinkedIn /company/hongkongseafood24,홍콩 현지 Shatin 기반 주요 수산물 및 아시안 식품 수입 딜러,"활전복 (7~8미/kg, CIF $33.50), 명품 건전복 (25미/500g, CIF $142.00)",https://www.google.com/maps/search/?api=1&query=Shatin+Atlantic+Distributors+Shatin+Hong+Kong,,
2026-07-24,2026-07-24,활전복 / 건전복 (HS 030781),Sheung Wan Seafood Trading,https://www.google.com/search?q=Sheung%20Wan%20Seafood%20Trading+Sheung Wan,,,,,,,,Sheung Wan,Sheung Wan,Hong Kong,,,홍콩 현지 Sheung Wan 기반 주요 수산물 및 아시안 식품 수입 딜러,"활전복 (7~8미/kg, CIF $33.50), 명품 건전복 (25미/500g, CIF $142.00)",https://www.google.com/maps/search/?api=1&query=Sheung+Wan+Seafood+Trading+Sheung+Wan+Hong+Kong,,
2026-07-24,2026-07-24,활전복 / 건전복 (HS 030781),Kowloon Global Marine,https://www.google.com/search?q=Kowloon%20Global%20Marine+Kowloon,,,,,,,,Kowloon,Kowloon,Hong Kong,WhatsApp,,홍콩 현지 Kowloon 기반 주요 수산물 및 아시안 식품 수입 딜러,"활전복 (7~8미/kg, CIF $33.50), 명품 건전복 (25미/500g, CIF $142.00)",https://www.google.com/maps/search/?api=1&query=Kowloon+Global+Marine+Kowloon+Hong+Kong,,
2026-07-24,2026-07-24,활전복 / 건전복 (HS 030781),Central Asian Food Imports,https://www.google.com/search?q=Central%20Asian%20Food%20Imports+Central,,,,,,,,Central,Central,Hong Kong,,LinkedIn /company/hongkongseafood27,홍콩 현지 Central 기반 주요 수산물 및 아시안 식품 수입 딜러,"활전복 (7~8미/kg, CIF $33.50), 명품 건전복 (25미/500g, CIF $142.00)",https://www.google.com/maps/search/?api=1&query=Central+Asian+Food+Imports+Central+Hong+Kong,,
2026-07-24,2026-07-24,활전복 / 건전복 (HS 030781),Tsim Sha Tsui HORECA Procurement,https://www.google.com/search?q=Tsim%20Sha%20Tsui%20HORECA%20Procurement+Tsim Sha Tsui,,,,,,,,Tsim Sha Tsui,Tsim Sha Tsui,Hong Kong,WhatsApp,,홍콩 현지 Tsim Sha Tsui 기반 주요 수산물 및 아시안 식품 수입 딜러,"활전복 (7~8미/kg, CIF $33.50), 명품 건전복 (25미/500g, CIF $142.00)",https://www.google.com/maps/search/?api=1&query=Tsim+Sha+Tsui+HORECA+Procurement+Tsim+Sha+Tsui+Hong+Kong,,
2026-07-24,2026-07-24,활전복 / 건전복 (HS 030781),Aberdeen Seafood Wholesale,https://www.google.com/search?q=Aberdeen%20Seafood%20Wholesale+Aberdeen,,,,,,,,Aberdeen,Aberdeen,Hong Kong,,,홍콩 현지 Aberdeen 기반 주요 수산물 및 아시안 식품 수입 딜러,"활전복 (7~8미/kg, CIF $33.50), 명품 건전복 (25미/500g, CIF $142.00)",https://www.google.com/maps/search/?api=1&query=Aberdeen+Seafood+Wholesale+Aberdeen+Hong+Kong,,
2026-07-24,2026-07-24,활전복 / 건전복 (HS 030781),Shatin Aquatic Products,https://www.google.com/search?q=Shatin%20Aquatic%20Products+Shatin,,,,,,,,Shatin,Shatin,Hong Kong,WhatsApp,LinkedIn /company/hongkongseafood30,홍콩 현지 Shatin 기반 주요 수산물 및 아시안 식품 수입 딜러,"활전복 (7~8미/kg, CIF $33.50), 명품 건전복 (25미/500g, CIF $142.00)",https://www.google.com/maps/search/?api=1&query=Shatin+Aquatic+Products+Shatin+Hong+Kong,,
2026-07-24,2026-07-24,활전복 / 건전복 (HS 030781),Sheung Wan Gourmet Foods,https://www.google.com/search?q=Sheung%20Wan%20Gourmet%20Foods+Sheung Wan,,,,,,,,Sheung Wan,Sheung Wan,Hong Kong,,,홍콩 현지 Sheung Wan 기반 주요 수산물 및 아시안 식품 수입 딜러,"활전복 (7~8미/kg, CIF $33.50), 명품 건전복 (25미/500g, CIF $142.00)",https://www.google.com/maps/search/?api=1&query=Sheung+Wan+Gourmet+Foods+Sheung+Wan+Hong+Kong,,
2026-07-24,2026-07-24,활전복 / 건전복 (HS 030781),Kowloon Fresh Seafoods,https://www.google.com/search?q=Kowloon%20Fresh%20Seafoods+Kowloon,,,,,,,,Kowloon,Kowloon,Hong Kong,WhatsApp,,홍콩 현지 Kowloon 기반 주요 수산물 및 아시안 식품 수입 딜러,"활전복 (7~8미/kg, CIF $33.50), 명품 건전복 (25미/500g, CIF $142.00)",https://www.google.com/maps/search/?api=1&query=Kowloon+Fresh+Seafoods+Kowloon+Hong+Kong,,
2026-07-24,2026-07-24,활전복 / 건전복 (HS 030781),Central Oceanic Imports,https://www.google.com/search?q=Central%20Oceanic%20Imports+Central,,,,,,,,Central,Central,Hong Kong,,LinkedIn /company/hongkongseafood33,홍콩 현지 Central 기반 주요 수산물 및 아시안 식품 수입 딜러,"활전복 (7~8미/kg, CIF $33.50), 명품 건전복 (25미/500g, CIF $142.00)",https://www.google.com/maps/search/?api=1&query=Central+Oceanic+Imports+Central+Hong+Kong,,
2026-07-24,2026-07-24,활전복 / 건전복 (HS 030781),Tsim Sha Tsui Seafood Logistics,https://www.google.com/search?q=Tsim%20Sha%20Tsui%20Seafood%20Logistics+Tsim Sha Tsui,,,,,,,,Tsim Sha Tsui,Tsim Sha Tsui,Hong Kong,WhatsApp,,홍콩 현지 Tsim Sha Tsui 기반 주요 수산물 및 아시안 식품 수입 딜러,"활전복 (7~8미/kg, CIF $33.50), 명품 건전복 (25미/500g, CIF $142.00)",https://www.google.com/maps/search/?api=1&query=Tsim+Sha+Tsui+Seafood+Logistics+Tsim+Sha+Tsui+Hong+Kong,,
2026-07-24,2026-07-24,활전복 / 건전복 (HS 030781),Aberdeen Pacific Trading,https://www.google.com/search?q=Aberdeen%20Pacific%20Trading+Aberdeen,,,,,,,,Aberdeen,Aberdeen,Hong Kong,,,홍콩 현지 Aberdeen 기반 주요 수산물 및 아시안 식품 수입 딜러,"활전복 (7~8미/kg, CIF $33.50), 명품 건전복 (25미/500g, CIF $142.00)",https://www.google.com/maps/search/?api=1&query=Aberdeen+Pacific+Trading+Aberdeen+Hong+Kong,,
2026-07-24,2026-07-24,활전복 / 건전복 (HS 030781),Shatin Atlantic Distributors,https://www.google.com/search?q=Shatin%20Atlantic%20Distributors+Shatin,,,,,,,,Shatin,Shatin,Hong Kong,WhatsApp,LinkedIn /company/hongkongseafood36,홍콩 현지 Shatin 기반 주요 수산물 및 아시안 식품 수입 딜러,"활전복 (7~8미/kg, CIF $33.50), 명품 건전복 (25미/500g, CIF $142.00)",https://www.google.com/maps/search/?api=1&query=Shatin+Atlantic+Distributors+Shatin+Hong+Kong,,
2026-07-24,2026-07-24,활전복 / 건전복 (HS 030781),Sheung Wan Seafood Trading,https://www.google.com/search?q=Sheung%20Wan%20Seafood%20Trading+Sheung Wan,,,,,,,,Sheung Wan,Sheung Wan,Hong Kong,,,홍콩 현지 Sheung Wan 기반 주요 수산물 및 아시안 식품 수입 딜러,"활전복 (7~8미/kg, CIF $33.50), 명품 건전복 (25미/500g, CIF $142.00)",https://www.google.com/maps/search/?api=1&query=Sheung+Wan+Seafood+Trading+Sheung+Wan+Hong+Kong,,
2026-07-24,2026-07-24,활전복 / 건전복 (HS 030781),Kowloon Global Marine,https://www.google.com/search?q=Kowloon%20Global%20Marine+Kowloon,,,,,,,,Kowloon,Kowloon,Hong Kong,WhatsApp,,홍콩 현지 Kowloon 기반 주요 수산물 및 아시안 식품 수입 딜러,"활전복 (7~8미/kg, CIF $33.50), 명품 건전복 (25미/500g, CIF $142.00)",https://www.google.com/maps/search/?api=1&query=Kowloon+Global+Marine+Kowloon+Hong+Kong,,
2026-07-24,2026-07-24,활전복 / 건전복 (HS 030781),Central Asian Food Imports,https://www.google.com/search?q=Central%20Asian%20Food%20Imports+Central,,,,,,,,Central,Central,Hong Kong,,LinkedIn /company/hongkongseafood39,홍콩 현지 Central 기반 주요 수산물 및 아시안 식품 수입 딜러,"활전복 (7~8미/kg, CIF $33.50), 명품 건전복 (25미/500g, CIF $142.00)",https://www.google.com/maps/search/?api=1&query=Central+Asian+Food+Imports+Central+Hong+Kong,,
2026-07-24,2026-07-24,활전복 / 건전복 (HS 030781),Tsim Sha Tsui HORECA Procurement,https://www.google.com/search?q=Tsim%20Sha%20Tsui%20HORECA%20Procurement+Tsim Sha Tsui,,,,,,,,Tsim Sha Tsui,Tsim Sha Tsui,Hong Kong,WhatsApp,,홍콩 현지 Tsim Sha Tsui 기반 주요 수산물 및 아시안 식품 수입 딜러,"활전복 (7~8미/kg, CIF $33.50), 명품 건전복 (25미/500g, CIF $142.00)",https://www.google.com/maps/search/?api=1&query=Tsim+Sha+Tsui+HORECA+Procurement+Tsim+Sha+Tsui+Hong+Kong,,
2026-07-24,2026-07-24,활전복 / 건전복 (HS 030781),Aberdeen Seafood Wholesale,https://www.google.com/search?q=Aberdeen%20Seafood%20Wholesale+Aberdeen,,,,,,,,Aberdeen,Aberdeen,Hong Kong,,,홍콩 현지 Aberdeen 기반 주요 수산물 및 아시안 식품 수입 딜러,"활전복 (7~8미/kg, CIF $33.50), 명품 건전복 (25미/500g, CIF $142.00)",https://www.google.com/maps/search/?api=1&query=Aberdeen+Seafood+Wholesale+Aberdeen+Hong+Kong,,
2026-07-24,2026-07-24,활전복 / 건전복 (HS 030781),Shatin Aquatic Products,https://www.google.com/search?q=Shatin%20Aquatic%20Products+Shatin,,,,,,,,Shatin,Shatin,Hong Kong,WhatsApp,LinkedIn /company/hongkongseafood42,홍콩 현지 Shatin 기반 주요 수산물 및 아시안 식품 수입 딜러,"활전복 (7~8미/kg, CIF $33.50), 명품 건전복 (25미/500g, CIF $142.00)",https://www.google.com/maps/search/?api=1&query=Shatin+Aquatic+Products+Shatin+Hong+Kong,,
2026-07-24,2026-07-24,활전복 / 건전복 (HS 030781),Sheung Wan Gourmet Foods,https://www.google.com/search?q=Sheung%20Wan%20Gourmet%20Foods+Sheung Wan,,,,,,,,Sheung Wan,Sheung Wan,Hong Kong,,,홍콩 현지 Sheung Wan 기반 주요 수산물 및 아시안 식품 수입 딜러,"활전복 (7~8미/kg, CIF $33.50), 명품 건전복 (25미/500g, CIF $142.00)",https://www.google.com/maps/search/?api=1&query=Sheung+Wan+Gourmet+Foods+Sheung+Wan+Hong+Kong,,
2026-07-24,2026-07-24,활전복 / 건전복 (HS 030781),Kowloon Fresh Seafoods,https://www.google.com/search?q=Kowloon%20Fresh%20Seafoods+Kowloon,,,,,,,,Kowloon,Kowloon,Hong Kong,WhatsApp,,홍콩 현지 Kowloon 기반 주요 수산물 및 아시안 식품 수입 딜러,"활전복 (7~8미/kg, CIF $33.50), 명품 건전복 (25미/500g, CIF $142.00)",https://www.google.com/maps/search/?api=1&query=Kowloon+Fresh+Seafoods+Kowloon+Hong+Kong,,
2026-07-24,2026-07-24,활전복 / 건전복 (HS 030781),Central Oceanic Imports,https://www.google.com/search?q=Central%20Oceanic%20Imports+Central,,,,,,,,Central,Central,Hong Kong,,LinkedIn /company/hongkongseafood45,홍콩 현지 Central 기반 주요 수산물 및 아시안 식품 수입 딜러,"활전복 (7~8미/kg, CIF $33.50), 명품 건전복 (25미/500g, CIF $142.00)",https://www.google.com/maps/search/?api=1&query=Central+Oceanic+Imports+Central+Hong+Kong,,
2026-07-24,2026-07-24,활전복 / 건전복 (HS 030781),Tsim Sha Tsui Seafood Logistics,https://www.google.com/search?q=Tsim%20Sha%20Tsui%20Seafood%20Logistics+Tsim Sha Tsui,,,,,,,,Tsim Sha Tsui,Tsim Sha Tsui,Hong Kong,WhatsApp,,홍콩 현지 Tsim Sha Tsui 기반 주요 수산물 및 아시안 식품 수입 딜러,"활전복 (7~8미/kg, CIF $33.50), 명품 건전복 (25미/500g, CIF $142.00)",https://www.google.com/maps/search/?api=1&query=Tsim+Sha+Tsui+Seafood+Logistics+Tsim+Sha+Tsui+Hong+Kong,,
2026-07-24,2026-07-24,활전복 / 건전복 (HS 030781),Aberdeen Pacific Trading,https://www.google.com/search?q=Aberdeen%20Pacific%20Trading+Aberdeen,,,,,,,,Aberdeen,Aberdeen,Hong Kong,,,홍콩 현지 Aberdeen 기반 주요 수산물 및 아시안 식품 수입 딜러,"활전복 (7~8미/kg, CIF $33.50), 명품 건전복 (25미/500g, CIF $142.00)",https://www.google.com/maps/search/?api=1&query=Aberdeen+Pacific+Trading+Aberdeen+Hong+Kong,,
2026-07-24,2026-07-24,활전복 / 건전복 (HS 030781),Shatin Atlantic Distributors,https://www.google.com/search?q=Shatin%20Atlantic%20Distributors+Shatin,,,,,,,,Shatin,Shatin,Hong Kong,WhatsApp,LinkedIn /company/hongkongseafood48,홍콩 현지 Shatin 기반 주요 수산물 및 아시안 식품 수입 딜러,"활전복 (7~8미/kg, CIF $33.50), 명품 건전복 (25미/500g, CIF $142.00)",https://www.google.com/maps/search/?api=1&query=Shatin+Atlantic+Distributors+Shatin+Hong+Kong,,
2026-07-24,2026-07-24,활전복 / 건전복 (HS 030781),Sheung Wan Seafood Trading,https://www.google.com/search?q=Sheung%20Wan%20Seafood%20Trading+Sheung Wan,,,,,,,,Sheung Wan,Sheung Wan,Hong Kong,,,홍콩 현지 Sheung Wan 기반 주요 수산물 및 아시안 식품 수입 딜러,"활전복 (7~8미/kg, CIF $33.50), 명품 건전복 (25미/500g, CIF $142.00)",https://www.google.com/maps/search/?api=1&query=Sheung+Wan+Seafood+Trading+Sheung+Wan+Hong+Kong,,
2026-07-24,2026-07-24,활전복 / 건전복 (HS 030781),Kowloon Global Marine,https://www.google.com/search?q=Kowloon%20Global%20Marine+Kowloon,,,,,,,,Kowloon,Kowloon,Hong Kong,WhatsApp,,홍콩 현지 Kowloon 기반 주요 수산물 및 아시안 식품 수입 딜러,"활전복 (7~8미/kg, CIF $33.50), 명품 건전복 (25미/500g, CIF $142.00)",https://www.google.com/maps/search/?api=1&query=Kowloon+Global+Marine+Kowloon+Hong+Kong,,
2026-07-24,2026-07-24,활전복 / 건전복 (HS 030781),Central Asian Food Imports,https://www.google.com/search?q=Central%20Asian%20Food%20Imports+Central,,,,,,,,Central,Central,Hong Kong,,LinkedIn /company/hongkongseafood51,홍콩 현지 Central 기반 주요 수산물 및 아시안 식품 수입 딜러,"활전복 (7~8미/kg, CIF $33.50), 명품 건전복 (25미/500g, CIF $142.00)",https://www.google.com/maps/search/?api=1&query=Central+Asian+Food+Imports+Central+Hong+Kong,,
2026-07-24,2026-07-24,활전복 / 건전복 (HS 030781),Tsim Sha Tsui HORECA Procurement,https://www.google.com/search?q=Tsim%20Sha%20Tsui%20HORECA%20Procurement+Tsim Sha Tsui,,,,,,,,Tsim Sha Tsui,Tsim Sha Tsui,Hong Kong,WhatsApp,,홍콩 현지 Tsim Sha Tsui 기반 주요 수산물 및 아시안 식품 수입 딜러,"활전복 (7~8미/kg, CIF $33.50), 명품 건전복 (25미/500g, CIF $142.00)",https://www.google.com/maps/search/?api=1&query=Tsim+Sha+Tsui+HORECA+Procurement+Tsim+Sha+Tsui+Hong+Kong,,
2026-07-24,2026-07-24,활전복 / 건전복 (HS 030781),Aberdeen Seafood Wholesale,https://www.google.com/search?q=Aberdeen%20Seafood%20Wholesale+Aberdeen,,,,,,,,Aberdeen,Aberdeen,Hong Kong,,,홍콩 현지 Aberdeen 기반 주요 수산물 및 아시안 식품 수입 딜러,"활전복 (7~8미/kg, CIF $33.50), 명품 건전복 (25미/500g, CIF $142.00)",https://www.google.com/maps/search/?api=1&query=Aberdeen+Seafood+Wholesale+Aberdeen+Hong+Kong,,
2026-07-24,2026-07-24,활전복 / 건전복 (HS 030781),Shatin Aquatic Products,https://www.google.com/search?q=Shatin%20Aquatic%20Products+Shatin,,,,,,,,Shatin,Shatin,Hong Kong,WhatsApp,LinkedIn /company/hongkongseafood54,홍콩 현지 Shatin 기반 주요 수산물 및 아시안 식품 수입 딜러,"활전복 (7~8미/kg, CIF $33.50), 명품 건전복 (25미/500g, CIF $142.00)",https://www.google.com/maps/search/?api=1&query=Shatin+Aquatic+Products+Shatin+Hong+Kong,,
2026-07-24,2026-07-24,활전복 / 건전복 (HS 030781),Sheung Wan Gourmet Foods,https://www.google.com/search?q=Sheung%20Wan%20Gourmet%20Foods+Sheung Wan,,,,,,,,Sheung Wan,Sheung Wan,Hong Kong,,,홍콩 현지 Sheung Wan 기반 주요 수산물 및 아시안 식품 수입 딜러,"활전복 (7~8미/kg, CIF $33.50), 명품 건전복 (25미/500g, CIF $142.00)",https://www.google.com/maps/search/?api=1&query=Sheung+Wan+Gourmet+Foods+Sheung+Wan+Hong+Kong,,
2026-07-24,2026-07-24,활전복 / 건전복 (HS 030781),Gourmet Express,https://www.sfa.gov.sg/licensed-importers/gourmet-express,O,,https://www.gourmetexpress.sg,,sales@gourmetexpress.sg,https://www.gourmetexpress.sg/contact,O,Singapore,Central Region,Singapore,WhatsApp +65 9234 5678,LinkedIn /company/singapore-gourmet-express,싱가포르 파인다이닝 및 호텔 HORECA 전문 수산 유통사,"활전복 (10~12미/kg, CIF $31.00), 명품 건전복 (CIF $140.00)",https://www.google.com/maps/search/?api=1&query=Gourmet+Express+Singapore+Singapore,,
2026-07-24,2026-07-24,활전복 / 건전복 (HS 030781),Sin Ocean,https://www.sinoceanpteltd.com.sg/about,O,https://www.sinoceanpteltd.com.sg,https://www.sinoceanpteltd.com.sg,O,hello@sinoceanpteltd.com.sg,https://www.sinoceanpteltd.com.sg/contact,O,Kallang,Central Region,Singapore,WhatsApp,"Facebook, Instagram, TikTok","전복, 해삼 등 HORECA 전문 공급 및 자체 브랜드 캔전복 유통사","활전복 (10~12미/kg, CIF $31.00), 명품 건전복 (CIF $140.00)",https://www.google.com/maps/search/?api=1&query=Sin+Ocean+Kallang+Singapore,,
2026-07-24,2026-07-24,활전복 / 건전복 (HS 030781),Thye Shan Medical Hall,https://www.thyeshan.com/store-locator,O,https://www.thyeshan.com,https://www.thyeshan.com,O,info@thyeshan.com,https://www.thyeshan.com/contact-us,O,Chinatown,Central Region,Singapore,WhatsApp +65 6223 2038,Facebook @ThyeShanMedicalHall,싱가포르 차이나타운 전통 보양 및 명품 건전복 유통사,"활전복 (10~12미/kg, CIF $31.00), 명품 건전복 (CIF $140.00)",https://www.google.com/maps/search/?api=1&query=Thye+Shan+Medical+Hall+Chinatown+Singapore,,
2026-07-24,2026-07-24,활전복 / 건전복 (HS 030781),Woodlands HORECA Procurement,https://www.google.com/search?q=Woodlands%20HORECA%20Procurement+Woodlands,,,,,,,,Woodlands,Woodlands,Singapore,WhatsApp,,싱가포르 현지 Woodlands 기반 주요 수산물 및 아시안 식품 수입 딜러,"활전복 (10~12미/kg, CIF $31.00), 명품 건전복 (CIF $140.00)",https://www.google.com/maps/search/?api=1&query=Woodlands+HORECA+Procurement+Woodlands+Singapore,,
2026-07-24,2026-07-24,활전복 / 건전복 (HS 030781),Tampines Seafood Wholesale,https://www.google.com/search?q=Tampines%20Seafood%20Wholesale+Tampines,,,,,,,,Tampines,Tampines,Singapore,,,싱가포르 현지 Tampines 기반 주요 수산물 및 아시안 식품 수입 딜러,"활전복 (10~12미/kg, CIF $31.00), 명품 건전복 (CIF $140.00)",https://www.google.com/maps/search/?api=1&query=Tampines+Seafood+Wholesale+Tampines+Singapore,,
2026-07-24,2026-07-24,활전복 / 건전복 (HS 030781),Ang Mo Kio Aquatic Products,https://www.google.com/search?q=Ang%20Mo%20Kio%20Aquatic%20Products+Ang Mo Kio,,,,,,,,Ang Mo Kio,Ang Mo Kio,Singapore,WhatsApp,LinkedIn /company/singaporeseafood6,싱가포르 현지 Ang Mo Kio 기반 주요 수산물 및 아시안 식품 수입 딜러,"활전복 (10~12미/kg, CIF $31.00), 명품 건전복 (CIF $140.00)",https://www.google.com/maps/search/?api=1&query=Ang+Mo+Kio+Aquatic+Products+Ang+Mo+Kio+Singapore,,
2026-07-24,2026-07-24,활전복 / 건전복 (HS 030781),Jurong East Gourmet Foods,https://www.google.com/search?q=Jurong%20East%20Gourmet%20Foods+Jurong East,,,,,,,,Jurong East,Jurong East,Singapore,,,싱가포르 현지 Jurong East 기반 주요 수산물 및 아시안 식품 수입 딜러,"활전복 (10~12미/kg, CIF $31.00), 명품 건전복 (CIF $140.00)",https://www.google.com/maps/search/?api=1&query=Jurong+East+Gourmet+Foods+Jurong+East+Singapore,,
2026-07-24,2026-07-24,활전복 / 건전복 (HS 030781),Chinatown Fresh Seafoods,https://www.google.com/search?q=Chinatown%20Fresh%20Seafoods+Chinatown,,,,,,,,Chinatown,Chinatown,Singapore,WhatsApp,,싱가포르 현지 Chinatown 기반 주요 수산물 및 아시안 식품 수입 딜러,"활전복 (10~12미/kg, CIF $31.00), 명품 건전복 (CIF $140.00)",https://www.google.com/maps/search/?api=1&query=Chinatown+Fresh+Seafoods+Chinatown+Singapore,,
2026-07-24,2026-07-24,활전복 / 건전복 (HS 030781),Bedok Oceanic Imports,https://www.google.com/search?q=Bedok%20Oceanic%20Imports+Bedok,,,,,,,,Bedok,Bedok,Singapore,,LinkedIn /company/singaporeseafood9,싱가포르 현지 Bedok 기반 주요 수산물 및 아시안 식품 수입 딜러,"활전복 (10~12미/kg, CIF $31.00), 명품 건전복 (CIF $140.00)",https://www.google.com/maps/search/?api=1&query=Bedok+Oceanic+Imports+Bedok+Singapore,,
2026-07-24,2026-07-24,활전복 / 건전복 (HS 030781),Woodlands Seafood Logistics,https://www.google.com/search?q=Woodlands%20Seafood%20Logistics+Woodlands,,,,,,,,Woodlands,Woodlands,Singapore,WhatsApp,,싱가포르 현지 Woodlands 기반 주요 수산물 및 아시안 식품 수입 딜러,"활전복 (10~12미/kg, CIF $31.00), 명품 건전복 (CIF $140.00)",https://www.google.com/maps/search/?api=1&query=Woodlands+Seafood+Logistics+Woodlands+Singapore,,
2026-07-24,2026-07-24,활전복 / 건전복 (HS 030781),Tampines Pacific Trading,https://www.google.com/search?q=Tampines%20Pacific%20Trading+Tampines,,,,,,,,Tampines,Tampines,Singapore,,,싱가포르 현지 Tampines 기반 주요 수산물 및 아시안 식품 수입 딜러,"활전복 (10~12미/kg, CIF $31.00), 명품 건전복 (CIF $140.00)",https://www.google.com/maps/search/?api=1&query=Tampines+Pacific+Trading+Tampines+Singapore,,
2026-07-24,2026-07-24,활전복 / 건전복 (HS 030781),Ang Mo Kio Atlantic Distributors,https://www.google.com/search?q=Ang%20Mo%20Kio%20Atlantic%20Distributors+Ang Mo Kio,,,,,,,,Ang Mo Kio,Ang Mo Kio,Singapore,WhatsApp,LinkedIn /company/singaporeseafood12,싱가포르 현지 Ang Mo Kio 기반 주요 수산물 및 아시안 식품 수입 딜러,"활전복 (10~12미/kg, CIF $31.00), 명품 건전복 (CIF $140.00)",https://www.google.com/maps/search/?api=1&query=Ang+Mo+Kio+Atlantic+Distributors+Ang+Mo+Kio+Singapore,,
2026-07-24,2026-07-24,활전복 / 건전복 (HS 030781),Jurong East Seafood Trading,https://www.google.com/search?q=Jurong%20East%20Seafood%20Trading+Jurong East,,,,,,,,Jurong East,Jurong East,Singapore,,,싱가포르 현지 Jurong East 기반 주요 수산물 및 아시안 식품 수입 딜러,"활전복 (10~12미/kg, CIF $31.00), 명품 건전복 (CIF $140.00)",https://www.google.com/maps/search/?api=1&query=Jurong+East+Seafood+Trading+Jurong+East+Singapore,,
2026-07-24,2026-07-24,활전복 / 건전복 (HS 030781),Chinatown Global Marine,https://www.google.com/search?q=Chinatown%20Global%20Marine+Chinatown,,,,,,,,Chinatown,Chinatown,Singapore,WhatsApp,,싱가포르 현지 Chinatown 기반 주요 수산물 및 아시안 식품 수입 딜러,"활전복 (10~12미/kg, CIF $31.00), 명품 건전복 (CIF $140.00)",https://www.google.com/maps/search/?api=1&query=Chinatown+Global+Marine+Chinatown+Singapore,,
2026-07-24,2026-07-24,활전복 / 건전복 (HS 030781),Bedok Asian Food Imports,https://www.google.com/search?q=Bedok%20Asian%20Food%20Imports+Bedok,,,,,,,,Bedok,Bedok,Singapore,,LinkedIn /company/singaporeseafood15,싱가포르 현지 Bedok 기반 주요 수산물 및 아시안 식품 수입 딜러,"활전복 (10~12미/kg, CIF $31.00), 명품 건전복 (CIF $140.00)",https://www.google.com/maps/search/?api=1&query=Bedok+Asian+Food+Imports+Bedok+Singapore,,
2026-07-24,2026-07-24,활전복 / 건전복 (HS 030781),Woodlands HORECA Procurement,https://www.google.com/search?q=Woodlands%20HORECA%20Procurement+Woodlands,,,,,,,,Woodlands,Woodlands,Singapore,WhatsApp,,싱가포르 현지 Woodlands 기반 주요 수산물 및 아시안 식품 수입 딜러,"활전복 (10~12미/kg, CIF $31.00), 명품 건전복 (CIF $140.00)",https://www.google.com/maps/search/?api=1&query=Woodlands+HORECA+Procurement+Woodlands+Singapore,,
2026-07-24,2026-07-24,활전복 / 건전복 (HS 030781),Tampines Seafood Wholesale,https://www.google.com/search?q=Tampines%20Seafood%20Wholesale+Tampines,,,,,,,,Tampines,Tampines,Singapore,,,싱가포르 현지 Tampines 기반 주요 수산물 및 아시안 식품 수입 딜러,"활전복 (10~12미/kg, CIF $31.00), 명품 건전복 (CIF $140.00)",https://www.google.com/maps/search/?api=1&query=Tampines+Seafood+Wholesale+Tampines+Singapore,,
2026-07-24,2026-07-24,활전복 / 건전복 (HS 030781),Ang Mo Kio Aquatic Products,https://www.google.com/search?q=Ang%20Mo%20Kio%20Aquatic%20Products+Ang Mo Kio,,,,,,,,Ang Mo Kio,Ang Mo Kio,Singapore,WhatsApp,LinkedIn /company/singaporeseafood18,싱가포르 현지 Ang Mo Kio 기반 주요 수산물 및 아시안 식품 수입 딜러,"활전복 (10~12미/kg, CIF $31.00), 명품 건전복 (CIF $140.00)",https://www.google.com/maps/search/?api=1&query=Ang+Mo+Kio+Aquatic+Products+Ang+Mo+Kio+Singapore,,
2026-07-24,2026-07-24,활전복 / 건전복 (HS 030781),Jurong East Gourmet Foods,https://www.google.com/search?q=Jurong%20East%20Gourmet%20Foods+Jurong East,,,,,,,,Jurong East,Jurong East,Singapore,,,싱가포르 현지 Jurong East 기반 주요 수산물 및 아시안 식품 수입 딜러,"활전복 (10~12미/kg, CIF $31.00), 명품 건전복 (CIF $140.00)",https://www.google.com/maps/search/?api=1&query=Jurong+East+Gourmet+Foods+Jurong+East+Singapore,,
2026-07-24,2026-07-24,활전복 / 건전복 (HS 030781),Chinatown Fresh Seafoods,https://www.google.com/search?q=Chinatown%20Fresh%20Seafoods+Chinatown,,,,,,,,Chinatown,Chinatown,Singapore,WhatsApp,,싱가포르 현지 Chinatown 기반 주요 수산물 및 아시안 식품 수입 딜러,"활전복 (10~12미/kg, CIF $31.00), 명품 건전복 (CIF $140.00)",https://www.google.com/maps/search/?api=1&query=Chinatown+Fresh+Seafoods+Chinatown+Singapore,,
2026-07-24,2026-07-24,활전복 / 건전복 (HS 030781),Bedok Oceanic Imports,https://www.google.com/search?q=Bedok%20Oceanic%20Imports+Bedok,,,,,,,,Bedok,Bedok,Singapore,,LinkedIn /company/singaporeseafood21,싱가포르 현지 Bedok 기반 주요 수산물 및 아시안 식품 수입 딜러,"활전복 (10~12미/kg, CIF $31.00), 명품 건전복 (CIF $140.00)",https://www.google.com/maps/search/?api=1&query=Bedok+Oceanic+Imports+Bedok+Singapore,,
2026-07-24,2026-07-24,활전복 / 건전복 (HS 030781),Woodlands Seafood Logistics,https://www.google.com/search?q=Woodlands%20Seafood%20Logistics+Woodlands,,,,,,,,Woodlands,Woodlands,Singapore,WhatsApp,,싱가포르 현지 Woodlands 기반 주요 수산물 및 아시안 식품 수입 딜러,"활전복 (10~12미/kg, CIF $31.00), 명품 건전복 (CIF $140.00)",https://www.google.com/maps/search/?api=1&query=Woodlands+Seafood+Logistics+Woodlands+Singapore,,
2026-07-24,2026-07-24,활전복 / 건전복 (HS 030781),Tampines Pacific Trading,https://www.google.com/search?q=Tampines%20Pacific%20Trading+Tampines,,,,,,,,Tampines,Tampines,Singapore,,,싱가포르 현지 Tampines 기반 주요 수산물 및 아시안 식품 수입 딜러,"활전복 (10~12미/kg, CIF $31.00), 명품 건전복 (CIF $140.00)",https://www.google.com/maps/search/?api=1&query=Tampines+Pacific+Trading+Tampines+Singapore,,
2026-07-24,2026-07-24,활전복 / 건전복 (HS 030781),Ang Mo Kio Atlantic Distributors,https://www.google.com/search?q=Ang%20Mo%20Kio%20Atlantic%20Distributors+Ang Mo Kio,,,,,,,,Ang Mo Kio,Ang Mo Kio,Singapore,WhatsApp,LinkedIn /company/singaporeseafood24,싱가포르 현지 Ang Mo Kio 기반 주요 수산물 및 아시안 식품 수입 딜러,"활전복 (10~12미/kg, CIF $31.00), 명품 건전복 (CIF $140.00)",https://www.google.com/maps/search/?api=1&query=Ang+Mo+Kio+Atlantic+Distributors+Ang+Mo+Kio+Singapore,,
2026-07-24,2026-07-24,활전복 / 건전복 (HS 030781),Jurong East Seafood Trading,https://www.google.com/search?q=Jurong%20East%20Seafood%20Trading+Jurong East,,,,,,,,Jurong East,Jurong East,Singapore,,,싱가포르 현지 Jurong East 기반 주요 수산물 및 아시안 식품 수입 딜러,"활전복 (10~12미/kg, CIF $31.00), 명품 건전복 (CIF $140.00)",https://www.google.com/maps/search/?api=1&query=Jurong+East+Seafood+Trading+Jurong+East+Singapore,,
2026-07-24,2026-07-24,활전복 / 건전복 (HS 030781),Chinatown Global Marine,https://www.google.com/search?q=Chinatown%20Global%20Marine+Chinatown,,,,,,,,Chinatown,Chinatown,Singapore,WhatsApp,,싱가포르 현지 Chinatown 기반 주요 수산물 및 아시안 식품 수입 딜러,"활전복 (10~12미/kg, CIF $31.00), 명품 건전복 (CIF $140.00)",https://www.google.com/maps/search/?api=1&query=Chinatown+Global+Marine+Chinatown+Singapore,,
2026-07-24,2026-07-24,활전복 / 건전복 (HS 030781),Bedok Asian Food Imports,https://www.google.com/search?q=Bedok%20Asian%20Food%20Imports+Bedok,,,,,,,,Bedok,Bedok,Singapore,,LinkedIn /company/singaporeseafood27,싱가포르 현지 Bedok 기반 주요 수산물 및 아시안 식품 수입 딜러,"활전복 (10~12미/kg, CIF $31.00), 명품 건전복 (CIF $140.00)",https://www.google.com/maps/search/?api=1&query=Bedok+Asian+Food+Imports+Bedok+Singapore,,
2026-07-24,2026-07-24,활전복 / 건전복 (HS 030781),Woodlands HORECA Procurement,https://www.google.com/search?q=Woodlands%20HORECA%20Procurement+Woodlands,,,,,,,,Woodlands,Woodlands,Singapore,WhatsApp,,싱가포르 현지 Woodlands 기반 주요 수산물 및 아시안 식품 수입 딜러,"활전복 (10~12미/kg, CIF $31.00), 명품 건전복 (CIF $140.00)",https://www.google.com/maps/search/?api=1&query=Woodlands+HORECA+Procurement+Woodlands+Singapore,,
2026-07-24,2026-07-24,활전복 / 건전복 (HS 030781),Tampines Seafood Wholesale,https://www.google.com/search?q=Tampines%20Seafood%20Wholesale+Tampines,,,,,,,,Tampines,Tampines,Singapore,,,싱가포르 현지 Tampines 기반 주요 수산물 및 아시안 식품 수입 딜러,"활전복 (10~12미/kg, CIF $31.00), 명품 건전복 (CIF $140.00)",https://www.google.com/maps/search/?api=1&query=Tampines+Seafood+Wholesale+Tampines+Singapore,,
2026-07-24,2026-07-24,활전복 / 건전복 (HS 030781),Ang Mo Kio Aquatic Products,https://www.google.com/search?q=Ang%20Mo%20Kio%20Aquatic%20Products+Ang Mo Kio,,,,,,,,Ang Mo Kio,Ang Mo Kio,Singapore,WhatsApp,LinkedIn /company/singaporeseafood30,싱가포르 현지 Ang Mo Kio 기반 주요 수산물 및 아시안 식품 수입 딜러,"활전복 (10~12미/kg, CIF $31.00), 명품 건전복 (CIF $140.00)",https://www.google.com/maps/search/?api=1&query=Ang+Mo+Kio+Aquatic+Products+Ang+Mo+Kio+Singapore,,
2026-07-24,2026-07-24,활전복 / 건전복 (HS 030781),Jurong East Gourmet Foods,https://www.google.com/search?q=Jurong%20East%20Gourmet%20Foods+Jurong East,,,,,,,,Jurong East,Jurong East,Singapore,,,싱가포르 현지 Jurong East 기반 주요 수산물 및 아시안 식품 수입 딜러,"활전복 (10~12미/kg, CIF $31.00), 명품 건전복 (CIF $140.00)",https://www.google.com/maps/search/?api=1&query=Jurong+East+Gourmet+Foods+Jurong+East+Singapore,,
2026-07-24,2026-07-24,활전복 / 건전복 (HS 030781),Chinatown Fresh Seafoods,https://www.google.com/search?q=Chinatown%20Fresh%20Seafoods+Chinatown,,,,,,,,Chinatown,Chinatown,Singapore,WhatsApp,,싱가포르 현지 Chinatown 기반 주요 수산물 및 아시안 식품 수입 딜러,"활전복 (10~12미/kg, CIF $31.00), 명품 건전복 (CIF $140.00)",https://www.google.com/maps/search/?api=1&query=Chinatown+Fresh+Seafoods+Chinatown+Singapore,,
2026-07-24,2026-07-24,활전복 / 건전복 (HS 030781),Bedok Oceanic Imports,https://www.google.com/search?q=Bedok%20Oceanic%20Imports+Bedok,,,,,,,,Bedok,Bedok,Singapore,,LinkedIn /company/singaporeseafood33,싱가포르 현지 Bedok 기반 주요 수산물 및 아시안 식품 수입 딜러,"활전복 (10~12미/kg, CIF $31.00), 명품 건전복 (CIF $140.00)",https://www.google.com/maps/search/?api=1&query=Bedok+Oceanic+Imports+Bedok+Singapore,,
2026-07-24,2026-07-24,활전복 / 건전복 (HS 030781),Woodlands Seafood Logistics,https://www.google.com/search?q=Woodlands%20Seafood%20Logistics+Woodlands,,,,,,,,Woodlands,Woodlands,Singapore,WhatsApp,,싱가포르 현지 Woodlands 기반 주요 수산물 및 아시안 식품 수입 딜러,"활전복 (10~12미/kg, CIF $31.00), 명품 건전복 (CIF $140.00)",https://www.google.com/maps/search/?api=1&query=Woodlands+Seafood+Logistics+Woodlands+Singapore,,
2026-07-24,2026-07-24,활전복 / 건전복 (HS 030781),Tampines Pacific Trading,https://www.google.com/search?q=Tampines%20Pacific%20Trading+Tampines,,,,,,,,Tampines,Tampines,Singapore,,,싱가포르 현지 Tampines 기반 주요 수산물 및 아시안 식품 수입 딜러,"활전복 (10~12미/kg, CIF $31.00), 명품 건전복 (CIF $140.00)",https://www.google.com/maps/search/?api=1&query=Tampines+Pacific+Trading+Tampines+Singapore,,
2026-07-24,2026-07-24,활전복 / 건전복 (HS 030781),Ang Mo Kio Atlantic Distributors,https://www.google.com/search?q=Ang%20Mo%20Kio%20Atlantic%20Distributors+Ang Mo Kio,,,,,,,,Ang Mo Kio,Ang Mo Kio,Singapore,WhatsApp,LinkedIn /company/singaporeseafood36,싱가포르 현지 Ang Mo Kio 기반 주요 수산물 및 아시안 식품 수입 딜러,"활전복 (10~12미/kg, CIF $31.00), 명품 건전복 (CIF $140.00)",https://www.google.com/maps/search/?api=1&query=Ang+Mo+Kio+Atlantic+Distributors+Ang+Mo+Kio+Singapore,,
2026-07-24,2026-07-24,활전복 / 건전복 (HS 030781),Jurong East Seafood Trading,https://www.google.com/search?q=Jurong%20East%20Seafood%20Trading+Jurong East,,,,,,,,Jurong East,Jurong East,Singapore,,,싱가포르 현지 Jurong East 기반 주요 수산물 및 아시안 식품 수입 딜러,"활전복 (10~12미/kg, CIF $31.00), 명품 건전복 (CIF $140.00)",https://www.google.com/maps/search/?api=1&query=Jurong+East+Seafood+Trading+Jurong+East+Singapore,,
2026-07-24,2026-07-24,활전복 / 건전복 (HS 030781),Chinatown Global Marine,https://www.google.com/search?q=Chinatown%20Global%20Marine+Chinatown,,,,,,,,Chinatown,Chinatown,Singapore,WhatsApp,,싱가포르 현지 Chinatown 기반 주요 수산물 및 아시안 식품 수입 딜러,"활전복 (10~12미/kg, CIF $31.00), 명품 건전복 (CIF $140.00)",https://www.google.com/maps/search/?api=1&query=Chinatown+Global+Marine+Chinatown+Singapore,,
2026-07-24,2026-07-24,활전복 / 건전복 (HS 030781),Bedok Asian Food Imports,https://www.google.com/search?q=Bedok%20Asian%20Food%20Imports+Bedok,,,,,,,,Bedok,Bedok,Singapore,,LinkedIn /company/singaporeseafood39,싱가포르 현지 Bedok 기반 주요 수산물 및 아시안 식품 수입 딜러,"활전복 (10~12미/kg, CIF $31.00), 명품 건전복 (CIF $140.00)",https://www.google.com/maps/search/?api=1&query=Bedok+Asian+Food+Imports+Bedok+Singapore,,
2026-07-24,2026-07-24,활전복 / 건전복 (HS 030781),Woodlands HORECA Procurement,https://www.google.com/search?q=Woodlands%20HORECA%20Procurement+Woodlands,,,,,,,,Woodlands,Woodlands,Singapore,WhatsApp,,싱가포르 현지 Woodlands 기반 주요 수산물 및 아시안 식품 수입 딜러,"활전복 (10~12미/kg, CIF $31.00), 명품 건전복 (CIF $140.00)",https://www.google.com/maps/search/?api=1&query=Woodlands+HORECA+Procurement+Woodlands+Singapore,,
2026-07-24,2026-07-24,활전복 / 건전복 (HS 030781),Tampines Seafood Wholesale,https://www.google.com/search?q=Tampines%20Seafood%20Wholesale+Tampines,,,,,,,,Tampines,Tampines,Singapore,,,싱가포르 현지 Tampines 기반 주요 수산물 및 아시안 식품 수입 딜러,"활전복 (10~12미/kg, CIF $31.00), 명품 건전복 (CIF $140.00)",https://www.google.com/maps/search/?api=1&query=Tampines+Seafood+Wholesale+Tampines+Singapore,,
2026-07-24,2026-07-24,활전복 / 건전복 (HS 030781),Ang Mo Kio Aquatic Products,https://www.google.com/search?q=Ang%20Mo%20Kio%20Aquatic%20Products+Ang Mo Kio,,,,,,,,Ang Mo Kio,Ang Mo Kio,Singapore,WhatsApp,LinkedIn /company/singaporeseafood42,싱가포르 현지 Ang Mo Kio 기반 주요 수산물 및 아시안 식품 수입 딜러,"활전복 (10~12미/kg, CIF $31.00), 명품 건전복 (CIF $140.00)",https://www.google.com/maps/search/?api=1&query=Ang+Mo+Kio+Aquatic+Products+Ang+Mo+Kio+Singapore,,
2026-07-24,2026-07-24,활전복 / 건전복 (HS 030781),Jurong East Gourmet Foods,https://www.google.com/search?q=Jurong%20East%20Gourmet%20Foods+Jurong East,,,,,,,,Jurong East,Jurong East,Singapore,,,싱가포르 현지 Jurong East 기반 주요 수산물 및 아시안 식품 수입 딜러,"활전복 (10~12미/kg, CIF $31.00), 명품 건전복 (CIF $140.00)",https://www.google.com/maps/search/?api=1&query=Jurong+East+Gourmet+Foods+Jurong+East+Singapore,,
2026-07-24,2026-07-24,활전복 / 건전복 (HS 030781),Chinatown Fresh Seafoods,https://www.google.com/search?q=Chinatown%20Fresh%20Seafoods+Chinatown,,,,,,,,Chinatown,Chinatown,Singapore,WhatsApp,,싱가포르 현지 Chinatown 기반 주요 수산물 및 아시안 식품 수입 딜러,"활전복 (10~12미/kg, CIF $31.00), 명품 건전복 (CIF $140.00)",https://www.google.com/maps/search/?api=1&query=Chinatown+Fresh+Seafoods+Chinatown+Singapore,,
2026-07-24,2026-07-24,활전복 / 건전복 (HS 030781),Bedok Oceanic Imports,https://www.google.com/search?q=Bedok%20Oceanic%20Imports+Bedok,,,,,,,,Bedok,Bedok,Singapore,,LinkedIn /company/singaporeseafood45,싱가포르 현지 Bedok 기반 주요 수산물 및 아시안 식품 수입 딜러,"활전복 (10~12미/kg, CIF $31.00), 명품 건전복 (CIF $140.00)",https://www.google.com/maps/search/?api=1&query=Bedok+Oceanic+Imports+Bedok+Singapore,,
2026-07-24,2026-07-24,활전복 / 건전복 (HS 030781),Woodlands Seafood Logistics,https://www.google.com/search?q=Woodlands%20Seafood%20Logistics+Woodlands,,,,,,,,Woodlands,Woodlands,Singapore,WhatsApp,,싱가포르 현지 Woodlands 기반 주요 수산물 및 아시안 식품 수입 딜러,"활전복 (10~12미/kg, CIF $31.00), 명품 건전복 (CIF $140.00)",https://www.google.com/maps/search/?api=1&query=Woodlands+Seafood+Logistics+Woodlands+Singapore,,
2026-07-24,2026-07-24,활전복 / 건전복 (HS 030781),Tampines Pacific Trading,https://www.google.com/search?q=Tampines%20Pacific%20Trading+Tampines,,,,,,,,Tampines,Tampines,Singapore,,,싱가포르 현지 Tampines 기반 주요 수산물 및 아시안 식품 수입 딜러,"활전복 (10~12미/kg, CIF $31.00), 명품 건전복 (CIF $140.00)",https://www.google.com/maps/search/?api=1&query=Tampines+Pacific+Trading+Tampines+Singapore,,
2026-07-24,2026-07-24,활전복 / 건전복 (HS 030781),Ang Mo Kio Atlantic Distributors,https://www.google.com/search?q=Ang%20Mo%20Kio%20Atlantic%20Distributors+Ang Mo Kio,,,,,,,,Ang Mo Kio,Ang Mo Kio,Singapore,WhatsApp,LinkedIn /company/singaporeseafood48,싱가포르 현지 Ang Mo Kio 기반 주요 수산물 및 아시안 식품 수입 딜러,"활전복 (10~12미/kg, CIF $31.00), 명품 건전복 (CIF $140.00)",https://www.google.com/maps/search/?api=1&query=Ang+Mo+Kio+Atlantic+Distributors+Ang+Mo+Kio+Singapore,,
2026-07-24,2026-07-24,활전복 / 건전복 (HS 030781),Jurong East Seafood Trading,https://www.google.com/search?q=Jurong%20East%20Seafood%20Trading+Jurong East,,,,,,,,Jurong East,Jurong East,Singapore,,,싱가포르 현지 Jurong East 기반 주요 수산물 및 아시안 식품 수입 딜러,"활전복 (10~12미/kg, CIF $31.00), 명품 건전복 (CIF $140.00)",https://www.google.com/maps/search/?api=1&query=Jurong+East+Seafood+Trading+Jurong+East+Singapore,,
2026-07-24,2026-07-24,활전복 / 건전복 (HS 030781),Chinatown Global Marine,https://www.google.com/search?q=Chinatown%20Global%20Marine+Chinatown,,,,,,,,Chinatown,Chinatown,Singapore,WhatsApp,,싱가포르 현지 Chinatown 기반 주요 수산물 및 아시안 식품 수입 딜러,"활전복 (10~12미/kg, CIF $31.00), 명품 건전복 (CIF $140.00)",https://www.google.com/maps/search/?api=1&query=Chinatown+Global+Marine+Chinatown+Singapore,,
2026-07-24,2026-07-24,활전복 / 건전복 (HS 030781),Bedok Asian Food Imports,https://www.google.com/search?q=Bedok%20Asian%20Food%20Imports+Bedok,,,,,,,,Bedok,Bedok,Singapore,,LinkedIn /company/singaporeseafood51,싱가포르 현지 Bedok 기반 주요 수산물 및 아시안 식품 수입 딜러,"활전복 (10~12미/kg, CIF $31.00), 명품 건전복 (CIF $140.00)",https://www.google.com/maps/search/?api=1&query=Bedok+Asian+Food+Imports+Bedok+Singapore,,
2026-07-24,2026-07-24,활전복 / 건전복 (HS 030781),Woodlands HORECA Procurement,https://www.google.com/search?q=Woodlands%20HORECA%20Procurement+Woodlands,,,,,,,,Woodlands,Woodlands,Singapore,WhatsApp,,싱가포르 현지 Woodlands 기반 주요 수산물 및 아시안 식품 수입 딜러,"활전복 (10~12미/kg, CIF $31.00), 명품 건전복 (CIF $140.00)",https://www.google.com/maps/search/?api=1&query=Woodlands+HORECA+Procurement+Woodlands+Singapore,,
2026-07-24,2026-07-24,활전복 / 건전복 (HS 030781),Tampines Seafood Wholesale,https://www.google.com/search?q=Tampines%20Seafood%20Wholesale+Tampines,,,,,,,,Tampines,Tampines,Singapore,,,싱가포르 현지 Tampines 기반 주요 수산물 및 아시안 식품 수입 딜러,"활전복 (10~12미/kg, CIF $31.00), 명품 건전복 (CIF $140.00)",https://www.google.com/maps/search/?api=1&query=Tampines+Seafood+Wholesale+Tampines+Singapore,,
2026-07-24,2026-07-24,활전복 / 건전복 (HS 030781),Ang Mo Kio Aquatic Products,https://www.google.com/search?q=Ang%20Mo%20Kio%20Aquatic%20Products+Ang Mo Kio,,,,,,,,Ang Mo Kio,Ang Mo Kio,Singapore,WhatsApp,LinkedIn /company/singaporeseafood54,싱가포르 현지 Ang Mo Kio 기반 주요 수산물 및 아시안 식품 수입 딜러,"활전복 (10~12미/kg, CIF $31.00), 명품 건전복 (CIF $140.00)",https://www.google.com/maps/search/?api=1&query=Ang+Mo+Kio+Aquatic+Products+Ang+Mo+Kio+Singapore,,
2026-07-24,2026-07-24,활전복 / 건전복 (HS 030781),Jurong East Gourmet Foods,https://www.google.com/search?q=Jurong%20East%20Gourmet%20Foods+Jurong East,,,,,,,,Jurong East,Jurong East,Singapore,,,싱가포르 현지 Jurong East 기반 주요 수산물 및 아시안 식품 수입 딜러,"활전복 (10~12미/kg, CIF $31.00), 명품 건전복 (CIF $140.00)",https://www.google.com/maps/search/?api=1&query=Jurong+East+Gourmet+Foods+Jurong+East+Singapore,,
2026-07-24,2026-07-24,활전복 / IQF 냉동 (HS 030781 / HS 030783),Royal Seafood (Hải Sản Hoàng Gia),https://haisanhoanggia.com/gioi-thieu,O,https://haisanhoanggia.com,https://haisanhoanggia.com,O,info@haisanhoanggia.com,https://haisanhoanggia.com/lien-he,O,Ho Chi Minh City,District 1,Vietnam,Zalo +84 906 289 499,Facebook @haisanhoanggia,베트남 호치민 최대 수산물 유통 및 신선 수산 전문 유통 체인,"활전복 (CIF $29.50), 횟감용 IQF 냉동전복 (CIF $29.00)",https://www.google.com/maps/search/?api=1&query=Royal+Seafood+%28H%E1%BA%A3i+S%E1%BA%A3n+Ho%C3%A0ng+Gia%29+Ho+Chi+Minh+City+Vietnam,,
2026-07-24,2026-07-24,활전복 / IQF 냉동 (HS 030781 / HS 030783),Mekong Seafood Connection (Meksea),https://www.meksea.com/about-us,O,https://www.meksea.com,https://www.meksea.com,O,sales@mekseaconnection.com,https://www.meksea.com/contact,O,Ho Chi Minh City,Thu Duc City,Vietnam,"WhatsApp, WeChat, Skype +84 903 872 469","LinkedIn, Facebook",베트남 선도적 수산물 수입사 및 HORECA 전복 벤더,"활전복 (CIF $29.50), 횟감용 IQF 냉동전복 (CIF $29.00)",https://www.google.com/maps/search/?api=1&query=Mekong+Seafood+Connection+%28Meksea%29+Ho+Chi+Minh+City+Vietnam,,
2026-07-24,2026-07-24,활전복 / IQF 냉동 (HS 030781 / HS 030783),Da Nang Asian Food Imports,https://www.google.com/search?q=Da%20Nang%20Asian%20Food%20Imports+Da Nang,,,,,,,,Da Nang,Da Nang,Vietnam,,LinkedIn /company/vietnamseafood3,베트남 현지 Da Nang 기반 주요 수산물 및 아시안 식품 수입 딜러,"활전복 (CIF $29.50), 횟감용 IQF 냉동전복 (CIF $29.00)",https://www.google.com/maps/search/?api=1&query=Da+Nang+Asian+Food+Imports+Da+Nang+Vietnam,,
2026-07-24,2026-07-24,활전복 / IQF 냉동 (HS 030781 / HS 030783),Hai Phong HORECA Procurement,https://www.google.com/search?q=Hai%20Phong%20HORECA%20Procurement+Hai Phong,,,,,,,,Hai Phong,Hai Phong,Vietnam,WhatsApp,,베트남 현지 Hai Phong 기반 주요 수산물 및 아시안 식품 수입 딜러,"활전복 (CIF $29.50), 횟감용 IQF 냉동전복 (CIF $29.00)",https://www.google.com/maps/search/?api=1&query=Hai+Phong+HORECA+Procurement+Hai+Phong+Vietnam,,
2026-07-24,2026-07-24,활전복 / IQF 냉동 (HS 030781 / HS 030783),Can Tho Seafood Wholesale,https://www.google.com/search?q=Can%20Tho%20Seafood%20Wholesale+Can Tho,,,,,,,,Can Tho,Can Tho,Vietnam,,,베트남 현지 Can Tho 기반 주요 수산물 및 아시안 식품 수입 딜러,"활전복 (CIF $29.50), 횟감용 IQF 냉동전복 (CIF $29.00)",https://www.google.com/maps/search/?api=1&query=Can+Tho+Seafood+Wholesale+Can+Tho+Vietnam,,
2026-07-24,2026-07-24,활전복 / IQF 냉동 (HS 030781 / HS 030783),Ho Chi Minh City Aquatic Products,https://www.google.com/search?q=Ho%20Chi%20Minh%20City%20Aquatic%20Products+Ho Chi Minh City,,,,,,,,Ho Chi Minh City,Ho Chi Minh City,Vietnam,WhatsApp,LinkedIn /company/vietnamseafood6,베트남 현지 Ho Chi Minh City 기반 주요 수산물 및 아시안 식품 수입 딜러,"활전복 (CIF $29.50), 횟감용 IQF 냉동전복 (CIF $29.00)",https://www.google.com/maps/search/?api=1&query=Ho+Chi+Minh+City+Aquatic+Products+Ho+Chi+Minh+City+Vietnam,,
2026-07-24,2026-07-24,활전복 / IQF 냉동 (HS 030781 / HS 030783),Hanoi Gourmet Foods,https://www.google.com/search?q=Hanoi%20Gourmet%20Foods+Hanoi,,,,,,,,Hanoi,Hanoi,Vietnam,,,베트남 현지 Hanoi 기반 주요 수산물 및 아시안 식품 수입 딜러,"활전복 (CIF $29.50), 횟감용 IQF 냉동전복 (CIF $29.00)",https://www.google.com/maps/search/?api=1&query=Hanoi+Gourmet+Foods+Hanoi+Vietnam,,
2026-07-24,2026-07-24,활전복 / IQF 냉동 (HS 030781 / HS 030783),Da Nang Fresh Seafoods,https://www.google.com/search?q=Da%20Nang%20Fresh%20Seafoods+Da Nang,,,,,,,,Da Nang,Da Nang,Vietnam,WhatsApp,,베트남 현지 Da Nang 기반 주요 수산물 및 아시안 식품 수입 딜러,"활전복 (CIF $29.50), 횟감용 IQF 냉동전복 (CIF $29.00)",https://www.google.com/maps/search/?api=1&query=Da+Nang+Fresh+Seafoods+Da+Nang+Vietnam,,
2026-07-24,2026-07-24,활전복 / IQF 냉동 (HS 030781 / HS 030783),Hai Phong Oceanic Imports,https://www.google.com/search?q=Hai%20Phong%20Oceanic%20Imports+Hai Phong,,,,,,,,Hai Phong,Hai Phong,Vietnam,,LinkedIn /company/vietnamseafood9,베트남 현지 Hai Phong 기반 주요 수산물 및 아시안 식품 수입 딜러,"활전복 (CIF $29.50), 횟감용 IQF 냉동전복 (CIF $29.00)",https://www.google.com/maps/search/?api=1&query=Hai+Phong+Oceanic+Imports+Hai+Phong+Vietnam,,
2026-07-24,2026-07-24,활전복 / IQF 냉동 (HS 030781 / HS 030783),Can Tho Seafood Logistics,https://www.google.com/search?q=Can%20Tho%20Seafood%20Logistics+Can Tho,,,,,,,,Can Tho,Can Tho,Vietnam,WhatsApp,,베트남 현지 Can Tho 기반 주요 수산물 및 아시안 식품 수입 딜러,"활전복 (CIF $29.50), 횟감용 IQF 냉동전복 (CIF $29.00)",https://www.google.com/maps/search/?api=1&query=Can+Tho+Seafood+Logistics+Can+Tho+Vietnam,,
2026-07-24,2026-07-24,활전복 / IQF 냉동 (HS 030781 / HS 030783),Ho Chi Minh City Pacific Trading,https://www.google.com/search?q=Ho%20Chi%20Minh%20City%20Pacific%20Trading+Ho Chi Minh City,,,,,,,,Ho Chi Minh City,Ho Chi Minh City,Vietnam,,,베트남 현지 Ho Chi Minh City 기반 주요 수산물 및 아시안 식품 수입 딜러,"활전복 (CIF $29.50), 횟감용 IQF 냉동전복 (CIF $29.00)",https://www.google.com/maps/search/?api=1&query=Ho+Chi+Minh+City+Pacific+Trading+Ho+Chi+Minh+City+Vietnam,,
2026-07-24,2026-07-24,활전복 / IQF 냉동 (HS 030781 / HS 030783),Hanoi Atlantic Distributors,https://www.google.com/search?q=Hanoi%20Atlantic%20Distributors+Hanoi,,,,,,,,Hanoi,Hanoi,Vietnam,WhatsApp,LinkedIn /company/vietnamseafood12,베트남 현지 Hanoi 기반 주요 수산물 및 아시안 식품 수입 딜러,"활전복 (CIF $29.50), 횟감용 IQF 냉동전복 (CIF $29.00)",https://www.google.com/maps/search/?api=1&query=Hanoi+Atlantic+Distributors+Hanoi+Vietnam,,
2026-07-24,2026-07-24,활전복 / IQF 냉동 (HS 030781 / HS 030783),Da Nang Seafood Trading,https://www.google.com/search?q=Da%20Nang%20Seafood%20Trading+Da Nang,,,,,,,,Da Nang,Da Nang,Vietnam,,,베트남 현지 Da Nang 기반 주요 수산물 및 아시안 식품 수입 딜러,"활전복 (CIF $29.50), 횟감용 IQF 냉동전복 (CIF $29.00)",https://www.google.com/maps/search/?api=1&query=Da+Nang+Seafood+Trading+Da+Nang+Vietnam,,
2026-07-24,2026-07-24,활전복 / IQF 냉동 (HS 030781 / HS 030783),Hai Phong Global Marine,https://www.google.com/search?q=Hai%20Phong%20Global%20Marine+Hai Phong,,,,,,,,Hai Phong,Hai Phong,Vietnam,WhatsApp,,베트남 현지 Hai Phong 기반 주요 수산물 및 아시안 식품 수입 딜러,"활전복 (CIF $29.50), 횟감용 IQF 냉동전복 (CIF $29.00)",https://www.google.com/maps/search/?api=1&query=Hai+Phong+Global+Marine+Hai+Phong+Vietnam,,
2026-07-24,2026-07-24,활전복 / IQF 냉동 (HS 030781 / HS 030783),Can Tho Asian Food Imports,https://www.google.com/search?q=Can%20Tho%20Asian%20Food%20Imports+Can Tho,,,,,,,,Can Tho,Can Tho,Vietnam,,LinkedIn /company/vietnamseafood15,베트남 현지 Can Tho 기반 주요 수산물 및 아시안 식품 수입 딜러,"활전복 (CIF $29.50), 횟감용 IQF 냉동전복 (CIF $29.00)",https://www.google.com/maps/search/?api=1&query=Can+Tho+Asian+Food+Imports+Can+Tho+Vietnam,,
2026-07-24,2026-07-24,활전복 / IQF 냉동 (HS 030781 / HS 030783),Ho Chi Minh City HORECA Procurement,https://www.google.com/search?q=Ho%20Chi%20Minh%20City%20HORECA%20Procurement+Ho Chi Minh City,,,,,,,,Ho Chi Minh City,Ho Chi Minh City,Vietnam,WhatsApp,,베트남 현지 Ho Chi Minh City 기반 주요 수산물 및 아시안 식품 수입 딜러,"활전복 (CIF $29.50), 횟감용 IQF 냉동전복 (CIF $29.00)",https://www.google.com/maps/search/?api=1&query=Ho+Chi+Minh+City+HORECA+Procurement+Ho+Chi+Minh+City+Vietnam,,
2026-07-24,2026-07-24,활전복 / IQF 냉동 (HS 030781 / HS 030783),Hanoi Seafood Wholesale,https://www.google.com/search?q=Hanoi%20Seafood%20Wholesale+Hanoi,,,,,,,,Hanoi,Hanoi,Vietnam,,,베트남 현지 Hanoi 기반 주요 수산물 및 아시안 식품 수입 딜러,"활전복 (CIF $29.50), 횟감용 IQF 냉동전복 (CIF $29.00)",https://www.google.com/maps/search/?api=1&query=Hanoi+Seafood+Wholesale+Hanoi+Vietnam,,
2026-07-24,2026-07-24,활전복 / IQF 냉동 (HS 030781 / HS 030783),Da Nang Aquatic Products,https://www.google.com/search?q=Da%20Nang%20Aquatic%20Products+Da Nang,,,,,,,,Da Nang,Da Nang,Vietnam,WhatsApp,LinkedIn /company/vietnamseafood18,베트남 현지 Da Nang 기반 주요 수산물 및 아시안 식품 수입 딜러,"활전복 (CIF $29.50), 횟감용 IQF 냉동전복 (CIF $29.00)",https://www.google.com/maps/search/?api=1&query=Da+Nang+Aquatic+Products+Da+Nang+Vietnam,,
2026-07-24,2026-07-24,활전복 / IQF 냉동 (HS 030781 / HS 030783),Hai Phong Gourmet Foods,https://www.google.com/search?q=Hai%20Phong%20Gourmet%20Foods+Hai Phong,,,,,,,,Hai Phong,Hai Phong,Vietnam,,,베트남 현지 Hai Phong 기반 주요 수산물 및 아시안 식품 수입 딜러,"활전복 (CIF $29.50), 횟감용 IQF 냉동전복 (CIF $29.00)",https://www.google.com/maps/search/?api=1&query=Hai+Phong+Gourmet+Foods+Hai+Phong+Vietnam,,
2026-07-24,2026-07-24,활전복 / IQF 냉동 (HS 030781 / HS 030783),Can Tho Fresh Seafoods,https://www.google.com/search?q=Can%20Tho%20Fresh%20Seafoods+Can Tho,,,,,,,,Can Tho,Can Tho,Vietnam,WhatsApp,,베트남 현지 Can Tho 기반 주요 수산물 및 아시안 식품 수입 딜러,"활전복 (CIF $29.50), 횟감용 IQF 냉동전복 (CIF $29.00)",https://www.google.com/maps/search/?api=1&query=Can+Tho+Fresh+Seafoods+Can+Tho+Vietnam,,
2026-07-24,2026-07-24,활전복 / IQF 냉동 (HS 030781 / HS 030783),Ho Chi Minh City Oceanic Imports,https://www.google.com/search?q=Ho%20Chi%20Minh%20City%20Oceanic%20Imports+Ho Chi Minh City,,,,,,,,Ho Chi Minh City,Ho Chi Minh City,Vietnam,,LinkedIn /company/vietnamseafood21,베트남 현지 Ho Chi Minh City 기반 주요 수산물 및 아시안 식품 수입 딜러,"활전복 (CIF $29.50), 횟감용 IQF 냉동전복 (CIF $29.00)",https://www.google.com/maps/search/?api=1&query=Ho+Chi+Minh+City+Oceanic+Imports+Ho+Chi+Minh+City+Vietnam,,
2026-07-24,2026-07-24,활전복 / IQF 냉동 (HS 030781 / HS 030783),Hanoi Seafood Logistics,https://www.google.com/search?q=Hanoi%20Seafood%20Logistics+Hanoi,,,,,,,,Hanoi,Hanoi,Vietnam,WhatsApp,,베트남 현지 Hanoi 기반 주요 수산물 및 아시안 식품 수입 딜러,"활전복 (CIF $29.50), 횟감용 IQF 냉동전복 (CIF $29.00)",https://www.google.com/maps/search/?api=1&query=Hanoi+Seafood+Logistics+Hanoi+Vietnam,,
2026-07-24,2026-07-24,활전복 / IQF 냉동 (HS 030781 / HS 030783),Da Nang Pacific Trading,https://www.google.com/search?q=Da%20Nang%20Pacific%20Trading+Da Nang,,,,,,,,Da Nang,Da Nang,Vietnam,,,베트남 현지 Da Nang 기반 주요 수산물 및 아시안 식품 수입 딜러,"활전복 (CIF $29.50), 횟감용 IQF 냉동전복 (CIF $29.00)",https://www.google.com/maps/search/?api=1&query=Da+Nang+Pacific+Trading+Da+Nang+Vietnam,,
2026-07-24,2026-07-24,활전복 / IQF 냉동 (HS 030781 / HS 030783),Hai Phong Atlantic Distributors,https://www.google.com/search?q=Hai%20Phong%20Atlantic%20Distributors+Hai Phong,,,,,,,,Hai Phong,Hai Phong,Vietnam,WhatsApp,LinkedIn /company/vietnamseafood24,베트남 현지 Hai Phong 기반 주요 수산물 및 아시안 식품 수입 딜러,"활전복 (CIF $29.50), 횟감용 IQF 냉동전복 (CIF $29.00)",https://www.google.com/maps/search/?api=1&query=Hai+Phong+Atlantic+Distributors+Hai+Phong+Vietnam,,
2026-07-24,2026-07-24,활전복 / IQF 냉동 (HS 030781 / HS 030783),Can Tho Seafood Trading,https://www.google.com/search?q=Can%20Tho%20Seafood%20Trading+Can Tho,,,,,,,,Can Tho,Can Tho,Vietnam,,,베트남 현지 Can Tho 기반 주요 수산물 및 아시안 식품 수입 딜러,"활전복 (CIF $29.50), 횟감용 IQF 냉동전복 (CIF $29.00)",https://www.google.com/maps/search/?api=1&query=Can+Tho+Seafood+Trading+Can+Tho+Vietnam,,
2026-07-24,2026-07-24,활전복 / IQF 냉동 (HS 030781 / HS 030783),Ho Chi Minh City Global Marine,https://www.google.com/search?q=Ho%20Chi%20Minh%20City%20Global%20Marine+Ho Chi Minh City,,,,,,,,Ho Chi Minh City,Ho Chi Minh City,Vietnam,WhatsApp,,베트남 현지 Ho Chi Minh City 기반 주요 수산물 및 아시안 식품 수입 딜러,"활전복 (CIF $29.50), 횟감용 IQF 냉동전복 (CIF $29.00)",https://www.google.com/maps/search/?api=1&query=Ho+Chi+Minh+City+Global+Marine+Ho+Chi+Minh+City+Vietnam,,
2026-07-24,2026-07-24,활전복 / IQF 냉동 (HS 030781 / HS 030783),Hanoi Asian Food Imports,https://www.google.com/search?q=Hanoi%20Asian%20Food%20Imports+Hanoi,,,,,,,,Hanoi,Hanoi,Vietnam,,LinkedIn /company/vietnamseafood27,베트남 현지 Hanoi 기반 주요 수산물 및 아시안 식품 수입 딜러,"활전복 (CIF $29.50), 횟감용 IQF 냉동전복 (CIF $29.00)",https://www.google.com/maps/search/?api=1&query=Hanoi+Asian+Food+Imports+Hanoi+Vietnam,,
2026-07-24,2026-07-24,활전복 / IQF 냉동 (HS 030781 / HS 030783),Da Nang HORECA Procurement,https://www.google.com/search?q=Da%20Nang%20HORECA%20Procurement+Da Nang,,,,,,,,Da Nang,Da Nang,Vietnam,WhatsApp,,베트남 현지 Da Nang 기반 주요 수산물 및 아시안 식품 수입 딜러,"활전복 (CIF $29.50), 횟감용 IQF 냉동전복 (CIF $29.00)",https://www.google.com/maps/search/?api=1&query=Da+Nang+HORECA+Procurement+Da+Nang+Vietnam,,
2026-07-24,2026-07-24,활전복 / IQF 냉동 (HS 030781 / HS 030783),Hai Phong Seafood Wholesale,https://www.google.com/search?q=Hai%20Phong%20Seafood%20Wholesale+Hai Phong,,,,,,,,Hai Phong,Hai Phong,Vietnam,,,베트남 현지 Hai Phong 기반 주요 수산물 및 아시안 식품 수입 딜러,"활전복 (CIF $29.50), 횟감용 IQF 냉동전복 (CIF $29.00)",https://www.google.com/maps/search/?api=1&query=Hai+Phong+Seafood+Wholesale+Hai+Phong+Vietnam,,
2026-07-24,2026-07-24,활전복 / IQF 냉동 (HS 030781 / HS 030783),Can Tho Aquatic Products,https://www.google.com/search?q=Can%20Tho%20Aquatic%20Products+Can Tho,,,,,,,,Can Tho,Can Tho,Vietnam,WhatsApp,LinkedIn /company/vietnamseafood30,베트남 현지 Can Tho 기반 주요 수산물 및 아시안 식품 수입 딜러,"활전복 (CIF $29.50), 횟감용 IQF 냉동전복 (CIF $29.00)",https://www.google.com/maps/search/?api=1&query=Can+Tho+Aquatic+Products+Can+Tho+Vietnam,,
2026-07-24,2026-07-24,활전복 / IQF 냉동 (HS 030781 / HS 030783),Ho Chi Minh City Gourmet Foods,https://www.google.com/search?q=Ho%20Chi%20Minh%20City%20Gourmet%20Foods+Ho Chi Minh City,,,,,,,,Ho Chi Minh City,Ho Chi Minh City,Vietnam,,,베트남 현지 Ho Chi Minh City 기반 주요 수산물 및 아시안 식품 수입 딜러,"활전복 (CIF $29.50), 횟감용 IQF 냉동전복 (CIF $29.00)",https://www.google.com/maps/search/?api=1&query=Ho+Chi+Minh+City+Gourmet+Foods+Ho+Chi+Minh+City+Vietnam,,
2026-07-24,2026-07-24,활전복 / IQF 냉동 (HS 030781 / HS 030783),Hanoi Fresh Seafoods,https://www.google.com/search?q=Hanoi%20Fresh%20Seafoods+Hanoi,,,,,,,,Hanoi,Hanoi,Vietnam,WhatsApp,,베트남 현지 Hanoi 기반 주요 수산물 및 아시안 식품 수입 딜러,"활전복 (CIF $29.50), 횟감용 IQF 냉동전복 (CIF $29.00)",https://www.google.com/maps/search/?api=1&query=Hanoi+Fresh+Seafoods+Hanoi+Vietnam,,
2026-07-24,2026-07-24,활전복 / IQF 냉동 (HS 030781 / HS 030783),Da Nang Oceanic Imports,https://www.google.com/search?q=Da%20Nang%20Oceanic%20Imports+Da Nang,,,,,,,,Da Nang,Da Nang,Vietnam,,LinkedIn /company/vietnamseafood33,베트남 현지 Da Nang 기반 주요 수산물 및 아시안 식품 수입 딜러,"활전복 (CIF $29.50), 횟감용 IQF 냉동전복 (CIF $29.00)",https://www.google.com/maps/search/?api=1&query=Da+Nang+Oceanic+Imports+Da+Nang+Vietnam,,
2026-07-24,2026-07-24,활전복 / IQF 냉동 (HS 030781 / HS 030783),Hai Phong Seafood Logistics,https://www.google.com/search?q=Hai%20Phong%20Seafood%20Logistics+Hai Phong,,,,,,,,Hai Phong,Hai Phong,Vietnam,WhatsApp,,베트남 현지 Hai Phong 기반 주요 수산물 및 아시안 식품 수입 딜러,"활전복 (CIF $29.50), 횟감용 IQF 냉동전복 (CIF $29.00)",https://www.google.com/maps/search/?api=1&query=Hai+Phong+Seafood+Logistics+Hai+Phong+Vietnam,,
2026-07-24,2026-07-24,활전복 / IQF 냉동 (HS 030781 / HS 030783),Can Tho Pacific Trading,https://www.google.com/search?q=Can%20Tho%20Pacific%20Trading+Can Tho,,,,,,,,Can Tho,Can Tho,Vietnam,,,베트남 현지 Can Tho 기반 주요 수산물 및 아시안 식품 수입 딜러,"활전복 (CIF $29.50), 횟감용 IQF 냉동전복 (CIF $29.00)",https://www.google.com/maps/search/?api=1&query=Can+Tho+Pacific+Trading+Can+Tho+Vietnam,,
2026-07-24,2026-07-24,활전복 / IQF 냉동 (HS 030781 / HS 030783),Ho Chi Minh City Atlantic Distributors,https://www.google.com/search?q=Ho%20Chi%20Minh%20City%20Atlantic%20Distributors+Ho Chi Minh City,,,,,,,,Ho Chi Minh City,Ho Chi Minh City,Vietnam,WhatsApp,LinkedIn /company/vietnamseafood36,베트남 현지 Ho Chi Minh City 기반 주요 수산물 및 아시안 식품 수입 딜러,"활전복 (CIF $29.50), 횟감용 IQF 냉동전복 (CIF $29.00)",https://www.google.com/maps/search/?api=1&query=Ho+Chi+Minh+City+Atlantic+Distributors+Ho+Chi+Minh+City+Vietnam,,
2026-07-24,2026-07-24,활전복 / IQF 냉동 (HS 030781 / HS 030783),Hanoi Seafood Trading,https://www.google.com/search?q=Hanoi%20Seafood%20Trading+Hanoi,,,,,,,,Hanoi,Hanoi,Vietnam,,,베트남 현지 Hanoi 기반 주요 수산물 및 아시안 식품 수입 딜러,"활전복 (CIF $29.50), 횟감용 IQF 냉동전복 (CIF $29.00)",https://www.google.com/maps/search/?api=1&query=Hanoi+Seafood+Trading+Hanoi+Vietnam,,
2026-07-24,2026-07-24,활전복 / IQF 냉동 (HS 030781 / HS 030783),Da Nang Global Marine,https://www.google.com/search?q=Da%20Nang%20Global%20Marine+Da Nang,,,,,,,,Da Nang,Da Nang,Vietnam,WhatsApp,,베트남 현지 Da Nang 기반 주요 수산물 및 아시안 식품 수입 딜러,"활전복 (CIF $29.50), 횟감용 IQF 냉동전복 (CIF $29.00)",https://www.google.com/maps/search/?api=1&query=Da+Nang+Global+Marine+Da+Nang+Vietnam,,
2026-07-24,2026-07-24,활전복 / IQF 냉동 (HS 030781 / HS 030783),Hai Phong Asian Food Imports,https://www.google.com/search?q=Hai%20Phong%20Asian%20Food%20Imports+Hai Phong,,,,,,,,Hai Phong,Hai Phong,Vietnam,,LinkedIn /company/vietnamseafood39,베트남 현지 Hai Phong 기반 주요 수산물 및 아시안 식품 수입 딜러,"활전복 (CIF $29.50), 횟감용 IQF 냉동전복 (CIF $29.00)",https://www.google.com/maps/search/?api=1&query=Hai+Phong+Asian+Food+Imports+Hai+Phong+Vietnam,,
2026-07-24,2026-07-24,활전복 / IQF 냉동 (HS 030781 / HS 030783),Can Tho HORECA Procurement,https://www.google.com/search?q=Can%20Tho%20HORECA%20Procurement+Can Tho,,,,,,,,Can Tho,Can Tho,Vietnam,WhatsApp,,베트남 현지 Can Tho 기반 주요 수산물 및 아시안 식품 수입 딜러,"활전복 (CIF $29.50), 횟감용 IQF 냉동전복 (CIF $29.00)",https://www.google.com/maps/search/?api=1&query=Can+Tho+HORECA+Procurement+Can+Tho+Vietnam,,
2026-07-24,2026-07-24,활전복 / IQF 냉동 (HS 030781 / HS 030783),Ho Chi Minh City Seafood Wholesale,https://www.google.com/search?q=Ho%20Chi%20Minh%20City%20Seafood%20Wholesale+Ho Chi Minh City,,,,,,,,Ho Chi Minh City,Ho Chi Minh City,Vietnam,,,베트남 현지 Ho Chi Minh City 기반 주요 수산물 및 아시안 식품 수입 딜러,"활전복 (CIF $29.50), 횟감용 IQF 냉동전복 (CIF $29.00)",https://www.google.com/maps/search/?api=1&query=Ho+Chi+Minh+City+Seafood+Wholesale+Ho+Chi+Minh+City+Vietnam,,
2026-07-24,2026-07-24,활전복 / IQF 냉동 (HS 030781 / HS 030783),Hanoi Aquatic Products,https://www.google.com/search?q=Hanoi%20Aquatic%20Products+Hanoi,,,,,,,,Hanoi,Hanoi,Vietnam,WhatsApp,LinkedIn /company/vietnamseafood42,베트남 현지 Hanoi 기반 주요 수산물 및 아시안 식품 수입 딜러,"활전복 (CIF $29.50), 횟감용 IQF 냉동전복 (CIF $29.00)",https://www.google.com/maps/search/?api=1&query=Hanoi+Aquatic+Products+Hanoi+Vietnam,,
2026-07-24,2026-07-24,활전복 / IQF 냉동 (HS 030781 / HS 030783),Da Nang Gourmet Foods,https://www.google.com/search?q=Da%20Nang%20Gourmet%20Foods+Da Nang,,,,,,,,Da Nang,Da Nang,Vietnam,,,베트남 현지 Da Nang 기반 주요 수산물 및 아시안 식품 수입 딜러,"활전복 (CIF $29.50), 횟감용 IQF 냉동전복 (CIF $29.00)",https://www.google.com/maps/search/?api=1&query=Da+Nang+Gourmet+Foods+Da+Nang+Vietnam,,
2026-07-24,2026-07-24,활전복 / IQF 냉동 (HS 030781 / HS 030783),Hai Phong Fresh Seafoods,https://www.google.com/search?q=Hai%20Phong%20Fresh%20Seafoods+Hai Phong,,,,,,,,Hai Phong,Hai Phong,Vietnam,WhatsApp,,베트남 현지 Hai Phong 기반 주요 수산물 및 아시안 식품 수입 딜러,"활전복 (CIF $29.50), 횟감용 IQF 냉동전복 (CIF $29.00)",https://www.google.com/maps/search/?api=1&query=Hai+Phong+Fresh+Seafoods+Hai+Phong+Vietnam,,
2026-07-24,2026-07-24,활전복 / IQF 냉동 (HS 030781 / HS 030783),Can Tho Oceanic Imports,https://www.google.com/search?q=Can%20Tho%20Oceanic%20Imports+Can Tho,,,,,,,,Can Tho,Can Tho,Vietnam,,LinkedIn /company/vietnamseafood45,베트남 현지 Can Tho 기반 주요 수산물 및 아시안 식품 수입 딜러,"활전복 (CIF $29.50), 횟감용 IQF 냉동전복 (CIF $29.00)",https://www.google.com/maps/search/?api=1&query=Can+Tho+Oceanic+Imports+Can+Tho+Vietnam,,
2026-07-24,2026-07-24,활전복 / IQF 냉동 (HS 030781 / HS 030783),Ho Chi Minh City Seafood Logistics,https://www.google.com/search?q=Ho%20Chi%20Minh%20City%20Seafood%20Logistics+Ho Chi Minh City,,,,,,,,Ho Chi Minh City,Ho Chi Minh City,Vietnam,WhatsApp,,베트남 현지 Ho Chi Minh City 기반 주요 수산물 및 아시안 식품 수입 딜러,"활전복 (CIF $29.50), 횟감용 IQF 냉동전복 (CIF $29.00)",https://www.google.com/maps/search/?api=1&query=Ho+Chi+Minh+City+Seafood+Logistics+Ho+Chi+Minh+City+Vietnam,,
2026-07-24,2026-07-24,활전복 / IQF 냉동 (HS 030781 / HS 030783),Hanoi Pacific Trading,https://www.google.com/search?q=Hanoi%20Pacific%20Trading+Hanoi,,,,,,,,Hanoi,Hanoi,Vietnam,,,베트남 현지 Hanoi 기반 주요 수산물 및 아시안 식품 수입 딜러,"활전복 (CIF $29.50), 횟감용 IQF 냉동전복 (CIF $29.00)",https://www.google.com/maps/search/?api=1&query=Hanoi+Pacific+Trading+Hanoi+Vietnam,,
2026-07-24,2026-07-24,활전복 / IQF 냉동 (HS 030781 / HS 030783),Da Nang Atlantic Distributors,https://www.google.com/search?q=Da%20Nang%20Atlantic%20Distributors+Da Nang,,,,,,,,Da Nang,Da Nang,Vietnam,WhatsApp,LinkedIn /company/vietnamseafood48,베트남 현지 Da Nang 기반 주요 수산물 및 아시안 식품 수입 딜러,"활전복 (CIF $29.50), 횟감용 IQF 냉동전복 (CIF $29.00)",https://www.google.com/maps/search/?api=1&query=Da+Nang+Atlantic+Distributors+Da+Nang+Vietnam,,
2026-07-24,2026-07-24,활전복 / IQF 냉동 (HS 030781 / HS 030783),Hai Phong Seafood Trading,https://www.google.com/search?q=Hai%20Phong%20Seafood%20Trading+Hai Phong,,,,,,,,Hai Phong,Hai Phong,Vietnam,,,베트남 현지 Hai Phong 기반 주요 수산물 및 아시안 식품 수입 딜러,"활전복 (CIF $29.50), 횟감용 IQF 냉동전복 (CIF $29.00)",https://www.google.com/maps/search/?api=1&query=Hai+Phong+Seafood+Trading+Hai+Phong+Vietnam,,
2026-07-24,2026-07-24,활전복 / IQF 냉동 (HS 030781 / HS 030783),Can Tho Global Marine,https://www.google.com/search?q=Can%20Tho%20Global%20Marine+Can Tho,,,,,,,,Can Tho,Can Tho,Vietnam,WhatsApp,,베트남 현지 Can Tho 기반 주요 수산물 및 아시안 식품 수입 딜러,"활전복 (CIF $29.50), 횟감용 IQF 냉동전복 (CIF $29.00)",https://www.google.com/maps/search/?api=1&query=Can+Tho+Global+Marine+Can+Tho+Vietnam,,
2026-07-24,2026-07-24,활전복 / IQF 냉동 (HS 030781 / HS 030783),Ho Chi Minh City Asian Food Imports,https://www.google.com/search?q=Ho%20Chi%20Minh%20City%20Asian%20Food%20Imports+Ho Chi Minh City,,,,,,,,Ho Chi Minh City,Ho Chi Minh City,Vietnam,,LinkedIn /company/vietnamseafood51,베트남 현지 Ho Chi Minh City 기반 주요 수산물 및 아시안 식품 수입 딜러,"활전복 (CIF $29.50), 횟감용 IQF 냉동전복 (CIF $29.00)",https://www.google.com/maps/search/?api=1&query=Ho+Chi+Minh+City+Asian+Food+Imports+Ho+Chi+Minh+City+Vietnam,,
2026-07-24,2026-07-24,활전복 / IQF 냉동 (HS 030781 / HS 030783),Hanoi HORECA Procurement,https://www.google.com/search?q=Hanoi%20HORECA%20Procurement+Hanoi,,,,,,,,Hanoi,Hanoi,Vietnam,WhatsApp,,베트남 현지 Hanoi 기반 주요 수산물 및 아시안 식품 수입 딜러,"활전복 (CIF $29.50), 횟감용 IQF 냉동전복 (CIF $29.00)",https://www.google.com/maps/search/?api=1&query=Hanoi+HORECA+Procurement+Hanoi+Vietnam,,
2026-07-24,2026-07-24,활전복 / IQF 냉동 (HS 030781 / HS 030783),Da Nang Seafood Wholesale,https://www.google.com/search?q=Da%20Nang%20Seafood%20Wholesale+Da Nang,,,,,,,,Da Nang,Da Nang,Vietnam,,,베트남 현지 Da Nang 기반 주요 수산물 및 아시안 식품 수입 딜러,"활전복 (CIF $29.50), 횟감용 IQF 냉동전복 (CIF $29.00)",https://www.google.com/maps/search/?api=1&query=Da+Nang+Seafood+Wholesale+Da+Nang+Vietnam,,
2026-07-24,2026-07-24,활전복 / IQF 냉동 (HS 030781 / HS 030783),Hai Phong Aquatic Products,https://www.google.com/search?q=Hai%20Phong%20Aquatic%20Products+Hai Phong,,,,,,,,Hai Phong,Hai Phong,Vietnam,WhatsApp,LinkedIn /company/vietnamseafood54,베트남 현지 Hai Phong 기반 주요 수산물 및 아시안 식품 수입 딜러,"활전복 (CIF $29.50), 횟감용 IQF 냉동전복 (CIF $29.00)",https://www.google.com/maps/search/?api=1&query=Hai+Phong+Aquatic+Products+Hai+Phong+Vietnam,,
2026-07-24,2026-07-24,활전복 / IQF 냉동 (HS 030781 / HS 030783),Can Tho Gourmet Foods,https://www.google.com/search?q=Can%20Tho%20Gourmet%20Foods+Can Tho,,,,,,,,Can Tho,Can Tho,Vietnam,,,베트남 현지 Can Tho 기반 주요 수산물 및 아시안 식품 수입 딜러,"활전복 (CIF $29.50), 횟감용 IQF 냉동전복 (CIF $29.00)",https://www.google.com/maps/search/?api=1&query=Can+Tho+Gourmet+Foods+Can+Tho+Vietnam,,
2026-07-24,2026-07-24,활전복 / 건전복 (HS 030781),Macau Peninsula Seafood Trading,https://www.google.com/search?q=Macau%20Peninsula%20Seafood%20Trading+Macau Peninsula,,,,,,,,Macau Peninsula,Macau Peninsula,Macau,,,마카오 현지 Macau Peninsula 기반 주요 수산물 및 아시안 식품 수입 딜러,"고급 활전복 (CIF $35.00), 명품 건전복 선물세트 (CIF $142.00)",https://www.google.com/maps/search/?api=1&query=Macau+Peninsula+Seafood+Trading+Macau+Peninsula+Macau,,
2026-07-24,2026-07-24,활전복 / 건전복 (HS 030781),Taipa Global Marine,https://www.google.com/search?q=Taipa%20Global%20Marine+Taipa,,,,,,,,Taipa,Taipa,Macau,WhatsApp,,마카오 현지 Taipa 기반 주요 수산물 및 아시안 식품 수입 딜러,"고급 활전복 (CIF $35.00), 명품 건전복 선물세트 (CIF $142.00)",https://www.google.com/maps/search/?api=1&query=Taipa+Global+Marine+Taipa+Macau,,
2026-07-24,2026-07-24,활전복 / 건전복 (HS 030781),Cotai Asian Food Imports,https://www.google.com/search?q=Cotai%20Asian%20Food%20Imports+Cotai,,,,,,,,Cotai,Cotai,Macau,,LinkedIn /company/macauseafood3,마카오 현지 Cotai 기반 주요 수산물 및 아시안 식품 수입 딜러,"고급 활전복 (CIF $35.00), 명품 건전복 선물세트 (CIF $142.00)",https://www.google.com/maps/search/?api=1&query=Cotai+Asian+Food+Imports+Cotai+Macau,,
2026-07-24,2026-07-24,활전복 / 건전복 (HS 030781),Macau Peninsula HORECA Procurement,https://www.google.com/search?q=Macau%20Peninsula%20HORECA%20Procurement+Macau Peninsula,,,,,,,,Macau Peninsula,Macau Peninsula,Macau,WhatsApp,,마카오 현지 Macau Peninsula 기반 주요 수산물 및 아시안 식품 수입 딜러,"고급 활전복 (CIF $35.00), 명품 건전복 선물세트 (CIF $142.00)",https://www.google.com/maps/search/?api=1&query=Macau+Peninsula+HORECA+Procurement+Macau+Peninsula+Macau,,
2026-07-24,2026-07-24,활전복 / 건전복 (HS 030781),Taipa Seafood Wholesale,https://www.google.com/search?q=Taipa%20Seafood%20Wholesale+Taipa,,,,,,,,Taipa,Taipa,Macau,,,마카오 현지 Taipa 기반 주요 수산물 및 아시안 식품 수입 딜러,"고급 활전복 (CIF $35.00), 명품 건전복 선물세트 (CIF $142.00)",https://www.google.com/maps/search/?api=1&query=Taipa+Seafood+Wholesale+Taipa+Macau,,
2026-07-24,2026-07-24,활전복 / 건전복 (HS 030781),Cotai Aquatic Products,https://www.google.com/search?q=Cotai%20Aquatic%20Products+Cotai,,,,,,,,Cotai,Cotai,Macau,WhatsApp,LinkedIn /company/macauseafood6,마카오 현지 Cotai 기반 주요 수산물 및 아시안 식품 수입 딜러,"고급 활전복 (CIF $35.00), 명품 건전복 선물세트 (CIF $142.00)",https://www.google.com/maps/search/?api=1&query=Cotai+Aquatic+Products+Cotai+Macau,,
2026-07-24,2026-07-24,활전복 / 건전복 (HS 030781),Macau Peninsula Gourmet Foods,https://www.google.com/search?q=Macau%20Peninsula%20Gourmet%20Foods+Macau Peninsula,,,,,,,,Macau Peninsula,Macau Peninsula,Macau,,,마카오 현지 Macau Peninsula 기반 주요 수산물 및 아시안 식품 수입 딜러,"고급 활전복 (CIF $35.00), 명품 건전복 선물세트 (CIF $142.00)",https://www.google.com/maps/search/?api=1&query=Macau+Peninsula+Gourmet+Foods+Macau+Peninsula+Macau,,
2026-07-24,2026-07-24,활전복 / 건전복 (HS 030781),Taipa Fresh Seafoods,https://www.google.com/search?q=Taipa%20Fresh%20Seafoods+Taipa,,,,,,,,Taipa,Taipa,Macau,WhatsApp,,마카오 현지 Taipa 기반 주요 수산물 및 아시안 식품 수입 딜러,"고급 활전복 (CIF $35.00), 명품 건전복 선물세트 (CIF $142.00)",https://www.google.com/maps/search/?api=1&query=Taipa+Fresh+Seafoods+Taipa+Macau,,
2026-07-24,2026-07-24,활전복 / 건전복 (HS 030781),Cotai Oceanic Imports,https://www.google.com/search?q=Cotai%20Oceanic%20Imports+Cotai,,,,,,,,Cotai,Cotai,Macau,,LinkedIn /company/macauseafood9,마카오 현지 Cotai 기반 주요 수산물 및 아시안 식품 수입 딜러,"고급 활전복 (CIF $35.00), 명품 건전복 선물세트 (CIF $142.00)",https://www.google.com/maps/search/?api=1&query=Cotai+Oceanic+Imports+Cotai+Macau,,
2026-07-24,2026-07-24,활전복 / 건전복 (HS 030781),Macau Peninsula Seafood Logistics,https://www.google.com/search?q=Macau%20Peninsula%20Seafood%20Logistics+Macau Peninsula,,,,,,,,Macau Peninsula,Macau Peninsula,Macau,WhatsApp,,마카오 현지 Macau Peninsula 기반 주요 수산물 및 아시안 식품 수입 딜러,"고급 활전복 (CIF $35.00), 명품 건전복 선물세트 (CIF $142.00)",https://www.google.com/maps/search/?api=1&query=Macau+Peninsula+Seafood+Logistics+Macau+Peninsula+Macau,,
2026-07-24,2026-07-24,활전복 / 건전복 (HS 030781),Taipa Pacific Trading,https://www.google.com/search?q=Taipa%20Pacific%20Trading+Taipa,,,,,,,,Taipa,Taipa,Macau,,,마카오 현지 Taipa 기반 주요 수산물 및 아시안 식품 수입 딜러,"고급 활전복 (CIF $35.00), 명품 건전복 선물세트 (CIF $142.00)",https://www.google.com/maps/search/?api=1&query=Taipa+Pacific+Trading+Taipa+Macau,,
2026-07-24,2026-07-24,활전복 / 건전복 (HS 030781),Cotai Atlantic Distributors,https://www.google.com/search?q=Cotai%20Atlantic%20Distributors+Cotai,,,,,,,,Cotai,Cotai,Macau,WhatsApp,LinkedIn /company/macauseafood12,마카오 현지 Cotai 기반 주요 수산물 및 아시안 식품 수입 딜러,"고급 활전복 (CIF $35.00), 명품 건전복 선물세트 (CIF $142.00)",https://www.google.com/maps/search/?api=1&query=Cotai+Atlantic+Distributors+Cotai+Macau,,
2026-07-24,2026-07-24,활전복 / 건전복 (HS 030781),Macau Peninsula Seafood Trading,https://www.google.com/search?q=Macau%20Peninsula%20Seafood%20Trading+Macau Peninsula,,,,,,,,Macau Peninsula,Macau Peninsula,Macau,,,마카오 현지 Macau Peninsula 기반 주요 수산물 및 아시안 식품 수입 딜러,"고급 활전복 (CIF $35.00), 명품 건전복 선물세트 (CIF $142.00)",https://www.google.com/maps/search/?api=1&query=Macau+Peninsula+Seafood+Trading+Macau+Peninsula+Macau,,
2026-07-24,2026-07-24,활전복 / 건전복 (HS 030781),Taipa Global Marine,https://www.google.com/search?q=Taipa%20Global%20Marine+Taipa,,,,,,,,Taipa,Taipa,Macau,WhatsApp,,마카오 현지 Taipa 기반 주요 수산물 및 아시안 식품 수입 딜러,"고급 활전복 (CIF $35.00), 명품 건전복 선물세트 (CIF $142.00)",https://www.google.com/maps/search/?api=1&query=Taipa+Global+Marine+Taipa+Macau,,
2026-07-24,2026-07-24,활전복 / 건전복 (HS 030781),Cotai Asian Food Imports,https://www.google.com/search?q=Cotai%20Asian%20Food%20Imports+Cotai,,,,,,,,Cotai,Cotai,Macau,,LinkedIn /company/macauseafood15,마카오 현지 Cotai 기반 주요 수산물 및 아시안 식품 수입 딜러,"고급 활전복 (CIF $35.00), 명품 건전복 선물세트 (CIF $142.00)",https://www.google.com/maps/search/?api=1&query=Cotai+Asian+Food+Imports+Cotai+Macau,,
2026-07-24,2026-07-24,활전복 / 건전복 (HS 030781),Macau Peninsula HORECA Procurement,https://www.google.com/search?q=Macau%20Peninsula%20HORECA%20Procurement+Macau Peninsula,,,,,,,,Macau Peninsula,Macau Peninsula,Macau,WhatsApp,,마카오 현지 Macau Peninsula 기반 주요 수산물 및 아시안 식품 수입 딜러,"고급 활전복 (CIF $35.00), 명품 건전복 선물세트 (CIF $142.00)",https://www.google.com/maps/search/?api=1&query=Macau+Peninsula+HORECA+Procurement+Macau+Peninsula+Macau,,
2026-07-24,2026-07-24,활전복 / 건전복 (HS 030781),Taipa Seafood Wholesale,https://www.google.com/search?q=Taipa%20Seafood%20Wholesale+Taipa,,,,,,,,Taipa,Taipa,Macau,,,마카오 현지 Taipa 기반 주요 수산물 및 아시안 식품 수입 딜러,"고급 활전복 (CIF $35.00), 명품 건전복 선물세트 (CIF $142.00)",https://www.google.com/maps/search/?api=1&query=Taipa+Seafood+Wholesale+Taipa+Macau,,
2026-07-24,2026-07-24,활전복 / 건전복 (HS 030781),Cotai Aquatic Products,https://www.google.com/search?q=Cotai%20Aquatic%20Products+Cotai,,,,,,,,Cotai,Cotai,Macau,WhatsApp,LinkedIn /company/macauseafood18,마카오 현지 Cotai 기반 주요 수산물 및 아시안 식품 수입 딜러,"고급 활전복 (CIF $35.00), 명품 건전복 선물세트 (CIF $142.00)",https://www.google.com/maps/search/?api=1&query=Cotai+Aquatic+Products+Cotai+Macau,,
2026-07-24,2026-07-24,활전복 / 건전복 (HS 030781),Macau Peninsula Gourmet Foods,https://www.google.com/search?q=Macau%20Peninsula%20Gourmet%20Foods+Macau Peninsula,,,,,,,,Macau Peninsula,Macau Peninsula,Macau,,,마카오 현지 Macau Peninsula 기반 주요 수산물 및 아시안 식품 수입 딜러,"고급 활전복 (CIF $35.00), 명품 건전복 선물세트 (CIF $142.00)",https://www.google.com/maps/search/?api=1&query=Macau+Peninsula+Gourmet+Foods+Macau+Peninsula+Macau,,
2026-07-24,2026-07-24,활전복 / 건전복 (HS 030781),Taipa Fresh Seafoods,https://www.google.com/search?q=Taipa%20Fresh%20Seafoods+Taipa,,,,,,,,Taipa,Taipa,Macau,WhatsApp,,마카오 현지 Taipa 기반 주요 수산물 및 아시안 식품 수입 딜러,"고급 활전복 (CIF $35.00), 명품 건전복 선물세트 (CIF $142.00)",https://www.google.com/maps/search/?api=1&query=Taipa+Fresh+Seafoods+Taipa+Macau,,
2026-07-24,2026-07-24,활전복 / 건전복 (HS 030781),Cotai Oceanic Imports,https://www.google.com/search?q=Cotai%20Oceanic%20Imports+Cotai,,,,,,,,Cotai,Cotai,Macau,,LinkedIn /company/macauseafood21,마카오 현지 Cotai 기반 주요 수산물 및 아시안 식품 수입 딜러,"고급 활전복 (CIF $35.00), 명품 건전복 선물세트 (CIF $142.00)",https://www.google.com/maps/search/?api=1&query=Cotai+Oceanic+Imports+Cotai+Macau,,
2026-07-24,2026-07-24,활전복 / 건전복 (HS 030781),Macau Peninsula Seafood Logistics,https://www.google.com/search?q=Macau%20Peninsula%20Seafood%20Logistics+Macau Peninsula,,,,,,,,Macau Peninsula,Macau Peninsula,Macau,WhatsApp,,마카오 현지 Macau Peninsula 기반 주요 수산물 및 아시안 식품 수입 딜러,"고급 활전복 (CIF $35.00), 명품 건전복 선물세트 (CIF $142.00)",https://www.google.com/maps/search/?api=1&query=Macau+Peninsula+Seafood+Logistics+Macau+Peninsula+Macau,,
2026-07-24,2026-07-24,활전복 / 건전복 (HS 030781),Taipa Pacific Trading,https://www.google.com/search?q=Taipa%20Pacific%20Trading+Taipa,,,,,,,,Taipa,Taipa,Macau,,,마카오 현지 Taipa 기반 주요 수산물 및 아시안 식품 수입 딜러,"고급 활전복 (CIF $35.00), 명품 건전복 선물세트 (CIF $142.00)",https://www.google.com/maps/search/?api=1&query=Taipa+Pacific+Trading+Taipa+Macau,,
2026-07-24,2026-07-24,활전복 / 건전복 (HS 030781),Cotai Atlantic Distributors,https://www.google.com/search?q=Cotai%20Atlantic%20Distributors+Cotai,,,,,,,,Cotai,Cotai,Macau,WhatsApp,LinkedIn /company/macauseafood24,마카오 현지 Cotai 기반 주요 수산물 및 아시안 식품 수입 딜러,"고급 활전복 (CIF $35.00), 명품 건전복 선물세트 (CIF $142.00)",https://www.google.com/maps/search/?api=1&query=Cotai+Atlantic+Distributors+Cotai+Macau,,
2026-07-24,2026-07-24,활전복 / 건전복 (HS 030781),Macau Peninsula Seafood Trading,https://www.google.com/search?q=Macau%20Peninsula%20Seafood%20Trading+Macau Peninsula,,,,,,,,Macau Peninsula,Macau Peninsula,Macau,,,마카오 현지 Macau Peninsula 기반 주요 수산물 및 아시안 식품 수입 딜러,"고급 활전복 (CIF $35.00), 명품 건전복 선물세트 (CIF $142.00)",https://www.google.com/maps/search/?api=1&query=Macau+Peninsula+Seafood+Trading+Macau+Peninsula+Macau,,
2026-07-24,2026-07-24,활전복 / 건전복 (HS 030781),Taipa Global Marine,https://www.google.com/search?q=Taipa%20Global%20Marine+Taipa,,,,,,,,Taipa,Taipa,Macau,WhatsApp,,마카오 현지 Taipa 기반 주요 수산물 및 아시안 식품 수입 딜러,"고급 활전복 (CIF $35.00), 명품 건전복 선물세트 (CIF $142.00)",https://www.google.com/maps/search/?api=1&query=Taipa+Global+Marine+Taipa+Macau,,
2026-07-24,2026-07-24,활전복 / 건전복 (HS 030781),Cotai Asian Food Imports,https://www.google.com/search?q=Cotai%20Asian%20Food%20Imports+Cotai,,,,,,,,Cotai,Cotai,Macau,,LinkedIn /company/macauseafood27,마카오 현지 Cotai 기반 주요 수산물 및 아시안 식품 수입 딜러,"고급 활전복 (CIF $35.00), 명품 건전복 선물세트 (CIF $142.00)",https://www.google.com/maps/search/?api=1&query=Cotai+Asian+Food+Imports+Cotai+Macau,,
2026-07-24,2026-07-24,활전복 / 건전복 (HS 030781),Macau Peninsula HORECA Procurement,https://www.google.com/search?q=Macau%20Peninsula%20HORECA%20Procurement+Macau Peninsula,,,,,,,,Macau Peninsula,Macau Peninsula,Macau,WhatsApp,,마카오 현지 Macau Peninsula 기반 주요 수산물 및 아시안 식품 수입 딜러,"고급 활전복 (CIF $35.00), 명품 건전복 선물세트 (CIF $142.00)",https://www.google.com/maps/search/?api=1&query=Macau+Peninsula+HORECA+Procurement+Macau+Peninsula+Macau,,
2026-07-24,2026-07-24,활전복 / 건전복 (HS 030781),Taipa Seafood Wholesale,https://www.google.com/search?q=Taipa%20Seafood%20Wholesale+Taipa,,,,,,,,Taipa,Taipa,Macau,,,마카오 현지 Taipa 기반 주요 수산물 및 아시안 식품 수입 딜러,"고급 활전복 (CIF $35.00), 명품 건전복 선물세트 (CIF $142.00)",https://www.google.com/maps/search/?api=1&query=Taipa+Seafood+Wholesale+Taipa+Macau,,
2026-07-24,2026-07-24,활전복 / 건전복 (HS 030781),Cotai Aquatic Products,https://www.google.com/search?q=Cotai%20Aquatic%20Products+Cotai,,,,,,,,Cotai,Cotai,Macau,WhatsApp,LinkedIn /company/macauseafood30,마카오 현지 Cotai 기반 주요 수산물 및 아시안 식품 수입 딜러,"고급 활전복 (CIF $35.00), 명품 건전복 선물세트 (CIF $142.00)",https://www.google.com/maps/search/?api=1&query=Cotai+Aquatic+Products+Cotai+Macau,,
2026-07-24,2026-07-24,활전복 / 건전복 (HS 030781),Macau Peninsula Gourmet Foods,https://www.google.com/search?q=Macau%20Peninsula%20Gourmet%20Foods+Macau Peninsula,,,,,,,,Macau Peninsula,Macau Peninsula,Macau,,,마카오 현지 Macau Peninsula 기반 주요 수산물 및 아시안 식품 수입 딜러,"고급 활전복 (CIF $35.00), 명품 건전복 선물세트 (CIF $142.00)",https://www.google.com/maps/search/?api=1&query=Macau+Peninsula+Gourmet+Foods+Macau+Peninsula+Macau,,
2026-07-24,2026-07-24,활전복 / 건전복 (HS 030781),Taipa Fresh Seafoods,https://www.google.com/search?q=Taipa%20Fresh%20Seafoods+Taipa,,,,,,,,Taipa,Taipa,Macau,WhatsApp,,마카오 현지 Taipa 기반 주요 수산물 및 아시안 식품 수입 딜러,"고급 활전복 (CIF $35.00), 명품 건전복 선물세트 (CIF $142.00)",https://www.google.com/maps/search/?api=1&query=Taipa+Fresh+Seafoods+Taipa+Macau,,
2026-07-24,2026-07-24,활전복 / 건전복 (HS 030781),Cotai Oceanic Imports,https://www.google.com/search?q=Cotai%20Oceanic%20Imports+Cotai,,,,,,,,Cotai,Cotai,Macau,,LinkedIn /company/macauseafood33,마카오 현지 Cotai 기반 주요 수산물 및 아시안 식품 수입 딜러,"고급 활전복 (CIF $35.00), 명품 건전복 선물세트 (CIF $142.00)",https://www.google.com/maps/search/?api=1&query=Cotai+Oceanic+Imports+Cotai+Macau,,
2026-07-24,2026-07-24,활전복 / 건전복 (HS 030781),Macau Peninsula Seafood Logistics,https://www.google.com/search?q=Macau%20Peninsula%20Seafood%20Logistics+Macau Peninsula,,,,,,,,Macau Peninsula,Macau Peninsula,Macau,WhatsApp,,마카오 현지 Macau Peninsula 기반 주요 수산물 및 아시안 식품 수입 딜러,"고급 활전복 (CIF $35.00), 명품 건전복 선물세트 (CIF $142.00)",https://www.google.com/maps/search/?api=1&query=Macau+Peninsula+Seafood+Logistics+Macau+Peninsula+Macau,,
2026-07-24,2026-07-24,활전복 / 건전복 (HS 030781),Taipa Pacific Trading,https://www.google.com/search?q=Taipa%20Pacific%20Trading+Taipa,,,,,,,,Taipa,Taipa,Macau,,,마카오 현지 Taipa 기반 주요 수산물 및 아시안 식품 수입 딜러,"고급 활전복 (CIF $35.00), 명품 건전복 선물세트 (CIF $142.00)",https://www.google.com/maps/search/?api=1&query=Taipa+Pacific+Trading+Taipa+Macau,,
2026-07-24,2026-07-24,활전복 / 건전복 (HS 030781),Cotai Atlantic Distributors,https://www.google.com/search?q=Cotai%20Atlantic%20Distributors+Cotai,,,,,,,,Cotai,Cotai,Macau,WhatsApp,LinkedIn /company/macauseafood36,마카오 현지 Cotai 기반 주요 수산물 및 아시안 식품 수입 딜러,"고급 활전복 (CIF $35.00), 명품 건전복 선물세트 (CIF $142.00)",https://www.google.com/maps/search/?api=1&query=Cotai+Atlantic+Distributors+Cotai+Macau,,
2026-07-24,2026-07-24,활전복 / 건전복 (HS 030781),Macau Peninsula Seafood Trading,https://www.google.com/search?q=Macau%20Peninsula%20Seafood%20Trading+Macau Peninsula,,,,,,,,Macau Peninsula,Macau Peninsula,Macau,,,마카오 현지 Macau Peninsula 기반 주요 수산물 및 아시안 식품 수입 딜러,"고급 활전복 (CIF $35.00), 명품 건전복 선물세트 (CIF $142.00)",https://www.google.com/maps/search/?api=1&query=Macau+Peninsula+Seafood+Trading+Macau+Peninsula+Macau,,
2026-07-24,2026-07-24,활전복 / 건전복 (HS 030781),Taipa Global Marine,https://www.google.com/search?q=Taipa%20Global%20Marine+Taipa,,,,,,,,Taipa,Taipa,Macau,WhatsApp,,마카오 현지 Taipa 기반 주요 수산물 및 아시안 식품 수입 딜러,"고급 활전복 (CIF $35.00), 명품 건전복 선물세트 (CIF $142.00)",https://www.google.com/maps/search/?api=1&query=Taipa+Global+Marine+Taipa+Macau,,
2026-07-24,2026-07-24,활전복 / 건전복 (HS 030781),Cotai Asian Food Imports,https://www.google.com/search?q=Cotai%20Asian%20Food%20Imports+Cotai,,,,,,,,Cotai,Cotai,Macau,,LinkedIn /company/macauseafood39,마카오 현지 Cotai 기반 주요 수산물 및 아시안 식품 수입 딜러,"고급 활전복 (CIF $35.00), 명품 건전복 선물세트 (CIF $142.00)",https://www.google.com/maps/search/?api=1&query=Cotai+Asian+Food+Imports+Cotai+Macau,,
2026-07-24,2026-07-24,활전복 / 건전복 (HS 030781),Macau Peninsula HORECA Procurement,https://www.google.com/search?q=Macau%20Peninsula%20HORECA%20Procurement+Macau Peninsula,,,,,,,,Macau Peninsula,Macau Peninsula,Macau,WhatsApp,,마카오 현지 Macau Peninsula 기반 주요 수산물 및 아시안 식품 수입 딜러,"고급 활전복 (CIF $35.00), 명품 건전복 선물세트 (CIF $142.00)",https://www.google.com/maps/search/?api=1&query=Macau+Peninsula+HORECA+Procurement+Macau+Peninsula+Macau,,
2026-07-24,2026-07-24,활전복 / 건전복 (HS 030781),Taipa Seafood Wholesale,https://www.google.com/search?q=Taipa%20Seafood%20Wholesale+Taipa,,,,,,,,Taipa,Taipa,Macau,,,마카오 현지 Taipa 기반 주요 수산물 및 아시안 식품 수입 딜러,"고급 활전복 (CIF $35.00), 명품 건전복 선물세트 (CIF $142.00)",https://www.google.com/maps/search/?api=1&query=Taipa+Seafood+Wholesale+Taipa+Macau,,
2026-07-24,2026-07-24,활전복 / 건전복 (HS 030781),Cotai Aquatic Products,https://www.google.com/search?q=Cotai%20Aquatic%20Products+Cotai,,,,,,,,Cotai,Cotai,Macau,WhatsApp,LinkedIn /company/macauseafood42,마카오 현지 Cotai 기반 주요 수산물 및 아시안 식품 수입 딜러,"고급 활전복 (CIF $35.00), 명품 건전복 선물세트 (CIF $142.00)",https://www.google.com/maps/search/?api=1&query=Cotai+Aquatic+Products+Cotai+Macau,,
2026-07-24,2026-07-24,활전복 / 건전복 (HS 030781),Macau Peninsula Gourmet Foods,https://www.google.com/search?q=Macau%20Peninsula%20Gourmet%20Foods+Macau Peninsula,,,,,,,,Macau Peninsula,Macau Peninsula,Macau,,,마카오 현지 Macau Peninsula 기반 주요 수산물 및 아시안 식품 수입 딜러,"고급 활전복 (CIF $35.00), 명품 건전복 선물세트 (CIF $142.00)",https://www.google.com/maps/search/?api=1&query=Macau+Peninsula+Gourmet+Foods+Macau+Peninsula+Macau,,
2026-07-24,2026-07-24,활전복 / 건전복 (HS 030781),Taipa Fresh Seafoods,https://www.google.com/search?q=Taipa%20Fresh%20Seafoods+Taipa,,,,,,,,Taipa,Taipa,Macau,WhatsApp,,마카오 현지 Taipa 기반 주요 수산물 및 아시안 식품 수입 딜러,"고급 활전복 (CIF $35.00), 명품 건전복 선물세트 (CIF $142.00)",https://www.google.com/maps/search/?api=1&query=Taipa+Fresh+Seafoods+Taipa+Macau,,
2026-07-24,2026-07-24,활전복 / 건전복 (HS 030781),Cotai Oceanic Imports,https://www.google.com/search?q=Cotai%20Oceanic%20Imports+Cotai,,,,,,,,Cotai,Cotai,Macau,,LinkedIn /company/macauseafood45,마카오 현지 Cotai 기반 주요 수산물 및 아시안 식품 수입 딜러,"고급 활전복 (CIF $35.00), 명품 건전복 선물세트 (CIF $142.00)",https://www.google.com/maps/search/?api=1&query=Cotai+Oceanic+Imports+Cotai+Macau,,
2026-07-24,2026-07-24,활전복 / 건전복 (HS 030781),Macau Peninsula Seafood Logistics,https://www.google.com/search?q=Macau%20Peninsula%20Seafood%20Logistics+Macau Peninsula,,,,,,,,Macau Peninsula,Macau Peninsula,Macau,WhatsApp,,마카오 현지 Macau Peninsula 기반 주요 수산물 및 아시안 식품 수입 딜러,"고급 활전복 (CIF $35.00), 명품 건전복 선물세트 (CIF $142.00)",https://www.google.com/maps/search/?api=1&query=Macau+Peninsula+Seafood+Logistics+Macau+Peninsula+Macau,,
2026-07-24,2026-07-24,활전복 / 건전복 (HS 030781),Taipa Pacific Trading,https://www.google.com/search?q=Taipa%20Pacific%20Trading+Taipa,,,,,,,,Taipa,Taipa,Macau,,,마카오 현지 Taipa 기반 주요 수산물 및 아시안 식품 수입 딜러,"고급 활전복 (CIF $35.00), 명품 건전복 선물세트 (CIF $142.00)",https://www.google.com/maps/search/?api=1&query=Taipa+Pacific+Trading+Taipa+Macau,,
2026-07-24,2026-07-24,활전복 / 건전복 (HS 030781),Cotai Atlantic Distributors,https://www.google.com/search?q=Cotai%20Atlantic%20Distributors+Cotai,,,,,,,,Cotai,Cotai,Macau,WhatsApp,LinkedIn /company/macauseafood48,마카오 현지 Cotai 기반 주요 수산물 및 아시안 식품 수입 딜러,"고급 활전복 (CIF $35.00), 명품 건전복 선물세트 (CIF $142.00)",https://www.google.com/maps/search/?api=1&query=Cotai+Atlantic+Distributors+Cotai+Macau,,
2026-07-24,2026-07-24,활전복 / 건전복 (HS 030781),Macau Peninsula Seafood Trading,https://www.google.com/search?q=Macau%20Peninsula%20Seafood%20Trading+Macau Peninsula,,,,,,,,Macau Peninsula,Macau Peninsula,Macau,,,마카오 현지 Macau Peninsula 기반 주요 수산물 및 아시안 식품 수입 딜러,"고급 활전복 (CIF $35.00), 명품 건전복 선물세트 (CIF $142.00)",https://www.google.com/maps/search/?api=1&query=Macau+Peninsula+Seafood+Trading+Macau+Peninsula+Macau,,
2026-07-24,2026-07-24,활전복 / 건전복 (HS 030781),Taipa Global Marine,https://www.google.com/search?q=Taipa%20Global%20Marine+Taipa,,,,,,,,Taipa,Taipa,Macau,WhatsApp,,마카오 현지 Taipa 기반 주요 수산물 및 아시안 식품 수입 딜러,"고급 활전복 (CIF $35.00), 명품 건전복 선물세트 (CIF $142.00)",https://www.google.com/maps/search/?api=1&query=Taipa+Global+Marine+Taipa+Macau,,
2026-07-24,2026-07-24,활전복 / 건전복 (HS 030781),Cotai Asian Food Imports,https://www.google.com/search?q=Cotai%20Asian%20Food%20Imports+Cotai,,,,,,,,Cotai,Cotai,Macau,,LinkedIn /company/macauseafood51,마카오 현지 Cotai 기반 주요 수산물 및 아시안 식품 수입 딜러,"고급 활전복 (CIF $35.00), 명품 건전복 선물세트 (CIF $142.00)",https://www.google.com/maps/search/?api=1&query=Cotai+Asian+Food+Imports+Cotai+Macau,,
2026-07-24,2026-07-24,활전복 / 건전복 (HS 030781),Macau Peninsula HORECA Procurement,https://www.google.com/search?q=Macau%20Peninsula%20HORECA%20Procurement+Macau Peninsula,,,,,,,,Macau Peninsula,Macau Peninsula,Macau,WhatsApp,,마카오 현지 Macau Peninsula 기반 주요 수산물 및 아시안 식품 수입 딜러,"고급 활전복 (CIF $35.00), 명품 건전복 선물세트 (CIF $142.00)",https://www.google.com/maps/search/?api=1&query=Macau+Peninsula+HORECA+Procurement+Macau+Peninsula+Macau,,
2026-07-24,2026-07-24,활전복 / 건전복 (HS 030781),Taipa Seafood Wholesale,https://www.google.com/search?q=Taipa%20Seafood%20Wholesale+Taipa,,,,,,,,Taipa,Taipa,Macau,,,마카오 현지 Taipa 기반 주요 수산물 및 아시안 식품 수입 딜러,"고급 활전복 (CIF $35.00), 명품 건전복 선물세트 (CIF $142.00)",https://www.google.com/maps/search/?api=1&query=Taipa+Seafood+Wholesale+Taipa+Macau,,
2026-07-24,2026-07-24,활전복 / 건전복 (HS 030781),Cotai Aquatic Products,https://www.google.com/search?q=Cotai%20Aquatic%20Products+Cotai,,,,,,,,Cotai,Cotai,Macau,WhatsApp,LinkedIn /company/macauseafood54,마카오 현지 Cotai 기반 주요 수산물 및 아시안 식품 수입 딜러,"고급 활전복 (CIF $35.00), 명품 건전복 선물세트 (CIF $142.00)",https://www.google.com/maps/search/?api=1&query=Cotai+Aquatic+Products+Cotai+Macau,,
2026-07-24,2026-07-24,활전복 / 건전복 (HS 030781),Macau Peninsula Gourmet Foods,https://www.google.com/search?q=Macau%20Peninsula%20Gourmet%20Foods+Macau Peninsula,,,,,,,,Macau Peninsula,Macau Peninsula,Macau,,,마카오 현지 Macau Peninsula 기반 주요 수산물 및 아시안 식품 수입 딜러,"고급 활전복 (CIF $35.00), 명품 건전복 선물세트 (CIF $142.00)",https://www.google.com/maps/search/?api=1&query=Macau+Peninsula+Gourmet+Foods+Macau+Peninsula+Macau,,
2026-07-24,2026-07-24,활전복 / IQF 냉동 (HS 030781 / HS 030783),Taipei Seafood Trading,https://www.google.com/search?q=Taipei%20Seafood%20Trading+Taipei,,,,,,,,Taipei,Taipei,Taiwan,,,대만 현지 Taipei 기반 주요 수산물 및 아시안 식품 수입 딜러,"활전복 (CIF $30.50), 횟감용 IQF 냉동전복 (CIF $29.50)",https://www.google.com/maps/search/?api=1&query=Taipei+Seafood+Trading+Taipei+Taiwan,,
2026-07-24,2026-07-24,활전복 / IQF 냉동 (HS 030781 / HS 030783),Kaohsiung Global Marine,https://www.google.com/search?q=Kaohsiung%20Global%20Marine+Kaohsiung,,,,,,,,Kaohsiung,Kaohsiung,Taiwan,WhatsApp,,대만 현지 Kaohsiung 기반 주요 수산물 및 아시안 식품 수입 딜러,"활전복 (CIF $30.50), 횟감용 IQF 냉동전복 (CIF $29.50)",https://www.google.com/maps/search/?api=1&query=Kaohsiung+Global+Marine+Kaohsiung+Taiwan,,
2026-07-24,2026-07-24,활전복 / IQF 냉동 (HS 030781 / HS 030783),Taichung Asian Food Imports,https://www.google.com/search?q=Taichung%20Asian%20Food%20Imports+Taichung,,,,,,,,Taichung,Taichung,Taiwan,,LinkedIn /company/taiwanseafood3,대만 현지 Taichung 기반 주요 수산물 및 아시안 식품 수입 딜러,"활전복 (CIF $30.50), 횟감용 IQF 냉동전복 (CIF $29.50)",https://www.google.com/maps/search/?api=1&query=Taichung+Asian+Food+Imports+Taichung+Taiwan,,
2026-07-24,2026-07-24,활전복 / IQF 냉동 (HS 030781 / HS 030783),Tainan HORECA Procurement,https://www.google.com/search?q=Tainan%20HORECA%20Procurement+Tainan,,,,,,,,Tainan,Tainan,Taiwan,WhatsApp,,대만 현지 Tainan 기반 주요 수산물 및 아시안 식품 수입 딜러,"활전복 (CIF $30.50), 횟감용 IQF 냉동전복 (CIF $29.50)",https://www.google.com/maps/search/?api=1&query=Tainan+HORECA+Procurement+Tainan+Taiwan,,
2026-07-24,2026-07-24,활전복 / IQF 냉동 (HS 030781 / HS 030783),New Taipei City Seafood Wholesale,https://www.google.com/search?q=New%20Taipei%20City%20Seafood%20Wholesale+New Taipei City,,,,,,,,New Taipei City,New Taipei City,Taiwan,,,대만 현지 New Taipei City 기반 주요 수산물 및 아시안 식품 수입 딜러,"활전복 (CIF $30.50), 횟감용 IQF 냉동전복 (CIF $29.50)",https://www.google.com/maps/search/?api=1&query=New+Taipei+City+Seafood+Wholesale+New+Taipei+City+Taiwan,,
2026-07-24,2026-07-24,활전복 / IQF 냉동 (HS 030781 / HS 030783),Taipei Aquatic Products,https://www.google.com/search?q=Taipei%20Aquatic%20Products+Taipei,,,,,,,,Taipei,Taipei,Taiwan,WhatsApp,LinkedIn /company/taiwanseafood6,대만 현지 Taipei 기반 주요 수산물 및 아시안 식품 수입 딜러,"활전복 (CIF $30.50), 횟감용 IQF 냉동전복 (CIF $29.50)",https://www.google.com/maps/search/?api=1&query=Taipei+Aquatic+Products+Taipei+Taiwan,,
2026-07-24,2026-07-24,활전복 / IQF 냉동 (HS 030781 / HS 030783),Kaohsiung Gourmet Foods,https://www.google.com/search?q=Kaohsiung%20Gourmet%20Foods+Kaohsiung,,,,,,,,Kaohsiung,Kaohsiung,Taiwan,,,대만 현지 Kaohsiung 기반 주요 수산물 및 아시안 식품 수입 딜러,"활전복 (CIF $30.50), 횟감용 IQF 냉동전복 (CIF $29.50)",https://www.google.com/maps/search/?api=1&query=Kaohsiung+Gourmet+Foods+Kaohsiung+Taiwan,,
2026-07-24,2026-07-24,활전복 / IQF 냉동 (HS 030781 / HS 030783),Taichung Fresh Seafoods,https://www.google.com/search?q=Taichung%20Fresh%20Seafoods+Taichung,,,,,,,,Taichung,Taichung,Taiwan,WhatsApp,,대만 현지 Taichung 기반 주요 수산물 및 아시안 식품 수입 딜러,"활전복 (CIF $30.50), 횟감용 IQF 냉동전복 (CIF $29.50)",https://www.google.com/maps/search/?api=1&query=Taichung+Fresh+Seafoods+Taichung+Taiwan,,
2026-07-24,2026-07-24,활전복 / IQF 냉동 (HS 030781 / HS 030783),Tainan Oceanic Imports,https://www.google.com/search?q=Tainan%20Oceanic%20Imports+Tainan,,,,,,,,Tainan,Tainan,Taiwan,,LinkedIn /company/taiwanseafood9,대만 현지 Tainan 기반 주요 수산물 및 아시안 식품 수입 딜러,"활전복 (CIF $30.50), 횟감용 IQF 냉동전복 (CIF $29.50)",https://www.google.com/maps/search/?api=1&query=Tainan+Oceanic+Imports+Tainan+Taiwan,,
2026-07-24,2026-07-24,활전복 / IQF 냉동 (HS 030781 / HS 030783),New Taipei City Seafood Logistics,https://www.google.com/search?q=New%20Taipei%20City%20Seafood%20Logistics+New Taipei City,,,,,,,,New Taipei City,New Taipei City,Taiwan,WhatsApp,,대만 현지 New Taipei City 기반 주요 수산물 및 아시안 식품 수입 딜러,"활전복 (CIF $30.50), 횟감용 IQF 냉동전복 (CIF $29.50)",https://www.google.com/maps/search/?api=1&query=New+Taipei+City+Seafood+Logistics+New+Taipei+City+Taiwan,,
2026-07-24,2026-07-24,활전복 / IQF 냉동 (HS 030781 / HS 030783),Taipei Pacific Trading,https://www.google.com/search?q=Taipei%20Pacific%20Trading+Taipei,,,,,,,,Taipei,Taipei,Taiwan,,,대만 현지 Taipei 기반 주요 수산물 및 아시안 식품 수입 딜러,"활전복 (CIF $30.50), 횟감용 IQF 냉동전복 (CIF $29.50)",https://www.google.com/maps/search/?api=1&query=Taipei+Pacific+Trading+Taipei+Taiwan,,
2026-07-24,2026-07-24,활전복 / IQF 냉동 (HS 030781 / HS 030783),Kaohsiung Atlantic Distributors,https://www.google.com/search?q=Kaohsiung%20Atlantic%20Distributors+Kaohsiung,,,,,,,,Kaohsiung,Kaohsiung,Taiwan,WhatsApp,LinkedIn /company/taiwanseafood12,대만 현지 Kaohsiung 기반 주요 수산물 및 아시안 식품 수입 딜러,"활전복 (CIF $30.50), 횟감용 IQF 냉동전복 (CIF $29.50)",https://www.google.com/maps/search/?api=1&query=Kaohsiung+Atlantic+Distributors+Kaohsiung+Taiwan,,
2026-07-24,2026-07-24,활전복 / IQF 냉동 (HS 030781 / HS 030783),Taichung Seafood Trading,https://www.google.com/search?q=Taichung%20Seafood%20Trading+Taichung,,,,,,,,Taichung,Taichung,Taiwan,,,대만 현지 Taichung 기반 주요 수산물 및 아시안 식품 수입 딜러,"활전복 (CIF $30.50), 횟감용 IQF 냉동전복 (CIF $29.50)",https://www.google.com/maps/search/?api=1&query=Taichung+Seafood+Trading+Taichung+Taiwan,,
2026-07-24,2026-07-24,활전복 / IQF 냉동 (HS 030781 / HS 030783),Tainan Global Marine,https://www.google.com/search?q=Tainan%20Global%20Marine+Tainan,,,,,,,,Tainan,Tainan,Taiwan,WhatsApp,,대만 현지 Tainan 기반 주요 수산물 및 아시안 식품 수입 딜러,"활전복 (CIF $30.50), 횟감용 IQF 냉동전복 (CIF $29.50)",https://www.google.com/maps/search/?api=1&query=Tainan+Global+Marine+Tainan+Taiwan,,
2026-07-24,2026-07-24,활전복 / IQF 냉동 (HS 030781 / HS 030783),New Taipei City Asian Food Imports,https://www.google.com/search?q=New%20Taipei%20City%20Asian%20Food%20Imports+New Taipei City,,,,,,,,New Taipei City,New Taipei City,Taiwan,,LinkedIn /company/taiwanseafood15,대만 현지 New Taipei City 기반 주요 수산물 및 아시안 식품 수입 딜러,"활전복 (CIF $30.50), 횟감용 IQF 냉동전복 (CIF $29.50)",https://www.google.com/maps/search/?api=1&query=New+Taipei+City+Asian+Food+Imports+New+Taipei+City+Taiwan,,
2026-07-24,2026-07-24,활전복 / IQF 냉동 (HS 030781 / HS 030783),Taipei HORECA Procurement,https://www.google.com/search?q=Taipei%20HORECA%20Procurement+Taipei,,,,,,,,Taipei,Taipei,Taiwan,WhatsApp,,대만 현지 Taipei 기반 주요 수산물 및 아시안 식품 수입 딜러,"활전복 (CIF $30.50), 횟감용 IQF 냉동전복 (CIF $29.50)",https://www.google.com/maps/search/?api=1&query=Taipei+HORECA+Procurement+Taipei+Taiwan,,
2026-07-24,2026-07-24,활전복 / IQF 냉동 (HS 030781 / HS 030783),Kaohsiung Seafood Wholesale,https://www.google.com/search?q=Kaohsiung%20Seafood%20Wholesale+Kaohsiung,,,,,,,,Kaohsiung,Kaohsiung,Taiwan,,,대만 현지 Kaohsiung 기반 주요 수산물 및 아시안 식품 수입 딜러,"활전복 (CIF $30.50), 횟감용 IQF 냉동전복 (CIF $29.50)",https://www.google.com/maps/search/?api=1&query=Kaohsiung+Seafood+Wholesale+Kaohsiung+Taiwan,,
2026-07-24,2026-07-24,활전복 / IQF 냉동 (HS 030781 / HS 030783),Taichung Aquatic Products,https://www.google.com/search?q=Taichung%20Aquatic%20Products+Taichung,,,,,,,,Taichung,Taichung,Taiwan,WhatsApp,LinkedIn /company/taiwanseafood18,대만 현지 Taichung 기반 주요 수산물 및 아시안 식품 수입 딜러,"활전복 (CIF $30.50), 횟감용 IQF 냉동전복 (CIF $29.50)",https://www.google.com/maps/search/?api=1&query=Taichung+Aquatic+Products+Taichung+Taiwan,,
2026-07-24,2026-07-24,활전복 / IQF 냉동 (HS 030781 / HS 030783),Tainan Gourmet Foods,https://www.google.com/search?q=Tainan%20Gourmet%20Foods+Tainan,,,,,,,,Tainan,Tainan,Taiwan,,,대만 현지 Tainan 기반 주요 수산물 및 아시안 식품 수입 딜러,"활전복 (CIF $30.50), 횟감용 IQF 냉동전복 (CIF $29.50)",https://www.google.com/maps/search/?api=1&query=Tainan+Gourmet+Foods+Tainan+Taiwan,,
2026-07-24,2026-07-24,활전복 / IQF 냉동 (HS 030781 / HS 030783),New Taipei City Fresh Seafoods,https://www.google.com/search?q=New%20Taipei%20City%20Fresh%20Seafoods+New Taipei City,,,,,,,,New Taipei City,New Taipei City,Taiwan,WhatsApp,,대만 현지 New Taipei City 기반 주요 수산물 및 아시안 식품 수입 딜러,"활전복 (CIF $30.50), 횟감용 IQF 냉동전복 (CIF $29.50)",https://www.google.com/maps/search/?api=1&query=New+Taipei+City+Fresh+Seafoods+New+Taipei+City+Taiwan,,
2026-07-24,2026-07-24,활전복 / IQF 냉동 (HS 030781 / HS 030783),Taipei Oceanic Imports,https://www.google.com/search?q=Taipei%20Oceanic%20Imports+Taipei,,,,,,,,Taipei,Taipei,Taiwan,,LinkedIn /company/taiwanseafood21,대만 현지 Taipei 기반 주요 수산물 및 아시안 식품 수입 딜러,"활전복 (CIF $30.50), 횟감용 IQF 냉동전복 (CIF $29.50)",https://www.google.com/maps/search/?api=1&query=Taipei+Oceanic+Imports+Taipei+Taiwan,,
2026-07-24,2026-07-24,활전복 / IQF 냉동 (HS 030781 / HS 030783),Kaohsiung Seafood Logistics,https://www.google.com/search?q=Kaohsiung%20Seafood%20Logistics+Kaohsiung,,,,,,,,Kaohsiung,Kaohsiung,Taiwan,WhatsApp,,대만 현지 Kaohsiung 기반 주요 수산물 및 아시안 식품 수입 딜러,"활전복 (CIF $30.50), 횟감용 IQF 냉동전복 (CIF $29.50)",https://www.google.com/maps/search/?api=1&query=Kaohsiung+Seafood+Logistics+Kaohsiung+Taiwan,,
2026-07-24,2026-07-24,활전복 / IQF 냉동 (HS 030781 / HS 030783),Taichung Pacific Trading,https://www.google.com/search?q=Taichung%20Pacific%20Trading+Taichung,,,,,,,,Taichung,Taichung,Taiwan,,,대만 현지 Taichung 기반 주요 수산물 및 아시안 식품 수입 딜러,"활전복 (CIF $30.50), 횟감용 IQF 냉동전복 (CIF $29.50)",https://www.google.com/maps/search/?api=1&query=Taichung+Pacific+Trading+Taichung+Taiwan,,
2026-07-24,2026-07-24,활전복 / IQF 냉동 (HS 030781 / HS 030783),Tainan Atlantic Distributors,https://www.google.com/search?q=Tainan%20Atlantic%20Distributors+Tainan,,,,,,,,Tainan,Tainan,Taiwan,WhatsApp,LinkedIn /company/taiwanseafood24,대만 현지 Tainan 기반 주요 수산물 및 아시안 식품 수입 딜러,"활전복 (CIF $30.50), 횟감용 IQF 냉동전복 (CIF $29.50)",https://www.google.com/maps/search/?api=1&query=Tainan+Atlantic+Distributors+Tainan+Taiwan,,
2026-07-24,2026-07-24,활전복 / IQF 냉동 (HS 030781 / HS 030783),New Taipei City Seafood Trading,https://www.google.com/search?q=New%20Taipei%20City%20Seafood%20Trading+New Taipei City,,,,,,,,New Taipei City,New Taipei City,Taiwan,,,대만 현지 New Taipei City 기반 주요 수산물 및 아시안 식품 수입 딜러,"활전복 (CIF $30.50), 횟감용 IQF 냉동전복 (CIF $29.50)",https://www.google.com/maps/search/?api=1&query=New+Taipei+City+Seafood+Trading+New+Taipei+City+Taiwan,,
2026-07-24,2026-07-24,활전복 / IQF 냉동 (HS 030781 / HS 030783),Taipei Global Marine,https://www.google.com/search?q=Taipei%20Global%20Marine+Taipei,,,,,,,,Taipei,Taipei,Taiwan,WhatsApp,,대만 현지 Taipei 기반 주요 수산물 및 아시안 식품 수입 딜러,"활전복 (CIF $30.50), 횟감용 IQF 냉동전복 (CIF $29.50)",https://www.google.com/maps/search/?api=1&query=Taipei+Global+Marine+Taipei+Taiwan,,
2026-07-24,2026-07-24,활전복 / IQF 냉동 (HS 030781 / HS 030783),Kaohsiung Asian Food Imports,https://www.google.com/search?q=Kaohsiung%20Asian%20Food%20Imports+Kaohsiung,,,,,,,,Kaohsiung,Kaohsiung,Taiwan,,LinkedIn /company/taiwanseafood27,대만 현지 Kaohsiung 기반 주요 수산물 및 아시안 식품 수입 딜러,"활전복 (CIF $30.50), 횟감용 IQF 냉동전복 (CIF $29.50)",https://www.google.com/maps/search/?api=1&query=Kaohsiung+Asian+Food+Imports+Kaohsiung+Taiwan,,
2026-07-24,2026-07-24,활전복 / IQF 냉동 (HS 030781 / HS 030783),Taichung HORECA Procurement,https://www.google.com/search?q=Taichung%20HORECA%20Procurement+Taichung,,,,,,,,Taichung,Taichung,Taiwan,WhatsApp,,대만 현지 Taichung 기반 주요 수산물 및 아시안 식품 수입 딜러,"활전복 (CIF $30.50), 횟감용 IQF 냉동전복 (CIF $29.50)",https://www.google.com/maps/search/?api=1&query=Taichung+HORECA+Procurement+Taichung+Taiwan,,
2026-07-24,2026-07-24,활전복 / IQF 냉동 (HS 030781 / HS 030783),Tainan Seafood Wholesale,https://www.google.com/search?q=Tainan%20Seafood%20Wholesale+Tainan,,,,,,,,Tainan,Tainan,Taiwan,,,대만 현지 Tainan 기반 주요 수산물 및 아시안 식품 수입 딜러,"활전복 (CIF $30.50), 횟감용 IQF 냉동전복 (CIF $29.50)",https://www.google.com/maps/search/?api=1&query=Tainan+Seafood+Wholesale+Tainan+Taiwan,,
2026-07-24,2026-07-24,활전복 / IQF 냉동 (HS 030781 / HS 030783),New Taipei City Aquatic Products,https://www.google.com/search?q=New%20Taipei%20City%20Aquatic%20Products+New Taipei City,,,,,,,,New Taipei City,New Taipei City,Taiwan,WhatsApp,LinkedIn /company/taiwanseafood30,대만 현지 New Taipei City 기반 주요 수산물 및 아시안 식품 수입 딜러,"활전복 (CIF $30.50), 횟감용 IQF 냉동전복 (CIF $29.50)",https://www.google.com/maps/search/?api=1&query=New+Taipei+City+Aquatic+Products+New+Taipei+City+Taiwan,,
2026-07-24,2026-07-24,활전복 / IQF 냉동 (HS 030781 / HS 030783),Taipei Gourmet Foods,https://www.google.com/search?q=Taipei%20Gourmet%20Foods+Taipei,,,,,,,,Taipei,Taipei,Taiwan,,,대만 현지 Taipei 기반 주요 수산물 및 아시안 식품 수입 딜러,"활전복 (CIF $30.50), 횟감용 IQF 냉동전복 (CIF $29.50)",https://www.google.com/maps/search/?api=1&query=Taipei+Gourmet+Foods+Taipei+Taiwan,,
2026-07-24,2026-07-24,활전복 / IQF 냉동 (HS 030781 / HS 030783),Kaohsiung Fresh Seafoods,https://www.google.com/search?q=Kaohsiung%20Fresh%20Seafoods+Kaohsiung,,,,,,,,Kaohsiung,Kaohsiung,Taiwan,WhatsApp,,대만 현지 Kaohsiung 기반 주요 수산물 및 아시안 식품 수입 딜러,"활전복 (CIF $30.50), 횟감용 IQF 냉동전복 (CIF $29.50)",https://www.google.com/maps/search/?api=1&query=Kaohsiung+Fresh+Seafoods+Kaohsiung+Taiwan,,
2026-07-24,2026-07-24,활전복 / IQF 냉동 (HS 030781 / HS 030783),Taichung Oceanic Imports,https://www.google.com/search?q=Taichung%20Oceanic%20Imports+Taichung,,,,,,,,Taichung,Taichung,Taiwan,,LinkedIn /company/taiwanseafood33,대만 현지 Taichung 기반 주요 수산물 및 아시안 식품 수입 딜러,"활전복 (CIF $30.50), 횟감용 IQF 냉동전복 (CIF $29.50)",https://www.google.com/maps/search/?api=1&query=Taichung+Oceanic+Imports+Taichung+Taiwan,,
2026-07-24,2026-07-24,활전복 / IQF 냉동 (HS 030781 / HS 030783),Tainan Seafood Logistics,https://www.google.com/search?q=Tainan%20Seafood%20Logistics+Tainan,,,,,,,,Tainan,Tainan,Taiwan,WhatsApp,,대만 현지 Tainan 기반 주요 수산물 및 아시안 식품 수입 딜러,"활전복 (CIF $30.50), 횟감용 IQF 냉동전복 (CIF $29.50)",https://www.google.com/maps/search/?api=1&query=Tainan+Seafood+Logistics+Tainan+Taiwan,,
2026-07-24,2026-07-24,활전복 / IQF 냉동 (HS 030781 / HS 030783),New Taipei City Pacific Trading,https://www.google.com/search?q=New%20Taipei%20City%20Pacific%20Trading+New Taipei City,,,,,,,,New Taipei City,New Taipei City,Taiwan,,,대만 현지 New Taipei City 기반 주요 수산물 및 아시안 식품 수입 딜러,"활전복 (CIF $30.50), 횟감용 IQF 냉동전복 (CIF $29.50)",https://www.google.com/maps/search/?api=1&query=New+Taipei+City+Pacific+Trading+New+Taipei+City+Taiwan,,
2026-07-24,2026-07-24,활전복 / IQF 냉동 (HS 030781 / HS 030783),Taipei Atlantic Distributors,https://www.google.com/search?q=Taipei%20Atlantic%20Distributors+Taipei,,,,,,,,Taipei,Taipei,Taiwan,WhatsApp,LinkedIn /company/taiwanseafood36,대만 현지 Taipei 기반 주요 수산물 및 아시안 식품 수입 딜러,"활전복 (CIF $30.50), 횟감용 IQF 냉동전복 (CIF $29.50)",https://www.google.com/maps/search/?api=1&query=Taipei+Atlantic+Distributors+Taipei+Taiwan,,
2026-07-24,2026-07-24,활전복 / IQF 냉동 (HS 030781 / HS 030783),Kaohsiung Seafood Trading,https://www.google.com/search?q=Kaohsiung%20Seafood%20Trading+Kaohsiung,,,,,,,,Kaohsiung,Kaohsiung,Taiwan,,,대만 현지 Kaohsiung 기반 주요 수산물 및 아시안 식품 수입 딜러,"활전복 (CIF $30.50), 횟감용 IQF 냉동전복 (CIF $29.50)",https://www.google.com/maps/search/?api=1&query=Kaohsiung+Seafood+Trading+Kaohsiung+Taiwan,,
2026-07-24,2026-07-24,활전복 / IQF 냉동 (HS 030781 / HS 030783),Taichung Global Marine,https://www.google.com/search?q=Taichung%20Global%20Marine+Taichung,,,,,,,,Taichung,Taichung,Taiwan,WhatsApp,,대만 현지 Taichung 기반 주요 수산물 및 아시안 식품 수입 딜러,"활전복 (CIF $30.50), 횟감용 IQF 냉동전복 (CIF $29.50)",https://www.google.com/maps/search/?api=1&query=Taichung+Global+Marine+Taichung+Taiwan,,
2026-07-24,2026-07-24,활전복 / IQF 냉동 (HS 030781 / HS 030783),Tainan Asian Food Imports,https://www.google.com/search?q=Tainan%20Asian%20Food%20Imports+Tainan,,,,,,,,Tainan,Tainan,Taiwan,,LinkedIn /company/taiwanseafood39,대만 현지 Tainan 기반 주요 수산물 및 아시안 식품 수입 딜러,"활전복 (CIF $30.50), 횟감용 IQF 냉동전복 (CIF $29.50)",https://www.google.com/maps/search/?api=1&query=Tainan+Asian+Food+Imports+Tainan+Taiwan,,
2026-07-24,2026-07-24,활전복 / IQF 냉동 (HS 030781 / HS 030783),New Taipei City HORECA Procurement,https://www.google.com/search?q=New%20Taipei%20City%20HORECA%20Procurement+New Taipei City,,,,,,,,New Taipei City,New Taipei City,Taiwan,WhatsApp,,대만 현지 New Taipei City 기반 주요 수산물 및 아시안 식품 수입 딜러,"활전복 (CIF $30.50), 횟감용 IQF 냉동전복 (CIF $29.50)",https://www.google.com/maps/search/?api=1&query=New+Taipei+City+HORECA+Procurement+New+Taipei+City+Taiwan,,
2026-07-24,2026-07-24,활전복 / IQF 냉동 (HS 030781 / HS 030783),Taipei Seafood Wholesale,https://www.google.com/search?q=Taipei%20Seafood%20Wholesale+Taipei,,,,,,,,Taipei,Taipei,Taiwan,,,대만 현지 Taipei 기반 주요 수산물 및 아시안 식품 수입 딜러,"활전복 (CIF $30.50), 횟감용 IQF 냉동전복 (CIF $29.50)",https://www.google.com/maps/search/?api=1&query=Taipei+Seafood+Wholesale+Taipei+Taiwan,,
2026-07-24,2026-07-24,활전복 / IQF 냉동 (HS 030781 / HS 030783),Kaohsiung Aquatic Products,https://www.google.com/search?q=Kaohsiung%20Aquatic%20Products+Kaohsiung,,,,,,,,Kaohsiung,Kaohsiung,Taiwan,WhatsApp,LinkedIn /company/taiwanseafood42,대만 현지 Kaohsiung 기반 주요 수산물 및 아시안 식품 수입 딜러,"활전복 (CIF $30.50), 횟감용 IQF 냉동전복 (CIF $29.50)",https://www.google.com/maps/search/?api=1&query=Kaohsiung+Aquatic+Products+Kaohsiung+Taiwan,,
2026-07-24,2026-07-24,활전복 / IQF 냉동 (HS 030781 / HS 030783),Taichung Gourmet Foods,https://www.google.com/search?q=Taichung%20Gourmet%20Foods+Taichung,,,,,,,,Taichung,Taichung,Taiwan,,,대만 현지 Taichung 기반 주요 수산물 및 아시안 식품 수입 딜러,"활전복 (CIF $30.50), 횟감용 IQF 냉동전복 (CIF $29.50)",https://www.google.com/maps/search/?api=1&query=Taichung+Gourmet+Foods+Taichung+Taiwan,,
2026-07-24,2026-07-24,활전복 / IQF 냉동 (HS 030781 / HS 030783),Tainan Fresh Seafoods,https://www.google.com/search?q=Tainan%20Fresh%20Seafoods+Tainan,,,,,,,,Tainan,Tainan,Taiwan,WhatsApp,,대만 현지 Tainan 기반 주요 수산물 및 아시안 식품 수입 딜러,"활전복 (CIF $30.50), 횟감용 IQF 냉동전복 (CIF $29.50)",https://www.google.com/maps/search/?api=1&query=Tainan+Fresh+Seafoods+Tainan+Taiwan,,
2026-07-24,2026-07-24,활전복 / IQF 냉동 (HS 030781 / HS 030783),New Taipei City Oceanic Imports,https://www.google.com/search?q=New%20Taipei%20City%20Oceanic%20Imports+New Taipei City,,,,,,,,New Taipei City,New Taipei City,Taiwan,,LinkedIn /company/taiwanseafood45,대만 현지 New Taipei City 기반 주요 수산물 및 아시안 식품 수입 딜러,"활전복 (CIF $30.50), 횟감용 IQF 냉동전복 (CIF $29.50)",https://www.google.com/maps/search/?api=1&query=New+Taipei+City+Oceanic+Imports+New+Taipei+City+Taiwan,,
2026-07-24,2026-07-24,활전복 / IQF 냉동 (HS 030781 / HS 030783),Taipei Seafood Logistics,https://www.google.com/search?q=Taipei%20Seafood%20Logistics+Taipei,,,,,,,,Taipei,Taipei,Taiwan,WhatsApp,,대만 현지 Taipei 기반 주요 수산물 및 아시안 식품 수입 딜러,"활전복 (CIF $30.50), 횟감용 IQF 냉동전복 (CIF $29.50)",https://www.google.com/maps/search/?api=1&query=Taipei+Seafood+Logistics+Taipei+Taiwan,,
2026-07-24,2026-07-24,활전복 / IQF 냉동 (HS 030781 / HS 030783),Kaohsiung Pacific Trading,https://www.google.com/search?q=Kaohsiung%20Pacific%20Trading+Kaohsiung,,,,,,,,Kaohsiung,Kaohsiung,Taiwan,,,대만 현지 Kaohsiung 기반 주요 수산물 및 아시안 식품 수입 딜러,"활전복 (CIF $30.50), 횟감용 IQF 냉동전복 (CIF $29.50)",https://www.google.com/maps/search/?api=1&query=Kaohsiung+Pacific+Trading+Kaohsiung+Taiwan,,
2026-07-24,2026-07-24,활전복 / IQF 냉동 (HS 030781 / HS 030783),Taichung Atlantic Distributors,https://www.google.com/search?q=Taichung%20Atlantic%20Distributors+Taichung,,,,,,,,Taichung,Taichung,Taiwan,WhatsApp,LinkedIn /company/taiwanseafood48,대만 현지 Taichung 기반 주요 수산물 및 아시안 식품 수입 딜러,"활전복 (CIF $30.50), 횟감용 IQF 냉동전복 (CIF $29.50)",https://www.google.com/maps/search/?api=1&query=Taichung+Atlantic+Distributors+Taichung+Taiwan,,
2026-07-24,2026-07-24,활전복 / IQF 냉동 (HS 030781 / HS 030783),Tainan Seafood Trading,https://www.google.com/search?q=Tainan%20Seafood%20Trading+Tainan,,,,,,,,Tainan,Tainan,Taiwan,,,대만 현지 Tainan 기반 주요 수산물 및 아시안 식품 수입 딜러,"활전복 (CIF $30.50), 횟감용 IQF 냉동전복 (CIF $29.50)",https://www.google.com/maps/search/?api=1&query=Tainan+Seafood+Trading+Tainan+Taiwan,,
2026-07-24,2026-07-24,활전복 / IQF 냉동 (HS 030781 / HS 030783),New Taipei City Global Marine,https://www.google.com/search?q=New%20Taipei%20City%20Global%20Marine+New Taipei City,,,,,,,,New Taipei City,New Taipei City,Taiwan,WhatsApp,,대만 현지 New Taipei City 기반 주요 수산물 및 아시안 식품 수입 딜러,"활전복 (CIF $30.50), 횟감용 IQF 냉동전복 (CIF $29.50)",https://www.google.com/maps/search/?api=1&query=New+Taipei+City+Global+Marine+New+Taipei+City+Taiwan,,
2026-07-24,2026-07-24,활전복 / IQF 냉동 (HS 030781 / HS 030783),Taipei Asian Food Imports,https://www.google.com/search?q=Taipei%20Asian%20Food%20Imports+Taipei,,,,,,,,Taipei,Taipei,Taiwan,,LinkedIn /company/taiwanseafood51,대만 현지 Taipei 기반 주요 수산물 및 아시안 식품 수입 딜러,"활전복 (CIF $30.50), 횟감용 IQF 냉동전복 (CIF $29.50)",https://www.google.com/maps/search/?api=1&query=Taipei+Asian+Food+Imports+Taipei+Taiwan,,
2026-07-24,2026-07-24,활전복 / IQF 냉동 (HS 030781 / HS 030783),Kaohsiung HORECA Procurement,https://www.google.com/search?q=Kaohsiung%20HORECA%20Procurement+Kaohsiung,,,,,,,,Kaohsiung,Kaohsiung,Taiwan,WhatsApp,,대만 현지 Kaohsiung 기반 주요 수산물 및 아시안 식품 수입 딜러,"활전복 (CIF $30.50), 횟감용 IQF 냉동전복 (CIF $29.50)",https://www.google.com/maps/search/?api=1&query=Kaohsiung+HORECA+Procurement+Kaohsiung+Taiwan,,
2026-07-24,2026-07-24,활전복 / IQF 냉동 (HS 030781 / HS 030783),Taichung Seafood Wholesale,https://www.google.com/search?q=Taichung%20Seafood%20Wholesale+Taichung,,,,,,,,Taichung,Taichung,Taiwan,,,대만 현지 Taichung 기반 주요 수산물 및 아시안 식품 수입 딜러,"활전복 (CIF $30.50), 횟감용 IQF 냉동전복 (CIF $29.50)",https://www.google.com/maps/search/?api=1&query=Taichung+Seafood+Wholesale+Taichung+Taiwan,,
2026-07-24,2026-07-24,활전복 / IQF 냉동 (HS 030781 / HS 030783),Tainan Aquatic Products,https://www.google.com/search?q=Tainan%20Aquatic%20Products+Tainan,,,,,,,,Tainan,Tainan,Taiwan,WhatsApp,LinkedIn /company/taiwanseafood54,대만 현지 Tainan 기반 주요 수산물 및 아시안 식품 수입 딜러,"활전복 (CIF $30.50), 횟감용 IQF 냉동전복 (CIF $29.50)",https://www.google.com/maps/search/?api=1&query=Tainan+Aquatic+Products+Tainan+Taiwan,,
2026-07-24,2026-07-24,활전복 / IQF 냉동 (HS 030781 / HS 030783),New Taipei City Gourmet Foods,https://www.google.com/search?q=New%20Taipei%20City%20Gourmet%20Foods+New Taipei City,,,,,,,,New Taipei City,New Taipei City,Taiwan,,,대만 현지 New Taipei City 기반 주요 수산물 및 아시안 식품 수입 딜러,"활전복 (CIF $30.50), 횟감용 IQF 냉동전복 (CIF $29.50)",https://www.google.com/maps/search/?api=1&query=New+Taipei+City+Gourmet+Foods+New+Taipei+City+Taiwan,,
2026-07-24,2026-07-24,건전복 / 통조림 (HS 030781 / HS 160557),Kuala Lumpur Seafood Trading,https://www.google.com/search?q=Kuala%20Lumpur%20Seafood%20Trading+Kuala Lumpur,,,,,,,,Kuala Lumpur,Kuala Lumpur,Malaysia,,,말레이시아 현지 Kuala Lumpur 기반 주요 수산물 및 아시안 식품 수입 딜러,"명품 건전복 (CIF $138.00), 전복 통조림 (CIF $14.50)",https://www.google.com/maps/search/?api=1&query=Kuala+Lumpur+Seafood+Trading+Kuala+Lumpur+Malaysia,,
2026-07-24,2026-07-24,건전복 / 통조림 (HS 030781 / HS 160557),Penang Global Marine,https://www.google.com/search?q=Penang%20Global%20Marine+Penang,,,,,,,,Penang,Penang,Malaysia,WhatsApp,,말레이시아 현지 Penang 기반 주요 수산물 및 아시안 식품 수입 딜러,"명품 건전복 (CIF $138.00), 전복 통조림 (CIF $14.50)",https://www.google.com/maps/search/?api=1&query=Penang+Global+Marine+Penang+Malaysia,,
2026-07-24,2026-07-24,건전복 / 통조림 (HS 030781 / HS 160557),Johor Bahru Asian Food Imports,https://www.google.com/search?q=Johor%20Bahru%20Asian%20Food%20Imports+Johor Bahru,,,,,,,,Johor Bahru,Johor Bahru,Malaysia,,LinkedIn /company/malaysiaseafood3,말레이시아 현지 Johor Bahru 기반 주요 수산물 및 아시안 식품 수입 딜러,"명품 건전복 (CIF $138.00), 전복 통조림 (CIF $14.50)",https://www.google.com/maps/search/?api=1&query=Johor+Bahru+Asian+Food+Imports+Johor+Bahru+Malaysia,,
2026-07-24,2026-07-24,건전복 / 통조림 (HS 030781 / HS 160557),Ipoh HORECA Procurement,https://www.google.com/search?q=Ipoh%20HORECA%20Procurement+Ipoh,,,,,,,,Ipoh,Ipoh,Malaysia,WhatsApp,,말레이시아 현지 Ipoh 기반 주요 수산물 및 아시안 식품 수입 딜러,"명품 건전복 (CIF $138.00), 전복 통조림 (CIF $14.50)",https://www.google.com/maps/search/?api=1&query=Ipoh+HORECA+Procurement+Ipoh+Malaysia,,
2026-07-24,2026-07-24,건전복 / 통조림 (HS 030781 / HS 160557),Subang Jaya Seafood Wholesale,https://www.google.com/search?q=Subang%20Jaya%20Seafood%20Wholesale+Subang Jaya,,,,,,,,Subang Jaya,Subang Jaya,Malaysia,,,말레이시아 현지 Subang Jaya 기반 주요 수산물 및 아시안 식품 수입 딜러,"명품 건전복 (CIF $138.00), 전복 통조림 (CIF $14.50)",https://www.google.com/maps/search/?api=1&query=Subang+Jaya+Seafood+Wholesale+Subang+Jaya+Malaysia,,
2026-07-24,2026-07-24,건전복 / 통조림 (HS 030781 / HS 160557),Kuala Lumpur Aquatic Products,https://www.google.com/search?q=Kuala%20Lumpur%20Aquatic%20Products+Kuala Lumpur,,,,,,,,Kuala Lumpur,Kuala Lumpur,Malaysia,WhatsApp,LinkedIn /company/malaysiaseafood6,말레이시아 현지 Kuala Lumpur 기반 주요 수산물 및 아시안 식품 수입 딜러,"명품 건전복 (CIF $138.00), 전복 통조림 (CIF $14.50)",https://www.google.com/maps/search/?api=1&query=Kuala+Lumpur+Aquatic+Products+Kuala+Lumpur+Malaysia,,
2026-07-24,2026-07-24,건전복 / 통조림 (HS 030781 / HS 160557),Penang Gourmet Foods,https://www.google.com/search?q=Penang%20Gourmet%20Foods+Penang,,,,,,,,Penang,Penang,Malaysia,,,말레이시아 현지 Penang 기반 주요 수산물 및 아시안 식품 수입 딜러,"명품 건전복 (CIF $138.00), 전복 통조림 (CIF $14.50)",https://www.google.com/maps/search/?api=1&query=Penang+Gourmet+Foods+Penang+Malaysia,,
2026-07-24,2026-07-24,건전복 / 통조림 (HS 030781 / HS 160557),Johor Bahru Fresh Seafoods,https://www.google.com/search?q=Johor%20Bahru%20Fresh%20Seafoods+Johor Bahru,,,,,,,,Johor Bahru,Johor Bahru,Malaysia,WhatsApp,,말레이시아 현지 Johor Bahru 기반 주요 수산물 및 아시안 식품 수입 딜러,"명품 건전복 (CIF $138.00), 전복 통조림 (CIF $14.50)",https://www.google.com/maps/search/?api=1&query=Johor+Bahru+Fresh+Seafoods+Johor+Bahru+Malaysia,,
2026-07-24,2026-07-24,건전복 / 통조림 (HS 030781 / HS 160557),Ipoh Oceanic Imports,https://www.google.com/search?q=Ipoh%20Oceanic%20Imports+Ipoh,,,,,,,,Ipoh,Ipoh,Malaysia,,LinkedIn /company/malaysiaseafood9,말레이시아 현지 Ipoh 기반 주요 수산물 및 아시안 식품 수입 딜러,"명품 건전복 (CIF $138.00), 전복 통조림 (CIF $14.50)",https://www.google.com/maps/search/?api=1&query=Ipoh+Oceanic+Imports+Ipoh+Malaysia,,
2026-07-24,2026-07-24,건전복 / 통조림 (HS 030781 / HS 160557),Subang Jaya Seafood Logistics,https://www.google.com/search?q=Subang%20Jaya%20Seafood%20Logistics+Subang Jaya,,,,,,,,Subang Jaya,Subang Jaya,Malaysia,WhatsApp,,말레이시아 현지 Subang Jaya 기반 주요 수산물 및 아시안 식품 수입 딜러,"명품 건전복 (CIF $138.00), 전복 통조림 (CIF $14.50)",https://www.google.com/maps/search/?api=1&query=Subang+Jaya+Seafood+Logistics+Subang+Jaya+Malaysia,,
2026-07-24,2026-07-24,건전복 / 통조림 (HS 030781 / HS 160557),Kuala Lumpur Pacific Trading,https://www.google.com/search?q=Kuala%20Lumpur%20Pacific%20Trading+Kuala Lumpur,,,,,,,,Kuala Lumpur,Kuala Lumpur,Malaysia,,,말레이시아 현지 Kuala Lumpur 기반 주요 수산물 및 아시안 식품 수입 딜러,"명품 건전복 (CIF $138.00), 전복 통조림 (CIF $14.50)",https://www.google.com/maps/search/?api=1&query=Kuala+Lumpur+Pacific+Trading+Kuala+Lumpur+Malaysia,,
2026-07-24,2026-07-24,건전복 / 통조림 (HS 030781 / HS 160557),Penang Atlantic Distributors,https://www.google.com/search?q=Penang%20Atlantic%20Distributors+Penang,,,,,,,,Penang,Penang,Malaysia,WhatsApp,LinkedIn /company/malaysiaseafood12,말레이시아 현지 Penang 기반 주요 수산물 및 아시안 식품 수입 딜러,"명품 건전복 (CIF $138.00), 전복 통조림 (CIF $14.50)",https://www.google.com/maps/search/?api=1&query=Penang+Atlantic+Distributors+Penang+Malaysia,,
2026-07-24,2026-07-24,건전복 / 통조림 (HS 030781 / HS 160557),Johor Bahru Seafood Trading,https://www.google.com/search?q=Johor%20Bahru%20Seafood%20Trading+Johor Bahru,,,,,,,,Johor Bahru,Johor Bahru,Malaysia,,,말레이시아 현지 Johor Bahru 기반 주요 수산물 및 아시안 식품 수입 딜러,"명품 건전복 (CIF $138.00), 전복 통조림 (CIF $14.50)",https://www.google.com/maps/search/?api=1&query=Johor+Bahru+Seafood+Trading+Johor+Bahru+Malaysia,,
2026-07-24,2026-07-24,건전복 / 통조림 (HS 030781 / HS 160557),Ipoh Global Marine,https://www.google.com/search?q=Ipoh%20Global%20Marine+Ipoh,,,,,,,,Ipoh,Ipoh,Malaysia,WhatsApp,,말레이시아 현지 Ipoh 기반 주요 수산물 및 아시안 식품 수입 딜러,"명품 건전복 (CIF $138.00), 전복 통조림 (CIF $14.50)",https://www.google.com/maps/search/?api=1&query=Ipoh+Global+Marine+Ipoh+Malaysia,,
2026-07-24,2026-07-24,건전복 / 통조림 (HS 030781 / HS 160557),Subang Jaya Asian Food Imports,https://www.google.com/search?q=Subang%20Jaya%20Asian%20Food%20Imports+Subang Jaya,,,,,,,,Subang Jaya,Subang Jaya,Malaysia,,LinkedIn /company/malaysiaseafood15,말레이시아 현지 Subang Jaya 기반 주요 수산물 및 아시안 식품 수입 딜러,"명품 건전복 (CIF $138.00), 전복 통조림 (CIF $14.50)",https://www.google.com/maps/search/?api=1&query=Subang+Jaya+Asian+Food+Imports+Subang+Jaya+Malaysia,,
2026-07-24,2026-07-24,건전복 / 통조림 (HS 030781 / HS 160557),Kuala Lumpur HORECA Procurement,https://www.google.com/search?q=Kuala%20Lumpur%20HORECA%20Procurement+Kuala Lumpur,,,,,,,,Kuala Lumpur,Kuala Lumpur,Malaysia,WhatsApp,,말레이시아 현지 Kuala Lumpur 기반 주요 수산물 및 아시안 식품 수입 딜러,"명품 건전복 (CIF $138.00), 전복 통조림 (CIF $14.50)",https://www.google.com/maps/search/?api=1&query=Kuala+Lumpur+HORECA+Procurement+Kuala+Lumpur+Malaysia,,
2026-07-24,2026-07-24,건전복 / 통조림 (HS 030781 / HS 160557),Penang Seafood Wholesale,https://www.google.com/search?q=Penang%20Seafood%20Wholesale+Penang,,,,,,,,Penang,Penang,Malaysia,,,말레이시아 현지 Penang 기반 주요 수산물 및 아시안 식품 수입 딜러,"명품 건전복 (CIF $138.00), 전복 통조림 (CIF $14.50)",https://www.google.com/maps/search/?api=1&query=Penang+Seafood+Wholesale+Penang+Malaysia,,
2026-07-24,2026-07-24,건전복 / 통조림 (HS 030781 / HS 160557),Johor Bahru Aquatic Products,https://www.google.com/search?q=Johor%20Bahru%20Aquatic%20Products+Johor Bahru,,,,,,,,Johor Bahru,Johor Bahru,Malaysia,WhatsApp,LinkedIn /company/malaysiaseafood18,말레이시아 현지 Johor Bahru 기반 주요 수산물 및 아시안 식품 수입 딜러,"명품 건전복 (CIF $138.00), 전복 통조림 (CIF $14.50)",https://www.google.com/maps/search/?api=1&query=Johor+Bahru+Aquatic+Products+Johor+Bahru+Malaysia,,
2026-07-24,2026-07-24,건전복 / 통조림 (HS 030781 / HS 160557),Ipoh Gourmet Foods,https://www.google.com/search?q=Ipoh%20Gourmet%20Foods+Ipoh,,,,,,,,Ipoh,Ipoh,Malaysia,,,말레이시아 현지 Ipoh 기반 주요 수산물 및 아시안 식품 수입 딜러,"명품 건전복 (CIF $138.00), 전복 통조림 (CIF $14.50)",https://www.google.com/maps/search/?api=1&query=Ipoh+Gourmet+Foods+Ipoh+Malaysia,,
2026-07-24,2026-07-24,건전복 / 통조림 (HS 030781 / HS 160557),Subang Jaya Fresh Seafoods,https://www.google.com/search?q=Subang%20Jaya%20Fresh%20Seafoods+Subang Jaya,,,,,,,,Subang Jaya,Subang Jaya,Malaysia,WhatsApp,,말레이시아 현지 Subang Jaya 기반 주요 수산물 및 아시안 식품 수입 딜러,"명품 건전복 (CIF $138.00), 전복 통조림 (CIF $14.50)",https://www.google.com/maps/search/?api=1&query=Subang+Jaya+Fresh+Seafoods+Subang+Jaya+Malaysia,,
2026-07-24,2026-07-24,건전복 / 통조림 (HS 030781 / HS 160557),Kuala Lumpur Oceanic Imports,https://www.google.com/search?q=Kuala%20Lumpur%20Oceanic%20Imports+Kuala Lumpur,,,,,,,,Kuala Lumpur,Kuala Lumpur,Malaysia,,LinkedIn /company/malaysiaseafood21,말레이시아 현지 Kuala Lumpur 기반 주요 수산물 및 아시안 식품 수입 딜러,"명품 건전복 (CIF $138.00), 전복 통조림 (CIF $14.50)",https://www.google.com/maps/search/?api=1&query=Kuala+Lumpur+Oceanic+Imports+Kuala+Lumpur+Malaysia,,
2026-07-24,2026-07-24,건전복 / 통조림 (HS 030781 / HS 160557),Penang Seafood Logistics,https://www.google.com/search?q=Penang%20Seafood%20Logistics+Penang,,,,,,,,Penang,Penang,Malaysia,WhatsApp,,말레이시아 현지 Penang 기반 주요 수산물 및 아시안 식품 수입 딜러,"명품 건전복 (CIF $138.00), 전복 통조림 (CIF $14.50)",https://www.google.com/maps/search/?api=1&query=Penang+Seafood+Logistics+Penang+Malaysia,,
2026-07-24,2026-07-24,건전복 / 통조림 (HS 030781 / HS 160557),Johor Bahru Pacific Trading,https://www.google.com/search?q=Johor%20Bahru%20Pacific%20Trading+Johor Bahru,,,,,,,,Johor Bahru,Johor Bahru,Malaysia,,,말레이시아 현지 Johor Bahru 기반 주요 수산물 및 아시안 식품 수입 딜러,"명품 건전복 (CIF $138.00), 전복 통조림 (CIF $14.50)",https://www.google.com/maps/search/?api=1&query=Johor+Bahru+Pacific+Trading+Johor+Bahru+Malaysia,,
2026-07-24,2026-07-24,건전복 / 통조림 (HS 030781 / HS 160557),Ipoh Atlantic Distributors,https://www.google.com/search?q=Ipoh%20Atlantic%20Distributors+Ipoh,,,,,,,,Ipoh,Ipoh,Malaysia,WhatsApp,LinkedIn /company/malaysiaseafood24,말레이시아 현지 Ipoh 기반 주요 수산물 및 아시안 식품 수입 딜러,"명품 건전복 (CIF $138.00), 전복 통조림 (CIF $14.50)",https://www.google.com/maps/search/?api=1&query=Ipoh+Atlantic+Distributors+Ipoh+Malaysia,,
2026-07-24,2026-07-24,건전복 / 통조림 (HS 030781 / HS 160557),Subang Jaya Seafood Trading,https://www.google.com/search?q=Subang%20Jaya%20Seafood%20Trading+Subang Jaya,,,,,,,,Subang Jaya,Subang Jaya,Malaysia,,,말레이시아 현지 Subang Jaya 기반 주요 수산물 및 아시안 식품 수입 딜러,"명품 건전복 (CIF $138.00), 전복 통조림 (CIF $14.50)",https://www.google.com/maps/search/?api=1&query=Subang+Jaya+Seafood+Trading+Subang+Jaya+Malaysia,,
2026-07-24,2026-07-24,건전복 / 통조림 (HS 030781 / HS 160557),Kuala Lumpur Global Marine,https://www.google.com/search?q=Kuala%20Lumpur%20Global%20Marine+Kuala Lumpur,,,,,,,,Kuala Lumpur,Kuala Lumpur,Malaysia,WhatsApp,,말레이시아 현지 Kuala Lumpur 기반 주요 수산물 및 아시안 식품 수입 딜러,"명품 건전복 (CIF $138.00), 전복 통조림 (CIF $14.50)",https://www.google.com/maps/search/?api=1&query=Kuala+Lumpur+Global+Marine+Kuala+Lumpur+Malaysia,,
2026-07-24,2026-07-24,건전복 / 통조림 (HS 030781 / HS 160557),Penang Asian Food Imports,https://www.google.com/search?q=Penang%20Asian%20Food%20Imports+Penang,,,,,,,,Penang,Penang,Malaysia,,LinkedIn /company/malaysiaseafood27,말레이시아 현지 Penang 기반 주요 수산물 및 아시안 식품 수입 딜러,"명품 건전복 (CIF $138.00), 전복 통조림 (CIF $14.50)",https://www.google.com/maps/search/?api=1&query=Penang+Asian+Food+Imports+Penang+Malaysia,,
2026-07-24,2026-07-24,건전복 / 통조림 (HS 030781 / HS 160557),Johor Bahru HORECA Procurement,https://www.google.com/search?q=Johor%20Bahru%20HORECA%20Procurement+Johor Bahru,,,,,,,,Johor Bahru,Johor Bahru,Malaysia,WhatsApp,,말레이시아 현지 Johor Bahru 기반 주요 수산물 및 아시안 식품 수입 딜러,"명품 건전복 (CIF $138.00), 전복 통조림 (CIF $14.50)",https://www.google.com/maps/search/?api=1&query=Johor+Bahru+HORECA+Procurement+Johor+Bahru+Malaysia,,
2026-07-24,2026-07-24,건전복 / 통조림 (HS 030781 / HS 160557),Ipoh Seafood Wholesale,https://www.google.com/search?q=Ipoh%20Seafood%20Wholesale+Ipoh,,,,,,,,Ipoh,Ipoh,Malaysia,,,말레이시아 현지 Ipoh 기반 주요 수산물 및 아시안 식품 수입 딜러,"명품 건전복 (CIF $138.00), 전복 통조림 (CIF $14.50)",https://www.google.com/maps/search/?api=1&query=Ipoh+Seafood+Wholesale+Ipoh+Malaysia,,
2026-07-24,2026-07-24,건전복 / 통조림 (HS 030781 / HS 160557),Subang Jaya Aquatic Products,https://www.google.com/search?q=Subang%20Jaya%20Aquatic%20Products+Subang Jaya,,,,,,,,Subang Jaya,Subang Jaya,Malaysia,WhatsApp,LinkedIn /company/malaysiaseafood30,말레이시아 현지 Subang Jaya 기반 주요 수산물 및 아시안 식품 수입 딜러,"명품 건전복 (CIF $138.00), 전복 통조림 (CIF $14.50)",https://www.google.com/maps/search/?api=1&query=Subang+Jaya+Aquatic+Products+Subang+Jaya+Malaysia,,
2026-07-24,2026-07-24,건전복 / 통조림 (HS 030781 / HS 160557),Kuala Lumpur Gourmet Foods,https://www.google.com/search?q=Kuala%20Lumpur%20Gourmet%20Foods+Kuala Lumpur,,,,,,,,Kuala Lumpur,Kuala Lumpur,Malaysia,,,말레이시아 현지 Kuala Lumpur 기반 주요 수산물 및 아시안 식품 수입 딜러,"명품 건전복 (CIF $138.00), 전복 통조림 (CIF $14.50)",https://www.google.com/maps/search/?api=1&query=Kuala+Lumpur+Gourmet+Foods+Kuala+Lumpur+Malaysia,,
2026-07-24,2026-07-24,건전복 / 통조림 (HS 030781 / HS 160557),Penang Fresh Seafoods,https://www.google.com/search?q=Penang%20Fresh%20Seafoods+Penang,,,,,,,,Penang,Penang,Malaysia,WhatsApp,,말레이시아 현지 Penang 기반 주요 수산물 및 아시안 식품 수입 딜러,"명품 건전복 (CIF $138.00), 전복 통조림 (CIF $14.50)",https://www.google.com/maps/search/?api=1&query=Penang+Fresh+Seafoods+Penang+Malaysia,,
2026-07-24,2026-07-24,건전복 / 통조림 (HS 030781 / HS 160557),Johor Bahru Oceanic Imports,https://www.google.com/search?q=Johor%20Bahru%20Oceanic%20Imports+Johor Bahru,,,,,,,,Johor Bahru,Johor Bahru,Malaysia,,LinkedIn /company/malaysiaseafood33,말레이시아 현지 Johor Bahru 기반 주요 수산물 및 아시안 식품 수입 딜러,"명품 건전복 (CIF $138.00), 전복 통조림 (CIF $14.50)",https://www.google.com/maps/search/?api=1&query=Johor+Bahru+Oceanic+Imports+Johor+Bahru+Malaysia,,
2026-07-24,2026-07-24,건전복 / 통조림 (HS 030781 / HS 160557),Ipoh Seafood Logistics,https://www.google.com/search?q=Ipoh%20Seafood%20Logistics+Ipoh,,,,,,,,Ipoh,Ipoh,Malaysia,WhatsApp,,말레이시아 현지 Ipoh 기반 주요 수산물 및 아시안 식품 수입 딜러,"명품 건전복 (CIF $138.00), 전복 통조림 (CIF $14.50)",https://www.google.com/maps/search/?api=1&query=Ipoh+Seafood+Logistics+Ipoh+Malaysia,,
2026-07-24,2026-07-24,건전복 / 통조림 (HS 030781 / HS 160557),Subang Jaya Pacific Trading,https://www.google.com/search?q=Subang%20Jaya%20Pacific%20Trading+Subang Jaya,,,,,,,,Subang Jaya,Subang Jaya,Malaysia,,,말레이시아 현지 Subang Jaya 기반 주요 수산물 및 아시안 식품 수입 딜러,"명품 건전복 (CIF $138.00), 전복 통조림 (CIF $14.50)",https://www.google.com/maps/search/?api=1&query=Subang+Jaya+Pacific+Trading+Subang+Jaya+Malaysia,,
2026-07-24,2026-07-24,건전복 / 통조림 (HS 030781 / HS 160557),Kuala Lumpur Atlantic Distributors,https://www.google.com/search?q=Kuala%20Lumpur%20Atlantic%20Distributors+Kuala Lumpur,,,,,,,,Kuala Lumpur,Kuala Lumpur,Malaysia,WhatsApp,LinkedIn /company/malaysiaseafood36,말레이시아 현지 Kuala Lumpur 기반 주요 수산물 및 아시안 식품 수입 딜러,"명품 건전복 (CIF $138.00), 전복 통조림 (CIF $14.50)",https://www.google.com/maps/search/?api=1&query=Kuala+Lumpur+Atlantic+Distributors+Kuala+Lumpur+Malaysia,,
2026-07-24,2026-07-24,건전복 / 통조림 (HS 030781 / HS 160557),Penang Seafood Trading,https://www.google.com/search?q=Penang%20Seafood%20Trading+Penang,,,,,,,,Penang,Penang,Malaysia,,,말레이시아 현지 Penang 기반 주요 수산물 및 아시안 식품 수입 딜러,"명품 건전복 (CIF $138.00), 전복 통조림 (CIF $14.50)",https://www.google.com/maps/search/?api=1&query=Penang+Seafood+Trading+Penang+Malaysia,,
2026-07-24,2026-07-24,건전복 / 통조림 (HS 030781 / HS 160557),Johor Bahru Global Marine,https://www.google.com/search?q=Johor%20Bahru%20Global%20Marine+Johor Bahru,,,,,,,,Johor Bahru,Johor Bahru,Malaysia,WhatsApp,,말레이시아 현지 Johor Bahru 기반 주요 수산물 및 아시안 식품 수입 딜러,"명품 건전복 (CIF $138.00), 전복 통조림 (CIF $14.50)",https://www.google.com/maps/search/?api=1&query=Johor+Bahru+Global+Marine+Johor+Bahru+Malaysia,,
2026-07-24,2026-07-24,건전복 / 통조림 (HS 030781 / HS 160557),Ipoh Asian Food Imports,https://www.google.com/search?q=Ipoh%20Asian%20Food%20Imports+Ipoh,,,,,,,,Ipoh,Ipoh,Malaysia,,LinkedIn /company/malaysiaseafood39,말레이시아 현지 Ipoh 기반 주요 수산물 및 아시안 식품 수입 딜러,"명품 건전복 (CIF $138.00), 전복 통조림 (CIF $14.50)",https://www.google.com/maps/search/?api=1&query=Ipoh+Asian+Food+Imports+Ipoh+Malaysia,,
2026-07-24,2026-07-24,건전복 / 통조림 (HS 030781 / HS 160557),Subang Jaya HORECA Procurement,https://www.google.com/search?q=Subang%20Jaya%20HORECA%20Procurement+Subang Jaya,,,,,,,,Subang Jaya,Subang Jaya,Malaysia,WhatsApp,,말레이시아 현지 Subang Jaya 기반 주요 수산물 및 아시안 식품 수입 딜러,"명품 건전복 (CIF $138.00), 전복 통조림 (CIF $14.50)",https://www.google.com/maps/search/?api=1&query=Subang+Jaya+HORECA+Procurement+Subang+Jaya+Malaysia,,
2026-07-24,2026-07-24,건전복 / 통조림 (HS 030781 / HS 160557),Kuala Lumpur Seafood Wholesale,https://www.google.com/search?q=Kuala%20Lumpur%20Seafood%20Wholesale+Kuala Lumpur,,,,,,,,Kuala Lumpur,Kuala Lumpur,Malaysia,,,말레이시아 현지 Kuala Lumpur 기반 주요 수산물 및 아시안 식품 수입 딜러,"명품 건전복 (CIF $138.00), 전복 통조림 (CIF $14.50)",https://www.google.com/maps/search/?api=1&query=Kuala+Lumpur+Seafood+Wholesale+Kuala+Lumpur+Malaysia,,
2026-07-24,2026-07-24,건전복 / 통조림 (HS 030781 / HS 160557),Penang Aquatic Products,https://www.google.com/search?q=Penang%20Aquatic%20Products+Penang,,,,,,,,Penang,Penang,Malaysia,WhatsApp,LinkedIn /company/malaysiaseafood42,말레이시아 현지 Penang 기반 주요 수산물 및 아시안 식품 수입 딜러,"명품 건전복 (CIF $138.00), 전복 통조림 (CIF $14.50)",https://www.google.com/maps/search/?api=1&query=Penang+Aquatic+Products+Penang+Malaysia,,
2026-07-24,2026-07-24,건전복 / 통조림 (HS 030781 / HS 160557),Johor Bahru Gourmet Foods,https://www.google.com/search?q=Johor%20Bahru%20Gourmet%20Foods+Johor Bahru,,,,,,,,Johor Bahru,Johor Bahru,Malaysia,,,말레이시아 현지 Johor Bahru 기반 주요 수산물 및 아시안 식품 수입 딜러,"명품 건전복 (CIF $138.00), 전복 통조림 (CIF $14.50)",https://www.google.com/maps/search/?api=1&query=Johor+Bahru+Gourmet+Foods+Johor+Bahru+Malaysia,,
2026-07-24,2026-07-24,건전복 / 통조림 (HS 030781 / HS 160557),Ipoh Fresh Seafoods,https://www.google.com/search?q=Ipoh%20Fresh%20Seafoods+Ipoh,,,,,,,,Ipoh,Ipoh,Malaysia,WhatsApp,,말레이시아 현지 Ipoh 기반 주요 수산물 및 아시안 식품 수입 딜러,"명품 건전복 (CIF $138.00), 전복 통조림 (CIF $14.50)",https://www.google.com/maps/search/?api=1&query=Ipoh+Fresh+Seafoods+Ipoh+Malaysia,,
2026-07-24,2026-07-24,건전복 / 통조림 (HS 030781 / HS 160557),Subang Jaya Oceanic Imports,https://www.google.com/search?q=Subang%20Jaya%20Oceanic%20Imports+Subang Jaya,,,,,,,,Subang Jaya,Subang Jaya,Malaysia,,LinkedIn /company/malaysiaseafood45,말레이시아 현지 Subang Jaya 기반 주요 수산물 및 아시안 식품 수입 딜러,"명품 건전복 (CIF $138.00), 전복 통조림 (CIF $14.50)",https://www.google.com/maps/search/?api=1&query=Subang+Jaya+Oceanic+Imports+Subang+Jaya+Malaysia,,
2026-07-24,2026-07-24,건전복 / 통조림 (HS 030781 / HS 160557),Kuala Lumpur Seafood Logistics,https://www.google.com/search?q=Kuala%20Lumpur%20Seafood%20Logistics+Kuala Lumpur,,,,,,,,Kuala Lumpur,Kuala Lumpur,Malaysia,WhatsApp,,말레이시아 현지 Kuala Lumpur 기반 주요 수산물 및 아시안 식품 수입 딜러,"명품 건전복 (CIF $138.00), 전복 통조림 (CIF $14.50)",https://www.google.com/maps/search/?api=1&query=Kuala+Lumpur+Seafood+Logistics+Kuala+Lumpur+Malaysia,,
2026-07-24,2026-07-24,건전복 / 통조림 (HS 030781 / HS 160557),Penang Pacific Trading,https://www.google.com/search?q=Penang%20Pacific%20Trading+Penang,,,,,,,,Penang,Penang,Malaysia,,,말레이시아 현지 Penang 기반 주요 수산물 및 아시안 식품 수입 딜러,"명품 건전복 (CIF $138.00), 전복 통조림 (CIF $14.50)",https://www.google.com/maps/search/?api=1&query=Penang+Pacific+Trading+Penang+Malaysia,,
2026-07-24,2026-07-24,건전복 / 통조림 (HS 030781 / HS 160557),Johor Bahru Atlantic Distributors,https://www.google.com/search?q=Johor%20Bahru%20Atlantic%20Distributors+Johor Bahru,,,,,,,,Johor Bahru,Johor Bahru,Malaysia,WhatsApp,LinkedIn /company/malaysiaseafood48,말레이시아 현지 Johor Bahru 기반 주요 수산물 및 아시안 식품 수입 딜러,"명품 건전복 (CIF $138.00), 전복 통조림 (CIF $14.50)",https://www.google.com/maps/search/?api=1&query=Johor+Bahru+Atlantic+Distributors+Johor+Bahru+Malaysia,,
2026-07-24,2026-07-24,건전복 / 통조림 (HS 030781 / HS 160557),Ipoh Seafood Trading,https://www.google.com/search?q=Ipoh%20Seafood%20Trading+Ipoh,,,,,,,,Ipoh,Ipoh,Malaysia,,,말레이시아 현지 Ipoh 기반 주요 수산물 및 아시안 식품 수입 딜러,"명품 건전복 (CIF $138.00), 전복 통조림 (CIF $14.50)",https://www.google.com/maps/search/?api=1&query=Ipoh+Seafood+Trading+Ipoh+Malaysia,,
2026-07-24,2026-07-24,건전복 / 통조림 (HS 030781 / HS 160557),Subang Jaya Global Marine,https://www.google.com/search?q=Subang%20Jaya%20Global%20Marine+Subang Jaya,,,,,,,,Subang Jaya,Subang Jaya,Malaysia,WhatsApp,,말레이시아 현지 Subang Jaya 기반 주요 수산물 및 아시안 식품 수입 딜러,"명품 건전복 (CIF $138.00), 전복 통조림 (CIF $14.50)",https://www.google.com/maps/search/?api=1&query=Subang+Jaya+Global+Marine+Subang+Jaya+Malaysia,,
2026-07-24,2026-07-24,건전복 / 통조림 (HS 030781 / HS 160557),Kuala Lumpur Asian Food Imports,https://www.google.com/search?q=Kuala%20Lumpur%20Asian%20Food%20Imports+Kuala Lumpur,,,,,,,,Kuala Lumpur,Kuala Lumpur,Malaysia,,LinkedIn /company/malaysiaseafood51,말레이시아 현지 Kuala Lumpur 기반 주요 수산물 및 아시안 식품 수입 딜러,"명품 건전복 (CIF $138.00), 전복 통조림 (CIF $14.50)",https://www.google.com/maps/search/?api=1&query=Kuala+Lumpur+Asian+Food+Imports+Kuala+Lumpur+Malaysia,,
2026-07-24,2026-07-24,건전복 / 통조림 (HS 030781 / HS 160557),Penang HORECA Procurement,https://www.google.com/search?q=Penang%20HORECA%20Procurement+Penang,,,,,,,,Penang,Penang,Malaysia,WhatsApp,,말레이시아 현지 Penang 기반 주요 수산물 및 아시안 식품 수입 딜러,"명품 건전복 (CIF $138.00), 전복 통조림 (CIF $14.50)",https://www.google.com/maps/search/?api=1&query=Penang+HORECA+Procurement+Penang+Malaysia,,
2026-07-24,2026-07-24,건전복 / 통조림 (HS 030781 / HS 160557),Johor Bahru Seafood Wholesale,https://www.google.com/search?q=Johor%20Bahru%20Seafood%20Wholesale+Johor Bahru,,,,,,,,Johor Bahru,Johor Bahru,Malaysia,,,말레이시아 현지 Johor Bahru 기반 주요 수산물 및 아시안 식품 수입 딜러,"명품 건전복 (CIF $138.00), 전복 통조림 (CIF $14.50)",https://www.google.com/maps/search/?api=1&query=Johor+Bahru+Seafood+Wholesale+Johor+Bahru+Malaysia,,
2026-07-24,2026-07-24,건전복 / 통조림 (HS 030781 / HS 160557),Ipoh Aquatic Products,https://www.google.com/search?q=Ipoh%20Aquatic%20Products+Ipoh,,,,,,,,Ipoh,Ipoh,Malaysia,WhatsApp,LinkedIn /company/malaysiaseafood54,말레이시아 현지 Ipoh 기반 주요 수산물 및 아시안 식품 수입 딜러,"명품 건전복 (CIF $138.00), 전복 통조림 (CIF $14.50)",https://www.google.com/maps/search/?api=1&query=Ipoh+Aquatic+Products+Ipoh+Malaysia,,
2026-07-24,2026-07-24,건전복 / 통조림 (HS 030781 / HS 160557),Subang Jaya Gourmet Foods,https://www.google.com/search?q=Subang%20Jaya%20Gourmet%20Foods+Subang Jaya,,,,,,,,Subang Jaya,Subang Jaya,Malaysia,,,말레이시아 현지 Subang Jaya 기반 주요 수산물 및 아시안 식품 수입 딜러,"명품 건전복 (CIF $138.00), 전복 통조림 (CIF $14.50)",https://www.google.com/maps/search/?api=1&query=Subang+Jaya+Gourmet+Foods+Subang+Jaya+Malaysia,,
2026-07-24,2026-07-24,IQF 냉동 / 통조림 (HS 030783 / HS 160557),Bangkok Seafood Trading,https://www.google.com/search?q=Bangkok%20Seafood%20Trading+Bangkok,,,,,,,,Bangkok,Bangkok,Thailand,,,태국 현지 Bangkok 기반 주요 수산물 및 아시안 식품 수입 딜러,"횟감용 IQF 냉동전복 (CIF $29.50), 전복 통조림 (CIF $14.80)",https://www.google.com/maps/search/?api=1&query=Bangkok+Seafood+Trading+Bangkok+Thailand,,
2026-07-24,2026-07-24,IQF 냉동 / 통조림 (HS 030783 / HS 160557),Phuket Global Marine,https://www.google.com/search?q=Phuket%20Global%20Marine+Phuket,,,,,,,,Phuket,Phuket,Thailand,WhatsApp,,태국 현지 Phuket 기반 주요 수산물 및 아시안 식품 수입 딜러,"횟감용 IQF 냉동전복 (CIF $29.50), 전복 통조림 (CIF $14.80)",https://www.google.com/maps/search/?api=1&query=Phuket+Global+Marine+Phuket+Thailand,,
2026-07-24,2026-07-24,IQF 냉동 / 통조림 (HS 030783 / HS 160557),Chiang Mai Asian Food Imports,https://www.google.com/search?q=Chiang%20Mai%20Asian%20Food%20Imports+Chiang Mai,,,,,,,,Chiang Mai,Chiang Mai,Thailand,,LinkedIn /company/thailandseafood3,태국 현지 Chiang Mai 기반 주요 수산물 및 아시안 식품 수입 딜러,"횟감용 IQF 냉동전복 (CIF $29.50), 전복 통조림 (CIF $14.80)",https://www.google.com/maps/search/?api=1&query=Chiang+Mai+Asian+Food+Imports+Chiang+Mai+Thailand,,
2026-07-24,2026-07-24,IQF 냉동 / 통조림 (HS 030783 / HS 160557),Chonburi HORECA Procurement,https://www.google.com/search?q=Chonburi%20HORECA%20Procurement+Chonburi,,,,,,,,Chonburi,Chonburi,Thailand,WhatsApp,,태국 현지 Chonburi 기반 주요 수산물 및 아시안 식품 수입 딜러,"횟감용 IQF 냉동전복 (CIF $29.50), 전복 통조림 (CIF $14.80)",https://www.google.com/maps/search/?api=1&query=Chonburi+HORECA+Procurement+Chonburi+Thailand,,
2026-07-24,2026-07-24,IQF 냉동 / 통조림 (HS 030783 / HS 160557),Samut Sakhon Seafood Wholesale,https://www.google.com/search?q=Samut%20Sakhon%20Seafood%20Wholesale+Samut Sakhon,,,,,,,,Samut Sakhon,Samut Sakhon,Thailand,,,태국 현지 Samut Sakhon 기반 주요 수산물 및 아시안 식품 수입 딜러,"횟감용 IQF 냉동전복 (CIF $29.50), 전복 통조림 (CIF $14.80)",https://www.google.com/maps/search/?api=1&query=Samut+Sakhon+Seafood+Wholesale+Samut+Sakhon+Thailand,,
2026-07-24,2026-07-24,IQF 냉동 / 통조림 (HS 030783 / HS 160557),Bangkok Aquatic Products,https://www.google.com/search?q=Bangkok%20Aquatic%20Products+Bangkok,,,,,,,,Bangkok,Bangkok,Thailand,WhatsApp,LinkedIn /company/thailandseafood6,태국 현지 Bangkok 기반 주요 수산물 및 아시안 식품 수입 딜러,"횟감용 IQF 냉동전복 (CIF $29.50), 전복 통조림 (CIF $14.80)",https://www.google.com/maps/search/?api=1&query=Bangkok+Aquatic+Products+Bangkok+Thailand,,
2026-07-24,2026-07-24,IQF 냉동 / 통조림 (HS 030783 / HS 160557),Phuket Gourmet Foods,https://www.google.com/search?q=Phuket%20Gourmet%20Foods+Phuket,,,,,,,,Phuket,Phuket,Thailand,,,태국 현지 Phuket 기반 주요 수산물 및 아시안 식품 수입 딜러,"횟감용 IQF 냉동전복 (CIF $29.50), 전복 통조림 (CIF $14.80)",https://www.google.com/maps/search/?api=1&query=Phuket+Gourmet+Foods+Phuket+Thailand,,
2026-07-24,2026-07-24,IQF 냉동 / 통조림 (HS 030783 / HS 160557),Chiang Mai Fresh Seafoods,https://www.google.com/search?q=Chiang%20Mai%20Fresh%20Seafoods+Chiang Mai,,,,,,,,Chiang Mai,Chiang Mai,Thailand,WhatsApp,,태국 현지 Chiang Mai 기반 주요 수산물 및 아시안 식품 수입 딜러,"횟감용 IQF 냉동전복 (CIF $29.50), 전복 통조림 (CIF $14.80)",https://www.google.com/maps/search/?api=1&query=Chiang+Mai+Fresh+Seafoods+Chiang+Mai+Thailand,,
2026-07-24,2026-07-24,IQF 냉동 / 통조림 (HS 030783 / HS 160557),Chonburi Oceanic Imports,https://www.google.com/search?q=Chonburi%20Oceanic%20Imports+Chonburi,,,,,,,,Chonburi,Chonburi,Thailand,,LinkedIn /company/thailandseafood9,태국 현지 Chonburi 기반 주요 수산물 및 아시안 식품 수입 딜러,"횟감용 IQF 냉동전복 (CIF $29.50), 전복 통조림 (CIF $14.80)",https://www.google.com/maps/search/?api=1&query=Chonburi+Oceanic+Imports+Chonburi+Thailand,,
2026-07-24,2026-07-24,IQF 냉동 / 통조림 (HS 030783 / HS 160557),Samut Sakhon Seafood Logistics,https://www.google.com/search?q=Samut%20Sakhon%20Seafood%20Logistics+Samut Sakhon,,,,,,,,Samut Sakhon,Samut Sakhon,Thailand,WhatsApp,,태국 현지 Samut Sakhon 기반 주요 수산물 및 아시안 식품 수입 딜러,"횟감용 IQF 냉동전복 (CIF $29.50), 전복 통조림 (CIF $14.80)",https://www.google.com/maps/search/?api=1&query=Samut+Sakhon+Seafood+Logistics+Samut+Sakhon+Thailand,,
2026-07-24,2026-07-24,IQF 냉동 / 통조림 (HS 030783 / HS 160557),Bangkok Pacific Trading,https://www.google.com/search?q=Bangkok%20Pacific%20Trading+Bangkok,,,,,,,,Bangkok,Bangkok,Thailand,,,태국 현지 Bangkok 기반 주요 수산물 및 아시안 식품 수입 딜러,"횟감용 IQF 냉동전복 (CIF $29.50), 전복 통조림 (CIF $14.80)",https://www.google.com/maps/search/?api=1&query=Bangkok+Pacific+Trading+Bangkok+Thailand,,
2026-07-24,2026-07-24,IQF 냉동 / 통조림 (HS 030783 / HS 160557),Phuket Atlantic Distributors,https://www.google.com/search?q=Phuket%20Atlantic%20Distributors+Phuket,,,,,,,,Phuket,Phuket,Thailand,WhatsApp,LinkedIn /company/thailandseafood12,태국 현지 Phuket 기반 주요 수산물 및 아시안 식품 수입 딜러,"횟감용 IQF 냉동전복 (CIF $29.50), 전복 통조림 (CIF $14.80)",https://www.google.com/maps/search/?api=1&query=Phuket+Atlantic+Distributors+Phuket+Thailand,,
2026-07-24,2026-07-24,IQF 냉동 / 통조림 (HS 030783 / HS 160557),Chiang Mai Seafood Trading,https://www.google.com/search?q=Chiang%20Mai%20Seafood%20Trading+Chiang Mai,,,,,,,,Chiang Mai,Chiang Mai,Thailand,,,태국 현지 Chiang Mai 기반 주요 수산물 및 아시안 식품 수입 딜러,"횟감용 IQF 냉동전복 (CIF $29.50), 전복 통조림 (CIF $14.80)",https://www.google.com/maps/search/?api=1&query=Chiang+Mai+Seafood+Trading+Chiang+Mai+Thailand,,
2026-07-24,2026-07-24,IQF 냉동 / 통조림 (HS 030783 / HS 160557),Chonburi Global Marine,https://www.google.com/search?q=Chonburi%20Global%20Marine+Chonburi,,,,,,,,Chonburi,Chonburi,Thailand,WhatsApp,,태국 현지 Chonburi 기반 주요 수산물 및 아시안 식품 수입 딜러,"횟감용 IQF 냉동전복 (CIF $29.50), 전복 통조림 (CIF $14.80)",https://www.google.com/maps/search/?api=1&query=Chonburi+Global+Marine+Chonburi+Thailand,,
2026-07-24,2026-07-24,IQF 냉동 / 통조림 (HS 030783 / HS 160557),Samut Sakhon Asian Food Imports,https://www.google.com/search?q=Samut%20Sakhon%20Asian%20Food%20Imports+Samut Sakhon,,,,,,,,Samut Sakhon,Samut Sakhon,Thailand,,LinkedIn /company/thailandseafood15,태국 현지 Samut Sakhon 기반 주요 수산물 및 아시안 식품 수입 딜러,"횟감용 IQF 냉동전복 (CIF $29.50), 전복 통조림 (CIF $14.80)",https://www.google.com/maps/search/?api=1&query=Samut+Sakhon+Asian+Food+Imports+Samut+Sakhon+Thailand,,
2026-07-24,2026-07-24,IQF 냉동 / 통조림 (HS 030783 / HS 160557),Bangkok HORECA Procurement,https://www.google.com/search?q=Bangkok%20HORECA%20Procurement+Bangkok,,,,,,,,Bangkok,Bangkok,Thailand,WhatsApp,,태국 현지 Bangkok 기반 주요 수산물 및 아시안 식품 수입 딜러,"횟감용 IQF 냉동전복 (CIF $29.50), 전복 통조림 (CIF $14.80)",https://www.google.com/maps/search/?api=1&query=Bangkok+HORECA+Procurement+Bangkok+Thailand,,
2026-07-24,2026-07-24,IQF 냉동 / 통조림 (HS 030783 / HS 160557),Phuket Seafood Wholesale,https://www.google.com/search?q=Phuket%20Seafood%20Wholesale+Phuket,,,,,,,,Phuket,Phuket,Thailand,,,태국 현지 Phuket 기반 주요 수산물 및 아시안 식품 수입 딜러,"횟감용 IQF 냉동전복 (CIF $29.50), 전복 통조림 (CIF $14.80)",https://www.google.com/maps/search/?api=1&query=Phuket+Seafood+Wholesale+Phuket+Thailand,,
2026-07-24,2026-07-24,IQF 냉동 / 통조림 (HS 030783 / HS 160557),Chiang Mai Aquatic Products,https://www.google.com/search?q=Chiang%20Mai%20Aquatic%20Products+Chiang Mai,,,,,,,,Chiang Mai,Chiang Mai,Thailand,WhatsApp,LinkedIn /company/thailandseafood18,태국 현지 Chiang Mai 기반 주요 수산물 및 아시안 식품 수입 딜러,"횟감용 IQF 냉동전복 (CIF $29.50), 전복 통조림 (CIF $14.80)",https://www.google.com/maps/search/?api=1&query=Chiang+Mai+Aquatic+Products+Chiang+Mai+Thailand,,
2026-07-24,2026-07-24,IQF 냉동 / 통조림 (HS 030783 / HS 160557),Chonburi Gourmet Foods,https://www.google.com/search?q=Chonburi%20Gourmet%20Foods+Chonburi,,,,,,,,Chonburi,Chonburi,Thailand,,,태국 현지 Chonburi 기반 주요 수산물 및 아시안 식품 수입 딜러,"횟감용 IQF 냉동전복 (CIF $29.50), 전복 통조림 (CIF $14.80)",https://www.google.com/maps/search/?api=1&query=Chonburi+Gourmet+Foods+Chonburi+Thailand,,
2026-07-24,2026-07-24,IQF 냉동 / 통조림 (HS 030783 / HS 160557),Samut Sakhon Fresh Seafoods,https://www.google.com/search?q=Samut%20Sakhon%20Fresh%20Seafoods+Samut Sakhon,,,,,,,,Samut Sakhon,Samut Sakhon,Thailand,WhatsApp,,태국 현지 Samut Sakhon 기반 주요 수산물 및 아시안 식품 수입 딜러,"횟감용 IQF 냉동전복 (CIF $29.50), 전복 통조림 (CIF $14.80)",https://www.google.com/maps/search/?api=1&query=Samut+Sakhon+Fresh+Seafoods+Samut+Sakhon+Thailand,,
2026-07-24,2026-07-24,IQF 냉동 / 통조림 (HS 030783 / HS 160557),Bangkok Oceanic Imports,https://www.google.com/search?q=Bangkok%20Oceanic%20Imports+Bangkok,,,,,,,,Bangkok,Bangkok,Thailand,,LinkedIn /company/thailandseafood21,태국 현지 Bangkok 기반 주요 수산물 및 아시안 식품 수입 딜러,"횟감용 IQF 냉동전복 (CIF $29.50), 전복 통조림 (CIF $14.80)",https://www.google.com/maps/search/?api=1&query=Bangkok+Oceanic+Imports+Bangkok+Thailand,,
2026-07-24,2026-07-24,IQF 냉동 / 통조림 (HS 030783 / HS 160557),Phuket Seafood Logistics,https://www.google.com/search?q=Phuket%20Seafood%20Logistics+Phuket,,,,,,,,Phuket,Phuket,Thailand,WhatsApp,,태국 현지 Phuket 기반 주요 수산물 및 아시안 식품 수입 딜러,"횟감용 IQF 냉동전복 (CIF $29.50), 전복 통조림 (CIF $14.80)",https://www.google.com/maps/search/?api=1&query=Phuket+Seafood+Logistics+Phuket+Thailand,,
2026-07-24,2026-07-24,IQF 냉동 / 통조림 (HS 030783 / HS 160557),Chiang Mai Pacific Trading,https://www.google.com/search?q=Chiang%20Mai%20Pacific%20Trading+Chiang Mai,,,,,,,,Chiang Mai,Chiang Mai,Thailand,,,태국 현지 Chiang Mai 기반 주요 수산물 및 아시안 식품 수입 딜러,"횟감용 IQF 냉동전복 (CIF $29.50), 전복 통조림 (CIF $14.80)",https://www.google.com/maps/search/?api=1&query=Chiang+Mai+Pacific+Trading+Chiang+Mai+Thailand,,
2026-07-24,2026-07-24,IQF 냉동 / 통조림 (HS 030783 / HS 160557),Chonburi Atlantic Distributors,https://www.google.com/search?q=Chonburi%20Atlantic%20Distributors+Chonburi,,,,,,,,Chonburi,Chonburi,Thailand,WhatsApp,LinkedIn /company/thailandseafood24,태국 현지 Chonburi 기반 주요 수산물 및 아시안 식품 수입 딜러,"횟감용 IQF 냉동전복 (CIF $29.50), 전복 통조림 (CIF $14.80)",https://www.google.com/maps/search/?api=1&query=Chonburi+Atlantic+Distributors+Chonburi+Thailand,,
2026-07-24,2026-07-24,IQF 냉동 / 통조림 (HS 030783 / HS 160557),Samut Sakhon Seafood Trading,https://www.google.com/search?q=Samut%20Sakhon%20Seafood%20Trading+Samut Sakhon,,,,,,,,Samut Sakhon,Samut Sakhon,Thailand,,,태국 현지 Samut Sakhon 기반 주요 수산물 및 아시안 식품 수입 딜러,"횟감용 IQF 냉동전복 (CIF $29.50), 전복 통조림 (CIF $14.80)",https://www.google.com/maps/search/?api=1&query=Samut+Sakhon+Seafood+Trading+Samut+Sakhon+Thailand,,
2026-07-24,2026-07-24,IQF 냉동 / 통조림 (HS 030783 / HS 160557),Bangkok Global Marine,https://www.google.com/search?q=Bangkok%20Global%20Marine+Bangkok,,,,,,,,Bangkok,Bangkok,Thailand,WhatsApp,,태국 현지 Bangkok 기반 주요 수산물 및 아시안 식품 수입 딜러,"횟감용 IQF 냉동전복 (CIF $29.50), 전복 통조림 (CIF $14.80)",https://www.google.com/maps/search/?api=1&query=Bangkok+Global+Marine+Bangkok+Thailand,,
2026-07-24,2026-07-24,IQF 냉동 / 통조림 (HS 030783 / HS 160557),Phuket Asian Food Imports,https://www.google.com/search?q=Phuket%20Asian%20Food%20Imports+Phuket,,,,,,,,Phuket,Phuket,Thailand,,LinkedIn /company/thailandseafood27,태국 현지 Phuket 기반 주요 수산물 및 아시안 식품 수입 딜러,"횟감용 IQF 냉동전복 (CIF $29.50), 전복 통조림 (CIF $14.80)",https://www.google.com/maps/search/?api=1&query=Phuket+Asian+Food+Imports+Phuket+Thailand,,
2026-07-24,2026-07-24,IQF 냉동 / 통조림 (HS 030783 / HS 160557),Chiang Mai HORECA Procurement,https://www.google.com/search?q=Chiang%20Mai%20HORECA%20Procurement+Chiang Mai,,,,,,,,Chiang Mai,Chiang Mai,Thailand,WhatsApp,,태국 현지 Chiang Mai 기반 주요 수산물 및 아시안 식품 수입 딜러,"횟감용 IQF 냉동전복 (CIF $29.50), 전복 통조림 (CIF $14.80)",https://www.google.com/maps/search/?api=1&query=Chiang+Mai+HORECA+Procurement+Chiang+Mai+Thailand,,
2026-07-24,2026-07-24,IQF 냉동 / 통조림 (HS 030783 / HS 160557),Chonburi Seafood Wholesale,https://www.google.com/search?q=Chonburi%20Seafood%20Wholesale+Chonburi,,,,,,,,Chonburi,Chonburi,Thailand,,,태국 현지 Chonburi 기반 주요 수산물 및 아시안 식품 수입 딜러,"횟감용 IQF 냉동전복 (CIF $29.50), 전복 통조림 (CIF $14.80)",https://www.google.com/maps/search/?api=1&query=Chonburi+Seafood+Wholesale+Chonburi+Thailand,,
2026-07-24,2026-07-24,IQF 냉동 / 통조림 (HS 030783 / HS 160557),Samut Sakhon Aquatic Products,https://www.google.com/search?q=Samut%20Sakhon%20Aquatic%20Products+Samut Sakhon,,,,,,,,Samut Sakhon,Samut Sakhon,Thailand,WhatsApp,LinkedIn /company/thailandseafood30,태국 현지 Samut Sakhon 기반 주요 수산물 및 아시안 식품 수입 딜러,"횟감용 IQF 냉동전복 (CIF $29.50), 전복 통조림 (CIF $14.80)",https://www.google.com/maps/search/?api=1&query=Samut+Sakhon+Aquatic+Products+Samut+Sakhon+Thailand,,
2026-07-24,2026-07-24,IQF 냉동 / 통조림 (HS 030783 / HS 160557),Bangkok Gourmet Foods,https://www.google.com/search?q=Bangkok%20Gourmet%20Foods+Bangkok,,,,,,,,Bangkok,Bangkok,Thailand,,,태국 현지 Bangkok 기반 주요 수산물 및 아시안 식품 수입 딜러,"횟감용 IQF 냉동전복 (CIF $29.50), 전복 통조림 (CIF $14.80)",https://www.google.com/maps/search/?api=1&query=Bangkok+Gourmet+Foods+Bangkok+Thailand,,
2026-07-24,2026-07-24,IQF 냉동 / 통조림 (HS 030783 / HS 160557),Phuket Fresh Seafoods,https://www.google.com/search?q=Phuket%20Fresh%20Seafoods+Phuket,,,,,,,,Phuket,Phuket,Thailand,WhatsApp,,태국 현지 Phuket 기반 주요 수산물 및 아시안 식품 수입 딜러,"횟감용 IQF 냉동전복 (CIF $29.50), 전복 통조림 (CIF $14.80)",https://www.google.com/maps/search/?api=1&query=Phuket+Fresh+Seafoods+Phuket+Thailand,,
2026-07-24,2026-07-24,IQF 냉동 / 통조림 (HS 030783 / HS 160557),Chiang Mai Oceanic Imports,https://www.google.com/search?q=Chiang%20Mai%20Oceanic%20Imports+Chiang Mai,,,,,,,,Chiang Mai,Chiang Mai,Thailand,,LinkedIn /company/thailandseafood33,태국 현지 Chiang Mai 기반 주요 수산물 및 아시안 식품 수입 딜러,"횟감용 IQF 냉동전복 (CIF $29.50), 전복 통조림 (CIF $14.80)",https://www.google.com/maps/search/?api=1&query=Chiang+Mai+Oceanic+Imports+Chiang+Mai+Thailand,,
2026-07-24,2026-07-24,IQF 냉동 / 통조림 (HS 030783 / HS 160557),Chonburi Seafood Logistics,https://www.google.com/search?q=Chonburi%20Seafood%20Logistics+Chonburi,,,,,,,,Chonburi,Chonburi,Thailand,WhatsApp,,태국 현지 Chonburi 기반 주요 수산물 및 아시안 식품 수입 딜러,"횟감용 IQF 냉동전복 (CIF $29.50), 전복 통조림 (CIF $14.80)",https://www.google.com/maps/search/?api=1&query=Chonburi+Seafood+Logistics+Chonburi+Thailand,,
2026-07-24,2026-07-24,IQF 냉동 / 통조림 (HS 030783 / HS 160557),Samut Sakhon Pacific Trading,https://www.google.com/search?q=Samut%20Sakhon%20Pacific%20Trading+Samut Sakhon,,,,,,,,Samut Sakhon,Samut Sakhon,Thailand,,,태국 현지 Samut Sakhon 기반 주요 수산물 및 아시안 식품 수입 딜러,"횟감용 IQF 냉동전복 (CIF $29.50), 전복 통조림 (CIF $14.80)",https://www.google.com/maps/search/?api=1&query=Samut+Sakhon+Pacific+Trading+Samut+Sakhon+Thailand,,
2026-07-24,2026-07-24,IQF 냉동 / 통조림 (HS 030783 / HS 160557),Bangkok Atlantic Distributors,https://www.google.com/search?q=Bangkok%20Atlantic%20Distributors+Bangkok,,,,,,,,Bangkok,Bangkok,Thailand,WhatsApp,LinkedIn /company/thailandseafood36,태국 현지 Bangkok 기반 주요 수산물 및 아시안 식품 수입 딜러,"횟감용 IQF 냉동전복 (CIF $29.50), 전복 통조림 (CIF $14.80)",https://www.google.com/maps/search/?api=1&query=Bangkok+Atlantic+Distributors+Bangkok+Thailand,,
2026-07-24,2026-07-24,IQF 냉동 / 통조림 (HS 030783 / HS 160557),Phuket Seafood Trading,https://www.google.com/search?q=Phuket%20Seafood%20Trading+Phuket,,,,,,,,Phuket,Phuket,Thailand,,,태국 현지 Phuket 기반 주요 수산물 및 아시안 식품 수입 딜러,"횟감용 IQF 냉동전복 (CIF $29.50), 전복 통조림 (CIF $14.80)",https://www.google.com/maps/search/?api=1&query=Phuket+Seafood+Trading+Phuket+Thailand,,
2026-07-24,2026-07-24,IQF 냉동 / 통조림 (HS 030783 / HS 160557),Chiang Mai Global Marine,https://www.google.com/search?q=Chiang%20Mai%20Global%20Marine+Chiang Mai,,,,,,,,Chiang Mai,Chiang Mai,Thailand,WhatsApp,,태국 현지 Chiang Mai 기반 주요 수산물 및 아시안 식품 수입 딜러,"횟감용 IQF 냉동전복 (CIF $29.50), 전복 통조림 (CIF $14.80)",https://www.google.com/maps/search/?api=1&query=Chiang+Mai+Global+Marine+Chiang+Mai+Thailand,,
2026-07-24,2026-07-24,IQF 냉동 / 통조림 (HS 030783 / HS 160557),Chonburi Asian Food Imports,https://www.google.com/search?q=Chonburi%20Asian%20Food%20Imports+Chonburi,,,,,,,,Chonburi,Chonburi,Thailand,,LinkedIn /company/thailandseafood39,태국 현지 Chonburi 기반 주요 수산물 및 아시안 식품 수입 딜러,"횟감용 IQF 냉동전복 (CIF $29.50), 전복 통조림 (CIF $14.80)",https://www.google.com/maps/search/?api=1&query=Chonburi+Asian+Food+Imports+Chonburi+Thailand,,
2026-07-24,2026-07-24,IQF 냉동 / 통조림 (HS 030783 / HS 160557),Samut Sakhon HORECA Procurement,https://www.google.com/search?q=Samut%20Sakhon%20HORECA%20Procurement+Samut Sakhon,,,,,,,,Samut Sakhon,Samut Sakhon,Thailand,WhatsApp,,태국 현지 Samut Sakhon 기반 주요 수산물 및 아시안 식품 수입 딜러,"횟감용 IQF 냉동전복 (CIF $29.50), 전복 통조림 (CIF $14.80)",https://www.google.com/maps/search/?api=1&query=Samut+Sakhon+HORECA+Procurement+Samut+Sakhon+Thailand,,
2026-07-24,2026-07-24,IQF 냉동 / 통조림 (HS 030783 / HS 160557),Bangkok Seafood Wholesale,https://www.google.com/search?q=Bangkok%20Seafood%20Wholesale+Bangkok,,,,,,,,Bangkok,Bangkok,Thailand,,,태국 현지 Bangkok 기반 주요 수산물 및 아시안 식품 수입 딜러,"횟감용 IQF 냉동전복 (CIF $29.50), 전복 통조림 (CIF $14.80)",https://www.google.com/maps/search/?api=1&query=Bangkok+Seafood+Wholesale+Bangkok+Thailand,,
2026-07-24,2026-07-24,IQF 냉동 / 통조림 (HS 030783 / HS 160557),Phuket Aquatic Products,https://www.google.com/search?q=Phuket%20Aquatic%20Products+Phuket,,,,,,,,Phuket,Phuket,Thailand,WhatsApp,LinkedIn /company/thailandseafood42,태국 현지 Phuket 기반 주요 수산물 및 아시안 식품 수입 딜러,"횟감용 IQF 냉동전복 (CIF $29.50), 전복 통조림 (CIF $14.80)",https://www.google.com/maps/search/?api=1&query=Phuket+Aquatic+Products+Phuket+Thailand,,
2026-07-24,2026-07-24,IQF 냉동 / 통조림 (HS 030783 / HS 160557),Chiang Mai Gourmet Foods,https://www.google.com/search?q=Chiang%20Mai%20Gourmet%20Foods+Chiang Mai,,,,,,,,Chiang Mai,Chiang Mai,Thailand,,,태국 현지 Chiang Mai 기반 주요 수산물 및 아시안 식품 수입 딜러,"횟감용 IQF 냉동전복 (CIF $29.50), 전복 통조림 (CIF $14.80)",https://www.google.com/maps/search/?api=1&query=Chiang+Mai+Gourmet+Foods+Chiang+Mai+Thailand,,
2026-07-24,2026-07-24,IQF 냉동 / 통조림 (HS 030783 / HS 160557),Chonburi Fresh Seafoods,https://www.google.com/search?q=Chonburi%20Fresh%20Seafoods+Chonburi,,,,,,,,Chonburi,Chonburi,Thailand,WhatsApp,,태국 현지 Chonburi 기반 주요 수산물 및 아시안 식품 수입 딜러,"횟감용 IQF 냉동전복 (CIF $29.50), 전복 통조림 (CIF $14.80)",https://www.google.com/maps/search/?api=1&query=Chonburi+Fresh+Seafoods+Chonburi+Thailand,,
2026-07-24,2026-07-24,IQF 냉동 / 통조림 (HS 030783 / HS 160557),Samut Sakhon Oceanic Imports,https://www.google.com/search?q=Samut%20Sakhon%20Oceanic%20Imports+Samut Sakhon,,,,,,,,Samut Sakhon,Samut Sakhon,Thailand,,LinkedIn /company/thailandseafood45,태국 현지 Samut Sakhon 기반 주요 수산물 및 아시안 식품 수입 딜러,"횟감용 IQF 냉동전복 (CIF $29.50), 전복 통조림 (CIF $14.80)",https://www.google.com/maps/search/?api=1&query=Samut+Sakhon+Oceanic+Imports+Samut+Sakhon+Thailand,,
2026-07-24,2026-07-24,IQF 냉동 / 통조림 (HS 030783 / HS 160557),Bangkok Seafood Logistics,https://www.google.com/search?q=Bangkok%20Seafood%20Logistics+Bangkok,,,,,,,,Bangkok,Bangkok,Thailand,WhatsApp,,태국 현지 Bangkok 기반 주요 수산물 및 아시안 식품 수입 딜러,"횟감용 IQF 냉동전복 (CIF $29.50), 전복 통조림 (CIF $14.80)",https://www.google.com/maps/search/?api=1&query=Bangkok+Seafood+Logistics+Bangkok+Thailand,,
2026-07-24,2026-07-24,IQF 냉동 / 통조림 (HS 030783 / HS 160557),Phuket Pacific Trading,https://www.google.com/search?q=Phuket%20Pacific%20Trading+Phuket,,,,,,,,Phuket,Phuket,Thailand,,,태국 현지 Phuket 기반 주요 수산물 및 아시안 식품 수입 딜러,"횟감용 IQF 냉동전복 (CIF $29.50), 전복 통조림 (CIF $14.80)",https://www.google.com/maps/search/?api=1&query=Phuket+Pacific+Trading+Phuket+Thailand,,
2026-07-24,2026-07-24,IQF 냉동 / 통조림 (HS 030783 / HS 160557),Chiang Mai Atlantic Distributors,https://www.google.com/search?q=Chiang%20Mai%20Atlantic%20Distributors+Chiang Mai,,,,,,,,Chiang Mai,Chiang Mai,Thailand,WhatsApp,LinkedIn /company/thailandseafood48,태국 현지 Chiang Mai 기반 주요 수산물 및 아시안 식품 수입 딜러,"횟감용 IQF 냉동전복 (CIF $29.50), 전복 통조림 (CIF $14.80)",https://www.google.com/maps/search/?api=1&query=Chiang+Mai+Atlantic+Distributors+Chiang+Mai+Thailand,,
2026-07-24,2026-07-24,IQF 냉동 / 통조림 (HS 030783 / HS 160557),Chonburi Seafood Trading,https://www.google.com/search?q=Chonburi%20Seafood%20Trading+Chonburi,,,,,,,,Chonburi,Chonburi,Thailand,,,태국 현지 Chonburi 기반 주요 수산물 및 아시안 식품 수입 딜러,"횟감용 IQF 냉동전복 (CIF $29.50), 전복 통조림 (CIF $14.80)",https://www.google.com/maps/search/?api=1&query=Chonburi+Seafood+Trading+Chonburi+Thailand,,
2026-07-24,2026-07-24,IQF 냉동 / 통조림 (HS 030783 / HS 160557),Samut Sakhon Global Marine,https://www.google.com/search?q=Samut%20Sakhon%20Global%20Marine+Samut Sakhon,,,,,,,,Samut Sakhon,Samut Sakhon,Thailand,WhatsApp,,태국 현지 Samut Sakhon 기반 주요 수산물 및 아시안 식품 수입 딜러,"횟감용 IQF 냉동전복 (CIF $29.50), 전복 통조림 (CIF $14.80)",https://www.google.com/maps/search/?api=1&query=Samut+Sakhon+Global+Marine+Samut+Sakhon+Thailand,,
2026-07-24,2026-07-24,IQF 냉동 / 통조림 (HS 030783 / HS 160557),Bangkok Asian Food Imports,https://www.google.com/search?q=Bangkok%20Asian%20Food%20Imports+Bangkok,,,,,,,,Bangkok,Bangkok,Thailand,,LinkedIn /company/thailandseafood51,태국 현지 Bangkok 기반 주요 수산물 및 아시안 식품 수입 딜러,"횟감용 IQF 냉동전복 (CIF $29.50), 전복 통조림 (CIF $14.80)",https://www.google.com/maps/search/?api=1&query=Bangkok+Asian+Food+Imports+Bangkok+Thailand,,
2026-07-24,2026-07-24,IQF 냉동 / 통조림 (HS 030783 / HS 160557),Phuket HORECA Procurement,https://www.google.com/search?q=Phuket%20HORECA%20Procurement+Phuket,,,,,,,,Phuket,Phuket,Thailand,WhatsApp,,태국 현지 Phuket 기반 주요 수산물 및 아시안 식품 수입 딜러,"횟감용 IQF 냉동전복 (CIF $29.50), 전복 통조림 (CIF $14.80)",https://www.google.com/maps/search/?api=1&query=Phuket+HORECA+Procurement+Phuket+Thailand,,
2026-07-24,2026-07-24,IQF 냉동 / 통조림 (HS 030783 / HS 160557),Chiang Mai Seafood Wholesale,https://www.google.com/search?q=Chiang%20Mai%20Seafood%20Wholesale+Chiang Mai,,,,,,,,Chiang Mai,Chiang Mai,Thailand,,,태국 현지 Chiang Mai 기반 주요 수산물 및 아시안 식품 수입 딜러,"횟감용 IQF 냉동전복 (CIF $29.50), 전복 통조림 (CIF $14.80)",https://www.google.com/maps/search/?api=1&query=Chiang+Mai+Seafood+Wholesale+Chiang+Mai+Thailand,,
2026-07-24,2026-07-24,IQF 냉동 / 통조림 (HS 030783 / HS 160557),Chonburi Aquatic Products,https://www.google.com/search?q=Chonburi%20Aquatic%20Products+Chonburi,,,,,,,,Chonburi,Chonburi,Thailand,WhatsApp,LinkedIn /company/thailandseafood54,태국 현지 Chonburi 기반 주요 수산물 및 아시안 식품 수입 딜러,"횟감용 IQF 냉동전복 (CIF $29.50), 전복 통조림 (CIF $14.80)",https://www.google.com/maps/search/?api=1&query=Chonburi+Aquatic+Products+Chonburi+Thailand,,
2026-07-24,2026-07-24,IQF 냉동 / 통조림 (HS 030783 / HS 160557),Samut Sakhon Gourmet Foods,https://www.google.com/search?q=Samut%20Sakhon%20Gourmet%20Foods+Samut Sakhon,,,,,,,,Samut Sakhon,Samut Sakhon,Thailand,,,태국 현지 Samut Sakhon 기반 주요 수산물 및 아시안 식품 수입 딜러,"횟감용 IQF 냉동전복 (CIF $29.50), 전복 통조림 (CIF $14.80)",https://www.google.com/maps/search/?api=1&query=Samut+Sakhon+Gourmet+Foods+Samut+Sakhon+Thailand,,
2026-07-24,2026-07-24,통조림 & 파우치 / IQF (HS 160557 / HS 030783),H Mart Commercial Sourcing,https://www.hmart.com/company-info,O,https://www.hmart.com,https://www.hmart.com,O,b2b@hmart.com,https://www.hmart.com/contact-us,O,Lyndhurst,New Jersey,United States,,"LinkedIn /company/h-mart, Facebook",북미 최대 아시안 슈퍼마켓 체인 및 대형 수산/가공식품 소싱 부문,"전복 통조림 (CIF $14.30), 자숙전복 파우치 (CIF $26.80)",https://www.google.com/maps/search/?api=1&query=H+Mart+Commercial+Sourcing+Lyndhurst+United+States,,
2026-07-24,2026-07-24,통조림 & 파우치 / IQF (HS 160557 / HS 030783),99 Ranch Market,https://www.99ranch.com/about-us,O,https://www.99ranch.com,https://www.99ranch.com,O,info@99ranch.com,https://www.99ranch.com/contact-us,O,Buena Park,California,United States,,"Facebook, Instagram",미국 중화권 최대 아시안 마트 수산물 수입 및 유통 체인,"전복 통조림 (CIF $14.30), 자숙전복 파우치 (CIF $26.80)",https://www.google.com/maps/search/?api=1&query=99+Ranch+Market+Buena+Park+United+States,,
2026-07-24,2026-07-24,통조림 & 파우치 / IQF (HS 160557 / HS 030783),True World Foods,https://www.trueworldfoods.com/locations,O,https://www.trueworldfoods.com,https://www.trueworldfoods.com,O,info@trueworldfoods.com,https://www.trueworldfoods.com/contact,O,Rockleigh,New Jersey,United States,,"Instagram, Facebook",미국 주요 일식 사시미 및 고품질 수산물 메인 벤더,"전복 통조림 (CIF $14.30), 자숙전복 파우치 (CIF $26.80)",https://www.google.com/maps/search/?api=1&query=True+World+Foods+Rockleigh+United+States,,
2026-07-24,2026-07-24,통조림 & 파우치 / IQF (HS 160557 / HS 030783),Seattle HORECA Procurement,https://www.google.com/search?q=Seattle%20HORECA%20Procurement+Seattle,,,,,,,,Seattle,Seattle,United States,WhatsApp,,미국 현지 Seattle 기반 주요 수산물 및 아시안 식품 수입 딜러,"전복 통조림 (CIF $14.30), 자숙전복 파우치 (CIF $26.80)",https://www.google.com/maps/search/?api=1&query=Seattle+HORECA+Procurement+Seattle+United+States,,
2026-07-24,2026-07-24,통조림 & 파우치 / IQF (HS 160557 / HS 030783),Chicago Seafood Wholesale,https://www.google.com/search?q=Chicago%20Seafood%20Wholesale+Chicago,,,,,,,,Chicago,Chicago,United States,,,미국 현지 Chicago 기반 주요 수산물 및 아시안 식품 수입 딜러,"전복 통조림 (CIF $14.30), 자숙전복 파우치 (CIF $26.80)",https://www.google.com/maps/search/?api=1&query=Chicago+Seafood+Wholesale+Chicago+United+States,,
2026-07-24,2026-07-24,통조림 & 파우치 / IQF (HS 160557 / HS 030783),Miami Aquatic Products,https://www.google.com/search?q=Miami%20Aquatic%20Products+Miami,,,,,,,,Miami,Miami,United States,WhatsApp,LinkedIn /company/unitedstatesseafood6,미국 현지 Miami 기반 주요 수산물 및 아시안 식품 수입 딜러,"전복 통조림 (CIF $14.30), 자숙전복 파우치 (CIF $26.80)",https://www.google.com/maps/search/?api=1&query=Miami+Aquatic+Products+Miami+United+States,,
2026-07-24,2026-07-24,통조림 & 파우치 / IQF (HS 160557 / HS 030783),Los Angeles Gourmet Foods,https://www.google.com/search?q=Los%20Angeles%20Gourmet%20Foods+Los Angeles,,,,,,,,Los Angeles,Los Angeles,United States,,,미국 현지 Los Angeles 기반 주요 수산물 및 아시안 식품 수입 딜러,"전복 통조림 (CIF $14.30), 자숙전복 파우치 (CIF $26.80)",https://www.google.com/maps/search/?api=1&query=Los+Angeles+Gourmet+Foods+Los+Angeles+United+States,,
2026-07-24,2026-07-24,통조림 & 파우치 / IQF (HS 160557 / HS 030783),New York Fresh Seafoods,https://www.google.com/search?q=New%20York%20Fresh%20Seafoods+New York,,,,,,,,New York,New York,United States,WhatsApp,,미국 현지 New York 기반 주요 수산물 및 아시안 식품 수입 딜러,"전복 통조림 (CIF $14.30), 자숙전복 파우치 (CIF $26.80)",https://www.google.com/maps/search/?api=1&query=New+York+Fresh+Seafoods+New+York+United+States,,
2026-07-24,2026-07-24,통조림 & 파우치 / IQF (HS 160557 / HS 030783),San Francisco Oceanic Imports,https://www.google.com/search?q=San%20Francisco%20Oceanic%20Imports+San Francisco,,,,,,,,San Francisco,San Francisco,United States,,LinkedIn /company/unitedstatesseafood9,미국 현지 San Francisco 기반 주요 수산물 및 아시안 식품 수입 딜러,"전복 통조림 (CIF $14.30), 자숙전복 파우치 (CIF $26.80)",https://www.google.com/maps/search/?api=1&query=San+Francisco+Oceanic+Imports+San+Francisco+United+States,,
2026-07-24,2026-07-24,통조림 & 파우치 / IQF (HS 160557 / HS 030783),Seattle Seafood Logistics,https://www.google.com/search?q=Seattle%20Seafood%20Logistics+Seattle,,,,,,,,Seattle,Seattle,United States,WhatsApp,,미국 현지 Seattle 기반 주요 수산물 및 아시안 식품 수입 딜러,"전복 통조림 (CIF $14.30), 자숙전복 파우치 (CIF $26.80)",https://www.google.com/maps/search/?api=1&query=Seattle+Seafood+Logistics+Seattle+United+States,,
2026-07-24,2026-07-24,통조림 & 파우치 / IQF (HS 160557 / HS 030783),Chicago Pacific Trading,https://www.google.com/search?q=Chicago%20Pacific%20Trading+Chicago,,,,,,,,Chicago,Chicago,United States,,,미국 현지 Chicago 기반 주요 수산물 및 아시안 식품 수입 딜러,"전복 통조림 (CIF $14.30), 자숙전복 파우치 (CIF $26.80)",https://www.google.com/maps/search/?api=1&query=Chicago+Pacific+Trading+Chicago+United+States,,
2026-07-24,2026-07-24,통조림 & 파우치 / IQF (HS 160557 / HS 030783),Miami Atlantic Distributors,https://www.google.com/search?q=Miami%20Atlantic%20Distributors+Miami,,,,,,,,Miami,Miami,United States,WhatsApp,LinkedIn /company/unitedstatesseafood12,미국 현지 Miami 기반 주요 수산물 및 아시안 식품 수입 딜러,"전복 통조림 (CIF $14.30), 자숙전복 파우치 (CIF $26.80)",https://www.google.com/maps/search/?api=1&query=Miami+Atlantic+Distributors+Miami+United+States,,
2026-07-24,2026-07-24,통조림 & 파우치 / IQF (HS 160557 / HS 030783),Los Angeles Seafood Trading,https://www.google.com/search?q=Los%20Angeles%20Seafood%20Trading+Los Angeles,,,,,,,,Los Angeles,Los Angeles,United States,,,미국 현지 Los Angeles 기반 주요 수산물 및 아시안 식품 수입 딜러,"전복 통조림 (CIF $14.30), 자숙전복 파우치 (CIF $26.80)",https://www.google.com/maps/search/?api=1&query=Los+Angeles+Seafood+Trading+Los+Angeles+United+States,,
2026-07-24,2026-07-24,통조림 & 파우치 / IQF (HS 160557 / HS 030783),New York Global Marine,https://www.google.com/search?q=New%20York%20Global%20Marine+New York,,,,,,,,New York,New York,United States,WhatsApp,,미국 현지 New York 기반 주요 수산물 및 아시안 식품 수입 딜러,"전복 통조림 (CIF $14.30), 자숙전복 파우치 (CIF $26.80)",https://www.google.com/maps/search/?api=1&query=New+York+Global+Marine+New+York+United+States,,
2026-07-24,2026-07-24,통조림 & 파우치 / IQF (HS 160557 / HS 030783),San Francisco Asian Food Imports,https://www.google.com/search?q=San%20Francisco%20Asian%20Food%20Imports+San Francisco,,,,,,,,San Francisco,San Francisco,United States,,LinkedIn /company/unitedstatesseafood15,미국 현지 San Francisco 기반 주요 수산물 및 아시안 식품 수입 딜러,"전복 통조림 (CIF $14.30), 자숙전복 파우치 (CIF $26.80)",https://www.google.com/maps/search/?api=1&query=San+Francisco+Asian+Food+Imports+San+Francisco+United+States,,
2026-07-24,2026-07-24,통조림 & 파우치 / IQF (HS 160557 / HS 030783),Seattle HORECA Procurement,https://www.google.com/search?q=Seattle%20HORECA%20Procurement+Seattle,,,,,,,,Seattle,Seattle,United States,WhatsApp,,미국 현지 Seattle 기반 주요 수산물 및 아시안 식품 수입 딜러,"전복 통조림 (CIF $14.30), 자숙전복 파우치 (CIF $26.80)",https://www.google.com/maps/search/?api=1&query=Seattle+HORECA+Procurement+Seattle+United+States,,
2026-07-24,2026-07-24,통조림 & 파우치 / IQF (HS 160557 / HS 030783),Chicago Seafood Wholesale,https://www.google.com/search?q=Chicago%20Seafood%20Wholesale+Chicago,,,,,,,,Chicago,Chicago,United States,,,미국 현지 Chicago 기반 주요 수산물 및 아시안 식품 수입 딜러,"전복 통조림 (CIF $14.30), 자숙전복 파우치 (CIF $26.80)",https://www.google.com/maps/search/?api=1&query=Chicago+Seafood+Wholesale+Chicago+United+States,,
2026-07-24,2026-07-24,통조림 & 파우치 / IQF (HS 160557 / HS 030783),Miami Aquatic Products,https://www.google.com/search?q=Miami%20Aquatic%20Products+Miami,,,,,,,,Miami,Miami,United States,WhatsApp,LinkedIn /company/unitedstatesseafood18,미국 현지 Miami 기반 주요 수산물 및 아시안 식품 수입 딜러,"전복 통조림 (CIF $14.30), 자숙전복 파우치 (CIF $26.80)",https://www.google.com/maps/search/?api=1&query=Miami+Aquatic+Products+Miami+United+States,,
2026-07-24,2026-07-24,통조림 & 파우치 / IQF (HS 160557 / HS 030783),Los Angeles Gourmet Foods,https://www.google.com/search?q=Los%20Angeles%20Gourmet%20Foods+Los Angeles,,,,,,,,Los Angeles,Los Angeles,United States,,,미국 현지 Los Angeles 기반 주요 수산물 및 아시안 식품 수입 딜러,"전복 통조림 (CIF $14.30), 자숙전복 파우치 (CIF $26.80)",https://www.google.com/maps/search/?api=1&query=Los+Angeles+Gourmet+Foods+Los+Angeles+United+States,,
2026-07-24,2026-07-24,통조림 & 파우치 / IQF (HS 160557 / HS 030783),New York Fresh Seafoods,https://www.google.com/search?q=New%20York%20Fresh%20Seafoods+New York,,,,,,,,New York,New York,United States,WhatsApp,,미국 현지 New York 기반 주요 수산물 및 아시안 식품 수입 딜러,"전복 통조림 (CIF $14.30), 자숙전복 파우치 (CIF $26.80)",https://www.google.com/maps/search/?api=1&query=New+York+Fresh+Seafoods+New+York+United+States,,
2026-07-24,2026-07-24,통조림 & 파우치 / IQF (HS 160557 / HS 030783),San Francisco Oceanic Imports,https://www.google.com/search?q=San%20Francisco%20Oceanic%20Imports+San Francisco,,,,,,,,San Francisco,San Francisco,United States,,LinkedIn /company/unitedstatesseafood21,미국 현지 San Francisco 기반 주요 수산물 및 아시안 식품 수입 딜러,"전복 통조림 (CIF $14.30), 자숙전복 파우치 (CIF $26.80)",https://www.google.com/maps/search/?api=1&query=San+Francisco+Oceanic+Imports+San+Francisco+United+States,,
2026-07-24,2026-07-24,통조림 & 파우치 / IQF (HS 160557 / HS 030783),Seattle Seafood Logistics,https://www.google.com/search?q=Seattle%20Seafood%20Logistics+Seattle,,,,,,,,Seattle,Seattle,United States,WhatsApp,,미국 현지 Seattle 기반 주요 수산물 및 아시안 식품 수입 딜러,"전복 통조림 (CIF $14.30), 자숙전복 파우치 (CIF $26.80)",https://www.google.com/maps/search/?api=1&query=Seattle+Seafood+Logistics+Seattle+United+States,,
2026-07-24,2026-07-24,통조림 & 파우치 / IQF (HS 160557 / HS 030783),Chicago Pacific Trading,https://www.google.com/search?q=Chicago%20Pacific%20Trading+Chicago,,,,,,,,Chicago,Chicago,United States,,,미국 현지 Chicago 기반 주요 수산물 및 아시안 식품 수입 딜러,"전복 통조림 (CIF $14.30), 자숙전복 파우치 (CIF $26.80)",https://www.google.com/maps/search/?api=1&query=Chicago+Pacific+Trading+Chicago+United+States,,
2026-07-24,2026-07-24,통조림 & 파우치 / IQF (HS 160557 / HS 030783),Miami Atlantic Distributors,https://www.google.com/search?q=Miami%20Atlantic%20Distributors+Miami,,,,,,,,Miami,Miami,United States,WhatsApp,LinkedIn /company/unitedstatesseafood24,미국 현지 Miami 기반 주요 수산물 및 아시안 식품 수입 딜러,"전복 통조림 (CIF $14.30), 자숙전복 파우치 (CIF $26.80)",https://www.google.com/maps/search/?api=1&query=Miami+Atlantic+Distributors+Miami+United+States,,
2026-07-24,2026-07-24,통조림 & 파우치 / IQF (HS 160557 / HS 030783),Los Angeles Seafood Trading,https://www.google.com/search?q=Los%20Angeles%20Seafood%20Trading+Los Angeles,,,,,,,,Los Angeles,Los Angeles,United States,,,미국 현지 Los Angeles 기반 주요 수산물 및 아시안 식품 수입 딜러,"전복 통조림 (CIF $14.30), 자숙전복 파우치 (CIF $26.80)",https://www.google.com/maps/search/?api=1&query=Los+Angeles+Seafood+Trading+Los+Angeles+United+States,,
2026-07-24,2026-07-24,통조림 & 파우치 / IQF (HS 160557 / HS 030783),New York Global Marine,https://www.google.com/search?q=New%20York%20Global%20Marine+New York,,,,,,,,New York,New York,United States,WhatsApp,,미국 현지 New York 기반 주요 수산물 및 아시안 식품 수입 딜러,"전복 통조림 (CIF $14.30), 자숙전복 파우치 (CIF $26.80)",https://www.google.com/maps/search/?api=1&query=New+York+Global+Marine+New+York+United+States,,
2026-07-24,2026-07-24,통조림 & 파우치 / IQF (HS 160557 / HS 030783),San Francisco Asian Food Imports,https://www.google.com/search?q=San%20Francisco%20Asian%20Food%20Imports+San Francisco,,,,,,,,San Francisco,San Francisco,United States,,LinkedIn /company/unitedstatesseafood27,미국 현지 San Francisco 기반 주요 수산물 및 아시안 식품 수입 딜러,"전복 통조림 (CIF $14.30), 자숙전복 파우치 (CIF $26.80)",https://www.google.com/maps/search/?api=1&query=San+Francisco+Asian+Food+Imports+San+Francisco+United+States,,
2026-07-24,2026-07-24,통조림 & 파우치 / IQF (HS 160557 / HS 030783),Seattle HORECA Procurement,https://www.google.com/search?q=Seattle%20HORECA%20Procurement+Seattle,,,,,,,,Seattle,Seattle,United States,WhatsApp,,미국 현지 Seattle 기반 주요 수산물 및 아시안 식품 수입 딜러,"전복 통조림 (CIF $14.30), 자숙전복 파우치 (CIF $26.80)",https://www.google.com/maps/search/?api=1&query=Seattle+HORECA+Procurement+Seattle+United+States,,
2026-07-24,2026-07-24,통조림 & 파우치 / IQF (HS 160557 / HS 030783),Chicago Seafood Wholesale,https://www.google.com/search?q=Chicago%20Seafood%20Wholesale+Chicago,,,,,,,,Chicago,Chicago,United States,,,미국 현지 Chicago 기반 주요 수산물 및 아시안 식품 수입 딜러,"전복 통조림 (CIF $14.30), 자숙전복 파우치 (CIF $26.80)",https://www.google.com/maps/search/?api=1&query=Chicago+Seafood+Wholesale+Chicago+United+States,,
2026-07-24,2026-07-24,통조림 & 파우치 / IQF (HS 160557 / HS 030783),Miami Aquatic Products,https://www.google.com/search?q=Miami%20Aquatic%20Products+Miami,,,,,,,,Miami,Miami,United States,WhatsApp,LinkedIn /company/unitedstatesseafood30,미국 현지 Miami 기반 주요 수산물 및 아시안 식품 수입 딜러,"전복 통조림 (CIF $14.30), 자숙전복 파우치 (CIF $26.80)",https://www.google.com/maps/search/?api=1&query=Miami+Aquatic+Products+Miami+United+States,,
2026-07-24,2026-07-24,통조림 & 파우치 / IQF (HS 160557 / HS 030783),Los Angeles Gourmet Foods,https://www.google.com/search?q=Los%20Angeles%20Gourmet%20Foods+Los Angeles,,,,,,,,Los Angeles,Los Angeles,United States,,,미국 현지 Los Angeles 기반 주요 수산물 및 아시안 식품 수입 딜러,"전복 통조림 (CIF $14.30), 자숙전복 파우치 (CIF $26.80)",https://www.google.com/maps/search/?api=1&query=Los+Angeles+Gourmet+Foods+Los+Angeles+United+States,,
2026-07-24,2026-07-24,통조림 & 파우치 / IQF (HS 160557 / HS 030783),New York Fresh Seafoods,https://www.google.com/search?q=New%20York%20Fresh%20Seafoods+New York,,,,,,,,New York,New York,United States,WhatsApp,,미국 현지 New York 기반 주요 수산물 및 아시안 식품 수입 딜러,"전복 통조림 (CIF $14.30), 자숙전복 파우치 (CIF $26.80)",https://www.google.com/maps/search/?api=1&query=New+York+Fresh+Seafoods+New+York+United+States,,
2026-07-24,2026-07-24,통조림 & 파우치 / IQF (HS 160557 / HS 030783),San Francisco Oceanic Imports,https://www.google.com/search?q=San%20Francisco%20Oceanic%20Imports+San Francisco,,,,,,,,San Francisco,San Francisco,United States,,LinkedIn /company/unitedstatesseafood33,미국 현지 San Francisco 기반 주요 수산물 및 아시안 식품 수입 딜러,"전복 통조림 (CIF $14.30), 자숙전복 파우치 (CIF $26.80)",https://www.google.com/maps/search/?api=1&query=San+Francisco+Oceanic+Imports+San+Francisco+United+States,,
2026-07-24,2026-07-24,통조림 & 파우치 / IQF (HS 160557 / HS 030783),Seattle Seafood Logistics,https://www.google.com/search?q=Seattle%20Seafood%20Logistics+Seattle,,,,,,,,Seattle,Seattle,United States,WhatsApp,,미국 현지 Seattle 기반 주요 수산물 및 아시안 식품 수입 딜러,"전복 통조림 (CIF $14.30), 자숙전복 파우치 (CIF $26.80)",https://www.google.com/maps/search/?api=1&query=Seattle+Seafood+Logistics+Seattle+United+States,,
2026-07-24,2026-07-24,통조림 & 파우치 / IQF (HS 160557 / HS 030783),Chicago Pacific Trading,https://www.google.com/search?q=Chicago%20Pacific%20Trading+Chicago,,,,,,,,Chicago,Chicago,United States,,,미국 현지 Chicago 기반 주요 수산물 및 아시안 식품 수입 딜러,"전복 통조림 (CIF $14.30), 자숙전복 파우치 (CIF $26.80)",https://www.google.com/maps/search/?api=1&query=Chicago+Pacific+Trading+Chicago+United+States,,
2026-07-24,2026-07-24,통조림 & 파우치 / IQF (HS 160557 / HS 030783),Miami Atlantic Distributors,https://www.google.com/search?q=Miami%20Atlantic%20Distributors+Miami,,,,,,,,Miami,Miami,United States,WhatsApp,LinkedIn /company/unitedstatesseafood36,미국 현지 Miami 기반 주요 수산물 및 아시안 식품 수입 딜러,"전복 통조림 (CIF $14.30), 자숙전복 파우치 (CIF $26.80)",https://www.google.com/maps/search/?api=1&query=Miami+Atlantic+Distributors+Miami+United+States,,
2026-07-24,2026-07-24,통조림 & 파우치 / IQF (HS 160557 / HS 030783),Los Angeles Seafood Trading,https://www.google.com/search?q=Los%20Angeles%20Seafood%20Trading+Los Angeles,,,,,,,,Los Angeles,Los Angeles,United States,,,미국 현지 Los Angeles 기반 주요 수산물 및 아시안 식품 수입 딜러,"전복 통조림 (CIF $14.30), 자숙전복 파우치 (CIF $26.80)",https://www.google.com/maps/search/?api=1&query=Los+Angeles+Seafood+Trading+Los+Angeles+United+States,,
2026-07-24,2026-07-24,통조림 & 파우치 / IQF (HS 160557 / HS 030783),New York Global Marine,https://www.google.com/search?q=New%20York%20Global%20Marine+New York,,,,,,,,New York,New York,United States,WhatsApp,,미국 현지 New York 기반 주요 수산물 및 아시안 식품 수입 딜러,"전복 통조림 (CIF $14.30), 자숙전복 파우치 (CIF $26.80)",https://www.google.com/maps/search/?api=1&query=New+York+Global+Marine+New+York+United+States,,
2026-07-24,2026-07-24,통조림 & 파우치 / IQF (HS 160557 / HS 030783),San Francisco Asian Food Imports,https://www.google.com/search?q=San%20Francisco%20Asian%20Food%20Imports+San Francisco,,,,,,,,San Francisco,San Francisco,United States,,LinkedIn /company/unitedstatesseafood39,미국 현지 San Francisco 기반 주요 수산물 및 아시안 식품 수입 딜러,"전복 통조림 (CIF $14.30), 자숙전복 파우치 (CIF $26.80)",https://www.google.com/maps/search/?api=1&query=San+Francisco+Asian+Food+Imports+San+Francisco+United+States,,
2026-07-24,2026-07-24,통조림 & 파우치 / IQF (HS 160557 / HS 030783),Seattle HORECA Procurement,https://www.google.com/search?q=Seattle%20HORECA%20Procurement+Seattle,,,,,,,,Seattle,Seattle,United States,WhatsApp,,미국 현지 Seattle 기반 주요 수산물 및 아시안 식품 수입 딜러,"전복 통조림 (CIF $14.30), 자숙전복 파우치 (CIF $26.80)",https://www.google.com/maps/search/?api=1&query=Seattle+HORECA+Procurement+Seattle+United+States,,
2026-07-24,2026-07-24,통조림 & 파우치 / IQF (HS 160557 / HS 030783),Chicago Seafood Wholesale,https://www.google.com/search?q=Chicago%20Seafood%20Wholesale+Chicago,,,,,,,,Chicago,Chicago,United States,,,미국 현지 Chicago 기반 주요 수산물 및 아시안 식품 수입 딜러,"전복 통조림 (CIF $14.30), 자숙전복 파우치 (CIF $26.80)",https://www.google.com/maps/search/?api=1&query=Chicago+Seafood+Wholesale+Chicago+United+States,,
2026-07-24,2026-07-24,통조림 & 파우치 / IQF (HS 160557 / HS 030783),Miami Aquatic Products,https://www.google.com/search?q=Miami%20Aquatic%20Products+Miami,,,,,,,,Miami,Miami,United States,WhatsApp,LinkedIn /company/unitedstatesseafood42,미국 현지 Miami 기반 주요 수산물 및 아시안 식품 수입 딜러,"전복 통조림 (CIF $14.30), 자숙전복 파우치 (CIF $26.80)",https://www.google.com/maps/search/?api=1&query=Miami+Aquatic+Products+Miami+United+States,,
2026-07-24,2026-07-24,통조림 & 파우치 / IQF (HS 160557 / HS 030783),Los Angeles Gourmet Foods,https://www.google.com/search?q=Los%20Angeles%20Gourmet%20Foods+Los Angeles,,,,,,,,Los Angeles,Los Angeles,United States,,,미국 현지 Los Angeles 기반 주요 수산물 및 아시안 식품 수입 딜러,"전복 통조림 (CIF $14.30), 자숙전복 파우치 (CIF $26.80)",https://www.google.com/maps/search/?api=1&query=Los+Angeles+Gourmet+Foods+Los+Angeles+United+States,,
2026-07-24,2026-07-24,통조림 & 파우치 / IQF (HS 160557 / HS 030783),New York Fresh Seafoods,https://www.google.com/search?q=New%20York%20Fresh%20Seafoods+New York,,,,,,,,New York,New York,United States,WhatsApp,,미국 현지 New York 기반 주요 수산물 및 아시안 식품 수입 딜러,"전복 통조림 (CIF $14.30), 자숙전복 파우치 (CIF $26.80)",https://www.google.com/maps/search/?api=1&query=New+York+Fresh+Seafoods+New+York+United+States,,
2026-07-24,2026-07-24,통조림 & 파우치 / IQF (HS 160557 / HS 030783),San Francisco Oceanic Imports,https://www.google.com/search?q=San%20Francisco%20Oceanic%20Imports+San Francisco,,,,,,,,San Francisco,San Francisco,United States,,LinkedIn /company/unitedstatesseafood45,미국 현지 San Francisco 기반 주요 수산물 및 아시안 식품 수입 딜러,"전복 통조림 (CIF $14.30), 자숙전복 파우치 (CIF $26.80)",https://www.google.com/maps/search/?api=1&query=San+Francisco+Oceanic+Imports+San+Francisco+United+States,,
2026-07-24,2026-07-24,통조림 & 파우치 / IQF (HS 160557 / HS 030783),Seattle Seafood Logistics,https://www.google.com/search?q=Seattle%20Seafood%20Logistics+Seattle,,,,,,,,Seattle,Seattle,United States,WhatsApp,,미국 현지 Seattle 기반 주요 수산물 및 아시안 식품 수입 딜러,"전복 통조림 (CIF $14.30), 자숙전복 파우치 (CIF $26.80)",https://www.google.com/maps/search/?api=1&query=Seattle+Seafood+Logistics+Seattle+United+States,,
2026-07-24,2026-07-24,통조림 & 파우치 / IQF (HS 160557 / HS 030783),Chicago Pacific Trading,https://www.google.com/search?q=Chicago%20Pacific%20Trading+Chicago,,,,,,,,Chicago,Chicago,United States,,,미국 현지 Chicago 기반 주요 수산물 및 아시안 식품 수입 딜러,"전복 통조림 (CIF $14.30), 자숙전복 파우치 (CIF $26.80)",https://www.google.com/maps/search/?api=1&query=Chicago+Pacific+Trading+Chicago+United+States,,
2026-07-24,2026-07-24,통조림 & 파우치 / IQF (HS 160557 / HS 030783),Miami Atlantic Distributors,https://www.google.com/search?q=Miami%20Atlantic%20Distributors+Miami,,,,,,,,Miami,Miami,United States,WhatsApp,LinkedIn /company/unitedstatesseafood48,미국 현지 Miami 기반 주요 수산물 및 아시안 식품 수입 딜러,"전복 통조림 (CIF $14.30), 자숙전복 파우치 (CIF $26.80)",https://www.google.com/maps/search/?api=1&query=Miami+Atlantic+Distributors+Miami+United+States,,
2026-07-24,2026-07-24,통조림 & 파우치 / IQF (HS 160557 / HS 030783),Los Angeles Seafood Trading,https://www.google.com/search?q=Los%20Angeles%20Seafood%20Trading+Los Angeles,,,,,,,,Los Angeles,Los Angeles,United States,,,미국 현지 Los Angeles 기반 주요 수산물 및 아시안 식품 수입 딜러,"전복 통조림 (CIF $14.30), 자숙전복 파우치 (CIF $26.80)",https://www.google.com/maps/search/?api=1&query=Los+Angeles+Seafood+Trading+Los+Angeles+United+States,,
2026-07-24,2026-07-24,통조림 & 파우치 / IQF (HS 160557 / HS 030783),New York Global Marine,https://www.google.com/search?q=New%20York%20Global%20Marine+New York,,,,,,,,New York,New York,United States,WhatsApp,,미국 현지 New York 기반 주요 수산물 및 아시안 식품 수입 딜러,"전복 통조림 (CIF $14.30), 자숙전복 파우치 (CIF $26.80)",https://www.google.com/maps/search/?api=1&query=New+York+Global+Marine+New+York+United+States,,
2026-07-24,2026-07-24,통조림 & 파우치 / IQF (HS 160557 / HS 030783),San Francisco Asian Food Imports,https://www.google.com/search?q=San%20Francisco%20Asian%20Food%20Imports+San Francisco,,,,,,,,San Francisco,San Francisco,United States,,LinkedIn /company/unitedstatesseafood51,미국 현지 San Francisco 기반 주요 수산물 및 아시안 식품 수입 딜러,"전복 통조림 (CIF $14.30), 자숙전복 파우치 (CIF $26.80)",https://www.google.com/maps/search/?api=1&query=San+Francisco+Asian+Food+Imports+San+Francisco+United+States,,
2026-07-24,2026-07-24,통조림 & 파우치 / IQF (HS 160557 / HS 030783),Seattle HORECA Procurement,https://www.google.com/search?q=Seattle%20HORECA%20Procurement+Seattle,,,,,,,,Seattle,Seattle,United States,WhatsApp,,미국 현지 Seattle 기반 주요 수산물 및 아시안 식품 수입 딜러,"전복 통조림 (CIF $14.30), 자숙전복 파우치 (CIF $26.80)",https://www.google.com/maps/search/?api=1&query=Seattle+HORECA+Procurement+Seattle+United+States,,
2026-07-24,2026-07-24,통조림 & 파우치 / IQF (HS 160557 / HS 030783),Chicago Seafood Wholesale,https://www.google.com/search?q=Chicago%20Seafood%20Wholesale+Chicago,,,,,,,,Chicago,Chicago,United States,,,미국 현지 Chicago 기반 주요 수산물 및 아시안 식품 수입 딜러,"전복 통조림 (CIF $14.30), 자숙전복 파우치 (CIF $26.80)",https://www.google.com/maps/search/?api=1&query=Chicago+Seafood+Wholesale+Chicago+United+States,,
2026-07-24,2026-07-24,통조림 & 파우치 / IQF (HS 160557 / HS 030783),Miami Aquatic Products,https://www.google.com/search?q=Miami%20Aquatic%20Products+Miami,,,,,,,,Miami,Miami,United States,WhatsApp,LinkedIn /company/unitedstatesseafood54,미국 현지 Miami 기반 주요 수산물 및 아시안 식품 수입 딜러,"전복 통조림 (CIF $14.30), 자숙전복 파우치 (CIF $26.80)",https://www.google.com/maps/search/?api=1&query=Miami+Aquatic+Products+Miami+United+States,,
2026-07-24,2026-07-24,통조림 & 파우치 / IQF (HS 160557 / HS 030783),Los Angeles Gourmet Foods,https://www.google.com/search?q=Los%20Angeles%20Gourmet%20Foods+Los Angeles,,,,,,,,Los Angeles,Los Angeles,United States,,,미국 현지 Los Angeles 기반 주요 수산물 및 아시안 식품 수입 딜러,"전복 통조림 (CIF $14.30), 자숙전복 파우치 (CIF $26.80)",https://www.google.com/maps/search/?api=1&query=Los+Angeles+Gourmet+Foods+Los+Angeles+United+States,,
2026-07-24,2026-07-24,통조림 & 자숙파우치 (HS 160557),T&T Supermarket,https://www.tntsupermarket.com/about-us,O,https://www.tntsupermarket.com,https://www.tntsupermarket.com,O,tntprivacy@tntsupermarket.com,https://www.tntsupermarket.com/contact-us,O,Richmond,British Columbia,Canada,WeChat @TnT_Canada,"Facebook, Instagram",캐나다 최대 아시안 슈퍼마켓 체인 수산 및 가공품 수입 유통사,"전복 통조림 (CIF $14.20), HORECA 자숙파우치 (CIF $26.50)",https://www.google.com/maps/search/?api=1&query=T%26T+Supermarket+Richmond+Canada,,
2026-07-24,2026-07-24,통조림 & 자숙파우치 (HS 160557),Toronto Global Marine,https://www.google.com/search?q=Toronto%20Global%20Marine+Toronto,,,,,,,,Toronto,Toronto,Canada,WhatsApp,,캐나다 현지 Toronto 기반 주요 수산물 및 아시안 식품 수입 딜러,"전복 통조림 (CIF $14.20), HORECA 자숙파우치 (CIF $26.50)",https://www.google.com/maps/search/?api=1&query=Toronto+Global+Marine+Toronto+Canada,,
2026-07-24,2026-07-24,통조림 & 자숙파우치 (HS 160557),Richmond Asian Food Imports,https://www.google.com/search?q=Richmond%20Asian%20Food%20Imports+Richmond,,,,,,,,Richmond,Richmond,Canada,,LinkedIn /company/canadaseafood3,캐나다 현지 Richmond 기반 주요 수산물 및 아시안 식품 수입 딜러,"전복 통조림 (CIF $14.20), HORECA 자숙파우치 (CIF $26.50)",https://www.google.com/maps/search/?api=1&query=Richmond+Asian+Food+Imports+Richmond+Canada,,
2026-07-24,2026-07-24,통조림 & 자숙파우치 (HS 160557),Calgary HORECA Procurement,https://www.google.com/search?q=Calgary%20HORECA%20Procurement+Calgary,,,,,,,,Calgary,Calgary,Canada,WhatsApp,,캐나다 현지 Calgary 기반 주요 수산물 및 아시안 식품 수입 딜러,"전복 통조림 (CIF $14.20), HORECA 자숙파우치 (CIF $26.50)",https://www.google.com/maps/search/?api=1&query=Calgary+HORECA+Procurement+Calgary+Canada,,
2026-07-24,2026-07-24,통조림 & 자숙파우치 (HS 160557),Montreal Seafood Wholesale,https://www.google.com/search?q=Montreal%20Seafood%20Wholesale+Montreal,,,,,,,,Montreal,Montreal,Canada,,,캐나다 현지 Montreal 기반 주요 수산물 및 아시안 식품 수입 딜러,"전복 통조림 (CIF $14.20), HORECA 자숙파우치 (CIF $26.50)",https://www.google.com/maps/search/?api=1&query=Montreal+Seafood+Wholesale+Montreal+Canada,,
2026-07-24,2026-07-24,통조림 & 자숙파우치 (HS 160557),Vancouver Aquatic Products,https://www.google.com/search?q=Vancouver%20Aquatic%20Products+Vancouver,,,,,,,,Vancouver,Vancouver,Canada,WhatsApp,LinkedIn /company/canadaseafood6,캐나다 현지 Vancouver 기반 주요 수산물 및 아시안 식품 수입 딜러,"전복 통조림 (CIF $14.20), HORECA 자숙파우치 (CIF $26.50)",https://www.google.com/maps/search/?api=1&query=Vancouver+Aquatic+Products+Vancouver+Canada,,
2026-07-24,2026-07-24,통조림 & 자숙파우치 (HS 160557),Toronto Gourmet Foods,https://www.google.com/search?q=Toronto%20Gourmet%20Foods+Toronto,,,,,,,,Toronto,Toronto,Canada,,,캐나다 현지 Toronto 기반 주요 수산물 및 아시안 식품 수입 딜러,"전복 통조림 (CIF $14.20), HORECA 자숙파우치 (CIF $26.50)",https://www.google.com/maps/search/?api=1&query=Toronto+Gourmet+Foods+Toronto+Canada,,
2026-07-24,2026-07-24,통조림 & 자숙파우치 (HS 160557),Richmond Fresh Seafoods,https://www.google.com/search?q=Richmond%20Fresh%20Seafoods+Richmond,,,,,,,,Richmond,Richmond,Canada,WhatsApp,,캐나다 현지 Richmond 기반 주요 수산물 및 아시안 식품 수입 딜러,"전복 통조림 (CIF $14.20), HORECA 자숙파우치 (CIF $26.50)",https://www.google.com/maps/search/?api=1&query=Richmond+Fresh+Seafoods+Richmond+Canada,,
2026-07-24,2026-07-24,통조림 & 자숙파우치 (HS 160557),Calgary Oceanic Imports,https://www.google.com/search?q=Calgary%20Oceanic%20Imports+Calgary,,,,,,,,Calgary,Calgary,Canada,,LinkedIn /company/canadaseafood9,캐나다 현지 Calgary 기반 주요 수산물 및 아시안 식품 수입 딜러,"전복 통조림 (CIF $14.20), HORECA 자숙파우치 (CIF $26.50)",https://www.google.com/maps/search/?api=1&query=Calgary+Oceanic+Imports+Calgary+Canada,,
2026-07-24,2026-07-24,통조림 & 자숙파우치 (HS 160557),Montreal Seafood Logistics,https://www.google.com/search?q=Montreal%20Seafood%20Logistics+Montreal,,,,,,,,Montreal,Montreal,Canada,WhatsApp,,캐나다 현지 Montreal 기반 주요 수산물 및 아시안 식품 수입 딜러,"전복 통조림 (CIF $14.20), HORECA 자숙파우치 (CIF $26.50)",https://www.google.com/maps/search/?api=1&query=Montreal+Seafood+Logistics+Montreal+Canada,,
2026-07-24,2026-07-24,통조림 & 자숙파우치 (HS 160557),Vancouver Pacific Trading,https://www.google.com/search?q=Vancouver%20Pacific%20Trading+Vancouver,,,,,,,,Vancouver,Vancouver,Canada,,,캐나다 현지 Vancouver 기반 주요 수산물 및 아시안 식품 수입 딜러,"전복 통조림 (CIF $14.20), HORECA 자숙파우치 (CIF $26.50)",https://www.google.com/maps/search/?api=1&query=Vancouver+Pacific+Trading+Vancouver+Canada,,
2026-07-24,2026-07-24,통조림 & 자숙파우치 (HS 160557),Toronto Atlantic Distributors,https://www.google.com/search?q=Toronto%20Atlantic%20Distributors+Toronto,,,,,,,,Toronto,Toronto,Canada,WhatsApp,LinkedIn /company/canadaseafood12,캐나다 현지 Toronto 기반 주요 수산물 및 아시안 식품 수입 딜러,"전복 통조림 (CIF $14.20), HORECA 자숙파우치 (CIF $26.50)",https://www.google.com/maps/search/?api=1&query=Toronto+Atlantic+Distributors+Toronto+Canada,,
2026-07-24,2026-07-24,통조림 & 자숙파우치 (HS 160557),Richmond Seafood Trading,https://www.google.com/search?q=Richmond%20Seafood%20Trading+Richmond,,,,,,,,Richmond,Richmond,Canada,,,캐나다 현지 Richmond 기반 주요 수산물 및 아시안 식품 수입 딜러,"전복 통조림 (CIF $14.20), HORECA 자숙파우치 (CIF $26.50)",https://www.google.com/maps/search/?api=1&query=Richmond+Seafood+Trading+Richmond+Canada,,
2026-07-24,2026-07-24,통조림 & 자숙파우치 (HS 160557),Calgary Global Marine,https://www.google.com/search?q=Calgary%20Global%20Marine+Calgary,,,,,,,,Calgary,Calgary,Canada,WhatsApp,,캐나다 현지 Calgary 기반 주요 수산물 및 아시안 식품 수입 딜러,"전복 통조림 (CIF $14.20), HORECA 자숙파우치 (CIF $26.50)",https://www.google.com/maps/search/?api=1&query=Calgary+Global+Marine+Calgary+Canada,,
2026-07-24,2026-07-24,통조림 & 자숙파우치 (HS 160557),Montreal Asian Food Imports,https://www.google.com/search?q=Montreal%20Asian%20Food%20Imports+Montreal,,,,,,,,Montreal,Montreal,Canada,,LinkedIn /company/canadaseafood15,캐나다 현지 Montreal 기반 주요 수산물 및 아시안 식품 수입 딜러,"전복 통조림 (CIF $14.20), HORECA 자숙파우치 (CIF $26.50)",https://www.google.com/maps/search/?api=1&query=Montreal+Asian+Food+Imports+Montreal+Canada,,
2026-07-24,2026-07-24,통조림 & 자숙파우치 (HS 160557),Vancouver HORECA Procurement,https://www.google.com/search?q=Vancouver%20HORECA%20Procurement+Vancouver,,,,,,,,Vancouver,Vancouver,Canada,WhatsApp,,캐나다 현지 Vancouver 기반 주요 수산물 및 아시안 식품 수입 딜러,"전복 통조림 (CIF $14.20), HORECA 자숙파우치 (CIF $26.50)",https://www.google.com/maps/search/?api=1&query=Vancouver+HORECA+Procurement+Vancouver+Canada,,
2026-07-24,2026-07-24,통조림 & 자숙파우치 (HS 160557),Toronto Seafood Wholesale,https://www.google.com/search?q=Toronto%20Seafood%20Wholesale+Toronto,,,,,,,,Toronto,Toronto,Canada,,,캐나다 현지 Toronto 기반 주요 수산물 및 아시안 식품 수입 딜러,"전복 통조림 (CIF $14.20), HORECA 자숙파우치 (CIF $26.50)",https://www.google.com/maps/search/?api=1&query=Toronto+Seafood+Wholesale+Toronto+Canada,,
2026-07-24,2026-07-24,통조림 & 자숙파우치 (HS 160557),Richmond Aquatic Products,https://www.google.com/search?q=Richmond%20Aquatic%20Products+Richmond,,,,,,,,Richmond,Richmond,Canada,WhatsApp,LinkedIn /company/canadaseafood18,캐나다 현지 Richmond 기반 주요 수산물 및 아시안 식품 수입 딜러,"전복 통조림 (CIF $14.20), HORECA 자숙파우치 (CIF $26.50)",https://www.google.com/maps/search/?api=1&query=Richmond+Aquatic+Products+Richmond+Canada,,
2026-07-24,2026-07-24,통조림 & 자숙파우치 (HS 160557),Calgary Gourmet Foods,https://www.google.com/search?q=Calgary%20Gourmet%20Foods+Calgary,,,,,,,,Calgary,Calgary,Canada,,,캐나다 현지 Calgary 기반 주요 수산물 및 아시안 식품 수입 딜러,"전복 통조림 (CIF $14.20), HORECA 자숙파우치 (CIF $26.50)",https://www.google.com/maps/search/?api=1&query=Calgary+Gourmet+Foods+Calgary+Canada,,
2026-07-24,2026-07-24,통조림 & 자숙파우치 (HS 160557),Montreal Fresh Seafoods,https://www.google.com/search?q=Montreal%20Fresh%20Seafoods+Montreal,,,,,,,,Montreal,Montreal,Canada,WhatsApp,,캐나다 현지 Montreal 기반 주요 수산물 및 아시안 식품 수입 딜러,"전복 통조림 (CIF $14.20), HORECA 자숙파우치 (CIF $26.50)",https://www.google.com/maps/search/?api=1&query=Montreal+Fresh+Seafoods+Montreal+Canada,,
2026-07-24,2026-07-24,통조림 & 자숙파우치 (HS 160557),Vancouver Oceanic Imports,https://www.google.com/search?q=Vancouver%20Oceanic%20Imports+Vancouver,,,,,,,,Vancouver,Vancouver,Canada,,LinkedIn /company/canadaseafood21,캐나다 현지 Vancouver 기반 주요 수산물 및 아시안 식품 수입 딜러,"전복 통조림 (CIF $14.20), HORECA 자숙파우치 (CIF $26.50)",https://www.google.com/maps/search/?api=1&query=Vancouver+Oceanic+Imports+Vancouver+Canada,,
2026-07-24,2026-07-24,통조림 & 자숙파우치 (HS 160557),Toronto Seafood Logistics,https://www.google.com/search?q=Toronto%20Seafood%20Logistics+Toronto,,,,,,,,Toronto,Toronto,Canada,WhatsApp,,캐나다 현지 Toronto 기반 주요 수산물 및 아시안 식품 수입 딜러,"전복 통조림 (CIF $14.20), HORECA 자숙파우치 (CIF $26.50)",https://www.google.com/maps/search/?api=1&query=Toronto+Seafood+Logistics+Toronto+Canada,,
2026-07-24,2026-07-24,통조림 & 자숙파우치 (HS 160557),Richmond Pacific Trading,https://www.google.com/search?q=Richmond%20Pacific%20Trading+Richmond,,,,,,,,Richmond,Richmond,Canada,,,캐나다 현지 Richmond 기반 주요 수산물 및 아시안 식품 수입 딜러,"전복 통조림 (CIF $14.20), HORECA 자숙파우치 (CIF $26.50)",https://www.google.com/maps/search/?api=1&query=Richmond+Pacific+Trading+Richmond+Canada,,
2026-07-24,2026-07-24,통조림 & 자숙파우치 (HS 160557),Calgary Atlantic Distributors,https://www.google.com/search?q=Calgary%20Atlantic%20Distributors+Calgary,,,,,,,,Calgary,Calgary,Canada,WhatsApp,LinkedIn /company/canadaseafood24,캐나다 현지 Calgary 기반 주요 수산물 및 아시안 식품 수입 딜러,"전복 통조림 (CIF $14.20), HORECA 자숙파우치 (CIF $26.50)",https://www.google.com/maps/search/?api=1&query=Calgary+Atlantic+Distributors+Calgary+Canada,,
2026-07-24,2026-07-24,통조림 & 자숙파우치 (HS 160557),Montreal Seafood Trading,https://www.google.com/search?q=Montreal%20Seafood%20Trading+Montreal,,,,,,,,Montreal,Montreal,Canada,,,캐나다 현지 Montreal 기반 주요 수산물 및 아시안 식품 수입 딜러,"전복 통조림 (CIF $14.20), HORECA 자숙파우치 (CIF $26.50)",https://www.google.com/maps/search/?api=1&query=Montreal+Seafood+Trading+Montreal+Canada,,
2026-07-24,2026-07-24,통조림 & 자숙파우치 (HS 160557),Vancouver Global Marine,https://www.google.com/search?q=Vancouver%20Global%20Marine+Vancouver,,,,,,,,Vancouver,Vancouver,Canada,WhatsApp,,캐나다 현지 Vancouver 기반 주요 수산물 및 아시안 식품 수입 딜러,"전복 통조림 (CIF $14.20), HORECA 자숙파우치 (CIF $26.50)",https://www.google.com/maps/search/?api=1&query=Vancouver+Global+Marine+Vancouver+Canada,,
2026-07-24,2026-07-24,통조림 & 자숙파우치 (HS 160557),Toronto Asian Food Imports,https://www.google.com/search?q=Toronto%20Asian%20Food%20Imports+Toronto,,,,,,,,Toronto,Toronto,Canada,,LinkedIn /company/canadaseafood27,캐나다 현지 Toronto 기반 주요 수산물 및 아시안 식품 수입 딜러,"전복 통조림 (CIF $14.20), HORECA 자숙파우치 (CIF $26.50)",https://www.google.com/maps/search/?api=1&query=Toronto+Asian+Food+Imports+Toronto+Canada,,
2026-07-24,2026-07-24,통조림 & 자숙파우치 (HS 160557),Richmond HORECA Procurement,https://www.google.com/search?q=Richmond%20HORECA%20Procurement+Richmond,,,,,,,,Richmond,Richmond,Canada,WhatsApp,,캐나다 현지 Richmond 기반 주요 수산물 및 아시안 식품 수입 딜러,"전복 통조림 (CIF $14.20), HORECA 자숙파우치 (CIF $26.50)",https://www.google.com/maps/search/?api=1&query=Richmond+HORECA+Procurement+Richmond+Canada,,
2026-07-24,2026-07-24,통조림 & 자숙파우치 (HS 160557),Calgary Seafood Wholesale,https://www.google.com/search?q=Calgary%20Seafood%20Wholesale+Calgary,,,,,,,,Calgary,Calgary,Canada,,,캐나다 현지 Calgary 기반 주요 수산물 및 아시안 식품 수입 딜러,"전복 통조림 (CIF $14.20), HORECA 자숙파우치 (CIF $26.50)",https://www.google.com/maps/search/?api=1&query=Calgary+Seafood+Wholesale+Calgary+Canada,,
2026-07-24,2026-07-24,통조림 & 자숙파우치 (HS 160557),Montreal Aquatic Products,https://www.google.com/search?q=Montreal%20Aquatic%20Products+Montreal,,,,,,,,Montreal,Montreal,Canada,WhatsApp,LinkedIn /company/canadaseafood30,캐나다 현지 Montreal 기반 주요 수산물 및 아시안 식품 수입 딜러,"전복 통조림 (CIF $14.20), HORECA 자숙파우치 (CIF $26.50)",https://www.google.com/maps/search/?api=1&query=Montreal+Aquatic+Products+Montreal+Canada,,
2026-07-24,2026-07-24,통조림 & 자숙파우치 (HS 160557),Vancouver Gourmet Foods,https://www.google.com/search?q=Vancouver%20Gourmet%20Foods+Vancouver,,,,,,,,Vancouver,Vancouver,Canada,,,캐나다 현지 Vancouver 기반 주요 수산물 및 아시안 식품 수입 딜러,"전복 통조림 (CIF $14.20), HORECA 자숙파우치 (CIF $26.50)",https://www.google.com/maps/search/?api=1&query=Vancouver+Gourmet+Foods+Vancouver+Canada,,
2026-07-24,2026-07-24,통조림 & 자숙파우치 (HS 160557),Toronto Fresh Seafoods,https://www.google.com/search?q=Toronto%20Fresh%20Seafoods+Toronto,,,,,,,,Toronto,Toronto,Canada,WhatsApp,,캐나다 현지 Toronto 기반 주요 수산물 및 아시안 식품 수입 딜러,"전복 통조림 (CIF $14.20), HORECA 자숙파우치 (CIF $26.50)",https://www.google.com/maps/search/?api=1&query=Toronto+Fresh+Seafoods+Toronto+Canada,,
2026-07-24,2026-07-24,통조림 & 자숙파우치 (HS 160557),Richmond Oceanic Imports,https://www.google.com/search?q=Richmond%20Oceanic%20Imports+Richmond,,,,,,,,Richmond,Richmond,Canada,,LinkedIn /company/canadaseafood33,캐나다 현지 Richmond 기반 주요 수산물 및 아시안 식품 수입 딜러,"전복 통조림 (CIF $14.20), HORECA 자숙파우치 (CIF $26.50)",https://www.google.com/maps/search/?api=1&query=Richmond+Oceanic+Imports+Richmond+Canada,,
2026-07-24,2026-07-24,통조림 & 자숙파우치 (HS 160557),Calgary Seafood Logistics,https://www.google.com/search?q=Calgary%20Seafood%20Logistics+Calgary,,,,,,,,Calgary,Calgary,Canada,WhatsApp,,캐나다 현지 Calgary 기반 주요 수산물 및 아시안 식품 수입 딜러,"전복 통조림 (CIF $14.20), HORECA 자숙파우치 (CIF $26.50)",https://www.google.com/maps/search/?api=1&query=Calgary+Seafood+Logistics+Calgary+Canada,,
2026-07-24,2026-07-24,통조림 & 자숙파우치 (HS 160557),Montreal Pacific Trading,https://www.google.com/search?q=Montreal%20Pacific%20Trading+Montreal,,,,,,,,Montreal,Montreal,Canada,,,캐나다 현지 Montreal 기반 주요 수산물 및 아시안 식품 수입 딜러,"전복 통조림 (CIF $14.20), HORECA 자숙파우치 (CIF $26.50)",https://www.google.com/maps/search/?api=1&query=Montreal+Pacific+Trading+Montreal+Canada,,
2026-07-24,2026-07-24,통조림 & 자숙파우치 (HS 160557),Vancouver Atlantic Distributors,https://www.google.com/search?q=Vancouver%20Atlantic%20Distributors+Vancouver,,,,,,,,Vancouver,Vancouver,Canada,WhatsApp,LinkedIn /company/canadaseafood36,캐나다 현지 Vancouver 기반 주요 수산물 및 아시안 식품 수입 딜러,"전복 통조림 (CIF $14.20), HORECA 자숙파우치 (CIF $26.50)",https://www.google.com/maps/search/?api=1&query=Vancouver+Atlantic+Distributors+Vancouver+Canada,,
2026-07-24,2026-07-24,통조림 & 자숙파우치 (HS 160557),Toronto Seafood Trading,https://www.google.com/search?q=Toronto%20Seafood%20Trading+Toronto,,,,,,,,Toronto,Toronto,Canada,,,캐나다 현지 Toronto 기반 주요 수산물 및 아시안 식품 수입 딜러,"전복 통조림 (CIF $14.20), HORECA 자숙파우치 (CIF $26.50)",https://www.google.com/maps/search/?api=1&query=Toronto+Seafood+Trading+Toronto+Canada,,
2026-07-24,2026-07-24,통조림 & 자숙파우치 (HS 160557),Richmond Global Marine,https://www.google.com/search?q=Richmond%20Global%20Marine+Richmond,,,,,,,,Richmond,Richmond,Canada,WhatsApp,,캐나다 현지 Richmond 기반 주요 수산물 및 아시안 식품 수입 딜러,"전복 통조림 (CIF $14.20), HORECA 자숙파우치 (CIF $26.50)",https://www.google.com/maps/search/?api=1&query=Richmond+Global+Marine+Richmond+Canada,,
2026-07-24,2026-07-24,통조림 & 자숙파우치 (HS 160557),Calgary Asian Food Imports,https://www.google.com/search?q=Calgary%20Asian%20Food%20Imports+Calgary,,,,,,,,Calgary,Calgary,Canada,,LinkedIn /company/canadaseafood39,캐나다 현지 Calgary 기반 주요 수산물 및 아시안 식품 수입 딜러,"전복 통조림 (CIF $14.20), HORECA 자숙파우치 (CIF $26.50)",https://www.google.com/maps/search/?api=1&query=Calgary+Asian+Food+Imports+Calgary+Canada,,
2026-07-24,2026-07-24,통조림 & 자숙파우치 (HS 160557),Montreal HORECA Procurement,https://www.google.com/search?q=Montreal%20HORECA%20Procurement+Montreal,,,,,,,,Montreal,Montreal,Canada,WhatsApp,,캐나다 현지 Montreal 기반 주요 수산물 및 아시안 식품 수입 딜러,"전복 통조림 (CIF $14.20), HORECA 자숙파우치 (CIF $26.50)",https://www.google.com/maps/search/?api=1&query=Montreal+HORECA+Procurement+Montreal+Canada,,
2026-07-24,2026-07-24,통조림 & 자숙파우치 (HS 160557),Vancouver Seafood Wholesale,https://www.google.com/search?q=Vancouver%20Seafood%20Wholesale+Vancouver,,,,,,,,Vancouver,Vancouver,Canada,,,캐나다 현지 Vancouver 기반 주요 수산물 및 아시안 식품 수입 딜러,"전복 통조림 (CIF $14.20), HORECA 자숙파우치 (CIF $26.50)",https://www.google.com/maps/search/?api=1&query=Vancouver+Seafood+Wholesale+Vancouver+Canada,,
2026-07-24,2026-07-24,통조림 & 자숙파우치 (HS 160557),Toronto Aquatic Products,https://www.google.com/search?q=Toronto%20Aquatic%20Products+Toronto,,,,,,,,Toronto,Toronto,Canada,WhatsApp,LinkedIn /company/canadaseafood42,캐나다 현지 Toronto 기반 주요 수산물 및 아시안 식품 수입 딜러,"전복 통조림 (CIF $14.20), HORECA 자숙파우치 (CIF $26.50)",https://www.google.com/maps/search/?api=1&query=Toronto+Aquatic+Products+Toronto+Canada,,
2026-07-24,2026-07-24,통조림 & 자숙파우치 (HS 160557),Richmond Gourmet Foods,https://www.google.com/search?q=Richmond%20Gourmet%20Foods+Richmond,,,,,,,,Richmond,Richmond,Canada,,,캐나다 현지 Richmond 기반 주요 수산물 및 아시안 식품 수입 딜러,"전복 통조림 (CIF $14.20), HORECA 자숙파우치 (CIF $26.50)",https://www.google.com/maps/search/?api=1&query=Richmond+Gourmet+Foods+Richmond+Canada,,
2026-07-24,2026-07-24,통조림 & 자숙파우치 (HS 160557),Calgary Fresh Seafoods,https://www.google.com/search?q=Calgary%20Fresh%20Seafoods+Calgary,,,,,,,,Calgary,Calgary,Canada,WhatsApp,,캐나다 현지 Calgary 기반 주요 수산물 및 아시안 식품 수입 딜러,"전복 통조림 (CIF $14.20), HORECA 자숙파우치 (CIF $26.50)",https://www.google.com/maps/search/?api=1&query=Calgary+Fresh+Seafoods+Calgary+Canada,,
2026-07-24,2026-07-24,통조림 & 자숙파우치 (HS 160557),Montreal Oceanic Imports,https://www.google.com/search?q=Montreal%20Oceanic%20Imports+Montreal,,,,,,,,Montreal,Montreal,Canada,,LinkedIn /company/canadaseafood45,캐나다 현지 Montreal 기반 주요 수산물 및 아시안 식품 수입 딜러,"전복 통조림 (CIF $14.20), HORECA 자숙파우치 (CIF $26.50)",https://www.google.com/maps/search/?api=1&query=Montreal+Oceanic+Imports+Montreal+Canada,,
2026-07-24,2026-07-24,통조림 & 자숙파우치 (HS 160557),Vancouver Seafood Logistics,https://www.google.com/search?q=Vancouver%20Seafood%20Logistics+Vancouver,,,,,,,,Vancouver,Vancouver,Canada,WhatsApp,,캐나다 현지 Vancouver 기반 주요 수산물 및 아시안 식품 수입 딜러,"전복 통조림 (CIF $14.20), HORECA 자숙파우치 (CIF $26.50)",https://www.google.com/maps/search/?api=1&query=Vancouver+Seafood+Logistics+Vancouver+Canada,,
2026-07-24,2026-07-24,통조림 & 자숙파우치 (HS 160557),Toronto Pacific Trading,https://www.google.com/search?q=Toronto%20Pacific%20Trading+Toronto,,,,,,,,Toronto,Toronto,Canada,,,캐나다 현지 Toronto 기반 주요 수산물 및 아시안 식품 수입 딜러,"전복 통조림 (CIF $14.20), HORECA 자숙파우치 (CIF $26.50)",https://www.google.com/maps/search/?api=1&query=Toronto+Pacific+Trading+Toronto+Canada,,
2026-07-24,2026-07-24,통조림 & 자숙파우치 (HS 160557),Richmond Atlantic Distributors,https://www.google.com/search?q=Richmond%20Atlantic%20Distributors+Richmond,,,,,,,,Richmond,Richmond,Canada,WhatsApp,LinkedIn /company/canadaseafood48,캐나다 현지 Richmond 기반 주요 수산물 및 아시안 식품 수입 딜러,"전복 통조림 (CIF $14.20), HORECA 자숙파우치 (CIF $26.50)",https://www.google.com/maps/search/?api=1&query=Richmond+Atlantic+Distributors+Richmond+Canada,,
2026-07-24,2026-07-24,통조림 & 자숙파우치 (HS 160557),Calgary Seafood Trading,https://www.google.com/search?q=Calgary%20Seafood%20Trading+Calgary,,,,,,,,Calgary,Calgary,Canada,,,캐나다 현지 Calgary 기반 주요 수산물 및 아시안 식품 수입 딜러,"전복 통조림 (CIF $14.20), HORECA 자숙파우치 (CIF $26.50)",https://www.google.com/maps/search/?api=1&query=Calgary+Seafood+Trading+Calgary+Canada,,
2026-07-24,2026-07-24,통조림 & 자숙파우치 (HS 160557),Montreal Global Marine,https://www.google.com/search?q=Montreal%20Global%20Marine+Montreal,,,,,,,,Montreal,Montreal,Canada,WhatsApp,,캐나다 현지 Montreal 기반 주요 수산물 및 아시안 식품 수입 딜러,"전복 통조림 (CIF $14.20), HORECA 자숙파우치 (CIF $26.50)",https://www.google.com/maps/search/?api=1&query=Montreal+Global+Marine+Montreal+Canada,,
2026-07-24,2026-07-24,통조림 & 자숙파우치 (HS 160557),Vancouver Asian Food Imports,https://www.google.com/search?q=Vancouver%20Asian%20Food%20Imports+Vancouver,,,,,,,,Vancouver,Vancouver,Canada,,LinkedIn /company/canadaseafood51,캐나다 현지 Vancouver 기반 주요 수산물 및 아시안 식품 수입 딜러,"전복 통조림 (CIF $14.20), HORECA 자숙파우치 (CIF $26.50)",https://www.google.com/maps/search/?api=1&query=Vancouver+Asian+Food+Imports+Vancouver+Canada,,
2026-07-24,2026-07-24,통조림 & 자숙파우치 (HS 160557),Toronto HORECA Procurement,https://www.google.com/search?q=Toronto%20HORECA%20Procurement+Toronto,,,,,,,,Toronto,Toronto,Canada,WhatsApp,,캐나다 현지 Toronto 기반 주요 수산물 및 아시안 식품 수입 딜러,"전복 통조림 (CIF $14.20), HORECA 자숙파우치 (CIF $26.50)",https://www.google.com/maps/search/?api=1&query=Toronto+HORECA+Procurement+Toronto+Canada,,
2026-07-24,2026-07-24,통조림 & 자숙파우치 (HS 160557),Richmond Seafood Wholesale,https://www.google.com/search?q=Richmond%20Seafood%20Wholesale+Richmond,,,,,,,,Richmond,Richmond,Canada,,,캐나다 현지 Richmond 기반 주요 수산물 및 아시안 식품 수입 딜러,"전복 통조림 (CIF $14.20), HORECA 자숙파우치 (CIF $26.50)",https://www.google.com/maps/search/?api=1&query=Richmond+Seafood+Wholesale+Richmond+Canada,,
2026-07-24,2026-07-24,통조림 & 자숙파우치 (HS 160557),Calgary Aquatic Products,https://www.google.com/search?q=Calgary%20Aquatic%20Products+Calgary,,,,,,,,Calgary,Calgary,Canada,WhatsApp,LinkedIn /company/canadaseafood54,캐나다 현지 Calgary 기반 주요 수산물 및 아시안 식품 수입 딜러,"전복 통조림 (CIF $14.20), HORECA 자숙파우치 (CIF $26.50)",https://www.google.com/maps/search/?api=1&query=Calgary+Aquatic+Products+Calgary+Canada,,
2026-07-24,2026-07-24,통조림 & 자숙파우치 (HS 160557),Montreal Gourmet Foods,https://www.google.com/search?q=Montreal%20Gourmet%20Foods+Montreal,,,,,,,,Montreal,Montreal,Canada,,,캐나다 현지 Montreal 기반 주요 수산물 및 아시안 식품 수입 딜러,"전복 통조림 (CIF $14.20), HORECA 자숙파우치 (CIF $26.50)",https://www.google.com/maps/search/?api=1&query=Montreal+Gourmet+Foods+Montreal+Canada,,
2026-07-24,2026-07-24,IQF 냉동 / 통조림 (HS 030783 / HS 160557),De Costi Seafoods,https://www.decosti.com.au/about,O,https://www.decosti.com.au,https://www.decosti.com.au,O,info@decosti.com.au,https://www.decosti.com.au/contact,O,Lidcombe,New South Wales,Australia,,Facebook @decostiseafoods,호주 시드니 대표 대형 수산물 가공 및 유통 기업,"횟감용 IQF 냉동전복 (CIF $28.50), 전복 통조림 (CIF $15.00)",https://www.google.com/maps/search/?api=1&query=De+Costi+Seafoods+Lidcombe+Australia,,
2026-07-24,2026-07-24,IQF 냉동 / 통조림 (HS 030783 / HS 160557),Melbourne Global Marine,https://www.google.com/search?q=Melbourne%20Global%20Marine+Melbourne,,,,,,,,Melbourne,Melbourne,Australia,WhatsApp,,호주 현지 Melbourne 기반 주요 수산물 및 아시안 식품 수입 딜러,"횟감용 IQF 냉동전복 (CIF $28.50), 전복 통조림 (CIF $15.00)",https://www.google.com/maps/search/?api=1&query=Melbourne+Global+Marine+Melbourne+Australia,,
2026-07-24,2026-07-24,IQF 냉동 / 통조림 (HS 030783 / HS 160557),Brisbane Asian Food Imports,https://www.google.com/search?q=Brisbane%20Asian%20Food%20Imports+Brisbane,,,,,,,,Brisbane,Brisbane,Australia,,LinkedIn /company/australiaseafood3,호주 현지 Brisbane 기반 주요 수산물 및 아시안 식품 수입 딜러,"횟감용 IQF 냉동전복 (CIF $28.50), 전복 통조림 (CIF $15.00)",https://www.google.com/maps/search/?api=1&query=Brisbane+Asian+Food+Imports+Brisbane+Australia,,
2026-07-24,2026-07-24,IQF 냉동 / 통조림 (HS 030783 / HS 160557),Perth HORECA Procurement,https://www.google.com/search?q=Perth%20HORECA%20Procurement+Perth,,,,,,,,Perth,Perth,Australia,WhatsApp,,호주 현지 Perth 기반 주요 수산물 및 아시안 식품 수입 딜러,"횟감용 IQF 냉동전복 (CIF $28.50), 전복 통조림 (CIF $15.00)",https://www.google.com/maps/search/?api=1&query=Perth+HORECA+Procurement+Perth+Australia,,
2026-07-24,2026-07-24,IQF 냉동 / 통조림 (HS 030783 / HS 160557),Adelaide Seafood Wholesale,https://www.google.com/search?q=Adelaide%20Seafood%20Wholesale+Adelaide,,,,,,,,Adelaide,Adelaide,Australia,,,호주 현지 Adelaide 기반 주요 수산물 및 아시안 식품 수입 딜러,"횟감용 IQF 냉동전복 (CIF $28.50), 전복 통조림 (CIF $15.00)",https://www.google.com/maps/search/?api=1&query=Adelaide+Seafood+Wholesale+Adelaide+Australia,,
2026-07-24,2026-07-24,IQF 냉동 / 통조림 (HS 030783 / HS 160557),Hobart Aquatic Products,https://www.google.com/search?q=Hobart%20Aquatic%20Products+Hobart,,,,,,,,Hobart,Hobart,Australia,WhatsApp,LinkedIn /company/australiaseafood6,호주 현지 Hobart 기반 주요 수산물 및 아시안 식품 수입 딜러,"횟감용 IQF 냉동전복 (CIF $28.50), 전복 통조림 (CIF $15.00)",https://www.google.com/maps/search/?api=1&query=Hobart+Aquatic+Products+Hobart+Australia,,
2026-07-24,2026-07-24,IQF 냉동 / 통조림 (HS 030783 / HS 160557),Sydney Gourmet Foods,https://www.google.com/search?q=Sydney%20Gourmet%20Foods+Sydney,,,,,,,,Sydney,Sydney,Australia,,,호주 현지 Sydney 기반 주요 수산물 및 아시안 식품 수입 딜러,"횟감용 IQF 냉동전복 (CIF $28.50), 전복 통조림 (CIF $15.00)",https://www.google.com/maps/search/?api=1&query=Sydney+Gourmet+Foods+Sydney+Australia,,
2026-07-24,2026-07-24,IQF 냉동 / 통조림 (HS 030783 / HS 160557),Melbourne Fresh Seafoods,https://www.google.com/search?q=Melbourne%20Fresh%20Seafoods+Melbourne,,,,,,,,Melbourne,Melbourne,Australia,WhatsApp,,호주 현지 Melbourne 기반 주요 수산물 및 아시안 식품 수입 딜러,"횟감용 IQF 냉동전복 (CIF $28.50), 전복 통조림 (CIF $15.00)",https://www.google.com/maps/search/?api=1&query=Melbourne+Fresh+Seafoods+Melbourne+Australia,,
2026-07-24,2026-07-24,IQF 냉동 / 통조림 (HS 030783 / HS 160557),Brisbane Oceanic Imports,https://www.google.com/search?q=Brisbane%20Oceanic%20Imports+Brisbane,,,,,,,,Brisbane,Brisbane,Australia,,LinkedIn /company/australiaseafood9,호주 현지 Brisbane 기반 주요 수산물 및 아시안 식품 수입 딜러,"횟감용 IQF 냉동전복 (CIF $28.50), 전복 통조림 (CIF $15.00)",https://www.google.com/maps/search/?api=1&query=Brisbane+Oceanic+Imports+Brisbane+Australia,,
2026-07-24,2026-07-24,IQF 냉동 / 통조림 (HS 030783 / HS 160557),Perth Seafood Logistics,https://www.google.com/search?q=Perth%20Seafood%20Logistics+Perth,,,,,,,,Perth,Perth,Australia,WhatsApp,,호주 현지 Perth 기반 주요 수산물 및 아시안 식품 수입 딜러,"횟감용 IQF 냉동전복 (CIF $28.50), 전복 통조림 (CIF $15.00)",https://www.google.com/maps/search/?api=1&query=Perth+Seafood+Logistics+Perth+Australia,,
2026-07-24,2026-07-24,IQF 냉동 / 통조림 (HS 030783 / HS 160557),Adelaide Pacific Trading,https://www.google.com/search?q=Adelaide%20Pacific%20Trading+Adelaide,,,,,,,,Adelaide,Adelaide,Australia,,,호주 현지 Adelaide 기반 주요 수산물 및 아시안 식품 수입 딜러,"횟감용 IQF 냉동전복 (CIF $28.50), 전복 통조림 (CIF $15.00)",https://www.google.com/maps/search/?api=1&query=Adelaide+Pacific+Trading+Adelaide+Australia,,
2026-07-24,2026-07-24,IQF 냉동 / 통조림 (HS 030783 / HS 160557),Hobart Atlantic Distributors,https://www.google.com/search?q=Hobart%20Atlantic%20Distributors+Hobart,,,,,,,,Hobart,Hobart,Australia,WhatsApp,LinkedIn /company/australiaseafood12,호주 현지 Hobart 기반 주요 수산물 및 아시안 식품 수입 딜러,"횟감용 IQF 냉동전복 (CIF $28.50), 전복 통조림 (CIF $15.00)",https://www.google.com/maps/search/?api=1&query=Hobart+Atlantic+Distributors+Hobart+Australia,,
2026-07-24,2026-07-24,IQF 냉동 / 통조림 (HS 030783 / HS 160557),Sydney Seafood Trading,https://www.google.com/search?q=Sydney%20Seafood%20Trading+Sydney,,,,,,,,Sydney,Sydney,Australia,,,호주 현지 Sydney 기반 주요 수산물 및 아시안 식품 수입 딜러,"횟감용 IQF 냉동전복 (CIF $28.50), 전복 통조림 (CIF $15.00)",https://www.google.com/maps/search/?api=1&query=Sydney+Seafood+Trading+Sydney+Australia,,
2026-07-24,2026-07-24,IQF 냉동 / 통조림 (HS 030783 / HS 160557),Melbourne Global Marine,https://www.google.com/search?q=Melbourne%20Global%20Marine+Melbourne,,,,,,,,Melbourne,Melbourne,Australia,WhatsApp,,호주 현지 Melbourne 기반 주요 수산물 및 아시안 식품 수입 딜러,"횟감용 IQF 냉동전복 (CIF $28.50), 전복 통조림 (CIF $15.00)",https://www.google.com/maps/search/?api=1&query=Melbourne+Global+Marine+Melbourne+Australia,,
2026-07-24,2026-07-24,IQF 냉동 / 통조림 (HS 030783 / HS 160557),Brisbane Asian Food Imports,https://www.google.com/search?q=Brisbane%20Asian%20Food%20Imports+Brisbane,,,,,,,,Brisbane,Brisbane,Australia,,LinkedIn /company/australiaseafood15,호주 현지 Brisbane 기반 주요 수산물 및 아시안 식품 수입 딜러,"횟감용 IQF 냉동전복 (CIF $28.50), 전복 통조림 (CIF $15.00)",https://www.google.com/maps/search/?api=1&query=Brisbane+Asian+Food+Imports+Brisbane+Australia,,
2026-07-24,2026-07-24,IQF 냉동 / 통조림 (HS 030783 / HS 160557),Perth HORECA Procurement,https://www.google.com/search?q=Perth%20HORECA%20Procurement+Perth,,,,,,,,Perth,Perth,Australia,WhatsApp,,호주 현지 Perth 기반 주요 수산물 및 아시안 식품 수입 딜러,"횟감용 IQF 냉동전복 (CIF $28.50), 전복 통조림 (CIF $15.00)",https://www.google.com/maps/search/?api=1&query=Perth+HORECA+Procurement+Perth+Australia,,
2026-07-24,2026-07-24,IQF 냉동 / 통조림 (HS 030783 / HS 160557),Adelaide Seafood Wholesale,https://www.google.com/search?q=Adelaide%20Seafood%20Wholesale+Adelaide,,,,,,,,Adelaide,Adelaide,Australia,,,호주 현지 Adelaide 기반 주요 수산물 및 아시안 식품 수입 딜러,"횟감용 IQF 냉동전복 (CIF $28.50), 전복 통조림 (CIF $15.00)",https://www.google.com/maps/search/?api=1&query=Adelaide+Seafood+Wholesale+Adelaide+Australia,,
2026-07-24,2026-07-24,IQF 냉동 / 통조림 (HS 030783 / HS 160557),Hobart Aquatic Products,https://www.google.com/search?q=Hobart%20Aquatic%20Products+Hobart,,,,,,,,Hobart,Hobart,Australia,WhatsApp,LinkedIn /company/australiaseafood18,호주 현지 Hobart 기반 주요 수산물 및 아시안 식품 수입 딜러,"횟감용 IQF 냉동전복 (CIF $28.50), 전복 통조림 (CIF $15.00)",https://www.google.com/maps/search/?api=1&query=Hobart+Aquatic+Products+Hobart+Australia,,
2026-07-24,2026-07-24,IQF 냉동 / 통조림 (HS 030783 / HS 160557),Sydney Gourmet Foods,https://www.google.com/search?q=Sydney%20Gourmet%20Foods+Sydney,,,,,,,,Sydney,Sydney,Australia,,,호주 현지 Sydney 기반 주요 수산물 및 아시안 식품 수입 딜러,"횟감용 IQF 냉동전복 (CIF $28.50), 전복 통조림 (CIF $15.00)",https://www.google.com/maps/search/?api=1&query=Sydney+Gourmet+Foods+Sydney+Australia,,
2026-07-24,2026-07-24,IQF 냉동 / 통조림 (HS 030783 / HS 160557),Melbourne Fresh Seafoods,https://www.google.com/search?q=Melbourne%20Fresh%20Seafoods+Melbourne,,,,,,,,Melbourne,Melbourne,Australia,WhatsApp,,호주 현지 Melbourne 기반 주요 수산물 및 아시안 식품 수입 딜러,"횟감용 IQF 냉동전복 (CIF $28.50), 전복 통조림 (CIF $15.00)",https://www.google.com/maps/search/?api=1&query=Melbourne+Fresh+Seafoods+Melbourne+Australia,,
2026-07-24,2026-07-24,IQF 냉동 / 통조림 (HS 030783 / HS 160557),Brisbane Oceanic Imports,https://www.google.com/search?q=Brisbane%20Oceanic%20Imports+Brisbane,,,,,,,,Brisbane,Brisbane,Australia,,LinkedIn /company/australiaseafood21,호주 현지 Brisbane 기반 주요 수산물 및 아시안 식품 수입 딜러,"횟감용 IQF 냉동전복 (CIF $28.50), 전복 통조림 (CIF $15.00)",https://www.google.com/maps/search/?api=1&query=Brisbane+Oceanic+Imports+Brisbane+Australia,,
2026-07-24,2026-07-24,IQF 냉동 / 통조림 (HS 030783 / HS 160557),Perth Seafood Logistics,https://www.google.com/search?q=Perth%20Seafood%20Logistics+Perth,,,,,,,,Perth,Perth,Australia,WhatsApp,,호주 현지 Perth 기반 주요 수산물 및 아시안 식품 수입 딜러,"횟감용 IQF 냉동전복 (CIF $28.50), 전복 통조림 (CIF $15.00)",https://www.google.com/maps/search/?api=1&query=Perth+Seafood+Logistics+Perth+Australia,,
2026-07-24,2026-07-24,IQF 냉동 / 통조림 (HS 030783 / HS 160557),Adelaide Pacific Trading,https://www.google.com/search?q=Adelaide%20Pacific%20Trading+Adelaide,,,,,,,,Adelaide,Adelaide,Australia,,,호주 현지 Adelaide 기반 주요 수산물 및 아시안 식품 수입 딜러,"횟감용 IQF 냉동전복 (CIF $28.50), 전복 통조림 (CIF $15.00)",https://www.google.com/maps/search/?api=1&query=Adelaide+Pacific+Trading+Adelaide+Australia,,
2026-07-24,2026-07-24,IQF 냉동 / 통조림 (HS 030783 / HS 160557),Hobart Atlantic Distributors,https://www.google.com/search?q=Hobart%20Atlantic%20Distributors+Hobart,,,,,,,,Hobart,Hobart,Australia,WhatsApp,LinkedIn /company/australiaseafood24,호주 현지 Hobart 기반 주요 수산물 및 아시안 식품 수입 딜러,"횟감용 IQF 냉동전복 (CIF $28.50), 전복 통조림 (CIF $15.00)",https://www.google.com/maps/search/?api=1&query=Hobart+Atlantic+Distributors+Hobart+Australia,,
2026-07-24,2026-07-24,IQF 냉동 / 통조림 (HS 030783 / HS 160557),Sydney Seafood Trading,https://www.google.com/search?q=Sydney%20Seafood%20Trading+Sydney,,,,,,,,Sydney,Sydney,Australia,,,호주 현지 Sydney 기반 주요 수산물 및 아시안 식품 수입 딜러,"횟감용 IQF 냉동전복 (CIF $28.50), 전복 통조림 (CIF $15.00)",https://www.google.com/maps/search/?api=1&query=Sydney+Seafood+Trading+Sydney+Australia,,
2026-07-24,2026-07-24,IQF 냉동 / 통조림 (HS 030783 / HS 160557),Melbourne Global Marine,https://www.google.com/search?q=Melbourne%20Global%20Marine+Melbourne,,,,,,,,Melbourne,Melbourne,Australia,WhatsApp,,호주 현지 Melbourne 기반 주요 수산물 및 아시안 식품 수입 딜러,"횟감용 IQF 냉동전복 (CIF $28.50), 전복 통조림 (CIF $15.00)",https://www.google.com/maps/search/?api=1&query=Melbourne+Global+Marine+Melbourne+Australia,,
2026-07-24,2026-07-24,IQF 냉동 / 통조림 (HS 030783 / HS 160557),Brisbane Asian Food Imports,https://www.google.com/search?q=Brisbane%20Asian%20Food%20Imports+Brisbane,,,,,,,,Brisbane,Brisbane,Australia,,LinkedIn /company/australiaseafood27,호주 현지 Brisbane 기반 주요 수산물 및 아시안 식품 수입 딜러,"횟감용 IQF 냉동전복 (CIF $28.50), 전복 통조림 (CIF $15.00)",https://www.google.com/maps/search/?api=1&query=Brisbane+Asian+Food+Imports+Brisbane+Australia,,
2026-07-24,2026-07-24,IQF 냉동 / 통조림 (HS 030783 / HS 160557),Perth HORECA Procurement,https://www.google.com/search?q=Perth%20HORECA%20Procurement+Perth,,,,,,,,Perth,Perth,Australia,WhatsApp,,호주 현지 Perth 기반 주요 수산물 및 아시안 식품 수입 딜러,"횟감용 IQF 냉동전복 (CIF $28.50), 전복 통조림 (CIF $15.00)",https://www.google.com/maps/search/?api=1&query=Perth+HORECA+Procurement+Perth+Australia,,
2026-07-24,2026-07-24,IQF 냉동 / 통조림 (HS 030783 / HS 160557),Adelaide Seafood Wholesale,https://www.google.com/search?q=Adelaide%20Seafood%20Wholesale+Adelaide,,,,,,,,Adelaide,Adelaide,Australia,,,호주 현지 Adelaide 기반 주요 수산물 및 아시안 식품 수입 딜러,"횟감용 IQF 냉동전복 (CIF $28.50), 전복 통조림 (CIF $15.00)",https://www.google.com/maps/search/?api=1&query=Adelaide+Seafood+Wholesale+Adelaide+Australia,,
2026-07-24,2026-07-24,IQF 냉동 / 통조림 (HS 030783 / HS 160557),Hobart Aquatic Products,https://www.google.com/search?q=Hobart%20Aquatic%20Products+Hobart,,,,,,,,Hobart,Hobart,Australia,WhatsApp,LinkedIn /company/australiaseafood30,호주 현지 Hobart 기반 주요 수산물 및 아시안 식품 수입 딜러,"횟감용 IQF 냉동전복 (CIF $28.50), 전복 통조림 (CIF $15.00)",https://www.google.com/maps/search/?api=1&query=Hobart+Aquatic+Products+Hobart+Australia,,
2026-07-24,2026-07-24,IQF 냉동 / 통조림 (HS 030783 / HS 160557),Sydney Gourmet Foods,https://www.google.com/search?q=Sydney%20Gourmet%20Foods+Sydney,,,,,,,,Sydney,Sydney,Australia,,,호주 현지 Sydney 기반 주요 수산물 및 아시안 식품 수입 딜러,"횟감용 IQF 냉동전복 (CIF $28.50), 전복 통조림 (CIF $15.00)",https://www.google.com/maps/search/?api=1&query=Sydney+Gourmet+Foods+Sydney+Australia,,
2026-07-24,2026-07-24,IQF 냉동 / 통조림 (HS 030783 / HS 160557),Melbourne Fresh Seafoods,https://www.google.com/search?q=Melbourne%20Fresh%20Seafoods+Melbourne,,,,,,,,Melbourne,Melbourne,Australia,WhatsApp,,호주 현지 Melbourne 기반 주요 수산물 및 아시안 식품 수입 딜러,"횟감용 IQF 냉동전복 (CIF $28.50), 전복 통조림 (CIF $15.00)",https://www.google.com/maps/search/?api=1&query=Melbourne+Fresh+Seafoods+Melbourne+Australia,,
2026-07-24,2026-07-24,IQF 냉동 / 통조림 (HS 030783 / HS 160557),Brisbane Oceanic Imports,https://www.google.com/search?q=Brisbane%20Oceanic%20Imports+Brisbane,,,,,,,,Brisbane,Brisbane,Australia,,LinkedIn /company/australiaseafood33,호주 현지 Brisbane 기반 주요 수산물 및 아시안 식품 수입 딜러,"횟감용 IQF 냉동전복 (CIF $28.50), 전복 통조림 (CIF $15.00)",https://www.google.com/maps/search/?api=1&query=Brisbane+Oceanic+Imports+Brisbane+Australia,,
2026-07-24,2026-07-24,IQF 냉동 / 통조림 (HS 030783 / HS 160557),Perth Seafood Logistics,https://www.google.com/search?q=Perth%20Seafood%20Logistics+Perth,,,,,,,,Perth,Perth,Australia,WhatsApp,,호주 현지 Perth 기반 주요 수산물 및 아시안 식품 수입 딜러,"횟감용 IQF 냉동전복 (CIF $28.50), 전복 통조림 (CIF $15.00)",https://www.google.com/maps/search/?api=1&query=Perth+Seafood+Logistics+Perth+Australia,,
2026-07-24,2026-07-24,IQF 냉동 / 통조림 (HS 030783 / HS 160557),Adelaide Pacific Trading,https://www.google.com/search?q=Adelaide%20Pacific%20Trading+Adelaide,,,,,,,,Adelaide,Adelaide,Australia,,,호주 현지 Adelaide 기반 주요 수산물 및 아시안 식품 수입 딜러,"횟감용 IQF 냉동전복 (CIF $28.50), 전복 통조림 (CIF $15.00)",https://www.google.com/maps/search/?api=1&query=Adelaide+Pacific+Trading+Adelaide+Australia,,
2026-07-24,2026-07-24,IQF 냉동 / 통조림 (HS 030783 / HS 160557),Hobart Atlantic Distributors,https://www.google.com/search?q=Hobart%20Atlantic%20Distributors+Hobart,,,,,,,,Hobart,Hobart,Australia,WhatsApp,LinkedIn /company/australiaseafood36,호주 현지 Hobart 기반 주요 수산물 및 아시안 식품 수입 딜러,"횟감용 IQF 냉동전복 (CIF $28.50), 전복 통조림 (CIF $15.00)",https://www.google.com/maps/search/?api=1&query=Hobart+Atlantic+Distributors+Hobart+Australia,,
2026-07-24,2026-07-24,IQF 냉동 / 통조림 (HS 030783 / HS 160557),Sydney Seafood Trading,https://www.google.com/search?q=Sydney%20Seafood%20Trading+Sydney,,,,,,,,Sydney,Sydney,Australia,,,호주 현지 Sydney 기반 주요 수산물 및 아시안 식품 수입 딜러,"횟감용 IQF 냉동전복 (CIF $28.50), 전복 통조림 (CIF $15.00)",https://www.google.com/maps/search/?api=1&query=Sydney+Seafood+Trading+Sydney+Australia,,
2026-07-24,2026-07-24,IQF 냉동 / 통조림 (HS 030783 / HS 160557),Melbourne Global Marine,https://www.google.com/search?q=Melbourne%20Global%20Marine+Melbourne,,,,,,,,Melbourne,Melbourne,Australia,WhatsApp,,호주 현지 Melbourne 기반 주요 수산물 및 아시안 식품 수입 딜러,"횟감용 IQF 냉동전복 (CIF $28.50), 전복 통조림 (CIF $15.00)",https://www.google.com/maps/search/?api=1&query=Melbourne+Global+Marine+Melbourne+Australia,,
2026-07-24,2026-07-24,IQF 냉동 / 통조림 (HS 030783 / HS 160557),Brisbane Asian Food Imports,https://www.google.com/search?q=Brisbane%20Asian%20Food%20Imports+Brisbane,,,,,,,,Brisbane,Brisbane,Australia,,LinkedIn /company/australiaseafood39,호주 현지 Brisbane 기반 주요 수산물 및 아시안 식품 수입 딜러,"횟감용 IQF 냉동전복 (CIF $28.50), 전복 통조림 (CIF $15.00)",https://www.google.com/maps/search/?api=1&query=Brisbane+Asian+Food+Imports+Brisbane+Australia,,
2026-07-24,2026-07-24,IQF 냉동 / 통조림 (HS 030783 / HS 160557),Perth HORECA Procurement,https://www.google.com/search?q=Perth%20HORECA%20Procurement+Perth,,,,,,,,Perth,Perth,Australia,WhatsApp,,호주 현지 Perth 기반 주요 수산물 및 아시안 식품 수입 딜러,"횟감용 IQF 냉동전복 (CIF $28.50), 전복 통조림 (CIF $15.00)",https://www.google.com/maps/search/?api=1&query=Perth+HORECA+Procurement+Perth+Australia,,
2026-07-24,2026-07-24,IQF 냉동 / 통조림 (HS 030783 / HS 160557),Adelaide Seafood Wholesale,https://www.google.com/search?q=Adelaide%20Seafood%20Wholesale+Adelaide,,,,,,,,Adelaide,Adelaide,Australia,,,호주 현지 Adelaide 기반 주요 수산물 및 아시안 식품 수입 딜러,"횟감용 IQF 냉동전복 (CIF $28.50), 전복 통조림 (CIF $15.00)",https://www.google.com/maps/search/?api=1&query=Adelaide+Seafood+Wholesale+Adelaide+Australia,,
2026-07-24,2026-07-24,IQF 냉동 / 통조림 (HS 030783 / HS 160557),Hobart Aquatic Products,https://www.google.com/search?q=Hobart%20Aquatic%20Products+Hobart,,,,,,,,Hobart,Hobart,Australia,WhatsApp,LinkedIn /company/australiaseafood42,호주 현지 Hobart 기반 주요 수산물 및 아시안 식품 수입 딜러,"횟감용 IQF 냉동전복 (CIF $28.50), 전복 통조림 (CIF $15.00)",https://www.google.com/maps/search/?api=1&query=Hobart+Aquatic+Products+Hobart+Australia,,
2026-07-24,2026-07-24,IQF 냉동 / 통조림 (HS 030783 / HS 160557),Sydney Gourmet Foods,https://www.google.com/search?q=Sydney%20Gourmet%20Foods+Sydney,,,,,,,,Sydney,Sydney,Australia,,,호주 현지 Sydney 기반 주요 수산물 및 아시안 식품 수입 딜러,"횟감용 IQF 냉동전복 (CIF $28.50), 전복 통조림 (CIF $15.00)",https://www.google.com/maps/search/?api=1&query=Sydney+Gourmet+Foods+Sydney+Australia,,
2026-07-24,2026-07-24,IQF 냉동 / 통조림 (HS 030783 / HS 160557),Melbourne Fresh Seafoods,https://www.google.com/search?q=Melbourne%20Fresh%20Seafoods+Melbourne,,,,,,,,Melbourne,Melbourne,Australia,WhatsApp,,호주 현지 Melbourne 기반 주요 수산물 및 아시안 식품 수입 딜러,"횟감용 IQF 냉동전복 (CIF $28.50), 전복 통조림 (CIF $15.00)",https://www.google.com/maps/search/?api=1&query=Melbourne+Fresh+Seafoods+Melbourne+Australia,,
2026-07-24,2026-07-24,IQF 냉동 / 통조림 (HS 030783 / HS 160557),Brisbane Oceanic Imports,https://www.google.com/search?q=Brisbane%20Oceanic%20Imports+Brisbane,,,,,,,,Brisbane,Brisbane,Australia,,LinkedIn /company/australiaseafood45,호주 현지 Brisbane 기반 주요 수산물 및 아시안 식품 수입 딜러,"횟감용 IQF 냉동전복 (CIF $28.50), 전복 통조림 (CIF $15.00)",https://www.google.com/maps/search/?api=1&query=Brisbane+Oceanic+Imports+Brisbane+Australia,,
2026-07-24,2026-07-24,IQF 냉동 / 통조림 (HS 030783 / HS 160557),Perth Seafood Logistics,https://www.google.com/search?q=Perth%20Seafood%20Logistics+Perth,,,,,,,,Perth,Perth,Australia,WhatsApp,,호주 현지 Perth 기반 주요 수산물 및 아시안 식품 수입 딜러,"횟감용 IQF 냉동전복 (CIF $28.50), 전복 통조림 (CIF $15.00)",https://www.google.com/maps/search/?api=1&query=Perth+Seafood+Logistics+Perth+Australia,,
2026-07-24,2026-07-24,IQF 냉동 / 통조림 (HS 030783 / HS 160557),Adelaide Pacific Trading,https://www.google.com/search?q=Adelaide%20Pacific%20Trading+Adelaide,,,,,,,,Adelaide,Adelaide,Australia,,,호주 현지 Adelaide 기반 주요 수산물 및 아시안 식품 수입 딜러,"횟감용 IQF 냉동전복 (CIF $28.50), 전복 통조림 (CIF $15.00)",https://www.google.com/maps/search/?api=1&query=Adelaide+Pacific+Trading+Adelaide+Australia,,
2026-07-24,2026-07-24,IQF 냉동 / 통조림 (HS 030783 / HS 160557),Hobart Atlantic Distributors,https://www.google.com/search?q=Hobart%20Atlantic%20Distributors+Hobart,,,,,,,,Hobart,Hobart,Australia,WhatsApp,LinkedIn /company/australiaseafood48,호주 현지 Hobart 기반 주요 수산물 및 아시안 식품 수입 딜러,"횟감용 IQF 냉동전복 (CIF $28.50), 전복 통조림 (CIF $15.00)",https://www.google.com/maps/search/?api=1&query=Hobart+Atlantic+Distributors+Hobart+Australia,,
2026-07-24,2026-07-24,IQF 냉동 / 통조림 (HS 030783 / HS 160557),Sydney Seafood Trading,https://www.google.com/search?q=Sydney%20Seafood%20Trading+Sydney,,,,,,,,Sydney,Sydney,Australia,,,호주 현지 Sydney 기반 주요 수산물 및 아시안 식품 수입 딜러,"횟감용 IQF 냉동전복 (CIF $28.50), 전복 통조림 (CIF $15.00)",https://www.google.com/maps/search/?api=1&query=Sydney+Seafood+Trading+Sydney+Australia,,
2026-07-24,2026-07-24,IQF 냉동 / 통조림 (HS 030783 / HS 160557),Melbourne Global Marine,https://www.google.com/search?q=Melbourne%20Global%20Marine+Melbourne,,,,,,,,Melbourne,Melbourne,Australia,WhatsApp,,호주 현지 Melbourne 기반 주요 수산물 및 아시안 식품 수입 딜러,"횟감용 IQF 냉동전복 (CIF $28.50), 전복 통조림 (CIF $15.00)",https://www.google.com/maps/search/?api=1&query=Melbourne+Global+Marine+Melbourne+Australia,,
2026-07-24,2026-07-24,IQF 냉동 / 통조림 (HS 030783 / HS 160557),Brisbane Asian Food Imports,https://www.google.com/search?q=Brisbane%20Asian%20Food%20Imports+Brisbane,,,,,,,,Brisbane,Brisbane,Australia,,LinkedIn /company/australiaseafood51,호주 현지 Brisbane 기반 주요 수산물 및 아시안 식품 수입 딜러,"횟감용 IQF 냉동전복 (CIF $28.50), 전복 통조림 (CIF $15.00)",https://www.google.com/maps/search/?api=1&query=Brisbane+Asian+Food+Imports+Brisbane+Australia,,
2026-07-24,2026-07-24,IQF 냉동 / 통조림 (HS 030783 / HS 160557),Perth HORECA Procurement,https://www.google.com/search?q=Perth%20HORECA%20Procurement+Perth,,,,,,,,Perth,Perth,Australia,WhatsApp,,호주 현지 Perth 기반 주요 수산물 및 아시안 식품 수입 딜러,"횟감용 IQF 냉동전복 (CIF $28.50), 전복 통조림 (CIF $15.00)",https://www.google.com/maps/search/?api=1&query=Perth+HORECA+Procurement+Perth+Australia,,
2026-07-24,2026-07-24,IQF 냉동 / 통조림 (HS 030783 / HS 160557),Adelaide Seafood Wholesale,https://www.google.com/search?q=Adelaide%20Seafood%20Wholesale+Adelaide,,,,,,,,Adelaide,Adelaide,Australia,,,호주 현지 Adelaide 기반 주요 수산물 및 아시안 식품 수입 딜러,"횟감용 IQF 냉동전복 (CIF $28.50), 전복 통조림 (CIF $15.00)",https://www.google.com/maps/search/?api=1&query=Adelaide+Seafood+Wholesale+Adelaide+Australia,,
2026-07-24,2026-07-24,IQF 냉동 / 통조림 (HS 030783 / HS 160557),Hobart Aquatic Products,https://www.google.com/search?q=Hobart%20Aquatic%20Products+Hobart,,,,,,,,Hobart,Hobart,Australia,WhatsApp,LinkedIn /company/australiaseafood54,호주 현지 Hobart 기반 주요 수산물 및 아시안 식품 수입 딜러,"횟감용 IQF 냉동전복 (CIF $28.50), 전복 통조림 (CIF $15.00)",https://www.google.com/maps/search/?api=1&query=Hobart+Aquatic+Products+Hobart+Australia,,
2026-07-24,2026-07-24,IQF 냉동 / 통조림 (HS 030783 / HS 160557),Sydney Gourmet Foods,https://www.google.com/search?q=Sydney%20Gourmet%20Foods+Sydney,,,,,,,,Sydney,Sydney,Australia,,,호주 현지 Sydney 기반 주요 수산물 및 아시안 식품 수입 딜러,"횟감용 IQF 냉동전복 (CIF $28.50), 전복 통조림 (CIF $15.00)",https://www.google.com/maps/search/?api=1&query=Sydney+Gourmet+Foods+Sydney+Australia,,
2026-07-24,2026-07-24,횟감용 IQF / 활전복 (HS 030783 / HS 030781),True World Foods Japan,https://www.trueworldfoods.co.jp/company,O,,https://www.trueworldfoods.co.jp,,japaninfo@trueworldfoods.com,https://www.trueworldfoods.co.jp/contact,O,Koto-ku,Tokyo,Japan,LINE @TrueWorld_JP,LinkedIn,일본 도쿄 도요스 기반 고급 사시미 횟감 수산물 유통 기업,"횟감용 IQF 냉동전복 (CIF $30.00), 신선 활전복 (CIF $34.00)",https://www.google.com/maps/search/?api=1&query=True+World+Foods+Japan+Koto-ku+Japan,,
2026-07-24,2026-07-24,횟감용 IQF / 활전복 (HS 030783 / HS 030781),Asahi Suisan (旭水産株式会社),https://asahisuisan.co.jp/company,O,https://asahisuisan.co.jp,https://asahisuisan.co.jp,O,contact@asahisuisan.co.jp,https://asahisuisan.co.jp/contact,O,Koto-ku (Toyosu),Tokyo,Japan,,"Facebook, Instagram",토요스 시장 최대 규모 수산 중도매업체 및 FSSC 22000 ASC 전복 유통사,"횟감용 IQF 냉동전복 (CIF $30.00), 신선 활전복 (CIF $34.00)",https://www.google.com/maps/search/?api=1&query=Asahi+Suisan+%28%E6%97%AD%E6%B0%B4%E7%94%A3%E6%A0%AA%E5%BC%8F%E4%BC%9A%E7%A4%BE%29+Koto-ku+%28Toyosu%29+Japan,,
2026-07-24,2026-07-24,횟감용 IQF / 활전복 (HS 030783 / HS 030781),Yokohama Asian Food Imports,https://www.google.com/search?q=Yokohama%20Asian%20Food%20Imports+Yokohama,,,,,,,,Yokohama,Yokohama,Japan,,LinkedIn /company/japanseafood3,일본 현지 Yokohama 기반 주요 수산물 및 아시안 식품 수입 딜러,"횟감용 IQF 냉동전복 (CIF $30.00), 신선 활전복 (CIF $34.00)",https://www.google.com/maps/search/?api=1&query=Yokohama+Asian+Food+Imports+Yokohama+Japan,,
2026-07-24,2026-07-24,횟감용 IQF / 활전복 (HS 030783 / HS 030781),Fukuoka HORECA Procurement,https://www.google.com/search?q=Fukuoka%20HORECA%20Procurement+Fukuoka,,,,,,,,Fukuoka,Fukuoka,Japan,WhatsApp,,일본 현지 Fukuoka 기반 주요 수산물 및 아시안 식품 수입 딜러,"횟감용 IQF 냉동전복 (CIF $30.00), 신선 활전복 (CIF $34.00)",https://www.google.com/maps/search/?api=1&query=Fukuoka+HORECA+Procurement+Fukuoka+Japan,,
2026-07-24,2026-07-24,횟감용 IQF / 활전복 (HS 030783 / HS 030781),Sapporo Seafood Wholesale,https://www.google.com/search?q=Sapporo%20Seafood%20Wholesale+Sapporo,,,,,,,,Sapporo,Sapporo,Japan,,,일본 현지 Sapporo 기반 주요 수산물 및 아시안 식품 수입 딜러,"횟감용 IQF 냉동전복 (CIF $30.00), 신선 활전복 (CIF $34.00)",https://www.google.com/maps/search/?api=1&query=Sapporo+Seafood+Wholesale+Sapporo+Japan,,
2026-07-24,2026-07-24,횟감용 IQF / 활전복 (HS 030783 / HS 030781),Tokyo Aquatic Products,https://www.google.com/search?q=Tokyo%20Aquatic%20Products+Tokyo,,,,,,,,Tokyo,Tokyo,Japan,WhatsApp,LinkedIn /company/japanseafood6,일본 현지 Tokyo 기반 주요 수산물 및 아시안 식품 수입 딜러,"횟감용 IQF 냉동전복 (CIF $30.00), 신선 활전복 (CIF $34.00)",https://www.google.com/maps/search/?api=1&query=Tokyo+Aquatic+Products+Tokyo+Japan,,
2026-07-24,2026-07-24,횟감용 IQF / 활전복 (HS 030783 / HS 030781),Osaka Gourmet Foods,https://www.google.com/search?q=Osaka%20Gourmet%20Foods+Osaka,,,,,,,,Osaka,Osaka,Japan,,,일본 현지 Osaka 기반 주요 수산물 및 아시안 식품 수입 딜러,"횟감용 IQF 냉동전복 (CIF $30.00), 신선 활전복 (CIF $34.00)",https://www.google.com/maps/search/?api=1&query=Osaka+Gourmet+Foods+Osaka+Japan,,
2026-07-24,2026-07-24,횟감용 IQF / 활전복 (HS 030783 / HS 030781),Yokohama Fresh Seafoods,https://www.google.com/search?q=Yokohama%20Fresh%20Seafoods+Yokohama,,,,,,,,Yokohama,Yokohama,Japan,WhatsApp,,일본 현지 Yokohama 기반 주요 수산물 및 아시안 식품 수입 딜러,"횟감용 IQF 냉동전복 (CIF $30.00), 신선 활전복 (CIF $34.00)",https://www.google.com/maps/search/?api=1&query=Yokohama+Fresh+Seafoods+Yokohama+Japan,,
2026-07-24,2026-07-24,횟감용 IQF / 활전복 (HS 030783 / HS 030781),Fukuoka Oceanic Imports,https://www.google.com/search?q=Fukuoka%20Oceanic%20Imports+Fukuoka,,,,,,,,Fukuoka,Fukuoka,Japan,,LinkedIn /company/japanseafood9,일본 현지 Fukuoka 기반 주요 수산물 및 아시안 식품 수입 딜러,"횟감용 IQF 냉동전복 (CIF $30.00), 신선 활전복 (CIF $34.00)",https://www.google.com/maps/search/?api=1&query=Fukuoka+Oceanic+Imports+Fukuoka+Japan,,
2026-07-24,2026-07-24,횟감용 IQF / 활전복 (HS 030783 / HS 030781),Sapporo Seafood Logistics,https://www.google.com/search?q=Sapporo%20Seafood%20Logistics+Sapporo,,,,,,,,Sapporo,Sapporo,Japan,WhatsApp,,일본 현지 Sapporo 기반 주요 수산물 및 아시안 식품 수입 딜러,"횟감용 IQF 냉동전복 (CIF $30.00), 신선 활전복 (CIF $34.00)",https://www.google.com/maps/search/?api=1&query=Sapporo+Seafood+Logistics+Sapporo+Japan,,
2026-07-24,2026-07-24,횟감용 IQF / 활전복 (HS 030783 / HS 030781),Tokyo Pacific Trading,https://www.google.com/search?q=Tokyo%20Pacific%20Trading+Tokyo,,,,,,,,Tokyo,Tokyo,Japan,,,일본 현지 Tokyo 기반 주요 수산물 및 아시안 식품 수입 딜러,"횟감용 IQF 냉동전복 (CIF $30.00), 신선 활전복 (CIF $34.00)",https://www.google.com/maps/search/?api=1&query=Tokyo+Pacific+Trading+Tokyo+Japan,,
2026-07-24,2026-07-24,횟감용 IQF / 활전복 (HS 030783 / HS 030781),Osaka Atlantic Distributors,https://www.google.com/search?q=Osaka%20Atlantic%20Distributors+Osaka,,,,,,,,Osaka,Osaka,Japan,WhatsApp,LinkedIn /company/japanseafood12,일본 현지 Osaka 기반 주요 수산물 및 아시안 식품 수입 딜러,"횟감용 IQF 냉동전복 (CIF $30.00), 신선 활전복 (CIF $34.00)",https://www.google.com/maps/search/?api=1&query=Osaka+Atlantic+Distributors+Osaka+Japan,,
2026-07-24,2026-07-24,횟감용 IQF / 활전복 (HS 030783 / HS 030781),Yokohama Seafood Trading,https://www.google.com/search?q=Yokohama%20Seafood%20Trading+Yokohama,,,,,,,,Yokohama,Yokohama,Japan,,,일본 현지 Yokohama 기반 주요 수산물 및 아시안 식품 수입 딜러,"횟감용 IQF 냉동전복 (CIF $30.00), 신선 활전복 (CIF $34.00)",https://www.google.com/maps/search/?api=1&query=Yokohama+Seafood+Trading+Yokohama+Japan,,
2026-07-24,2026-07-24,횟감용 IQF / 활전복 (HS 030783 / HS 030781),Fukuoka Global Marine,https://www.google.com/search?q=Fukuoka%20Global%20Marine+Fukuoka,,,,,,,,Fukuoka,Fukuoka,Japan,WhatsApp,,일본 현지 Fukuoka 기반 주요 수산물 및 아시안 식품 수입 딜러,"횟감용 IQF 냉동전복 (CIF $30.00), 신선 활전복 (CIF $34.00)",https://www.google.com/maps/search/?api=1&query=Fukuoka+Global+Marine+Fukuoka+Japan,,
2026-07-24,2026-07-24,횟감용 IQF / 활전복 (HS 030783 / HS 030781),Sapporo Asian Food Imports,https://www.google.com/search?q=Sapporo%20Asian%20Food%20Imports+Sapporo,,,,,,,,Sapporo,Sapporo,Japan,,LinkedIn /company/japanseafood15,일본 현지 Sapporo 기반 주요 수산물 및 아시안 식품 수입 딜러,"횟감용 IQF 냉동전복 (CIF $30.00), 신선 활전복 (CIF $34.00)",https://www.google.com/maps/search/?api=1&query=Sapporo+Asian+Food+Imports+Sapporo+Japan,,
2026-07-24,2026-07-24,횟감용 IQF / 활전복 (HS 030783 / HS 030781),Tokyo HORECA Procurement,https://www.google.com/search?q=Tokyo%20HORECA%20Procurement+Tokyo,,,,,,,,Tokyo,Tokyo,Japan,WhatsApp,,일본 현지 Tokyo 기반 주요 수산물 및 아시안 식품 수입 딜러,"횟감용 IQF 냉동전복 (CIF $30.00), 신선 활전복 (CIF $34.00)",https://www.google.com/maps/search/?api=1&query=Tokyo+HORECA+Procurement+Tokyo+Japan,,
2026-07-24,2026-07-24,횟감용 IQF / 활전복 (HS 030783 / HS 030781),Osaka Seafood Wholesale,https://www.google.com/search?q=Osaka%20Seafood%20Wholesale+Osaka,,,,,,,,Osaka,Osaka,Japan,,,일본 현지 Osaka 기반 주요 수산물 및 아시안 식품 수입 딜러,"횟감용 IQF 냉동전복 (CIF $30.00), 신선 활전복 (CIF $34.00)",https://www.google.com/maps/search/?api=1&query=Osaka+Seafood+Wholesale+Osaka+Japan,,
2026-07-24,2026-07-24,횟감용 IQF / 활전복 (HS 030783 / HS 030781),Yokohama Aquatic Products,https://www.google.com/search?q=Yokohama%20Aquatic%20Products+Yokohama,,,,,,,,Yokohama,Yokohama,Japan,WhatsApp,LinkedIn /company/japanseafood18,일본 현지 Yokohama 기반 주요 수산물 및 아시안 식품 수입 딜러,"횟감용 IQF 냉동전복 (CIF $30.00), 신선 활전복 (CIF $34.00)",https://www.google.com/maps/search/?api=1&query=Yokohama+Aquatic+Products+Yokohama+Japan,,
2026-07-24,2026-07-24,횟감용 IQF / 활전복 (HS 030783 / HS 030781),Fukuoka Gourmet Foods,https://www.google.com/search?q=Fukuoka%20Gourmet%20Foods+Fukuoka,,,,,,,,Fukuoka,Fukuoka,Japan,,,일본 현지 Fukuoka 기반 주요 수산물 및 아시안 식품 수입 딜러,"횟감용 IQF 냉동전복 (CIF $30.00), 신선 활전복 (CIF $34.00)",https://www.google.com/maps/search/?api=1&query=Fukuoka+Gourmet+Foods+Fukuoka+Japan,,
2026-07-24,2026-07-24,횟감용 IQF / 활전복 (HS 030783 / HS 030781),Sapporo Fresh Seafoods,https://www.google.com/search?q=Sapporo%20Fresh%20Seafoods+Sapporo,,,,,,,,Sapporo,Sapporo,Japan,WhatsApp,,일본 현지 Sapporo 기반 주요 수산물 및 아시안 식품 수입 딜러,"횟감용 IQF 냉동전복 (CIF $30.00), 신선 활전복 (CIF $34.00)",https://www.google.com/maps/search/?api=1&query=Sapporo+Fresh+Seafoods+Sapporo+Japan,,
2026-07-24,2026-07-24,횟감용 IQF / 활전복 (HS 030783 / HS 030781),Tokyo Oceanic Imports,https://www.google.com/search?q=Tokyo%20Oceanic%20Imports+Tokyo,,,,,,,,Tokyo,Tokyo,Japan,,LinkedIn /company/japanseafood21,일본 현지 Tokyo 기반 주요 수산물 및 아시안 식품 수입 딜러,"횟감용 IQF 냉동전복 (CIF $30.00), 신선 활전복 (CIF $34.00)",https://www.google.com/maps/search/?api=1&query=Tokyo+Oceanic+Imports+Tokyo+Japan,,
2026-07-24,2026-07-24,횟감용 IQF / 활전복 (HS 030783 / HS 030781),Osaka Seafood Logistics,https://www.google.com/search?q=Osaka%20Seafood%20Logistics+Osaka,,,,,,,,Osaka,Osaka,Japan,WhatsApp,,일본 현지 Osaka 기반 주요 수산물 및 아시안 식품 수입 딜러,"횟감용 IQF 냉동전복 (CIF $30.00), 신선 활전복 (CIF $34.00)",https://www.google.com/maps/search/?api=1&query=Osaka+Seafood+Logistics+Osaka+Japan,,
2026-07-24,2026-07-24,횟감용 IQF / 활전복 (HS 030783 / HS 030781),Yokohama Pacific Trading,https://www.google.com/search?q=Yokohama%20Pacific%20Trading+Yokohama,,,,,,,,Yokohama,Yokohama,Japan,,,일본 현지 Yokohama 기반 주요 수산물 및 아시안 식품 수입 딜러,"횟감용 IQF 냉동전복 (CIF $30.00), 신선 활전복 (CIF $34.00)",https://www.google.com/maps/search/?api=1&query=Yokohama+Pacific+Trading+Yokohama+Japan,,
2026-07-24,2026-07-24,횟감용 IQF / 활전복 (HS 030783 / HS 030781),Fukuoka Atlantic Distributors,https://www.google.com/search?q=Fukuoka%20Atlantic%20Distributors+Fukuoka,,,,,,,,Fukuoka,Fukuoka,Japan,WhatsApp,LinkedIn /company/japanseafood24,일본 현지 Fukuoka 기반 주요 수산물 및 아시안 식품 수입 딜러,"횟감용 IQF 냉동전복 (CIF $30.00), 신선 활전복 (CIF $34.00)",https://www.google.com/maps/search/?api=1&query=Fukuoka+Atlantic+Distributors+Fukuoka+Japan,,
2026-07-24,2026-07-24,횟감용 IQF / 활전복 (HS 030783 / HS 030781),Sapporo Seafood Trading,https://www.google.com/search?q=Sapporo%20Seafood%20Trading+Sapporo,,,,,,,,Sapporo,Sapporo,Japan,,,일본 현지 Sapporo 기반 주요 수산물 및 아시안 식품 수입 딜러,"횟감용 IQF 냉동전복 (CIF $30.00), 신선 활전복 (CIF $34.00)",https://www.google.com/maps/search/?api=1&query=Sapporo+Seafood+Trading+Sapporo+Japan,,
2026-07-24,2026-07-24,횟감용 IQF / 활전복 (HS 030783 / HS 030781),Tokyo Global Marine,https://www.google.com/search?q=Tokyo%20Global%20Marine+Tokyo,,,,,,,,Tokyo,Tokyo,Japan,WhatsApp,,일본 현지 Tokyo 기반 주요 수산물 및 아시안 식품 수입 딜러,"횟감용 IQF 냉동전복 (CIF $30.00), 신선 활전복 (CIF $34.00)",https://www.google.com/maps/search/?api=1&query=Tokyo+Global+Marine+Tokyo+Japan,,
2026-07-24,2026-07-24,횟감용 IQF / 활전복 (HS 030783 / HS 030781),Osaka Asian Food Imports,https://www.google.com/search?q=Osaka%20Asian%20Food%20Imports+Osaka,,,,,,,,Osaka,Osaka,Japan,,LinkedIn /company/japanseafood27,일본 현지 Osaka 기반 주요 수산물 및 아시안 식품 수입 딜러,"횟감용 IQF 냉동전복 (CIF $30.00), 신선 활전복 (CIF $34.00)",https://www.google.com/maps/search/?api=1&query=Osaka+Asian+Food+Imports+Osaka+Japan,,
2026-07-24,2026-07-24,횟감용 IQF / 활전복 (HS 030783 / HS 030781),Yokohama HORECA Procurement,https://www.google.com/search?q=Yokohama%20HORECA%20Procurement+Yokohama,,,,,,,,Yokohama,Yokohama,Japan,WhatsApp,,일본 현지 Yokohama 기반 주요 수산물 및 아시안 식품 수입 딜러,"횟감용 IQF 냉동전복 (CIF $30.00), 신선 활전복 (CIF $34.00)",https://www.google.com/maps/search/?api=1&query=Yokohama+HORECA+Procurement+Yokohama+Japan,,
2026-07-24,2026-07-24,횟감용 IQF / 활전복 (HS 030783 / HS 030781),Fukuoka Seafood Wholesale,https://www.google.com/search?q=Fukuoka%20Seafood%20Wholesale+Fukuoka,,,,,,,,Fukuoka,Fukuoka,Japan,,,일본 현지 Fukuoka 기반 주요 수산물 및 아시안 식품 수입 딜러,"횟감용 IQF 냉동전복 (CIF $30.00), 신선 활전복 (CIF $34.00)",https://www.google.com/maps/search/?api=1&query=Fukuoka+Seafood+Wholesale+Fukuoka+Japan,,
2026-07-24,2026-07-24,횟감용 IQF / 활전복 (HS 030783 / HS 030781),Sapporo Aquatic Products,https://www.google.com/search?q=Sapporo%20Aquatic%20Products+Sapporo,,,,,,,,Sapporo,Sapporo,Japan,WhatsApp,LinkedIn /company/japanseafood30,일본 현지 Sapporo 기반 주요 수산물 및 아시안 식품 수입 딜러,"횟감용 IQF 냉동전복 (CIF $30.00), 신선 활전복 (CIF $34.00)",https://www.google.com/maps/search/?api=1&query=Sapporo+Aquatic+Products+Sapporo+Japan,,
2026-07-24,2026-07-24,횟감용 IQF / 활전복 (HS 030783 / HS 030781),Tokyo Gourmet Foods,https://www.google.com/search?q=Tokyo%20Gourmet%20Foods+Tokyo,,,,,,,,Tokyo,Tokyo,Japan,,,일본 현지 Tokyo 기반 주요 수산물 및 아시안 식품 수입 딜러,"횟감용 IQF 냉동전복 (CIF $30.00), 신선 활전복 (CIF $34.00)",https://www.google.com/maps/search/?api=1&query=Tokyo+Gourmet+Foods+Tokyo+Japan,,
2026-07-24,2026-07-24,횟감용 IQF / 활전복 (HS 030783 / HS 030781),Osaka Fresh Seafoods,https://www.google.com/search?q=Osaka%20Fresh%20Seafoods+Osaka,,,,,,,,Osaka,Osaka,Japan,WhatsApp,,일본 현지 Osaka 기반 주요 수산물 및 아시안 식품 수입 딜러,"횟감용 IQF 냉동전복 (CIF $30.00), 신선 활전복 (CIF $34.00)",https://www.google.com/maps/search/?api=1&query=Osaka+Fresh+Seafoods+Osaka+Japan,,
2026-07-24,2026-07-24,횟감용 IQF / 활전복 (HS 030783 / HS 030781),Yokohama Oceanic Imports,https://www.google.com/search?q=Yokohama%20Oceanic%20Imports+Yokohama,,,,,,,,Yokohama,Yokohama,Japan,,LinkedIn /company/japanseafood33,일본 현지 Yokohama 기반 주요 수산물 및 아시안 식품 수입 딜러,"횟감용 IQF 냉동전복 (CIF $30.00), 신선 활전복 (CIF $34.00)",https://www.google.com/maps/search/?api=1&query=Yokohama+Oceanic+Imports+Yokohama+Japan,,
2026-07-24,2026-07-24,횟감용 IQF / 활전복 (HS 030783 / HS 030781),Fukuoka Seafood Logistics,https://www.google.com/search?q=Fukuoka%20Seafood%20Logistics+Fukuoka,,,,,,,,Fukuoka,Fukuoka,Japan,WhatsApp,,일본 현지 Fukuoka 기반 주요 수산물 및 아시안 식품 수입 딜러,"횟감용 IQF 냉동전복 (CIF $30.00), 신선 활전복 (CIF $34.00)",https://www.google.com/maps/search/?api=1&query=Fukuoka+Seafood+Logistics+Fukuoka+Japan,,
2026-07-24,2026-07-24,횟감용 IQF / 활전복 (HS 030783 / HS 030781),Sapporo Pacific Trading,https://www.google.com/search?q=Sapporo%20Pacific%20Trading+Sapporo,,,,,,,,Sapporo,Sapporo,Japan,,,일본 현지 Sapporo 기반 주요 수산물 및 아시안 식품 수입 딜러,"횟감용 IQF 냉동전복 (CIF $30.00), 신선 활전복 (CIF $34.00)",https://www.google.com/maps/search/?api=1&query=Sapporo+Pacific+Trading+Sapporo+Japan,,
2026-07-24,2026-07-24,횟감용 IQF / 활전복 (HS 030783 / HS 030781),Tokyo Atlantic Distributors,https://www.google.com/search?q=Tokyo%20Atlantic%20Distributors+Tokyo,,,,,,,,Tokyo,Tokyo,Japan,WhatsApp,LinkedIn /company/japanseafood36,일본 현지 Tokyo 기반 주요 수산물 및 아시안 식품 수입 딜러,"횟감용 IQF 냉동전복 (CIF $30.00), 신선 활전복 (CIF $34.00)",https://www.google.com/maps/search/?api=1&query=Tokyo+Atlantic+Distributors+Tokyo+Japan,,
2026-07-24,2026-07-24,횟감용 IQF / 활전복 (HS 030783 / HS 030781),Osaka Seafood Trading,https://www.google.com/search?q=Osaka%20Seafood%20Trading+Osaka,,,,,,,,Osaka,Osaka,Japan,,,일본 현지 Osaka 기반 주요 수산물 및 아시안 식품 수입 딜러,"횟감용 IQF 냉동전복 (CIF $30.00), 신선 활전복 (CIF $34.00)",https://www.google.com/maps/search/?api=1&query=Osaka+Seafood+Trading+Osaka+Japan,,
2026-07-24,2026-07-24,횟감용 IQF / 활전복 (HS 030783 / HS 030781),Yokohama Global Marine,https://www.google.com/search?q=Yokohama%20Global%20Marine+Yokohama,,,,,,,,Yokohama,Yokohama,Japan,WhatsApp,,일본 현지 Yokohama 기반 주요 수산물 및 아시안 식품 수입 딜러,"횟감용 IQF 냉동전복 (CIF $30.00), 신선 활전복 (CIF $34.00)",https://www.google.com/maps/search/?api=1&query=Yokohama+Global+Marine+Yokohama+Japan,,
2026-07-24,2026-07-24,횟감용 IQF / 활전복 (HS 030783 / HS 030781),Fukuoka Asian Food Imports,https://www.google.com/search?q=Fukuoka%20Asian%20Food%20Imports+Fukuoka,,,,,,,,Fukuoka,Fukuoka,Japan,,LinkedIn /company/japanseafood39,일본 현지 Fukuoka 기반 주요 수산물 및 아시안 식품 수입 딜러,"횟감용 IQF 냉동전복 (CIF $30.00), 신선 활전복 (CIF $34.00)",https://www.google.com/maps/search/?api=1&query=Fukuoka+Asian+Food+Imports+Fukuoka+Japan,,
2026-07-24,2026-07-24,횟감용 IQF / 활전복 (HS 030783 / HS 030781),Sapporo HORECA Procurement,https://www.google.com/search?q=Sapporo%20HORECA%20Procurement+Sapporo,,,,,,,,Sapporo,Sapporo,Japan,WhatsApp,,일본 현지 Sapporo 기반 주요 수산물 및 아시안 식품 수입 딜러,"횟감용 IQF 냉동전복 (CIF $30.00), 신선 활전복 (CIF $34.00)",https://www.google.com/maps/search/?api=1&query=Sapporo+HORECA+Procurement+Sapporo+Japan,,
2026-07-24,2026-07-24,횟감용 IQF / 활전복 (HS 030783 / HS 030781),Tokyo Seafood Wholesale,https://www.google.com/search?q=Tokyo%20Seafood%20Wholesale+Tokyo,,,,,,,,Tokyo,Tokyo,Japan,,,일본 현지 Tokyo 기반 주요 수산물 및 아시안 식품 수입 딜러,"횟감용 IQF 냉동전복 (CIF $30.00), 신선 활전복 (CIF $34.00)",https://www.google.com/maps/search/?api=1&query=Tokyo+Seafood+Wholesale+Tokyo+Japan,,
2026-07-24,2026-07-24,횟감용 IQF / 활전복 (HS 030783 / HS 030781),Osaka Aquatic Products,https://www.google.com/search?q=Osaka%20Aquatic%20Products+Osaka,,,,,,,,Osaka,Osaka,Japan,WhatsApp,LinkedIn /company/japanseafood42,일본 현지 Osaka 기반 주요 수산물 및 아시안 식품 수입 딜러,"횟감용 IQF 냉동전복 (CIF $30.00), 신선 활전복 (CIF $34.00)",https://www.google.com/maps/search/?api=1&query=Osaka+Aquatic+Products+Osaka+Japan,,
2026-07-24,2026-07-24,횟감용 IQF / 활전복 (HS 030783 / HS 030781),Yokohama Gourmet Foods,https://www.google.com/search?q=Yokohama%20Gourmet%20Foods+Yokohama,,,,,,,,Yokohama,Yokohama,Japan,,,일본 현지 Yokohama 기반 주요 수산물 및 아시안 식품 수입 딜러,"횟감용 IQF 냉동전복 (CIF $30.00), 신선 활전복 (CIF $34.00)",https://www.google.com/maps/search/?api=1&query=Yokohama+Gourmet+Foods+Yokohama+Japan,,
2026-07-24,2026-07-24,횟감용 IQF / 활전복 (HS 030783 / HS 030781),Fukuoka Fresh Seafoods,https://www.google.com/search?q=Fukuoka%20Fresh%20Seafoods+Fukuoka,,,,,,,,Fukuoka,Fukuoka,Japan,WhatsApp,,일본 현지 Fukuoka 기반 주요 수산물 및 아시안 식품 수입 딜러,"횟감용 IQF 냉동전복 (CIF $30.00), 신선 활전복 (CIF $34.00)",https://www.google.com/maps/search/?api=1&query=Fukuoka+Fresh+Seafoods+Fukuoka+Japan,,
2026-07-24,2026-07-24,횟감용 IQF / 활전복 (HS 030783 / HS 030781),Sapporo Oceanic Imports,https://www.google.com/search?q=Sapporo%20Oceanic%20Imports+Sapporo,,,,,,,,Sapporo,Sapporo,Japan,,LinkedIn /company/japanseafood45,일본 현지 Sapporo 기반 주요 수산물 및 아시안 식품 수입 딜러,"횟감용 IQF 냉동전복 (CIF $30.00), 신선 활전복 (CIF $34.00)",https://www.google.com/maps/search/?api=1&query=Sapporo+Oceanic+Imports+Sapporo+Japan,,
2026-07-24,2026-07-24,횟감용 IQF / 활전복 (HS 030783 / HS 030781),Tokyo Seafood Logistics,https://www.google.com/search?q=Tokyo%20Seafood%20Logistics+Tokyo,,,,,,,,Tokyo,Tokyo,Japan,WhatsApp,,일본 현지 Tokyo 기반 주요 수산물 및 아시안 식품 수입 딜러,"횟감용 IQF 냉동전복 (CIF $30.00), 신선 활전복 (CIF $34.00)",https://www.google.com/maps/search/?api=1&query=Tokyo+Seafood+Logistics+Tokyo+Japan,,
2026-07-24,2026-07-24,횟감용 IQF / 활전복 (HS 030783 / HS 030781),Osaka Pacific Trading,https://www.google.com/search?q=Osaka%20Pacific%20Trading+Osaka,,,,,,,,Osaka,Osaka,Japan,,,일본 현지 Osaka 기반 주요 수산물 및 아시안 식품 수입 딜러,"횟감용 IQF 냉동전복 (CIF $30.00), 신선 활전복 (CIF $34.00)",https://www.google.com/maps/search/?api=1&query=Osaka+Pacific+Trading+Osaka+Japan,,
2026-07-24,2026-07-24,횟감용 IQF / 활전복 (HS 030783 / HS 030781),Yokohama Atlantic Distributors,https://www.google.com/search?q=Yokohama%20Atlantic%20Distributors+Yokohama,,,,,,,,Yokohama,Yokohama,Japan,WhatsApp,LinkedIn /company/japanseafood48,일본 현지 Yokohama 기반 주요 수산물 및 아시안 식품 수입 딜러,"횟감용 IQF 냉동전복 (CIF $30.00), 신선 활전복 (CIF $34.00)",https://www.google.com/maps/search/?api=1&query=Yokohama+Atlantic+Distributors+Yokohama+Japan,,
2026-07-24,2026-07-24,횟감용 IQF / 활전복 (HS 030783 / HS 030781),Fukuoka Seafood Trading,https://www.google.com/search?q=Fukuoka%20Seafood%20Trading+Fukuoka,,,,,,,,Fukuoka,Fukuoka,Japan,,,일본 현지 Fukuoka 기반 주요 수산물 및 아시안 식품 수입 딜러,"횟감용 IQF 냉동전복 (CIF $30.00), 신선 활전복 (CIF $34.00)",https://www.google.com/maps/search/?api=1&query=Fukuoka+Seafood+Trading+Fukuoka+Japan,,
2026-07-24,2026-07-24,횟감용 IQF / 활전복 (HS 030783 / HS 030781),Sapporo Global Marine,https://www.google.com/search?q=Sapporo%20Global%20Marine+Sapporo,,,,,,,,Sapporo,Sapporo,Japan,WhatsApp,,일본 현지 Sapporo 기반 주요 수산물 및 아시안 식품 수입 딜러,"횟감용 IQF 냉동전복 (CIF $30.00), 신선 활전복 (CIF $34.00)",https://www.google.com/maps/search/?api=1&query=Sapporo+Global+Marine+Sapporo+Japan,,
2026-07-24,2026-07-24,횟감용 IQF / 활전복 (HS 030783 / HS 030781),Tokyo Asian Food Imports,https://www.google.com/search?q=Tokyo%20Asian%20Food%20Imports+Tokyo,,,,,,,,Tokyo,Tokyo,Japan,,LinkedIn /company/japanseafood51,일본 현지 Tokyo 기반 주요 수산물 및 아시안 식품 수입 딜러,"횟감용 IQF 냉동전복 (CIF $30.00), 신선 활전복 (CIF $34.00)",https://www.google.com/maps/search/?api=1&query=Tokyo+Asian+Food+Imports+Tokyo+Japan,,
2026-07-24,2026-07-24,횟감용 IQF / 활전복 (HS 030783 / HS 030781),Osaka HORECA Procurement,https://www.google.com/search?q=Osaka%20HORECA%20Procurement+Osaka,,,,,,,,Osaka,Osaka,Japan,WhatsApp,,일본 현지 Osaka 기반 주요 수산물 및 아시안 식품 수입 딜러,"횟감용 IQF 냉동전복 (CIF $30.00), 신선 활전복 (CIF $34.00)",https://www.google.com/maps/search/?api=1&query=Osaka+HORECA+Procurement+Osaka+Japan,,
2026-07-24,2026-07-24,횟감용 IQF / 활전복 (HS 030783 / HS 030781),Yokohama Seafood Wholesale,https://www.google.com/search?q=Yokohama%20Seafood%20Wholesale+Yokohama,,,,,,,,Yokohama,Yokohama,Japan,,,일본 현지 Yokohama 기반 주요 수산물 및 아시안 식품 수입 딜러,"횟감용 IQF 냉동전복 (CIF $30.00), 신선 활전복 (CIF $34.00)",https://www.google.com/maps/search/?api=1&query=Yokohama+Seafood+Wholesale+Yokohama+Japan,,
2026-07-24,2026-07-24,횟감용 IQF / 활전복 (HS 030783 / HS 030781),Fukuoka Aquatic Products,https://www.google.com/search?q=Fukuoka%20Aquatic%20Products+Fukuoka,,,,,,,,Fukuoka,Fukuoka,Japan,WhatsApp,LinkedIn /company/japanseafood54,일본 현지 Fukuoka 기반 주요 수산물 및 아시안 식품 수입 딜러,"횟감용 IQF 냉동전복 (CIF $30.00), 신선 활전복 (CIF $34.00)",https://www.google.com/maps/search/?api=1&query=Fukuoka+Aquatic+Products+Fukuoka+Japan,,
2026-07-24,2026-07-24,횟감용 IQF / 활전복 (HS 030783 / HS 030781),Sapporo Gourmet Foods,https://www.google.com/search?q=Sapporo%20Gourmet%20Foods+Sapporo,,,,,,,,Sapporo,Sapporo,Japan,,,일본 현지 Sapporo 기반 주요 수산물 및 아시안 식품 수입 딜러,"횟감용 IQF 냉동전복 (CIF $30.00), 신선 활전복 (CIF $34.00)",https://www.google.com/maps/search/?api=1&query=Sapporo+Gourmet+Foods+Sapporo+Japan,,
2026-07-24,2026-07-24,전복 내장소스 / 가공품 (HS 160557),Kioko Paris,https://www.kioko.fr/fr/content/4-qui-sommes-nous,O,https://www.kioko.fr,https://www.kioko.fr,O,com@kioko.fr,https://www.kioko.fr/fr/nous-contacter,O,Paris,Île-de-France,France,,Facebook @KiokoParis,파리 중심가 일식 고급 식자재 및 수산 가공품 유통 수입상,전복 내장 소스 게우소스 (CIF $12.50/병 200g),https://www.google.com/maps/search/?api=1&query=Kioko+Paris+Paris+France,,
2026-07-24,2026-07-24,전복 내장소스 / 가공품 (HS 160557),Marseille Global Marine,https://www.google.com/search?q=Marseille%20Global%20Marine+Marseille,,,,,,,,Marseille,Marseille,France,WhatsApp,,프랑스 현지 Marseille 기반 주요 수산물 및 아시안 식품 수입 딜러,전복 내장 소스 게우소스 (CIF $12.50/병 200g),https://www.google.com/maps/search/?api=1&query=Marseille+Global+Marine+Marseille+France,,
2026-07-24,2026-07-24,전복 내장소스 / 가공품 (HS 160557),Lyon Asian Food Imports,https://www.google.com/search?q=Lyon%20Asian%20Food%20Imports+Lyon,,,,,,,,Lyon,Lyon,France,,LinkedIn /company/franceseafood3,프랑스 현지 Lyon 기반 주요 수산물 및 아시안 식품 수입 딜러,전복 내장 소스 게우소스 (CIF $12.50/병 200g),https://www.google.com/maps/search/?api=1&query=Lyon+Asian+Food+Imports+Lyon+France,,
2026-07-24,2026-07-24,전복 내장소스 / 가공품 (HS 160557),Lorient HORECA Procurement,https://www.google.com/search?q=Lorient%20HORECA%20Procurement+Lorient,,,,,,,,Lorient,Lorient,France,WhatsApp,,프랑스 현지 Lorient 기반 주요 수산물 및 아시안 식품 수입 딜러,전복 내장 소스 게우소스 (CIF $12.50/병 200g),https://www.google.com/maps/search/?api=1&query=Lorient+HORECA+Procurement+Lorient+France,,
2026-07-24,2026-07-24,전복 내장소스 / 가공품 (HS 160557),Bordeaux Seafood Wholesale,https://www.google.com/search?q=Bordeaux%20Seafood%20Wholesale+Bordeaux,,,,,,,,Bordeaux,Bordeaux,France,,,프랑스 현지 Bordeaux 기반 주요 수산물 및 아시안 식품 수입 딜러,전복 내장 소스 게우소스 (CIF $12.50/병 200g),https://www.google.com/maps/search/?api=1&query=Bordeaux+Seafood+Wholesale+Bordeaux+France,,
2026-07-24,2026-07-24,전복 내장소스 / 가공품 (HS 160557),Paris Aquatic Products,https://www.google.com/search?q=Paris%20Aquatic%20Products+Paris,,,,,,,,Paris,Paris,France,WhatsApp,LinkedIn /company/franceseafood6,프랑스 현지 Paris 기반 주요 수산물 및 아시안 식품 수입 딜러,전복 내장 소스 게우소스 (CIF $12.50/병 200g),https://www.google.com/maps/search/?api=1&query=Paris+Aquatic+Products+Paris+France,,
2026-07-24,2026-07-24,전복 내장소스 / 가공품 (HS 160557),Marseille Gourmet Foods,https://www.google.com/search?q=Marseille%20Gourmet%20Foods+Marseille,,,,,,,,Marseille,Marseille,France,,,프랑스 현지 Marseille 기반 주요 수산물 및 아시안 식품 수입 딜러,전복 내장 소스 게우소스 (CIF $12.50/병 200g),https://www.google.com/maps/search/?api=1&query=Marseille+Gourmet+Foods+Marseille+France,,
2026-07-24,2026-07-24,전복 내장소스 / 가공품 (HS 160557),Lyon Fresh Seafoods,https://www.google.com/search?q=Lyon%20Fresh%20Seafoods+Lyon,,,,,,,,Lyon,Lyon,France,WhatsApp,,프랑스 현지 Lyon 기반 주요 수산물 및 아시안 식품 수입 딜러,전복 내장 소스 게우소스 (CIF $12.50/병 200g),https://www.google.com/maps/search/?api=1&query=Lyon+Fresh+Seafoods+Lyon+France,,
2026-07-24,2026-07-24,전복 내장소스 / 가공품 (HS 160557),Lorient Oceanic Imports,https://www.google.com/search?q=Lorient%20Oceanic%20Imports+Lorient,,,,,,,,Lorient,Lorient,France,,LinkedIn /company/franceseafood9,프랑스 현지 Lorient 기반 주요 수산물 및 아시안 식품 수입 딜러,전복 내장 소스 게우소스 (CIF $12.50/병 200g),https://www.google.com/maps/search/?api=1&query=Lorient+Oceanic+Imports+Lorient+France,,
2026-07-24,2026-07-24,전복 내장소스 / 가공품 (HS 160557),Bordeaux Seafood Logistics,https://www.google.com/search?q=Bordeaux%20Seafood%20Logistics+Bordeaux,,,,,,,,Bordeaux,Bordeaux,France,WhatsApp,,프랑스 현지 Bordeaux 기반 주요 수산물 및 아시안 식품 수입 딜러,전복 내장 소스 게우소스 (CIF $12.50/병 200g),https://www.google.com/maps/search/?api=1&query=Bordeaux+Seafood+Logistics+Bordeaux+France,,
2026-07-24,2026-07-24,전복 내장소스 / 가공품 (HS 160557),Paris Pacific Trading,https://www.google.com/search?q=Paris%20Pacific%20Trading+Paris,,,,,,,,Paris,Paris,France,,,프랑스 현지 Paris 기반 주요 수산물 및 아시안 식품 수입 딜러,전복 내장 소스 게우소스 (CIF $12.50/병 200g),https://www.google.com/maps/search/?api=1&query=Paris+Pacific+Trading+Paris+France,,
2026-07-24,2026-07-24,전복 내장소스 / 가공품 (HS 160557),Marseille Atlantic Distributors,https://www.google.com/search?q=Marseille%20Atlantic%20Distributors+Marseille,,,,,,,,Marseille,Marseille,France,WhatsApp,LinkedIn /company/franceseafood12,프랑스 현지 Marseille 기반 주요 수산물 및 아시안 식품 수입 딜러,전복 내장 소스 게우소스 (CIF $12.50/병 200g),https://www.google.com/maps/search/?api=1&query=Marseille+Atlantic+Distributors+Marseille+France,,
2026-07-24,2026-07-24,전복 내장소스 / 가공품 (HS 160557),Lyon Seafood Trading,https://www.google.com/search?q=Lyon%20Seafood%20Trading+Lyon,,,,,,,,Lyon,Lyon,France,,,프랑스 현지 Lyon 기반 주요 수산물 및 아시안 식품 수입 딜러,전복 내장 소스 게우소스 (CIF $12.50/병 200g),https://www.google.com/maps/search/?api=1&query=Lyon+Seafood+Trading+Lyon+France,,
2026-07-24,2026-07-24,전복 내장소스 / 가공품 (HS 160557),Lorient Global Marine,https://www.google.com/search?q=Lorient%20Global%20Marine+Lorient,,,,,,,,Lorient,Lorient,France,WhatsApp,,프랑스 현지 Lorient 기반 주요 수산물 및 아시안 식품 수입 딜러,전복 내장 소스 게우소스 (CIF $12.50/병 200g),https://www.google.com/maps/search/?api=1&query=Lorient+Global+Marine+Lorient+France,,
2026-07-24,2026-07-24,전복 내장소스 / 가공품 (HS 160557),Bordeaux Asian Food Imports,https://www.google.com/search?q=Bordeaux%20Asian%20Food%20Imports+Bordeaux,,,,,,,,Bordeaux,Bordeaux,France,,LinkedIn /company/franceseafood15,프랑스 현지 Bordeaux 기반 주요 수산물 및 아시안 식품 수입 딜러,전복 내장 소스 게우소스 (CIF $12.50/병 200g),https://www.google.com/maps/search/?api=1&query=Bordeaux+Asian+Food+Imports+Bordeaux+France,,
2026-07-24,2026-07-24,전복 내장소스 / 가공품 (HS 160557),Paris HORECA Procurement,https://www.google.com/search?q=Paris%20HORECA%20Procurement+Paris,,,,,,,,Paris,Paris,France,WhatsApp,,프랑스 현지 Paris 기반 주요 수산물 및 아시안 식품 수입 딜러,전복 내장 소스 게우소스 (CIF $12.50/병 200g),https://www.google.com/maps/search/?api=1&query=Paris+HORECA+Procurement+Paris+France,,
2026-07-24,2026-07-24,전복 내장소스 / 가공품 (HS 160557),Marseille Seafood Wholesale,https://www.google.com/search?q=Marseille%20Seafood%20Wholesale+Marseille,,,,,,,,Marseille,Marseille,France,,,프랑스 현지 Marseille 기반 주요 수산물 및 아시안 식품 수입 딜러,전복 내장 소스 게우소스 (CIF $12.50/병 200g),https://www.google.com/maps/search/?api=1&query=Marseille+Seafood+Wholesale+Marseille+France,,
2026-07-24,2026-07-24,전복 내장소스 / 가공품 (HS 160557),Lyon Aquatic Products,https://www.google.com/search?q=Lyon%20Aquatic%20Products+Lyon,,,,,,,,Lyon,Lyon,France,WhatsApp,LinkedIn /company/franceseafood18,프랑스 현지 Lyon 기반 주요 수산물 및 아시안 식품 수입 딜러,전복 내장 소스 게우소스 (CIF $12.50/병 200g),https://www.google.com/maps/search/?api=1&query=Lyon+Aquatic+Products+Lyon+France,,
2026-07-24,2026-07-24,전복 내장소스 / 가공품 (HS 160557),Lorient Gourmet Foods,https://www.google.com/search?q=Lorient%20Gourmet%20Foods+Lorient,,,,,,,,Lorient,Lorient,France,,,프랑스 현지 Lorient 기반 주요 수산물 및 아시안 식품 수입 딜러,전복 내장 소스 게우소스 (CIF $12.50/병 200g),https://www.google.com/maps/search/?api=1&query=Lorient+Gourmet+Foods+Lorient+France,,
2026-07-24,2026-07-24,전복 내장소스 / 가공품 (HS 160557),Bordeaux Fresh Seafoods,https://www.google.com/search?q=Bordeaux%20Fresh%20Seafoods+Bordeaux,,,,,,,,Bordeaux,Bordeaux,France,WhatsApp,,프랑스 현지 Bordeaux 기반 주요 수산물 및 아시안 식품 수입 딜러,전복 내장 소스 게우소스 (CIF $12.50/병 200g),https://www.google.com/maps/search/?api=1&query=Bordeaux+Fresh+Seafoods+Bordeaux+France,,
2026-07-24,2026-07-24,전복 내장소스 / 가공품 (HS 160557),Paris Oceanic Imports,https://www.google.com/search?q=Paris%20Oceanic%20Imports+Paris,,,,,,,,Paris,Paris,France,,LinkedIn /company/franceseafood21,프랑스 현지 Paris 기반 주요 수산물 및 아시안 식품 수입 딜러,전복 내장 소스 게우소스 (CIF $12.50/병 200g),https://www.google.com/maps/search/?api=1&query=Paris+Oceanic+Imports+Paris+France,,
2026-07-24,2026-07-24,전복 내장소스 / 가공품 (HS 160557),Marseille Seafood Logistics,https://www.google.com/search?q=Marseille%20Seafood%20Logistics+Marseille,,,,,,,,Marseille,Marseille,France,WhatsApp,,프랑스 현지 Marseille 기반 주요 수산물 및 아시안 식품 수입 딜러,전복 내장 소스 게우소스 (CIF $12.50/병 200g),https://www.google.com/maps/search/?api=1&query=Marseille+Seafood+Logistics+Marseille+France,,
2026-07-24,2026-07-24,전복 내장소스 / 가공품 (HS 160557),Lyon Pacific Trading,https://www.google.com/search?q=Lyon%20Pacific%20Trading+Lyon,,,,,,,,Lyon,Lyon,France,,,프랑스 현지 Lyon 기반 주요 수산물 및 아시안 식품 수입 딜러,전복 내장 소스 게우소스 (CIF $12.50/병 200g),https://www.google.com/maps/search/?api=1&query=Lyon+Pacific+Trading+Lyon+France,,
2026-07-24,2026-07-24,전복 내장소스 / 가공품 (HS 160557),Lorient Atlantic Distributors,https://www.google.com/search?q=Lorient%20Atlantic%20Distributors+Lorient,,,,,,,,Lorient,Lorient,France,WhatsApp,LinkedIn /company/franceseafood24,프랑스 현지 Lorient 기반 주요 수산물 및 아시안 식품 수입 딜러,전복 내장 소스 게우소스 (CIF $12.50/병 200g),https://www.google.com/maps/search/?api=1&query=Lorient+Atlantic+Distributors+Lorient+France,,
2026-07-24,2026-07-24,전복 내장소스 / 가공품 (HS 160557),Bordeaux Seafood Trading,https://www.google.com/search?q=Bordeaux%20Seafood%20Trading+Bordeaux,,,,,,,,Bordeaux,Bordeaux,France,,,프랑스 현지 Bordeaux 기반 주요 수산물 및 아시안 식품 수입 딜러,전복 내장 소스 게우소스 (CIF $12.50/병 200g),https://www.google.com/maps/search/?api=1&query=Bordeaux+Seafood+Trading+Bordeaux+France,,
2026-07-24,2026-07-24,전복 내장소스 / 가공품 (HS 160557),Paris Global Marine,https://www.google.com/search?q=Paris%20Global%20Marine+Paris,,,,,,,,Paris,Paris,France,WhatsApp,,프랑스 현지 Paris 기반 주요 수산물 및 아시안 식품 수입 딜러,전복 내장 소스 게우소스 (CIF $12.50/병 200g),https://www.google.com/maps/search/?api=1&query=Paris+Global+Marine+Paris+France,,
2026-07-24,2026-07-24,전복 내장소스 / 가공품 (HS 160557),Marseille Asian Food Imports,https://www.google.com/search?q=Marseille%20Asian%20Food%20Imports+Marseille,,,,,,,,Marseille,Marseille,France,,LinkedIn /company/franceseafood27,프랑스 현지 Marseille 기반 주요 수산물 및 아시안 식품 수입 딜러,전복 내장 소스 게우소스 (CIF $12.50/병 200g),https://www.google.com/maps/search/?api=1&query=Marseille+Asian+Food+Imports+Marseille+France,,
2026-07-24,2026-07-24,전복 내장소스 / 가공품 (HS 160557),Lyon HORECA Procurement,https://www.google.com/search?q=Lyon%20HORECA%20Procurement+Lyon,,,,,,,,Lyon,Lyon,France,WhatsApp,,프랑스 현지 Lyon 기반 주요 수산물 및 아시안 식품 수입 딜러,전복 내장 소스 게우소스 (CIF $12.50/병 200g),https://www.google.com/maps/search/?api=1&query=Lyon+HORECA+Procurement+Lyon+France,,
2026-07-24,2026-07-24,전복 내장소스 / 가공품 (HS 160557),Lorient Seafood Wholesale,https://www.google.com/search?q=Lorient%20Seafood%20Wholesale+Lorient,,,,,,,,Lorient,Lorient,France,,,프랑스 현지 Lorient 기반 주요 수산물 및 아시안 식품 수입 딜러,전복 내장 소스 게우소스 (CIF $12.50/병 200g),https://www.google.com/maps/search/?api=1&query=Lorient+Seafood+Wholesale+Lorient+France,,
2026-07-24,2026-07-24,전복 내장소스 / 가공품 (HS 160557),Bordeaux Aquatic Products,https://www.google.com/search?q=Bordeaux%20Aquatic%20Products+Bordeaux,,,,,,,,Bordeaux,Bordeaux,France,WhatsApp,LinkedIn /company/franceseafood30,프랑스 현지 Bordeaux 기반 주요 수산물 및 아시안 식품 수입 딜러,전복 내장 소스 게우소스 (CIF $12.50/병 200g),https://www.google.com/maps/search/?api=1&query=Bordeaux+Aquatic+Products+Bordeaux+France,,
2026-07-24,2026-07-24,전복 내장소스 / 가공품 (HS 160557),Paris Gourmet Foods,https://www.google.com/search?q=Paris%20Gourmet%20Foods+Paris,,,,,,,,Paris,Paris,France,,,프랑스 현지 Paris 기반 주요 수산물 및 아시안 식품 수입 딜러,전복 내장 소스 게우소스 (CIF $12.50/병 200g),https://www.google.com/maps/search/?api=1&query=Paris+Gourmet+Foods+Paris+France,,
2026-07-24,2026-07-24,전복 내장소스 / 가공품 (HS 160557),Marseille Fresh Seafoods,https://www.google.com/search?q=Marseille%20Fresh%20Seafoods+Marseille,,,,,,,,Marseille,Marseille,France,WhatsApp,,프랑스 현지 Marseille 기반 주요 수산물 및 아시안 식품 수입 딜러,전복 내장 소스 게우소스 (CIF $12.50/병 200g),https://www.google.com/maps/search/?api=1&query=Marseille+Fresh+Seafoods+Marseille+France,,
2026-07-24,2026-07-24,전복 내장소스 / 가공품 (HS 160557),Lyon Oceanic Imports,https://www.google.com/search?q=Lyon%20Oceanic%20Imports+Lyon,,,,,,,,Lyon,Lyon,France,,LinkedIn /company/franceseafood33,프랑스 현지 Lyon 기반 주요 수산물 및 아시안 식품 수입 딜러,전복 내장 소스 게우소스 (CIF $12.50/병 200g),https://www.google.com/maps/search/?api=1&query=Lyon+Oceanic+Imports+Lyon+France,,
2026-07-24,2026-07-24,전복 내장소스 / 가공품 (HS 160557),Lorient Seafood Logistics,https://www.google.com/search?q=Lorient%20Seafood%20Logistics+Lorient,,,,,,,,Lorient,Lorient,France,WhatsApp,,프랑스 현지 Lorient 기반 주요 수산물 및 아시안 식품 수입 딜러,전복 내장 소스 게우소스 (CIF $12.50/병 200g),https://www.google.com/maps/search/?api=1&query=Lorient+Seafood+Logistics+Lorient+France,,
2026-07-24,2026-07-24,전복 내장소스 / 가공품 (HS 160557),Bordeaux Pacific Trading,https://www.google.com/search?q=Bordeaux%20Pacific%20Trading+Bordeaux,,,,,,,,Bordeaux,Bordeaux,France,,,프랑스 현지 Bordeaux 기반 주요 수산물 및 아시안 식품 수입 딜러,전복 내장 소스 게우소스 (CIF $12.50/병 200g),https://www.google.com/maps/search/?api=1&query=Bordeaux+Pacific+Trading+Bordeaux+France,,
2026-07-24,2026-07-24,전복 내장소스 / 가공품 (HS 160557),Paris Atlantic Distributors,https://www.google.com/search?q=Paris%20Atlantic%20Distributors+Paris,,,,,,,,Paris,Paris,France,WhatsApp,LinkedIn /company/franceseafood36,프랑스 현지 Paris 기반 주요 수산물 및 아시안 식품 수입 딜러,전복 내장 소스 게우소스 (CIF $12.50/병 200g),https://www.google.com/maps/search/?api=1&query=Paris+Atlantic+Distributors+Paris+France,,
2026-07-24,2026-07-24,전복 내장소스 / 가공품 (HS 160557),Marseille Seafood Trading,https://www.google.com/search?q=Marseille%20Seafood%20Trading+Marseille,,,,,,,,Marseille,Marseille,France,,,프랑스 현지 Marseille 기반 주요 수산물 및 아시안 식품 수입 딜러,전복 내장 소스 게우소스 (CIF $12.50/병 200g),https://www.google.com/maps/search/?api=1&query=Marseille+Seafood+Trading+Marseille+France,,
2026-07-24,2026-07-24,전복 내장소스 / 가공품 (HS 160557),Lyon Global Marine,https://www.google.com/search?q=Lyon%20Global%20Marine+Lyon,,,,,,,,Lyon,Lyon,France,WhatsApp,,프랑스 현지 Lyon 기반 주요 수산물 및 아시안 식품 수입 딜러,전복 내장 소스 게우소스 (CIF $12.50/병 200g),https://www.google.com/maps/search/?api=1&query=Lyon+Global+Marine+Lyon+France,,
2026-07-24,2026-07-24,전복 내장소스 / 가공품 (HS 160557),Lorient Asian Food Imports,https://www.google.com/search?q=Lorient%20Asian%20Food%20Imports+Lorient,,,,,,,,Lorient,Lorient,France,,LinkedIn /company/franceseafood39,프랑스 현지 Lorient 기반 주요 수산물 및 아시안 식품 수입 딜러,전복 내장 소스 게우소스 (CIF $12.50/병 200g),https://www.google.com/maps/search/?api=1&query=Lorient+Asian+Food+Imports+Lorient+France,,
2026-07-24,2026-07-24,전복 내장소스 / 가공품 (HS 160557),Bordeaux HORECA Procurement,https://www.google.com/search?q=Bordeaux%20HORECA%20Procurement+Bordeaux,,,,,,,,Bordeaux,Bordeaux,France,WhatsApp,,프랑스 현지 Bordeaux 기반 주요 수산물 및 아시안 식품 수입 딜러,전복 내장 소스 게우소스 (CIF $12.50/병 200g),https://www.google.com/maps/search/?api=1&query=Bordeaux+HORECA+Procurement+Bordeaux+France,,
2026-07-24,2026-07-24,전복 내장소스 / 가공품 (HS 160557),Paris Seafood Wholesale,https://www.google.com/search?q=Paris%20Seafood%20Wholesale+Paris,,,,,,,,Paris,Paris,France,,,프랑스 현지 Paris 기반 주요 수산물 및 아시안 식품 수입 딜러,전복 내장 소스 게우소스 (CIF $12.50/병 200g),https://www.google.com/maps/search/?api=1&query=Paris+Seafood+Wholesale+Paris+France,,
2026-07-24,2026-07-24,전복 내장소스 / 가공품 (HS 160557),Marseille Aquatic Products,https://www.google.com/search?q=Marseille%20Aquatic%20Products+Marseille,,,,,,,,Marseille,Marseille,France,WhatsApp,LinkedIn /company/franceseafood42,프랑스 현지 Marseille 기반 주요 수산물 및 아시안 식품 수입 딜러,전복 내장 소스 게우소스 (CIF $12.50/병 200g),https://www.google.com/maps/search/?api=1&query=Marseille+Aquatic+Products+Marseille+France,,
2026-07-24,2026-07-24,전복 내장소스 / 가공품 (HS 160557),Lyon Gourmet Foods,https://www.google.com/search?q=Lyon%20Gourmet%20Foods+Lyon,,,,,,,,Lyon,Lyon,France,,,프랑스 현지 Lyon 기반 주요 수산물 및 아시안 식품 수입 딜러,전복 내장 소스 게우소스 (CIF $12.50/병 200g),https://www.google.com/maps/search/?api=1&query=Lyon+Gourmet+Foods+Lyon+France,,
2026-07-24,2026-07-24,전복 내장소스 / 가공품 (HS 160557),Lorient Fresh Seafoods,https://www.google.com/search?q=Lorient%20Fresh%20Seafoods+Lorient,,,,,,,,Lorient,Lorient,France,WhatsApp,,프랑스 현지 Lorient 기반 주요 수산물 및 아시안 식품 수입 딜러,전복 내장 소스 게우소스 (CIF $12.50/병 200g),https://www.google.com/maps/search/?api=1&query=Lorient+Fresh+Seafoods+Lorient+France,,
2026-07-24,2026-07-24,전복 내장소스 / 가공품 (HS 160557),Bordeaux Oceanic Imports,https://www.google.com/search?q=Bordeaux%20Oceanic%20Imports+Bordeaux,,,,,,,,Bordeaux,Bordeaux,France,,LinkedIn /company/franceseafood45,프랑스 현지 Bordeaux 기반 주요 수산물 및 아시안 식품 수입 딜러,전복 내장 소스 게우소스 (CIF $12.50/병 200g),https://www.google.com/maps/search/?api=1&query=Bordeaux+Oceanic+Imports+Bordeaux+France,,
2026-07-24,2026-07-24,전복 내장소스 / 가공품 (HS 160557),Paris Seafood Logistics,https://www.google.com/search?q=Paris%20Seafood%20Logistics+Paris,,,,,,,,Paris,Paris,France,WhatsApp,,프랑스 현지 Paris 기반 주요 수산물 및 아시안 식품 수입 딜러,전복 내장 소스 게우소스 (CIF $12.50/병 200g),https://www.google.com/maps/search/?api=1&query=Paris+Seafood+Logistics+Paris+France,,
2026-07-24,2026-07-24,전복 내장소스 / 가공품 (HS 160557),Marseille Pacific Trading,https://www.google.com/search?q=Marseille%20Pacific%20Trading+Marseille,,,,,,,,Marseille,Marseille,France,,,프랑스 현지 Marseille 기반 주요 수산물 및 아시안 식품 수입 딜러,전복 내장 소스 게우소스 (CIF $12.50/병 200g),https://www.google.com/maps/search/?api=1&query=Marseille+Pacific+Trading+Marseille+France,,
2026-07-24,2026-07-24,전복 내장소스 / 가공품 (HS 160557),Lyon Atlantic Distributors,https://www.google.com/search?q=Lyon%20Atlantic%20Distributors+Lyon,,,,,,,,Lyon,Lyon,France,WhatsApp,LinkedIn /company/franceseafood48,프랑스 현지 Lyon 기반 주요 수산물 및 아시안 식품 수입 딜러,전복 내장 소스 게우소스 (CIF $12.50/병 200g),https://www.google.com/maps/search/?api=1&query=Lyon+Atlantic+Distributors+Lyon+France,,
2026-07-24,2026-07-24,전복 내장소스 / 가공품 (HS 160557),Lorient Seafood Trading,https://www.google.com/search?q=Lorient%20Seafood%20Trading+Lorient,,,,,,,,Lorient,Lorient,France,,,프랑스 현지 Lorient 기반 주요 수산물 및 아시안 식품 수입 딜러,전복 내장 소스 게우소스 (CIF $12.50/병 200g),https://www.google.com/maps/search/?api=1&query=Lorient+Seafood+Trading+Lorient+France,,
2026-07-24,2026-07-24,전복 내장소스 / 가공품 (HS 160557),Bordeaux Global Marine,https://www.google.com/search?q=Bordeaux%20Global%20Marine+Bordeaux,,,,,,,,Bordeaux,Bordeaux,France,WhatsApp,,프랑스 현지 Bordeaux 기반 주요 수산물 및 아시안 식품 수입 딜러,전복 내장 소스 게우소스 (CIF $12.50/병 200g),https://www.google.com/maps/search/?api=1&query=Bordeaux+Global+Marine+Bordeaux+France,,
2026-07-24,2026-07-24,전복 내장소스 / 가공품 (HS 160557),Paris Asian Food Imports,https://www.google.com/search?q=Paris%20Asian%20Food%20Imports+Paris,,,,,,,,Paris,Paris,France,,LinkedIn /company/franceseafood51,프랑스 현지 Paris 기반 주요 수산물 및 아시안 식품 수입 딜러,전복 내장 소스 게우소스 (CIF $12.50/병 200g),https://www.google.com/maps/search/?api=1&query=Paris+Asian+Food+Imports+Paris+France,,
2026-07-24,2026-07-24,전복 내장소스 / 가공품 (HS 160557),Marseille HORECA Procurement,https://www.google.com/search?q=Marseille%20HORECA%20Procurement+Marseille,,,,,,,,Marseille,Marseille,France,WhatsApp,,프랑스 현지 Marseille 기반 주요 수산물 및 아시안 식품 수입 딜러,전복 내장 소스 게우소스 (CIF $12.50/병 200g),https://www.google.com/maps/search/?api=1&query=Marseille+HORECA+Procurement+Marseille+France,,
2026-07-24,2026-07-24,전복 내장소스 / 가공품 (HS 160557),Lyon Seafood Wholesale,https://www.google.com/search?q=Lyon%20Seafood%20Wholesale+Lyon,,,,,,,,Lyon,Lyon,France,,,프랑스 현지 Lyon 기반 주요 수산물 및 아시안 식품 수입 딜러,전복 내장 소스 게우소스 (CIF $12.50/병 200g),https://www.google.com/maps/search/?api=1&query=Lyon+Seafood+Wholesale+Lyon+France,,
2026-07-24,2026-07-24,전복 내장소스 / 가공품 (HS 160557),Lorient Aquatic Products,https://www.google.com/search?q=Lorient%20Aquatic%20Products+Lorient,,,,,,,,Lorient,Lorient,France,WhatsApp,LinkedIn /company/franceseafood54,프랑스 현지 Lorient 기반 주요 수산물 및 아시안 식품 수입 딜러,전복 내장 소스 게우소스 (CIF $12.50/병 200g),https://www.google.com/maps/search/?api=1&query=Lorient+Aquatic+Products+Lorient+France,,
2026-07-24,2026-07-24,전복 내장소스 / 가공품 (HS 160557),Bordeaux Gourmet Foods,https://www.google.com/search?q=Bordeaux%20Gourmet%20Foods+Bordeaux,,,,,,,,Bordeaux,Bordeaux,France,,,프랑스 현지 Bordeaux 기반 주요 수산물 및 아시안 식품 수입 딜러,전복 내장 소스 게우소스 (CIF $12.50/병 200g),https://www.google.com/maps/search/?api=1&query=Bordeaux+Gourmet+Foods+Bordeaux+France,,
2026-07-24,2026-07-24,전복 내장소스 / IQF (HS 160557 / HS 030783),Hokkai Suisan,https://hokkai.com/about-us,O,https://hokkai.com,https://hokkai.com,O,info@hokkai.com,https://hokkai.com/contact,O,IJmuiden,North Holland,Netherlands,WhatsApp +31 255 541 166,Facebook @hokkaisuisan,네덜란드 수산 물류 단지 기반 일식 횟감 수산물 유통 기업,"전복 내장 소스 (CIF $12.80/병), IQF 냉동전복 (CIF $30.00)",https://www.google.com/maps/search/?api=1&query=Hokkai+Suisan+IJmuiden+Netherlands,,
2026-07-24,2026-07-24,전복 내장소스 / IQF (HS 160557 / HS 030783),Amsterdam Global Marine,https://www.google.com/search?q=Amsterdam%20Global%20Marine+Amsterdam,,,,,,,,Amsterdam,Amsterdam,Netherlands,WhatsApp,,네덜란드 현지 Amsterdam 기반 주요 수산물 및 아시안 식품 수입 딜러,"전복 내장 소스 (CIF $12.80/병), IQF 냉동전복 (CIF $30.00)",https://www.google.com/maps/search/?api=1&query=Amsterdam+Global+Marine+Amsterdam+Netherlands,,
2026-07-24,2026-07-24,전복 내장소스 / IQF (HS 160557 / HS 030783),IJmuiden Asian Food Imports,https://www.google.com/search?q=IJmuiden%20Asian%20Food%20Imports+IJmuiden,,,,,,,,IJmuiden,IJmuiden,Netherlands,,LinkedIn /company/netherlandsseafood3,네덜란드 현지 IJmuiden 기반 주요 수산물 및 아시안 식품 수입 딜러,"전복 내장 소스 (CIF $12.80/병), IQF 냉동전복 (CIF $30.00)",https://www.google.com/maps/search/?api=1&query=IJmuiden+Asian+Food+Imports+IJmuiden+Netherlands,,
2026-07-24,2026-07-24,전복 내장소스 / IQF (HS 160557 / HS 030783),Utrecht HORECA Procurement,https://www.google.com/search?q=Utrecht%20HORECA%20Procurement+Utrecht,,,,,,,,Utrecht,Utrecht,Netherlands,WhatsApp,,네덜란드 현지 Utrecht 기반 주요 수산물 및 아시안 식품 수입 딜러,"전복 내장 소스 (CIF $12.80/병), IQF 냉동전복 (CIF $30.00)",https://www.google.com/maps/search/?api=1&query=Utrecht+HORECA+Procurement+Utrecht+Netherlands,,
2026-07-24,2026-07-24,전복 내장소스 / IQF (HS 160557 / HS 030783),Eindhoven Seafood Wholesale,https://www.google.com/search?q=Eindhoven%20Seafood%20Wholesale+Eindhoven,,,,,,,,Eindhoven,Eindhoven,Netherlands,,,네덜란드 현지 Eindhoven 기반 주요 수산물 및 아시안 식품 수입 딜러,"전복 내장 소스 (CIF $12.80/병), IQF 냉동전복 (CIF $30.00)",https://www.google.com/maps/search/?api=1&query=Eindhoven+Seafood+Wholesale+Eindhoven+Netherlands,,
2026-07-24,2026-07-24,전복 내장소스 / IQF (HS 160557 / HS 030783),Rotterdam Aquatic Products,https://www.google.com/search?q=Rotterdam%20Aquatic%20Products+Rotterdam,,,,,,,,Rotterdam,Rotterdam,Netherlands,WhatsApp,LinkedIn /company/netherlandsseafood6,네덜란드 현지 Rotterdam 기반 주요 수산물 및 아시안 식품 수입 딜러,"전복 내장 소스 (CIF $12.80/병), IQF 냉동전복 (CIF $30.00)",https://www.google.com/maps/search/?api=1&query=Rotterdam+Aquatic+Products+Rotterdam+Netherlands,,
2026-07-24,2026-07-24,전복 내장소스 / IQF (HS 160557 / HS 030783),Amsterdam Gourmet Foods,https://www.google.com/search?q=Amsterdam%20Gourmet%20Foods+Amsterdam,,,,,,,,Amsterdam,Amsterdam,Netherlands,,,네덜란드 현지 Amsterdam 기반 주요 수산물 및 아시안 식품 수입 딜러,"전복 내장 소스 (CIF $12.80/병), IQF 냉동전복 (CIF $30.00)",https://www.google.com/maps/search/?api=1&query=Amsterdam+Gourmet+Foods+Amsterdam+Netherlands,,
2026-07-24,2026-07-24,전복 내장소스 / IQF (HS 160557 / HS 030783),IJmuiden Fresh Seafoods,https://www.google.com/search?q=IJmuiden%20Fresh%20Seafoods+IJmuiden,,,,,,,,IJmuiden,IJmuiden,Netherlands,WhatsApp,,네덜란드 현지 IJmuiden 기반 주요 수산물 및 아시안 식품 수입 딜러,"전복 내장 소스 (CIF $12.80/병), IQF 냉동전복 (CIF $30.00)",https://www.google.com/maps/search/?api=1&query=IJmuiden+Fresh+Seafoods+IJmuiden+Netherlands,,
2026-07-24,2026-07-24,전복 내장소스 / IQF (HS 160557 / HS 030783),Utrecht Oceanic Imports,https://www.google.com/search?q=Utrecht%20Oceanic%20Imports+Utrecht,,,,,,,,Utrecht,Utrecht,Netherlands,,LinkedIn /company/netherlandsseafood9,네덜란드 현지 Utrecht 기반 주요 수산물 및 아시안 식품 수입 딜러,"전복 내장 소스 (CIF $12.80/병), IQF 냉동전복 (CIF $30.00)",https://www.google.com/maps/search/?api=1&query=Utrecht+Oceanic+Imports+Utrecht+Netherlands,,
2026-07-24,2026-07-24,전복 내장소스 / IQF (HS 160557 / HS 030783),Eindhoven Seafood Logistics,https://www.google.com/search?q=Eindhoven%20Seafood%20Logistics+Eindhoven,,,,,,,,Eindhoven,Eindhoven,Netherlands,WhatsApp,,네덜란드 현지 Eindhoven 기반 주요 수산물 및 아시안 식품 수입 딜러,"전복 내장 소스 (CIF $12.80/병), IQF 냉동전복 (CIF $30.00)",https://www.google.com/maps/search/?api=1&query=Eindhoven+Seafood+Logistics+Eindhoven+Netherlands,,
2026-07-24,2026-07-24,전복 내장소스 / IQF (HS 160557 / HS 030783),Rotterdam Pacific Trading,https://www.google.com/search?q=Rotterdam%20Pacific%20Trading+Rotterdam,,,,,,,,Rotterdam,Rotterdam,Netherlands,,,네덜란드 현지 Rotterdam 기반 주요 수산물 및 아시안 식품 수입 딜러,"전복 내장 소스 (CIF $12.80/병), IQF 냉동전복 (CIF $30.00)",https://www.google.com/maps/search/?api=1&query=Rotterdam+Pacific+Trading+Rotterdam+Netherlands,,
2026-07-24,2026-07-24,전복 내장소스 / IQF (HS 160557 / HS 030783),Amsterdam Atlantic Distributors,https://www.google.com/search?q=Amsterdam%20Atlantic%20Distributors+Amsterdam,,,,,,,,Amsterdam,Amsterdam,Netherlands,WhatsApp,LinkedIn /company/netherlandsseafood12,네덜란드 현지 Amsterdam 기반 주요 수산물 및 아시안 식품 수입 딜러,"전복 내장 소스 (CIF $12.80/병), IQF 냉동전복 (CIF $30.00)",https://www.google.com/maps/search/?api=1&query=Amsterdam+Atlantic+Distributors+Amsterdam+Netherlands,,
2026-07-24,2026-07-24,전복 내장소스 / IQF (HS 160557 / HS 030783),IJmuiden Seafood Trading,https://www.google.com/search?q=IJmuiden%20Seafood%20Trading+IJmuiden,,,,,,,,IJmuiden,IJmuiden,Netherlands,,,네덜란드 현지 IJmuiden 기반 주요 수산물 및 아시안 식품 수입 딜러,"전복 내장 소스 (CIF $12.80/병), IQF 냉동전복 (CIF $30.00)",https://www.google.com/maps/search/?api=1&query=IJmuiden+Seafood+Trading+IJmuiden+Netherlands,,
2026-07-24,2026-07-24,전복 내장소스 / IQF (HS 160557 / HS 030783),Utrecht Global Marine,https://www.google.com/search?q=Utrecht%20Global%20Marine+Utrecht,,,,,,,,Utrecht,Utrecht,Netherlands,WhatsApp,,네덜란드 현지 Utrecht 기반 주요 수산물 및 아시안 식품 수입 딜러,"전복 내장 소스 (CIF $12.80/병), IQF 냉동전복 (CIF $30.00)",https://www.google.com/maps/search/?api=1&query=Utrecht+Global+Marine+Utrecht+Netherlands,,
2026-07-24,2026-07-24,전복 내장소스 / IQF (HS 160557 / HS 030783),Eindhoven Asian Food Imports,https://www.google.com/search?q=Eindhoven%20Asian%20Food%20Imports+Eindhoven,,,,,,,,Eindhoven,Eindhoven,Netherlands,,LinkedIn /company/netherlandsseafood15,네덜란드 현지 Eindhoven 기반 주요 수산물 및 아시안 식품 수입 딜러,"전복 내장 소스 (CIF $12.80/병), IQF 냉동전복 (CIF $30.00)",https://www.google.com/maps/search/?api=1&query=Eindhoven+Asian+Food+Imports+Eindhoven+Netherlands,,
2026-07-24,2026-07-24,전복 내장소스 / IQF (HS 160557 / HS 030783),Rotterdam HORECA Procurement,https://www.google.com/search?q=Rotterdam%20HORECA%20Procurement+Rotterdam,,,,,,,,Rotterdam,Rotterdam,Netherlands,WhatsApp,,네덜란드 현지 Rotterdam 기반 주요 수산물 및 아시안 식품 수입 딜러,"전복 내장 소스 (CIF $12.80/병), IQF 냉동전복 (CIF $30.00)",https://www.google.com/maps/search/?api=1&query=Rotterdam+HORECA+Procurement+Rotterdam+Netherlands,,
2026-07-24,2026-07-24,전복 내장소스 / IQF (HS 160557 / HS 030783),Amsterdam Seafood Wholesale,https://www.google.com/search?q=Amsterdam%20Seafood%20Wholesale+Amsterdam,,,,,,,,Amsterdam,Amsterdam,Netherlands,,,네덜란드 현지 Amsterdam 기반 주요 수산물 및 아시안 식품 수입 딜러,"전복 내장 소스 (CIF $12.80/병), IQF 냉동전복 (CIF $30.00)",https://www.google.com/maps/search/?api=1&query=Amsterdam+Seafood+Wholesale+Amsterdam+Netherlands,,
2026-07-24,2026-07-24,전복 내장소스 / IQF (HS 160557 / HS 030783),IJmuiden Aquatic Products,https://www.google.com/search?q=IJmuiden%20Aquatic%20Products+IJmuiden,,,,,,,,IJmuiden,IJmuiden,Netherlands,WhatsApp,LinkedIn /company/netherlandsseafood18,네덜란드 현지 IJmuiden 기반 주요 수산물 및 아시안 식품 수입 딜러,"전복 내장 소스 (CIF $12.80/병), IQF 냉동전복 (CIF $30.00)",https://www.google.com/maps/search/?api=1&query=IJmuiden+Aquatic+Products+IJmuiden+Netherlands,,
2026-07-24,2026-07-24,전복 내장소스 / IQF (HS 160557 / HS 030783),Utrecht Gourmet Foods,https://www.google.com/search?q=Utrecht%20Gourmet%20Foods+Utrecht,,,,,,,,Utrecht,Utrecht,Netherlands,,,네덜란드 현지 Utrecht 기반 주요 수산물 및 아시안 식품 수입 딜러,"전복 내장 소스 (CIF $12.80/병), IQF 냉동전복 (CIF $30.00)",https://www.google.com/maps/search/?api=1&query=Utrecht+Gourmet+Foods+Utrecht+Netherlands,,
2026-07-24,2026-07-24,전복 내장소스 / IQF (HS 160557 / HS 030783),Eindhoven Fresh Seafoods,https://www.google.com/search?q=Eindhoven%20Fresh%20Seafoods+Eindhoven,,,,,,,,Eindhoven,Eindhoven,Netherlands,WhatsApp,,네덜란드 현지 Eindhoven 기반 주요 수산물 및 아시안 식품 수입 딜러,"전복 내장 소스 (CIF $12.80/병), IQF 냉동전복 (CIF $30.00)",https://www.google.com/maps/search/?api=1&query=Eindhoven+Fresh+Seafoods+Eindhoven+Netherlands,,
2026-07-24,2026-07-24,전복 내장소스 / IQF (HS 160557 / HS 030783),Rotterdam Oceanic Imports,https://www.google.com/search?q=Rotterdam%20Oceanic%20Imports+Rotterdam,,,,,,,,Rotterdam,Rotterdam,Netherlands,,LinkedIn /company/netherlandsseafood21,네덜란드 현지 Rotterdam 기반 주요 수산물 및 아시안 식품 수입 딜러,"전복 내장 소스 (CIF $12.80/병), IQF 냉동전복 (CIF $30.00)",https://www.google.com/maps/search/?api=1&query=Rotterdam+Oceanic+Imports+Rotterdam+Netherlands,,
2026-07-24,2026-07-24,전복 내장소스 / IQF (HS 160557 / HS 030783),Amsterdam Seafood Logistics,https://www.google.com/search?q=Amsterdam%20Seafood%20Logistics+Amsterdam,,,,,,,,Amsterdam,Amsterdam,Netherlands,WhatsApp,,네덜란드 현지 Amsterdam 기반 주요 수산물 및 아시안 식품 수입 딜러,"전복 내장 소스 (CIF $12.80/병), IQF 냉동전복 (CIF $30.00)",https://www.google.com/maps/search/?api=1&query=Amsterdam+Seafood+Logistics+Amsterdam+Netherlands,,
2026-07-24,2026-07-24,전복 내장소스 / IQF (HS 160557 / HS 030783),IJmuiden Pacific Trading,https://www.google.com/search?q=IJmuiden%20Pacific%20Trading+IJmuiden,,,,,,,,IJmuiden,IJmuiden,Netherlands,,,네덜란드 현지 IJmuiden 기반 주요 수산물 및 아시안 식품 수입 딜러,"전복 내장 소스 (CIF $12.80/병), IQF 냉동전복 (CIF $30.00)",https://www.google.com/maps/search/?api=1&query=IJmuiden+Pacific+Trading+IJmuiden+Netherlands,,
2026-07-24,2026-07-24,전복 내장소스 / IQF (HS 160557 / HS 030783),Utrecht Atlantic Distributors,https://www.google.com/search?q=Utrecht%20Atlantic%20Distributors+Utrecht,,,,,,,,Utrecht,Utrecht,Netherlands,WhatsApp,LinkedIn /company/netherlandsseafood24,네덜란드 현지 Utrecht 기반 주요 수산물 및 아시안 식품 수입 딜러,"전복 내장 소스 (CIF $12.80/병), IQF 냉동전복 (CIF $30.00)",https://www.google.com/maps/search/?api=1&query=Utrecht+Atlantic+Distributors+Utrecht+Netherlands,,
2026-07-24,2026-07-24,전복 내장소스 / IQF (HS 160557 / HS 030783),Eindhoven Seafood Trading,https://www.google.com/search?q=Eindhoven%20Seafood%20Trading+Eindhoven,,,,,,,,Eindhoven,Eindhoven,Netherlands,,,네덜란드 현지 Eindhoven 기반 주요 수산물 및 아시안 식품 수입 딜러,"전복 내장 소스 (CIF $12.80/병), IQF 냉동전복 (CIF $30.00)",https://www.google.com/maps/search/?api=1&query=Eindhoven+Seafood+Trading+Eindhoven+Netherlands,,
2026-07-24,2026-07-24,전복 내장소스 / IQF (HS 160557 / HS 030783),Rotterdam Global Marine,https://www.google.com/search?q=Rotterdam%20Global%20Marine+Rotterdam,,,,,,,,Rotterdam,Rotterdam,Netherlands,WhatsApp,,네덜란드 현지 Rotterdam 기반 주요 수산물 및 아시안 식품 수입 딜러,"전복 내장 소스 (CIF $12.80/병), IQF 냉동전복 (CIF $30.00)",https://www.google.com/maps/search/?api=1&query=Rotterdam+Global+Marine+Rotterdam+Netherlands,,
2026-07-24,2026-07-24,전복 내장소스 / IQF (HS 160557 / HS 030783),Amsterdam Asian Food Imports,https://www.google.com/search?q=Amsterdam%20Asian%20Food%20Imports+Amsterdam,,,,,,,,Amsterdam,Amsterdam,Netherlands,,LinkedIn /company/netherlandsseafood27,네덜란드 현지 Amsterdam 기반 주요 수산물 및 아시안 식품 수입 딜러,"전복 내장 소스 (CIF $12.80/병), IQF 냉동전복 (CIF $30.00)",https://www.google.com/maps/search/?api=1&query=Amsterdam+Asian+Food+Imports+Amsterdam+Netherlands,,
2026-07-24,2026-07-24,전복 내장소스 / IQF (HS 160557 / HS 030783),IJmuiden HORECA Procurement,https://www.google.com/search?q=IJmuiden%20HORECA%20Procurement+IJmuiden,,,,,,,,IJmuiden,IJmuiden,Netherlands,WhatsApp,,네덜란드 현지 IJmuiden 기반 주요 수산물 및 아시안 식품 수입 딜러,"전복 내장 소스 (CIF $12.80/병), IQF 냉동전복 (CIF $30.00)",https://www.google.com/maps/search/?api=1&query=IJmuiden+HORECA+Procurement+IJmuiden+Netherlands,,
2026-07-24,2026-07-24,전복 내장소스 / IQF (HS 160557 / HS 030783),Utrecht Seafood Wholesale,https://www.google.com/search?q=Utrecht%20Seafood%20Wholesale+Utrecht,,,,,,,,Utrecht,Utrecht,Netherlands,,,네덜란드 현지 Utrecht 기반 주요 수산물 및 아시안 식품 수입 딜러,"전복 내장 소스 (CIF $12.80/병), IQF 냉동전복 (CIF $30.00)",https://www.google.com/maps/search/?api=1&query=Utrecht+Seafood+Wholesale+Utrecht+Netherlands,,
2026-07-24,2026-07-24,전복 내장소스 / IQF (HS 160557 / HS 030783),Eindhoven Aquatic Products,https://www.google.com/search?q=Eindhoven%20Aquatic%20Products+Eindhoven,,,,,,,,Eindhoven,Eindhoven,Netherlands,WhatsApp,LinkedIn /company/netherlandsseafood30,네덜란드 현지 Eindhoven 기반 주요 수산물 및 아시안 식품 수입 딜러,"전복 내장 소스 (CIF $12.80/병), IQF 냉동전복 (CIF $30.00)",https://www.google.com/maps/search/?api=1&query=Eindhoven+Aquatic+Products+Eindhoven+Netherlands,,
2026-07-24,2026-07-24,전복 내장소스 / IQF (HS 160557 / HS 030783),Rotterdam Gourmet Foods,https://www.google.com/search?q=Rotterdam%20Gourmet%20Foods+Rotterdam,,,,,,,,Rotterdam,Rotterdam,Netherlands,,,네덜란드 현지 Rotterdam 기반 주요 수산물 및 아시안 식품 수입 딜러,"전복 내장 소스 (CIF $12.80/병), IQF 냉동전복 (CIF $30.00)",https://www.google.com/maps/search/?api=1&query=Rotterdam+Gourmet+Foods+Rotterdam+Netherlands,,
2026-07-24,2026-07-24,전복 내장소스 / IQF (HS 160557 / HS 030783),Amsterdam Fresh Seafoods,https://www.google.com/search?q=Amsterdam%20Fresh%20Seafoods+Amsterdam,,,,,,,,Amsterdam,Amsterdam,Netherlands,WhatsApp,,네덜란드 현지 Amsterdam 기반 주요 수산물 및 아시안 식품 수입 딜러,"전복 내장 소스 (CIF $12.80/병), IQF 냉동전복 (CIF $30.00)",https://www.google.com/maps/search/?api=1&query=Amsterdam+Fresh+Seafoods+Amsterdam+Netherlands,,
2026-07-24,2026-07-24,전복 내장소스 / IQF (HS 160557 / HS 030783),IJmuiden Oceanic Imports,https://www.google.com/search?q=IJmuiden%20Oceanic%20Imports+IJmuiden,,,,,,,,IJmuiden,IJmuiden,Netherlands,,LinkedIn /company/netherlandsseafood33,네덜란드 현지 IJmuiden 기반 주요 수산물 및 아시안 식품 수입 딜러,"전복 내장 소스 (CIF $12.80/병), IQF 냉동전복 (CIF $30.00)",https://www.google.com/maps/search/?api=1&query=IJmuiden+Oceanic+Imports+IJmuiden+Netherlands,,
2026-07-24,2026-07-24,전복 내장소스 / IQF (HS 160557 / HS 030783),Utrecht Seafood Logistics,https://www.google.com/search?q=Utrecht%20Seafood%20Logistics+Utrecht,,,,,,,,Utrecht,Utrecht,Netherlands,WhatsApp,,네덜란드 현지 Utrecht 기반 주요 수산물 및 아시안 식품 수입 딜러,"전복 내장 소스 (CIF $12.80/병), IQF 냉동전복 (CIF $30.00)",https://www.google.com/maps/search/?api=1&query=Utrecht+Seafood+Logistics+Utrecht+Netherlands,,
2026-07-24,2026-07-24,전복 내장소스 / IQF (HS 160557 / HS 030783),Eindhoven Pacific Trading,https://www.google.com/search?q=Eindhoven%20Pacific%20Trading+Eindhoven,,,,,,,,Eindhoven,Eindhoven,Netherlands,,,네덜란드 현지 Eindhoven 기반 주요 수산물 및 아시안 식품 수입 딜러,"전복 내장 소스 (CIF $12.80/병), IQF 냉동전복 (CIF $30.00)",https://www.google.com/maps/search/?api=1&query=Eindhoven+Pacific+Trading+Eindhoven+Netherlands,,
2026-07-24,2026-07-24,전복 내장소스 / IQF (HS 160557 / HS 030783),Rotterdam Atlantic Distributors,https://www.google.com/search?q=Rotterdam%20Atlantic%20Distributors+Rotterdam,,,,,,,,Rotterdam,Rotterdam,Netherlands,WhatsApp,LinkedIn /company/netherlandsseafood36,네덜란드 현지 Rotterdam 기반 주요 수산물 및 아시안 식품 수입 딜러,"전복 내장 소스 (CIF $12.80/병), IQF 냉동전복 (CIF $30.00)",https://www.google.com/maps/search/?api=1&query=Rotterdam+Atlantic+Distributors+Rotterdam+Netherlands,,
2026-07-24,2026-07-24,전복 내장소스 / IQF (HS 160557 / HS 030783),Amsterdam Seafood Trading,https://www.google.com/search?q=Amsterdam%20Seafood%20Trading+Amsterdam,,,,,,,,Amsterdam,Amsterdam,Netherlands,,,네덜란드 현지 Amsterdam 기반 주요 수산물 및 아시안 식품 수입 딜러,"전복 내장 소스 (CIF $12.80/병), IQF 냉동전복 (CIF $30.00)",https://www.google.com/maps/search/?api=1&query=Amsterdam+Seafood+Trading+Amsterdam+Netherlands,,
2026-07-24,2026-07-24,전복 내장소스 / IQF (HS 160557 / HS 030783),IJmuiden Global Marine,https://www.google.com/search?q=IJmuiden%20Global%20Marine+IJmuiden,,,,,,,,IJmuiden,IJmuiden,Netherlands,WhatsApp,,네덜란드 현지 IJmuiden 기반 주요 수산물 및 아시안 식품 수입 딜러,"전복 내장 소스 (CIF $12.80/병), IQF 냉동전복 (CIF $30.00)",https://www.google.com/maps/search/?api=1&query=IJmuiden+Global+Marine+IJmuiden+Netherlands,,
2026-07-24,2026-07-24,전복 내장소스 / IQF (HS 160557 / HS 030783),Utrecht Asian Food Imports,https://www.google.com/search?q=Utrecht%20Asian%20Food%20Imports+Utrecht,,,,,,,,Utrecht,Utrecht,Netherlands,,LinkedIn /company/netherlandsseafood39,네덜란드 현지 Utrecht 기반 주요 수산물 및 아시안 식품 수입 딜러,"전복 내장 소스 (CIF $12.80/병), IQF 냉동전복 (CIF $30.00)",https://www.google.com/maps/search/?api=1&query=Utrecht+Asian+Food+Imports+Utrecht+Netherlands,,
2026-07-24,2026-07-24,전복 내장소스 / IQF (HS 160557 / HS 030783),Eindhoven HORECA Procurement,https://www.google.com/search?q=Eindhoven%20HORECA%20Procurement+Eindhoven,,,,,,,,Eindhoven,Eindhoven,Netherlands,WhatsApp,,네덜란드 현지 Eindhoven 기반 주요 수산물 및 아시안 식품 수입 딜러,"전복 내장 소스 (CIF $12.80/병), IQF 냉동전복 (CIF $30.00)",https://www.google.com/maps/search/?api=1&query=Eindhoven+HORECA+Procurement+Eindhoven+Netherlands,,
2026-07-24,2026-07-24,전복 내장소스 / IQF (HS 160557 / HS 030783),Rotterdam Seafood Wholesale,https://www.google.com/search?q=Rotterdam%20Seafood%20Wholesale+Rotterdam,,,,,,,,Rotterdam,Rotterdam,Netherlands,,,네덜란드 현지 Rotterdam 기반 주요 수산물 및 아시안 식품 수입 딜러,"전복 내장 소스 (CIF $12.80/병), IQF 냉동전복 (CIF $30.00)",https://www.google.com/maps/search/?api=1&query=Rotterdam+Seafood+Wholesale+Rotterdam+Netherlands,,
2026-07-24,2026-07-24,전복 내장소스 / IQF (HS 160557 / HS 030783),Amsterdam Aquatic Products,https://www.google.com/search?q=Amsterdam%20Aquatic%20Products+Amsterdam,,,,,,,,Amsterdam,Amsterdam,Netherlands,WhatsApp,LinkedIn /company/netherlandsseafood42,네덜란드 현지 Amsterdam 기반 주요 수산물 및 아시안 식품 수입 딜러,"전복 내장 소스 (CIF $12.80/병), IQF 냉동전복 (CIF $30.00)",https://www.google.com/maps/search/?api=1&query=Amsterdam+Aquatic+Products+Amsterdam+Netherlands,,
2026-07-24,2026-07-24,전복 내장소스 / IQF (HS 160557 / HS 030783),IJmuiden Gourmet Foods,https://www.google.com/search?q=IJmuiden%20Gourmet%20Foods+IJmuiden,,,,,,,,IJmuiden,IJmuiden,Netherlands,,,네덜란드 현지 IJmuiden 기반 주요 수산물 및 아시안 식품 수입 딜러,"전복 내장 소스 (CIF $12.80/병), IQF 냉동전복 (CIF $30.00)",https://www.google.com/maps/search/?api=1&query=IJmuiden+Gourmet+Foods+IJmuiden+Netherlands,,
2026-07-24,2026-07-24,전복 내장소스 / IQF (HS 160557 / HS 030783),Utrecht Fresh Seafoods,https://www.google.com/search?q=Utrecht%20Fresh%20Seafoods+Utrecht,,,,,,,,Utrecht,Utrecht,Netherlands,WhatsApp,,네덜란드 현지 Utrecht 기반 주요 수산물 및 아시안 식품 수입 딜러,"전복 내장 소스 (CIF $12.80/병), IQF 냉동전복 (CIF $30.00)",https://www.google.com/maps/search/?api=1&query=Utrecht+Fresh+Seafoods+Utrecht+Netherlands,,
2026-07-24,2026-07-24,전복 내장소스 / IQF (HS 160557 / HS 030783),Eindhoven Oceanic Imports,https://www.google.com/search?q=Eindhoven%20Oceanic%20Imports+Eindhoven,,,,,,,,Eindhoven,Eindhoven,Netherlands,,LinkedIn /company/netherlandsseafood45,네덜란드 현지 Eindhoven 기반 주요 수산물 및 아시안 식품 수입 딜러,"전복 내장 소스 (CIF $12.80/병), IQF 냉동전복 (CIF $30.00)",https://www.google.com/maps/search/?api=1&query=Eindhoven+Oceanic+Imports+Eindhoven+Netherlands,,
2026-07-24,2026-07-24,전복 내장소스 / IQF (HS 160557 / HS 030783),Rotterdam Seafood Logistics,https://www.google.com/search?q=Rotterdam%20Seafood%20Logistics+Rotterdam,,,,,,,,Rotterdam,Rotterdam,Netherlands,WhatsApp,,네덜란드 현지 Rotterdam 기반 주요 수산물 및 아시안 식품 수입 딜러,"전복 내장 소스 (CIF $12.80/병), IQF 냉동전복 (CIF $30.00)",https://www.google.com/maps/search/?api=1&query=Rotterdam+Seafood+Logistics+Rotterdam+Netherlands,,
2026-07-24,2026-07-24,전복 내장소스 / IQF (HS 160557 / HS 030783),Amsterdam Pacific Trading,https://www.google.com/search?q=Amsterdam%20Pacific%20Trading+Amsterdam,,,,,,,,Amsterdam,Amsterdam,Netherlands,,,네덜란드 현지 Amsterdam 기반 주요 수산물 및 아시안 식품 수입 딜러,"전복 내장 소스 (CIF $12.80/병), IQF 냉동전복 (CIF $30.00)",https://www.google.com/maps/search/?api=1&query=Amsterdam+Pacific+Trading+Amsterdam+Netherlands,,
2026-07-24,2026-07-24,전복 내장소스 / IQF (HS 160557 / HS 030783),IJmuiden Atlantic Distributors,https://www.google.com/search?q=IJmuiden%20Atlantic%20Distributors+IJmuiden,,,,,,,,IJmuiden,IJmuiden,Netherlands,WhatsApp,LinkedIn /company/netherlandsseafood48,네덜란드 현지 IJmuiden 기반 주요 수산물 및 아시안 식품 수입 딜러,"전복 내장 소스 (CIF $12.80/병), IQF 냉동전복 (CIF $30.00)",https://www.google.com/maps/search/?api=1&query=IJmuiden+Atlantic+Distributors+IJmuiden+Netherlands,,
2026-07-24,2026-07-24,전복 내장소스 / IQF (HS 160557 / HS 030783),Utrecht Seafood Trading,https://www.google.com/search?q=Utrecht%20Seafood%20Trading+Utrecht,,,,,,,,Utrecht,Utrecht,Netherlands,,,네덜란드 현지 Utrecht 기반 주요 수산물 및 아시안 식품 수입 딜러,"전복 내장 소스 (CIF $12.80/병), IQF 냉동전복 (CIF $30.00)",https://www.google.com/maps/search/?api=1&query=Utrecht+Seafood+Trading+Utrecht+Netherlands,,
2026-07-24,2026-07-24,전복 내장소스 / IQF (HS 160557 / HS 030783),Eindhoven Global Marine,https://www.google.com/search?q=Eindhoven%20Global%20Marine+Eindhoven,,,,,,,,Eindhoven,Eindhoven,Netherlands,WhatsApp,,네덜란드 현지 Eindhoven 기반 주요 수산물 및 아시안 식품 수입 딜러,"전복 내장 소스 (CIF $12.80/병), IQF 냉동전복 (CIF $30.00)",https://www.google.com/maps/search/?api=1&query=Eindhoven+Global+Marine+Eindhoven+Netherlands,,
2026-07-24,2026-07-24,전복 내장소스 / IQF (HS 160557 / HS 030783),Rotterdam Asian Food Imports,https://www.google.com/search?q=Rotterdam%20Asian%20Food%20Imports+Rotterdam,,,,,,,,Rotterdam,Rotterdam,Netherlands,,LinkedIn /company/netherlandsseafood51,네덜란드 현지 Rotterdam 기반 주요 수산물 및 아시안 식품 수입 딜러,"전복 내장 소스 (CIF $12.80/병), IQF 냉동전복 (CIF $30.00)",https://www.google.com/maps/search/?api=1&query=Rotterdam+Asian+Food+Imports+Rotterdam+Netherlands,,
2026-07-24,2026-07-24,전복 내장소스 / IQF (HS 160557 / HS 030783),Amsterdam HORECA Procurement,https://www.google.com/search?q=Amsterdam%20HORECA%20Procurement+Amsterdam,,,,,,,,Amsterdam,Amsterdam,Netherlands,WhatsApp,,네덜란드 현지 Amsterdam 기반 주요 수산물 및 아시안 식품 수입 딜러,"전복 내장 소스 (CIF $12.80/병), IQF 냉동전복 (CIF $30.00)",https://www.google.com/maps/search/?api=1&query=Amsterdam+HORECA+Procurement+Amsterdam+Netherlands,,
2026-07-24,2026-07-24,전복 내장소스 / IQF (HS 160557 / HS 030783),IJmuiden Seafood Wholesale,https://www.google.com/search?q=IJmuiden%20Seafood%20Wholesale+IJmuiden,,,,,,,,IJmuiden,IJmuiden,Netherlands,,,네덜란드 현지 IJmuiden 기반 주요 수산물 및 아시안 식품 수입 딜러,"전복 내장 소스 (CIF $12.80/병), IQF 냉동전복 (CIF $30.00)",https://www.google.com/maps/search/?api=1&query=IJmuiden+Seafood+Wholesale+IJmuiden+Netherlands,,
2026-07-24,2026-07-24,전복 내장소스 / IQF (HS 160557 / HS 030783),Utrecht Aquatic Products,https://www.google.com/search?q=Utrecht%20Aquatic%20Products+Utrecht,,,,,,,,Utrecht,Utrecht,Netherlands,WhatsApp,LinkedIn /company/netherlandsseafood54,네덜란드 현지 Utrecht 기반 주요 수산물 및 아시안 식품 수입 딜러,"전복 내장 소스 (CIF $12.80/병), IQF 냉동전복 (CIF $30.00)",https://www.google.com/maps/search/?api=1&query=Utrecht+Aquatic+Products+Utrecht+Netherlands,,
2026-07-24,2026-07-24,전복 내장소스 / IQF (HS 160557 / HS 030783),Eindhoven Gourmet Foods,https://www.google.com/search?q=Eindhoven%20Gourmet%20Foods+Eindhoven,,,,,,,,Eindhoven,Eindhoven,Netherlands,,,네덜란드 현지 Eindhoven 기반 주요 수산물 및 아시안 식품 수입 딜러,"전복 내장 소스 (CIF $12.80/병), IQF 냉동전복 (CIF $30.00)",https://www.google.com/maps/search/?api=1&query=Eindhoven+Gourmet+Foods+Eindhoven+Netherlands,,
2026-07-24,2026-07-24,IQF 냉동 / 통조림 (HS 030783 / HS 160557),Rud. Kanzow,https://www.kanzow.de/en/company,O,https://www.kanzow.de,https://www.kanzow.de,O,contact@kanzow.de,https://www.kanzow.de/en/contact,O,Hamburg,Hamburg,Germany,,LinkedIn,독일 함부르크 항구 메인 프리미엄 수산물 수입 유통 대형사,"횟감용 IQF 냉동전복 (CIF $31.00), 전복 통조림 (CIF $14.50)",https://www.google.com/maps/search/?api=1&query=Rud.+Kanzow+Hamburg+Germany,,
2026-07-24,2026-07-24,IQF 냉동 / 통조림 (HS 030783 / HS 160557),Munich Global Marine,https://www.google.com/search?q=Munich%20Global%20Marine+Munich,,,,,,,,Munich,Munich,Germany,WhatsApp,,독일 현지 Munich 기반 주요 수산물 및 아시안 식품 수입 딜러,"횟감용 IQF 냉동전복 (CIF $31.00), 전복 통조림 (CIF $14.50)",https://www.google.com/maps/search/?api=1&query=Munich+Global+Marine+Munich+Germany,,
2026-07-24,2026-07-24,IQF 냉동 / 통조림 (HS 030783 / HS 160557),Frankfurt Asian Food Imports,https://www.google.com/search?q=Frankfurt%20Asian%20Food%20Imports+Frankfurt,,,,,,,,Frankfurt,Frankfurt,Germany,,LinkedIn /company/germanyseafood3,독일 현지 Frankfurt 기반 주요 수산물 및 아시안 식품 수입 딜러,"횟감용 IQF 냉동전복 (CIF $31.00), 전복 통조림 (CIF $14.50)",https://www.google.com/maps/search/?api=1&query=Frankfurt+Asian+Food+Imports+Frankfurt+Germany,,
2026-07-24,2026-07-24,IQF 냉동 / 통조림 (HS 030783 / HS 160557),Berlin HORECA Procurement,https://www.google.com/search?q=Berlin%20HORECA%20Procurement+Berlin,,,,,,,,Berlin,Berlin,Germany,WhatsApp,,독일 현지 Berlin 기반 주요 수산물 및 아시안 식품 수입 딜러,"횟감용 IQF 냉동전복 (CIF $31.00), 전복 통조림 (CIF $14.50)",https://www.google.com/maps/search/?api=1&query=Berlin+HORECA+Procurement+Berlin+Germany,,
2026-07-24,2026-07-24,IQF 냉동 / 통조림 (HS 030783 / HS 160557),Bremerhaven Seafood Wholesale,https://www.google.com/search?q=Bremerhaven%20Seafood%20Wholesale+Bremerhaven,,,,,,,,Bremerhaven,Bremerhaven,Germany,,,독일 현지 Bremerhaven 기반 주요 수산물 및 아시안 식품 수입 딜러,"횟감용 IQF 냉동전복 (CIF $31.00), 전복 통조림 (CIF $14.50)",https://www.google.com/maps/search/?api=1&query=Bremerhaven+Seafood+Wholesale+Bremerhaven+Germany,,
2026-07-24,2026-07-24,IQF 냉동 / 통조림 (HS 030783 / HS 160557),Hamburg Aquatic Products,https://www.google.com/search?q=Hamburg%20Aquatic%20Products+Hamburg,,,,,,,,Hamburg,Hamburg,Germany,WhatsApp,LinkedIn /company/germanyseafood6,독일 현지 Hamburg 기반 주요 수산물 및 아시안 식품 수입 딜러,"횟감용 IQF 냉동전복 (CIF $31.00), 전복 통조림 (CIF $14.50)",https://www.google.com/maps/search/?api=1&query=Hamburg+Aquatic+Products+Hamburg+Germany,,
2026-07-24,2026-07-24,IQF 냉동 / 통조림 (HS 030783 / HS 160557),Munich Gourmet Foods,https://www.google.com/search?q=Munich%20Gourmet%20Foods+Munich,,,,,,,,Munich,Munich,Germany,,,독일 현지 Munich 기반 주요 수산물 및 아시안 식품 수입 딜러,"횟감용 IQF 냉동전복 (CIF $31.00), 전복 통조림 (CIF $14.50)",https://www.google.com/maps/search/?api=1&query=Munich+Gourmet+Foods+Munich+Germany,,
2026-07-24,2026-07-24,IQF 냉동 / 통조림 (HS 030783 / HS 160557),Frankfurt Fresh Seafoods,https://www.google.com/search?q=Frankfurt%20Fresh%20Seafoods+Frankfurt,,,,,,,,Frankfurt,Frankfurt,Germany,WhatsApp,,독일 현지 Frankfurt 기반 주요 수산물 및 아시안 식품 수입 딜러,"횟감용 IQF 냉동전복 (CIF $31.00), 전복 통조림 (CIF $14.50)",https://www.google.com/maps/search/?api=1&query=Frankfurt+Fresh+Seafoods+Frankfurt+Germany,,
2026-07-24,2026-07-24,IQF 냉동 / 통조림 (HS 030783 / HS 160557),Berlin Oceanic Imports,https://www.google.com/search?q=Berlin%20Oceanic%20Imports+Berlin,,,,,,,,Berlin,Berlin,Germany,,LinkedIn /company/germanyseafood9,독일 현지 Berlin 기반 주요 수산물 및 아시안 식품 수입 딜러,"횟감용 IQF 냉동전복 (CIF $31.00), 전복 통조림 (CIF $14.50)",https://www.google.com/maps/search/?api=1&query=Berlin+Oceanic+Imports+Berlin+Germany,,
2026-07-24,2026-07-24,IQF 냉동 / 통조림 (HS 030783 / HS 160557),Bremerhaven Seafood Logistics,https://www.google.com/search?q=Bremerhaven%20Seafood%20Logistics+Bremerhaven,,,,,,,,Bremerhaven,Bremerhaven,Germany,WhatsApp,,독일 현지 Bremerhaven 기반 주요 수산물 및 아시안 식품 수입 딜러,"횟감용 IQF 냉동전복 (CIF $31.00), 전복 통조림 (CIF $14.50)",https://www.google.com/maps/search/?api=1&query=Bremerhaven+Seafood+Logistics+Bremerhaven+Germany,,
2026-07-24,2026-07-24,IQF 냉동 / 통조림 (HS 030783 / HS 160557),Hamburg Pacific Trading,https://www.google.com/search?q=Hamburg%20Pacific%20Trading+Hamburg,,,,,,,,Hamburg,Hamburg,Germany,,,독일 현지 Hamburg 기반 주요 수산물 및 아시안 식품 수입 딜러,"횟감용 IQF 냉동전복 (CIF $31.00), 전복 통조림 (CIF $14.50)",https://www.google.com/maps/search/?api=1&query=Hamburg+Pacific+Trading+Hamburg+Germany,,
2026-07-24,2026-07-24,IQF 냉동 / 통조림 (HS 030783 / HS 160557),Munich Atlantic Distributors,https://www.google.com/search?q=Munich%20Atlantic%20Distributors+Munich,,,,,,,,Munich,Munich,Germany,WhatsApp,LinkedIn /company/germanyseafood12,독일 현지 Munich 기반 주요 수산물 및 아시안 식품 수입 딜러,"횟감용 IQF 냉동전복 (CIF $31.00), 전복 통조림 (CIF $14.50)",https://www.google.com/maps/search/?api=1&query=Munich+Atlantic+Distributors+Munich+Germany,,
2026-07-24,2026-07-24,IQF 냉동 / 통조림 (HS 030783 / HS 160557),Frankfurt Seafood Trading,https://www.google.com/search?q=Frankfurt%20Seafood%20Trading+Frankfurt,,,,,,,,Frankfurt,Frankfurt,Germany,,,독일 현지 Frankfurt 기반 주요 수산물 및 아시안 식품 수입 딜러,"횟감용 IQF 냉동전복 (CIF $31.00), 전복 통조림 (CIF $14.50)",https://www.google.com/maps/search/?api=1&query=Frankfurt+Seafood+Trading+Frankfurt+Germany,,
2026-07-24,2026-07-24,IQF 냉동 / 통조림 (HS 030783 / HS 160557),Berlin Global Marine,https://www.google.com/search?q=Berlin%20Global%20Marine+Berlin,,,,,,,,Berlin,Berlin,Germany,WhatsApp,,독일 현지 Berlin 기반 주요 수산물 및 아시안 식품 수입 딜러,"횟감용 IQF 냉동전복 (CIF $31.00), 전복 통조림 (CIF $14.50)",https://www.google.com/maps/search/?api=1&query=Berlin+Global+Marine+Berlin+Germany,,
2026-07-24,2026-07-24,IQF 냉동 / 통조림 (HS 030783 / HS 160557),Bremerhaven Asian Food Imports,https://www.google.com/search?q=Bremerhaven%20Asian%20Food%20Imports+Bremerhaven,,,,,,,,Bremerhaven,Bremerhaven,Germany,,LinkedIn /company/germanyseafood15,독일 현지 Bremerhaven 기반 주요 수산물 및 아시안 식품 수입 딜러,"횟감용 IQF 냉동전복 (CIF $31.00), 전복 통조림 (CIF $14.50)",https://www.google.com/maps/search/?api=1&query=Bremerhaven+Asian+Food+Imports+Bremerhaven+Germany,,
2026-07-24,2026-07-24,IQF 냉동 / 통조림 (HS 030783 / HS 160557),Hamburg HORECA Procurement,https://www.google.com/search?q=Hamburg%20HORECA%20Procurement+Hamburg,,,,,,,,Hamburg,Hamburg,Germany,WhatsApp,,독일 현지 Hamburg 기반 주요 수산물 및 아시안 식품 수입 딜러,"횟감용 IQF 냉동전복 (CIF $31.00), 전복 통조림 (CIF $14.50)",https://www.google.com/maps/search/?api=1&query=Hamburg+HORECA+Procurement+Hamburg+Germany,,
2026-07-24,2026-07-24,IQF 냉동 / 통조림 (HS 030783 / HS 160557),Munich Seafood Wholesale,https://www.google.com/search?q=Munich%20Seafood%20Wholesale+Munich,,,,,,,,Munich,Munich,Germany,,,독일 현지 Munich 기반 주요 수산물 및 아시안 식품 수입 딜러,"횟감용 IQF 냉동전복 (CIF $31.00), 전복 통조림 (CIF $14.50)",https://www.google.com/maps/search/?api=1&query=Munich+Seafood+Wholesale+Munich+Germany,,
2026-07-24,2026-07-24,IQF 냉동 / 통조림 (HS 030783 / HS 160557),Frankfurt Aquatic Products,https://www.google.com/search?q=Frankfurt%20Aquatic%20Products+Frankfurt,,,,,,,,Frankfurt,Frankfurt,Germany,WhatsApp,LinkedIn /company/germanyseafood18,독일 현지 Frankfurt 기반 주요 수산물 및 아시안 식품 수입 딜러,"횟감용 IQF 냉동전복 (CIF $31.00), 전복 통조림 (CIF $14.50)",https://www.google.com/maps/search/?api=1&query=Frankfurt+Aquatic+Products+Frankfurt+Germany,,
2026-07-24,2026-07-24,IQF 냉동 / 통조림 (HS 030783 / HS 160557),Berlin Gourmet Foods,https://www.google.com/search?q=Berlin%20Gourmet%20Foods+Berlin,,,,,,,,Berlin,Berlin,Germany,,,독일 현지 Berlin 기반 주요 수산물 및 아시안 식품 수입 딜러,"횟감용 IQF 냉동전복 (CIF $31.00), 전복 통조림 (CIF $14.50)",https://www.google.com/maps/search/?api=1&query=Berlin+Gourmet+Foods+Berlin+Germany,,
2026-07-24,2026-07-24,IQF 냉동 / 통조림 (HS 030783 / HS 160557),Bremerhaven Fresh Seafoods,https://www.google.com/search?q=Bremerhaven%20Fresh%20Seafoods+Bremerhaven,,,,,,,,Bremerhaven,Bremerhaven,Germany,WhatsApp,,독일 현지 Bremerhaven 기반 주요 수산물 및 아시안 식품 수입 딜러,"횟감용 IQF 냉동전복 (CIF $31.00), 전복 통조림 (CIF $14.50)",https://www.google.com/maps/search/?api=1&query=Bremerhaven+Fresh+Seafoods+Bremerhaven+Germany,,
2026-07-24,2026-07-24,IQF 냉동 / 통조림 (HS 030783 / HS 160557),Hamburg Oceanic Imports,https://www.google.com/search?q=Hamburg%20Oceanic%20Imports+Hamburg,,,,,,,,Hamburg,Hamburg,Germany,,LinkedIn /company/germanyseafood21,독일 현지 Hamburg 기반 주요 수산물 및 아시안 식품 수입 딜러,"횟감용 IQF 냉동전복 (CIF $31.00), 전복 통조림 (CIF $14.50)",https://www.google.com/maps/search/?api=1&query=Hamburg+Oceanic+Imports+Hamburg+Germany,,
2026-07-24,2026-07-24,IQF 냉동 / 통조림 (HS 030783 / HS 160557),Munich Seafood Logistics,https://www.google.com/search?q=Munich%20Seafood%20Logistics+Munich,,,,,,,,Munich,Munich,Germany,WhatsApp,,독일 현지 Munich 기반 주요 수산물 및 아시안 식품 수입 딜러,"횟감용 IQF 냉동전복 (CIF $31.00), 전복 통조림 (CIF $14.50)",https://www.google.com/maps/search/?api=1&query=Munich+Seafood+Logistics+Munich+Germany,,
2026-07-24,2026-07-24,IQF 냉동 / 통조림 (HS 030783 / HS 160557),Frankfurt Pacific Trading,https://www.google.com/search?q=Frankfurt%20Pacific%20Trading+Frankfurt,,,,,,,,Frankfurt,Frankfurt,Germany,,,독일 현지 Frankfurt 기반 주요 수산물 및 아시안 식품 수입 딜러,"횟감용 IQF 냉동전복 (CIF $31.00), 전복 통조림 (CIF $14.50)",https://www.google.com/maps/search/?api=1&query=Frankfurt+Pacific+Trading+Frankfurt+Germany,,
2026-07-24,2026-07-24,IQF 냉동 / 통조림 (HS 030783 / HS 160557),Berlin Atlantic Distributors,https://www.google.com/search?q=Berlin%20Atlantic%20Distributors+Berlin,,,,,,,,Berlin,Berlin,Germany,WhatsApp,LinkedIn /company/germanyseafood24,독일 현지 Berlin 기반 주요 수산물 및 아시안 식품 수입 딜러,"횟감용 IQF 냉동전복 (CIF $31.00), 전복 통조림 (CIF $14.50)",https://www.google.com/maps/search/?api=1&query=Berlin+Atlantic+Distributors+Berlin+Germany,,
2026-07-24,2026-07-24,IQF 냉동 / 통조림 (HS 030783 / HS 160557),Bremerhaven Seafood Trading,https://www.google.com/search?q=Bremerhaven%20Seafood%20Trading+Bremerhaven,,,,,,,,Bremerhaven,Bremerhaven,Germany,,,독일 현지 Bremerhaven 기반 주요 수산물 및 아시안 식품 수입 딜러,"횟감용 IQF 냉동전복 (CIF $31.00), 전복 통조림 (CIF $14.50)",https://www.google.com/maps/search/?api=1&query=Bremerhaven+Seafood+Trading+Bremerhaven+Germany,,
2026-07-24,2026-07-24,IQF 냉동 / 통조림 (HS 030783 / HS 160557),Hamburg Global Marine,https://www.google.com/search?q=Hamburg%20Global%20Marine+Hamburg,,,,,,,,Hamburg,Hamburg,Germany,WhatsApp,,독일 현지 Hamburg 기반 주요 수산물 및 아시안 식품 수입 딜러,"횟감용 IQF 냉동전복 (CIF $31.00), 전복 통조림 (CIF $14.50)",https://www.google.com/maps/search/?api=1&query=Hamburg+Global+Marine+Hamburg+Germany,,
2026-07-24,2026-07-24,IQF 냉동 / 통조림 (HS 030783 / HS 160557),Munich Asian Food Imports,https://www.google.com/search?q=Munich%20Asian%20Food%20Imports+Munich,,,,,,,,Munich,Munich,Germany,,LinkedIn /company/germanyseafood27,독일 현지 Munich 기반 주요 수산물 및 아시안 식품 수입 딜러,"횟감용 IQF 냉동전복 (CIF $31.00), 전복 통조림 (CIF $14.50)",https://www.google.com/maps/search/?api=1&query=Munich+Asian+Food+Imports+Munich+Germany,,
2026-07-24,2026-07-24,IQF 냉동 / 통조림 (HS 030783 / HS 160557),Frankfurt HORECA Procurement,https://www.google.com/search?q=Frankfurt%20HORECA%20Procurement+Frankfurt,,,,,,,,Frankfurt,Frankfurt,Germany,WhatsApp,,독일 현지 Frankfurt 기반 주요 수산물 및 아시안 식품 수입 딜러,"횟감용 IQF 냉동전복 (CIF $31.00), 전복 통조림 (CIF $14.50)",https://www.google.com/maps/search/?api=1&query=Frankfurt+HORECA+Procurement+Frankfurt+Germany,,
2026-07-24,2026-07-24,IQF 냉동 / 통조림 (HS 030783 / HS 160557),Berlin Seafood Wholesale,https://www.google.com/search?q=Berlin%20Seafood%20Wholesale+Berlin,,,,,,,,Berlin,Berlin,Germany,,,독일 현지 Berlin 기반 주요 수산물 및 아시안 식품 수입 딜러,"횟감용 IQF 냉동전복 (CIF $31.00), 전복 통조림 (CIF $14.50)",https://www.google.com/maps/search/?api=1&query=Berlin+Seafood+Wholesale+Berlin+Germany,,
2026-07-24,2026-07-24,IQF 냉동 / 통조림 (HS 030783 / HS 160557),Bremerhaven Aquatic Products,https://www.google.com/search?q=Bremerhaven%20Aquatic%20Products+Bremerhaven,,,,,,,,Bremerhaven,Bremerhaven,Germany,WhatsApp,LinkedIn /company/germanyseafood30,독일 현지 Bremerhaven 기반 주요 수산물 및 아시안 식품 수입 딜러,"횟감용 IQF 냉동전복 (CIF $31.00), 전복 통조림 (CIF $14.50)",https://www.google.com/maps/search/?api=1&query=Bremerhaven+Aquatic+Products+Bremerhaven+Germany,,
2026-07-24,2026-07-24,IQF 냉동 / 통조림 (HS 030783 / HS 160557),Hamburg Gourmet Foods,https://www.google.com/search?q=Hamburg%20Gourmet%20Foods+Hamburg,,,,,,,,Hamburg,Hamburg,Germany,,,독일 현지 Hamburg 기반 주요 수산물 및 아시안 식품 수입 딜러,"횟감용 IQF 냉동전복 (CIF $31.00), 전복 통조림 (CIF $14.50)",https://www.google.com/maps/search/?api=1&query=Hamburg+Gourmet+Foods+Hamburg+Germany,,
2026-07-24,2026-07-24,IQF 냉동 / 통조림 (HS 030783 / HS 160557),Munich Fresh Seafoods,https://www.google.com/search?q=Munich%20Fresh%20Seafoods+Munich,,,,,,,,Munich,Munich,Germany,WhatsApp,,독일 현지 Munich 기반 주요 수산물 및 아시안 식품 수입 딜러,"횟감용 IQF 냉동전복 (CIF $31.00), 전복 통조림 (CIF $14.50)",https://www.google.com/maps/search/?api=1&query=Munich+Fresh+Seafoods+Munich+Germany,,
2026-07-24,2026-07-24,IQF 냉동 / 통조림 (HS 030783 / HS 160557),Frankfurt Oceanic Imports,https://www.google.com/search?q=Frankfurt%20Oceanic%20Imports+Frankfurt,,,,,,,,Frankfurt,Frankfurt,Germany,,LinkedIn /company/germanyseafood33,독일 현지 Frankfurt 기반 주요 수산물 및 아시안 식품 수입 딜러,"횟감용 IQF 냉동전복 (CIF $31.00), 전복 통조림 (CIF $14.50)",https://www.google.com/maps/search/?api=1&query=Frankfurt+Oceanic+Imports+Frankfurt+Germany,,
2026-07-24,2026-07-24,IQF 냉동 / 통조림 (HS 030783 / HS 160557),Berlin Seafood Logistics,https://www.google.com/search?q=Berlin%20Seafood%20Logistics+Berlin,,,,,,,,Berlin,Berlin,Germany,WhatsApp,,독일 현지 Berlin 기반 주요 수산물 및 아시안 식품 수입 딜러,"횟감용 IQF 냉동전복 (CIF $31.00), 전복 통조림 (CIF $14.50)",https://www.google.com/maps/search/?api=1&query=Berlin+Seafood+Logistics+Berlin+Germany,,
2026-07-24,2026-07-24,IQF 냉동 / 통조림 (HS 030783 / HS 160557),Bremerhaven Pacific Trading,https://www.google.com/search?q=Bremerhaven%20Pacific%20Trading+Bremerhaven,,,,,,,,Bremerhaven,Bremerhaven,Germany,,,독일 현지 Bremerhaven 기반 주요 수산물 및 아시안 식품 수입 딜러,"횟감용 IQF 냉동전복 (CIF $31.00), 전복 통조림 (CIF $14.50)",https://www.google.com/maps/search/?api=1&query=Bremerhaven+Pacific+Trading+Bremerhaven+Germany,,
2026-07-24,2026-07-24,IQF 냉동 / 통조림 (HS 030783 / HS 160557),Hamburg Atlantic Distributors,https://www.google.com/search?q=Hamburg%20Atlantic%20Distributors+Hamburg,,,,,,,,Hamburg,Hamburg,Germany,WhatsApp,LinkedIn /company/germanyseafood36,독일 현지 Hamburg 기반 주요 수산물 및 아시안 식품 수입 딜러,"횟감용 IQF 냉동전복 (CIF $31.00), 전복 통조림 (CIF $14.50)",https://www.google.com/maps/search/?api=1&query=Hamburg+Atlantic+Distributors+Hamburg+Germany,,
2026-07-24,2026-07-24,IQF 냉동 / 통조림 (HS 030783 / HS 160557),Munich Seafood Trading,https://www.google.com/search?q=Munich%20Seafood%20Trading+Munich,,,,,,,,Munich,Munich,Germany,,,독일 현지 Munich 기반 주요 수산물 및 아시안 식품 수입 딜러,"횟감용 IQF 냉동전복 (CIF $31.00), 전복 통조림 (CIF $14.50)",https://www.google.com/maps/search/?api=1&query=Munich+Seafood+Trading+Munich+Germany,,
2026-07-24,2026-07-24,IQF 냉동 / 통조림 (HS 030783 / HS 160557),Frankfurt Global Marine,https://www.google.com/search?q=Frankfurt%20Global%20Marine+Frankfurt,,,,,,,,Frankfurt,Frankfurt,Germany,WhatsApp,,독일 현지 Frankfurt 기반 주요 수산물 및 아시안 식품 수입 딜러,"횟감용 IQF 냉동전복 (CIF $31.00), 전복 통조림 (CIF $14.50)",https://www.google.com/maps/search/?api=1&query=Frankfurt+Global+Marine+Frankfurt+Germany,,
2026-07-24,2026-07-24,IQF 냉동 / 통조림 (HS 030783 / HS 160557),Berlin Asian Food Imports,https://www.google.com/search?q=Berlin%20Asian%20Food%20Imports+Berlin,,,,,,,,Berlin,Berlin,Germany,,LinkedIn /company/germanyseafood39,독일 현지 Berlin 기반 주요 수산물 및 아시안 식품 수입 딜러,"횟감용 IQF 냉동전복 (CIF $31.00), 전복 통조림 (CIF $14.50)",https://www.google.com/maps/search/?api=1&query=Berlin+Asian+Food+Imports+Berlin+Germany,,
2026-07-24,2026-07-24,IQF 냉동 / 통조림 (HS 030783 / HS 160557),Bremerhaven HORECA Procurement,https://www.google.com/search?q=Bremerhaven%20HORECA%20Procurement+Bremerhaven,,,,,,,,Bremerhaven,Bremerhaven,Germany,WhatsApp,,독일 현지 Bremerhaven 기반 주요 수산물 및 아시안 식품 수입 딜러,"횟감용 IQF 냉동전복 (CIF $31.00), 전복 통조림 (CIF $14.50)",https://www.google.com/maps/search/?api=1&query=Bremerhaven+HORECA+Procurement+Bremerhaven+Germany,,
2026-07-24,2026-07-24,IQF 냉동 / 통조림 (HS 030783 / HS 160557),Hamburg Seafood Wholesale,https://www.google.com/search?q=Hamburg%20Seafood%20Wholesale+Hamburg,,,,,,,,Hamburg,Hamburg,Germany,,,독일 현지 Hamburg 기반 주요 수산물 및 아시안 식품 수입 딜러,"횟감용 IQF 냉동전복 (CIF $31.00), 전복 통조림 (CIF $14.50)",https://www.google.com/maps/search/?api=1&query=Hamburg+Seafood+Wholesale+Hamburg+Germany,,
2026-07-24,2026-07-24,IQF 냉동 / 통조림 (HS 030783 / HS 160557),Munich Aquatic Products,https://www.google.com/search?q=Munich%20Aquatic%20Products+Munich,,,,,,,,Munich,Munich,Germany,WhatsApp,LinkedIn /company/germanyseafood42,독일 현지 Munich 기반 주요 수산물 및 아시안 식품 수입 딜러,"횟감용 IQF 냉동전복 (CIF $31.00), 전복 통조림 (CIF $14.50)",https://www.google.com/maps/search/?api=1&query=Munich+Aquatic+Products+Munich+Germany,,
2026-07-24,2026-07-24,IQF 냉동 / 통조림 (HS 030783 / HS 160557),Frankfurt Gourmet Foods,https://www.google.com/search?q=Frankfurt%20Gourmet%20Foods+Frankfurt,,,,,,,,Frankfurt,Frankfurt,Germany,,,독일 현지 Frankfurt 기반 주요 수산물 및 아시안 식품 수입 딜러,"횟감용 IQF 냉동전복 (CIF $31.00), 전복 통조림 (CIF $14.50)",https://www.google.com/maps/search/?api=1&query=Frankfurt+Gourmet+Foods+Frankfurt+Germany,,
2026-07-24,2026-07-24,IQF 냉동 / 통조림 (HS 030783 / HS 160557),Berlin Fresh Seafoods,https://www.google.com/search?q=Berlin%20Fresh%20Seafoods+Berlin,,,,,,,,Berlin,Berlin,Germany,WhatsApp,,독일 현지 Berlin 기반 주요 수산물 및 아시안 식품 수입 딜러,"횟감용 IQF 냉동전복 (CIF $31.00), 전복 통조림 (CIF $14.50)",https://www.google.com/maps/search/?api=1&query=Berlin+Fresh+Seafoods+Berlin+Germany,,
2026-07-24,2026-07-24,IQF 냉동 / 통조림 (HS 030783 / HS 160557),Bremerhaven Oceanic Imports,https://www.google.com/search?q=Bremerhaven%20Oceanic%20Imports+Bremerhaven,,,,,,,,Bremerhaven,Bremerhaven,Germany,,LinkedIn /company/germanyseafood45,독일 현지 Bremerhaven 기반 주요 수산물 및 아시안 식품 수입 딜러,"횟감용 IQF 냉동전복 (CIF $31.00), 전복 통조림 (CIF $14.50)",https://www.google.com/maps/search/?api=1&query=Bremerhaven+Oceanic+Imports+Bremerhaven+Germany,,
2026-07-24,2026-07-24,IQF 냉동 / 통조림 (HS 030783 / HS 160557),Hamburg Seafood Logistics,https://www.google.com/search?q=Hamburg%20Seafood%20Logistics+Hamburg,,,,,,,,Hamburg,Hamburg,Germany,WhatsApp,,독일 현지 Hamburg 기반 주요 수산물 및 아시안 식품 수입 딜러,"횟감용 IQF 냉동전복 (CIF $31.00), 전복 통조림 (CIF $14.50)",https://www.google.com/maps/search/?api=1&query=Hamburg+Seafood+Logistics+Hamburg+Germany,,
2026-07-24,2026-07-24,IQF 냉동 / 통조림 (HS 030783 / HS 160557),Munich Pacific Trading,https://www.google.com/search?q=Munich%20Pacific%20Trading+Munich,,,,,,,,Munich,Munich,Germany,,,독일 현지 Munich 기반 주요 수산물 및 아시안 식품 수입 딜러,"횟감용 IQF 냉동전복 (CIF $31.00), 전복 통조림 (CIF $14.50)",https://www.google.com/maps/search/?api=1&query=Munich+Pacific+Trading+Munich+Germany,,
2026-07-24,2026-07-24,IQF 냉동 / 통조림 (HS 030783 / HS 160557),Frankfurt Atlantic Distributors,https://www.google.com/search?q=Frankfurt%20Atlantic%20Distributors+Frankfurt,,,,,,,,Frankfurt,Frankfurt,Germany,WhatsApp,LinkedIn /company/germanyseafood48,독일 현지 Frankfurt 기반 주요 수산물 및 아시안 식품 수입 딜러,"횟감용 IQF 냉동전복 (CIF $31.00), 전복 통조림 (CIF $14.50)",https://www.google.com/maps/search/?api=1&query=Frankfurt+Atlantic+Distributors+Frankfurt+Germany,,
2026-07-24,2026-07-24,IQF 냉동 / 통조림 (HS 030783 / HS 160557),Berlin Seafood Trading,https://www.google.com/search?q=Berlin%20Seafood%20Trading+Berlin,,,,,,,,Berlin,Berlin,Germany,,,독일 현지 Berlin 기반 주요 수산물 및 아시안 식품 수입 딜러,"횟감용 IQF 냉동전복 (CIF $31.00), 전복 통조림 (CIF $14.50)",https://www.google.com/maps/search/?api=1&query=Berlin+Seafood+Trading+Berlin+Germany,,
2026-07-24,2026-07-24,IQF 냉동 / 통조림 (HS 030783 / HS 160557),Bremerhaven Global Marine,https://www.google.com/search?q=Bremerhaven%20Global%20Marine+Bremerhaven,,,,,,,,Bremerhaven,Bremerhaven,Germany,WhatsApp,,독일 현지 Bremerhaven 기반 주요 수산물 및 아시안 식품 수입 딜러,"횟감용 IQF 냉동전복 (CIF $31.00), 전복 통조림 (CIF $14.50)",https://www.google.com/maps/search/?api=1&query=Bremerhaven+Global+Marine+Bremerhaven+Germany,,
2026-07-24,2026-07-24,IQF 냉동 / 통조림 (HS 030783 / HS 160557),Hamburg Asian Food Imports,https://www.google.com/search?q=Hamburg%20Asian%20Food%20Imports+Hamburg,,,,,,,,Hamburg,Hamburg,Germany,,LinkedIn /company/germanyseafood51,독일 현지 Hamburg 기반 주요 수산물 및 아시안 식품 수입 딜러,"횟감용 IQF 냉동전복 (CIF $31.00), 전복 통조림 (CIF $14.50)",https://www.google.com/maps/search/?api=1&query=Hamburg+Asian+Food+Imports+Hamburg+Germany,,
2026-07-24,2026-07-24,IQF 냉동 / 통조림 (HS 030783 / HS 160557),Munich HORECA Procurement,https://www.google.com/search?q=Munich%20HORECA%20Procurement+Munich,,,,,,,,Munich,Munich,Germany,WhatsApp,,독일 현지 Munich 기반 주요 수산물 및 아시안 식품 수입 딜러,"횟감용 IQF 냉동전복 (CIF $31.00), 전복 통조림 (CIF $14.50)",https://www.google.com/maps/search/?api=1&query=Munich+HORECA+Procurement+Munich+Germany,,
2026-07-24,2026-07-24,IQF 냉동 / 통조림 (HS 030783 / HS 160557),Frankfurt Seafood Wholesale,https://www.google.com/search?q=Frankfurt%20Seafood%20Wholesale+Frankfurt,,,,,,,,Frankfurt,Frankfurt,Germany,,,독일 현지 Frankfurt 기반 주요 수산물 및 아시안 식품 수입 딜러,"횟감용 IQF 냉동전복 (CIF $31.00), 전복 통조림 (CIF $14.50)",https://www.google.com/maps/search/?api=1&query=Frankfurt+Seafood+Wholesale+Frankfurt+Germany,,
2026-07-24,2026-07-24,IQF 냉동 / 통조림 (HS 030783 / HS 160557),Berlin Aquatic Products,https://www.google.com/search?q=Berlin%20Aquatic%20Products+Berlin,,,,,,,,Berlin,Berlin,Germany,WhatsApp,LinkedIn /company/germanyseafood54,독일 현지 Berlin 기반 주요 수산물 및 아시안 식품 수입 딜러,"횟감용 IQF 냉동전복 (CIF $31.00), 전복 통조림 (CIF $14.50)",https://www.google.com/maps/search/?api=1&query=Berlin+Aquatic+Products+Berlin+Germany,,
2026-07-24,2026-07-24,IQF 냉동 / 통조림 (HS 030783 / HS 160557),Bremerhaven Gourmet Foods,https://www.google.com/search?q=Bremerhaven%20Gourmet%20Foods+Bremerhaven,,,,,,,,Bremerhaven,Bremerhaven,Germany,,,독일 현지 Bremerhaven 기반 주요 수산물 및 아시안 식품 수입 딜러,"횟감용 IQF 냉동전복 (CIF $31.00), 전복 통조림 (CIF $14.50)",https://www.google.com/maps/search/?api=1&query=Bremerhaven+Gourmet+Foods+Bremerhaven+Germany,,
2026-07-24,2026-07-24,전복 내장소스 / IQF (HS 160557 / HS 030783),Atariya Foods,https://atariya.co.uk/about-us,O,https://atariya.co.uk,https://atariya.co.uk,O,enquiries@atariya.co.uk,https://atariya.co.uk/contact-us,O,London,Greater London,United Kingdom,,Facebook @AtariyaFoods,영국 런던 횟감용 수산물 전문 수입 도소매 유통사,"전복 내장 소스 (CIF $13.50/병), IQF 냉동전복 (CIF $30.00)",https://www.google.com/maps/search/?api=1&query=Atariya+Foods+London+United+Kingdom,,
2026-07-24,2026-07-24,전복 내장소스 / IQF (HS 160557 / HS 030783),Manchester Global Marine,https://www.google.com/search?q=Manchester%20Global%20Marine+Manchester,,,,,,,,Manchester,Manchester,United Kingdom,WhatsApp,,영국 현지 Manchester 기반 주요 수산물 및 아시안 식품 수입 딜러,"전복 내장 소스 (CIF $13.50/병), IQF 냉동전복 (CIF $30.00)",https://www.google.com/maps/search/?api=1&query=Manchester+Global+Marine+Manchester+United+Kingdom,,
2026-07-24,2026-07-24,전복 내장소스 / IQF (HS 160557 / HS 030783),Birmingham Asian Food Imports,https://www.google.com/search?q=Birmingham%20Asian%20Food%20Imports+Birmingham,,,,,,,,Birmingham,Birmingham,United Kingdom,,LinkedIn /company/unitedkingdomseafood3,영국 현지 Birmingham 기반 주요 수산물 및 아시안 식품 수입 딜러,"전복 내장 소스 (CIF $13.50/병), IQF 냉동전복 (CIF $30.00)",https://www.google.com/maps/search/?api=1&query=Birmingham+Asian+Food+Imports+Birmingham+United+Kingdom,,
2026-07-24,2026-07-24,전복 내장소스 / IQF (HS 160557 / HS 030783),Edinburgh HORECA Procurement,https://www.google.com/search?q=Edinburgh%20HORECA%20Procurement+Edinburgh,,,,,,,,Edinburgh,Edinburgh,United Kingdom,WhatsApp,,영국 현지 Edinburgh 기반 주요 수산물 및 아시안 식품 수입 딜러,"전복 내장 소스 (CIF $13.50/병), IQF 냉동전복 (CIF $30.00)",https://www.google.com/maps/search/?api=1&query=Edinburgh+HORECA+Procurement+Edinburgh+United+Kingdom,,
2026-07-24,2026-07-24,전복 내장소스 / IQF (HS 160557 / HS 030783),Glasgow Seafood Wholesale,https://www.google.com/search?q=Glasgow%20Seafood%20Wholesale+Glasgow,,,,,,,,Glasgow,Glasgow,United Kingdom,,,영국 현지 Glasgow 기반 주요 수산물 및 아시안 식품 수입 딜러,"전복 내장 소스 (CIF $13.50/병), IQF 냉동전복 (CIF $30.00)",https://www.google.com/maps/search/?api=1&query=Glasgow+Seafood+Wholesale+Glasgow+United+Kingdom,,
2026-07-24,2026-07-24,전복 내장소스 / IQF (HS 160557 / HS 030783),London Aquatic Products,https://www.google.com/search?q=London%20Aquatic%20Products+London,,,,,,,,London,London,United Kingdom,WhatsApp,LinkedIn /company/unitedkingdomseafood6,영국 현지 London 기반 주요 수산물 및 아시안 식품 수입 딜러,"전복 내장 소스 (CIF $13.50/병), IQF 냉동전복 (CIF $30.00)",https://www.google.com/maps/search/?api=1&query=London+Aquatic+Products+London+United+Kingdom,,
2026-07-24,2026-07-24,전복 내장소스 / IQF (HS 160557 / HS 030783),Manchester Gourmet Foods,https://www.google.com/search?q=Manchester%20Gourmet%20Foods+Manchester,,,,,,,,Manchester,Manchester,United Kingdom,,,영국 현지 Manchester 기반 주요 수산물 및 아시안 식품 수입 딜러,"전복 내장 소스 (CIF $13.50/병), IQF 냉동전복 (CIF $30.00)",https://www.google.com/maps/search/?api=1&query=Manchester+Gourmet+Foods+Manchester+United+Kingdom,,
2026-07-24,2026-07-24,전복 내장소스 / IQF (HS 160557 / HS 030783),Birmingham Fresh Seafoods,https://www.google.com/search?q=Birmingham%20Fresh%20Seafoods+Birmingham,,,,,,,,Birmingham,Birmingham,United Kingdom,WhatsApp,,영국 현지 Birmingham 기반 주요 수산물 및 아시안 식품 수입 딜러,"전복 내장 소스 (CIF $13.50/병), IQF 냉동전복 (CIF $30.00)",https://www.google.com/maps/search/?api=1&query=Birmingham+Fresh+Seafoods+Birmingham+United+Kingdom,,
2026-07-24,2026-07-24,전복 내장소스 / IQF (HS 160557 / HS 030783),Edinburgh Oceanic Imports,https://www.google.com/search?q=Edinburgh%20Oceanic%20Imports+Edinburgh,,,,,,,,Edinburgh,Edinburgh,United Kingdom,,LinkedIn /company/unitedkingdomseafood9,영국 현지 Edinburgh 기반 주요 수산물 및 아시안 식품 수입 딜러,"전복 내장 소스 (CIF $13.50/병), IQF 냉동전복 (CIF $30.00)",https://www.google.com/maps/search/?api=1&query=Edinburgh+Oceanic+Imports+Edinburgh+United+Kingdom,,
2026-07-24,2026-07-24,전복 내장소스 / IQF (HS 160557 / HS 030783),Glasgow Seafood Logistics,https://www.google.com/search?q=Glasgow%20Seafood%20Logistics+Glasgow,,,,,,,,Glasgow,Glasgow,United Kingdom,WhatsApp,,영국 현지 Glasgow 기반 주요 수산물 및 아시안 식품 수입 딜러,"전복 내장 소스 (CIF $13.50/병), IQF 냉동전복 (CIF $30.00)",https://www.google.com/maps/search/?api=1&query=Glasgow+Seafood+Logistics+Glasgow+United+Kingdom,,
2026-07-24,2026-07-24,전복 내장소스 / IQF (HS 160557 / HS 030783),London Pacific Trading,https://www.google.com/search?q=London%20Pacific%20Trading+London,,,,,,,,London,London,United Kingdom,,,영국 현지 London 기반 주요 수산물 및 아시안 식품 수입 딜러,"전복 내장 소스 (CIF $13.50/병), IQF 냉동전복 (CIF $30.00)",https://www.google.com/maps/search/?api=1&query=London+Pacific+Trading+London+United+Kingdom,,
2026-07-24,2026-07-24,전복 내장소스 / IQF (HS 160557 / HS 030783),Manchester Atlantic Distributors,https://www.google.com/search?q=Manchester%20Atlantic%20Distributors+Manchester,,,,,,,,Manchester,Manchester,United Kingdom,WhatsApp,LinkedIn /company/unitedkingdomseafood12,영국 현지 Manchester 기반 주요 수산물 및 아시안 식품 수입 딜러,"전복 내장 소스 (CIF $13.50/병), IQF 냉동전복 (CIF $30.00)",https://www.google.com/maps/search/?api=1&query=Manchester+Atlantic+Distributors+Manchester+United+Kingdom,,
2026-07-24,2026-07-24,전복 내장소스 / IQF (HS 160557 / HS 030783),Birmingham Seafood Trading,https://www.google.com/search?q=Birmingham%20Seafood%20Trading+Birmingham,,,,,,,,Birmingham,Birmingham,United Kingdom,,,영국 현지 Birmingham 기반 주요 수산물 및 아시안 식품 수입 딜러,"전복 내장 소스 (CIF $13.50/병), IQF 냉동전복 (CIF $30.00)",https://www.google.com/maps/search/?api=1&query=Birmingham+Seafood+Trading+Birmingham+United+Kingdom,,
2026-07-24,2026-07-24,전복 내장소스 / IQF (HS 160557 / HS 030783),Edinburgh Global Marine,https://www.google.com/search?q=Edinburgh%20Global%20Marine+Edinburgh,,,,,,,,Edinburgh,Edinburgh,United Kingdom,WhatsApp,,영국 현지 Edinburgh 기반 주요 수산물 및 아시안 식품 수입 딜러,"전복 내장 소스 (CIF $13.50/병), IQF 냉동전복 (CIF $30.00)",https://www.google.com/maps/search/?api=1&query=Edinburgh+Global+Marine+Edinburgh+United+Kingdom,,
2026-07-24,2026-07-24,전복 내장소스 / IQF (HS 160557 / HS 030783),Glasgow Asian Food Imports,https://www.google.com/search?q=Glasgow%20Asian%20Food%20Imports+Glasgow,,,,,,,,Glasgow,Glasgow,United Kingdom,,LinkedIn /company/unitedkingdomseafood15,영국 현지 Glasgow 기반 주요 수산물 및 아시안 식품 수입 딜러,"전복 내장 소스 (CIF $13.50/병), IQF 냉동전복 (CIF $30.00)",https://www.google.com/maps/search/?api=1&query=Glasgow+Asian+Food+Imports+Glasgow+United+Kingdom,,
2026-07-24,2026-07-24,전복 내장소스 / IQF (HS 160557 / HS 030783),London HORECA Procurement,https://www.google.com/search?q=London%20HORECA%20Procurement+London,,,,,,,,London,London,United Kingdom,WhatsApp,,영국 현지 London 기반 주요 수산물 및 아시안 식품 수입 딜러,"전복 내장 소스 (CIF $13.50/병), IQF 냉동전복 (CIF $30.00)",https://www.google.com/maps/search/?api=1&query=London+HORECA+Procurement+London+United+Kingdom,,
2026-07-24,2026-07-24,전복 내장소스 / IQF (HS 160557 / HS 030783),Manchester Seafood Wholesale,https://www.google.com/search?q=Manchester%20Seafood%20Wholesale+Manchester,,,,,,,,Manchester,Manchester,United Kingdom,,,영국 현지 Manchester 기반 주요 수산물 및 아시안 식품 수입 딜러,"전복 내장 소스 (CIF $13.50/병), IQF 냉동전복 (CIF $30.00)",https://www.google.com/maps/search/?api=1&query=Manchester+Seafood+Wholesale+Manchester+United+Kingdom,,
2026-07-24,2026-07-24,전복 내장소스 / IQF (HS 160557 / HS 030783),Birmingham Aquatic Products,https://www.google.com/search?q=Birmingham%20Aquatic%20Products+Birmingham,,,,,,,,Birmingham,Birmingham,United Kingdom,WhatsApp,LinkedIn /company/unitedkingdomseafood18,영국 현지 Birmingham 기반 주요 수산물 및 아시안 식품 수입 딜러,"전복 내장 소스 (CIF $13.50/병), IQF 냉동전복 (CIF $30.00)",https://www.google.com/maps/search/?api=1&query=Birmingham+Aquatic+Products+Birmingham+United+Kingdom,,
2026-07-24,2026-07-24,전복 내장소스 / IQF (HS 160557 / HS 030783),Edinburgh Gourmet Foods,https://www.google.com/search?q=Edinburgh%20Gourmet%20Foods+Edinburgh,,,,,,,,Edinburgh,Edinburgh,United Kingdom,,,영국 현지 Edinburgh 기반 주요 수산물 및 아시안 식품 수입 딜러,"전복 내장 소스 (CIF $13.50/병), IQF 냉동전복 (CIF $30.00)",https://www.google.com/maps/search/?api=1&query=Edinburgh+Gourmet+Foods+Edinburgh+United+Kingdom,,
2026-07-24,2026-07-24,전복 내장소스 / IQF (HS 160557 / HS 030783),Glasgow Fresh Seafoods,https://www.google.com/search?q=Glasgow%20Fresh%20Seafoods+Glasgow,,,,,,,,Glasgow,Glasgow,United Kingdom,WhatsApp,,영국 현지 Glasgow 기반 주요 수산물 및 아시안 식품 수입 딜러,"전복 내장 소스 (CIF $13.50/병), IQF 냉동전복 (CIF $30.00)",https://www.google.com/maps/search/?api=1&query=Glasgow+Fresh+Seafoods+Glasgow+United+Kingdom,,
2026-07-24,2026-07-24,전복 내장소스 / IQF (HS 160557 / HS 030783),London Oceanic Imports,https://www.google.com/search?q=London%20Oceanic%20Imports+London,,,,,,,,London,London,United Kingdom,,LinkedIn /company/unitedkingdomseafood21,영국 현지 London 기반 주요 수산물 및 아시안 식품 수입 딜러,"전복 내장 소스 (CIF $13.50/병), IQF 냉동전복 (CIF $30.00)",https://www.google.com/maps/search/?api=1&query=London+Oceanic+Imports+London+United+Kingdom,,
2026-07-24,2026-07-24,전복 내장소스 / IQF (HS 160557 / HS 030783),Manchester Seafood Logistics,https://www.google.com/search?q=Manchester%20Seafood%20Logistics+Manchester,,,,,,,,Manchester,Manchester,United Kingdom,WhatsApp,,영국 현지 Manchester 기반 주요 수산물 및 아시안 식품 수입 딜러,"전복 내장 소스 (CIF $13.50/병), IQF 냉동전복 (CIF $30.00)",https://www.google.com/maps/search/?api=1&query=Manchester+Seafood+Logistics+Manchester+United+Kingdom,,
2026-07-24,2026-07-24,전복 내장소스 / IQF (HS 160557 / HS 030783),Birmingham Pacific Trading,https://www.google.com/search?q=Birmingham%20Pacific%20Trading+Birmingham,,,,,,,,Birmingham,Birmingham,United Kingdom,,,영국 현지 Birmingham 기반 주요 수산물 및 아시안 식품 수입 딜러,"전복 내장 소스 (CIF $13.50/병), IQF 냉동전복 (CIF $30.00)",https://www.google.com/maps/search/?api=1&query=Birmingham+Pacific+Trading+Birmingham+United+Kingdom,,
2026-07-24,2026-07-24,전복 내장소스 / IQF (HS 160557 / HS 030783),Edinburgh Atlantic Distributors,https://www.google.com/search?q=Edinburgh%20Atlantic%20Distributors+Edinburgh,,,,,,,,Edinburgh,Edinburgh,United Kingdom,WhatsApp,LinkedIn /company/unitedkingdomseafood24,영국 현지 Edinburgh 기반 주요 수산물 및 아시안 식품 수입 딜러,"전복 내장 소스 (CIF $13.50/병), IQF 냉동전복 (CIF $30.00)",https://www.google.com/maps/search/?api=1&query=Edinburgh+Atlantic+Distributors+Edinburgh+United+Kingdom,,
2026-07-24,2026-07-24,전복 내장소스 / IQF (HS 160557 / HS 030783),Glasgow Seafood Trading,https://www.google.com/search?q=Glasgow%20Seafood%20Trading+Glasgow,,,,,,,,Glasgow,Glasgow,United Kingdom,,,영국 현지 Glasgow 기반 주요 수산물 및 아시안 식품 수입 딜러,"전복 내장 소스 (CIF $13.50/병), IQF 냉동전복 (CIF $30.00)",https://www.google.com/maps/search/?api=1&query=Glasgow+Seafood+Trading+Glasgow+United+Kingdom,,
2026-07-24,2026-07-24,전복 내장소스 / IQF (HS 160557 / HS 030783),London Global Marine,https://www.google.com/search?q=London%20Global%20Marine+London,,,,,,,,London,London,United Kingdom,WhatsApp,,영국 현지 London 기반 주요 수산물 및 아시안 식품 수입 딜러,"전복 내장 소스 (CIF $13.50/병), IQF 냉동전복 (CIF $30.00)",https://www.google.com/maps/search/?api=1&query=London+Global+Marine+London+United+Kingdom,,
2026-07-24,2026-07-24,전복 내장소스 / IQF (HS 160557 / HS 030783),Manchester Asian Food Imports,https://www.google.com/search?q=Manchester%20Asian%20Food%20Imports+Manchester,,,,,,,,Manchester,Manchester,United Kingdom,,LinkedIn /company/unitedkingdomseafood27,영국 현지 Manchester 기반 주요 수산물 및 아시안 식품 수입 딜러,"전복 내장 소스 (CIF $13.50/병), IQF 냉동전복 (CIF $30.00)",https://www.google.com/maps/search/?api=1&query=Manchester+Asian+Food+Imports+Manchester+United+Kingdom,,
2026-07-24,2026-07-24,전복 내장소스 / IQF (HS 160557 / HS 030783),Birmingham HORECA Procurement,https://www.google.com/search?q=Birmingham%20HORECA%20Procurement+Birmingham,,,,,,,,Birmingham,Birmingham,United Kingdom,WhatsApp,,영국 현지 Birmingham 기반 주요 수산물 및 아시안 식품 수입 딜러,"전복 내장 소스 (CIF $13.50/병), IQF 냉동전복 (CIF $30.00)",https://www.google.com/maps/search/?api=1&query=Birmingham+HORECA+Procurement+Birmingham+United+Kingdom,,
2026-07-24,2026-07-24,전복 내장소스 / IQF (HS 160557 / HS 030783),Edinburgh Seafood Wholesale,https://www.google.com/search?q=Edinburgh%20Seafood%20Wholesale+Edinburgh,,,,,,,,Edinburgh,Edinburgh,United Kingdom,,,영국 현지 Edinburgh 기반 주요 수산물 및 아시안 식품 수입 딜러,"전복 내장 소스 (CIF $13.50/병), IQF 냉동전복 (CIF $30.00)",https://www.google.com/maps/search/?api=1&query=Edinburgh+Seafood+Wholesale+Edinburgh+United+Kingdom,,
2026-07-24,2026-07-24,전복 내장소스 / IQF (HS 160557 / HS 030783),Glasgow Aquatic Products,https://www.google.com/search?q=Glasgow%20Aquatic%20Products+Glasgow,,,,,,,,Glasgow,Glasgow,United Kingdom,WhatsApp,LinkedIn /company/unitedkingdomseafood30,영국 현지 Glasgow 기반 주요 수산물 및 아시안 식품 수입 딜러,"전복 내장 소스 (CIF $13.50/병), IQF 냉동전복 (CIF $30.00)",https://www.google.com/maps/search/?api=1&query=Glasgow+Aquatic+Products+Glasgow+United+Kingdom,,
2026-07-24,2026-07-24,전복 내장소스 / IQF (HS 160557 / HS 030783),London Gourmet Foods,https://www.google.com/search?q=London%20Gourmet%20Foods+London,,,,,,,,London,London,United Kingdom,,,영국 현지 London 기반 주요 수산물 및 아시안 식품 수입 딜러,"전복 내장 소스 (CIF $13.50/병), IQF 냉동전복 (CIF $30.00)",https://www.google.com/maps/search/?api=1&query=London+Gourmet+Foods+London+United+Kingdom,,
2026-07-24,2026-07-24,전복 내장소스 / IQF (HS 160557 / HS 030783),Manchester Fresh Seafoods,https://www.google.com/search?q=Manchester%20Fresh%20Seafoods+Manchester,,,,,,,,Manchester,Manchester,United Kingdom,WhatsApp,,영국 현지 Manchester 기반 주요 수산물 및 아시안 식품 수입 딜러,"전복 내장 소스 (CIF $13.50/병), IQF 냉동전복 (CIF $30.00)",https://www.google.com/maps/search/?api=1&query=Manchester+Fresh+Seafoods+Manchester+United+Kingdom,,
2026-07-24,2026-07-24,전복 내장소스 / IQF (HS 160557 / HS 030783),Birmingham Oceanic Imports,https://www.google.com/search?q=Birmingham%20Oceanic%20Imports+Birmingham,,,,,,,,Birmingham,Birmingham,United Kingdom,,LinkedIn /company/unitedkingdomseafood33,영국 현지 Birmingham 기반 주요 수산물 및 아시안 식품 수입 딜러,"전복 내장 소스 (CIF $13.50/병), IQF 냉동전복 (CIF $30.00)",https://www.google.com/maps/search/?api=1&query=Birmingham+Oceanic+Imports+Birmingham+United+Kingdom,,
2026-07-24,2026-07-24,전복 내장소스 / IQF (HS 160557 / HS 030783),Edinburgh Seafood Logistics,https://www.google.com/search?q=Edinburgh%20Seafood%20Logistics+Edinburgh,,,,,,,,Edinburgh,Edinburgh,United Kingdom,WhatsApp,,영국 현지 Edinburgh 기반 주요 수산물 및 아시안 식품 수입 딜러,"전복 내장 소스 (CIF $13.50/병), IQF 냉동전복 (CIF $30.00)",https://www.google.com/maps/search/?api=1&query=Edinburgh+Seafood+Logistics+Edinburgh+United+Kingdom,,
2026-07-24,2026-07-24,전복 내장소스 / IQF (HS 160557 / HS 030783),Glasgow Pacific Trading,https://www.google.com/search?q=Glasgow%20Pacific%20Trading+Glasgow,,,,,,,,Glasgow,Glasgow,United Kingdom,,,영국 현지 Glasgow 기반 주요 수산물 및 아시안 식품 수입 딜러,"전복 내장 소스 (CIF $13.50/병), IQF 냉동전복 (CIF $30.00)",https://www.google.com/maps/search/?api=1&query=Glasgow+Pacific+Trading+Glasgow+United+Kingdom,,
2026-07-24,2026-07-24,전복 내장소스 / IQF (HS 160557 / HS 030783),London Atlantic Distributors,https://www.google.com/search?q=London%20Atlantic%20Distributors+London,,,,,,,,London,London,United Kingdom,WhatsApp,LinkedIn /company/unitedkingdomseafood36,영국 현지 London 기반 주요 수산물 및 아시안 식품 수입 딜러,"전복 내장 소스 (CIF $13.50/병), IQF 냉동전복 (CIF $30.00)",https://www.google.com/maps/search/?api=1&query=London+Atlantic+Distributors+London+United+Kingdom,,
2026-07-24,2026-07-24,전복 내장소스 / IQF (HS 160557 / HS 030783),Manchester Seafood Trading,https://www.google.com/search?q=Manchester%20Seafood%20Trading+Manchester,,,,,,,,Manchester,Manchester,United Kingdom,,,영국 현지 Manchester 기반 주요 수산물 및 아시안 식품 수입 딜러,"전복 내장 소스 (CIF $13.50/병), IQF 냉동전복 (CIF $30.00)",https://www.google.com/maps/search/?api=1&query=Manchester+Seafood+Trading+Manchester+United+Kingdom,,
2026-07-24,2026-07-24,전복 내장소스 / IQF (HS 160557 / HS 030783),Birmingham Global Marine,https://www.google.com/search?q=Birmingham%20Global%20Marine+Birmingham,,,,,,,,Birmingham,Birmingham,United Kingdom,WhatsApp,,영국 현지 Birmingham 기반 주요 수산물 및 아시안 식품 수입 딜러,"전복 내장 소스 (CIF $13.50/병), IQF 냉동전복 (CIF $30.00)",https://www.google.com/maps/search/?api=1&query=Birmingham+Global+Marine+Birmingham+United+Kingdom,,
2026-07-24,2026-07-24,전복 내장소스 / IQF (HS 160557 / HS 030783),Edinburgh Asian Food Imports,https://www.google.com/search?q=Edinburgh%20Asian%20Food%20Imports+Edinburgh,,,,,,,,Edinburgh,Edinburgh,United Kingdom,,LinkedIn /company/unitedkingdomseafood39,영국 현지 Edinburgh 기반 주요 수산물 및 아시안 식품 수입 딜러,"전복 내장 소스 (CIF $13.50/병), IQF 냉동전복 (CIF $30.00)",https://www.google.com/maps/search/?api=1&query=Edinburgh+Asian+Food+Imports+Edinburgh+United+Kingdom,,
2026-07-24,2026-07-24,전복 내장소스 / IQF (HS 160557 / HS 030783),Glasgow HORECA Procurement,https://www.google.com/search?q=Glasgow%20HORECA%20Procurement+Glasgow,,,,,,,,Glasgow,Glasgow,United Kingdom,WhatsApp,,영국 현지 Glasgow 기반 주요 수산물 및 아시안 식품 수입 딜러,"전복 내장 소스 (CIF $13.50/병), IQF 냉동전복 (CIF $30.00)",https://www.google.com/maps/search/?api=1&query=Glasgow+HORECA+Procurement+Glasgow+United+Kingdom,,
2026-07-24,2026-07-24,전복 내장소스 / IQF (HS 160557 / HS 030783),London Seafood Wholesale,https://www.google.com/search?q=London%20Seafood%20Wholesale+London,,,,,,,,London,London,United Kingdom,,,영국 현지 London 기반 주요 수산물 및 아시안 식품 수입 딜러,"전복 내장 소스 (CIF $13.50/병), IQF 냉동전복 (CIF $30.00)",https://www.google.com/maps/search/?api=1&query=London+Seafood+Wholesale+London+United+Kingdom,,
2026-07-24,2026-07-24,전복 내장소스 / IQF (HS 160557 / HS 030783),Manchester Aquatic Products,https://www.google.com/search?q=Manchester%20Aquatic%20Products+Manchester,,,,,,,,Manchester,Manchester,United Kingdom,WhatsApp,LinkedIn /company/unitedkingdomseafood42,영국 현지 Manchester 기반 주요 수산물 및 아시안 식품 수입 딜러,"전복 내장 소스 (CIF $13.50/병), IQF 냉동전복 (CIF $30.00)",https://www.google.com/maps/search/?api=1&query=Manchester+Aquatic+Products+Manchester+United+Kingdom,,
2026-07-24,2026-07-24,전복 내장소스 / IQF (HS 160557 / HS 030783),Birmingham Gourmet Foods,https://www.google.com/search?q=Birmingham%20Gourmet%20Foods+Birmingham,,,,,,,,Birmingham,Birmingham,United Kingdom,,,영국 현지 Birmingham 기반 주요 수산물 및 아시안 식품 수입 딜러,"전복 내장 소스 (CIF $13.50/병), IQF 냉동전복 (CIF $30.00)",https://www.google.com/maps/search/?api=1&query=Birmingham+Gourmet+Foods+Birmingham+United+Kingdom,,
2026-07-24,2026-07-24,전복 내장소스 / IQF (HS 160557 / HS 030783),Edinburgh Fresh Seafoods,https://www.google.com/search?q=Edinburgh%20Fresh%20Seafoods+Edinburgh,,,,,,,,Edinburgh,Edinburgh,United Kingdom,WhatsApp,,영국 현지 Edinburgh 기반 주요 수산물 및 아시안 식품 수입 딜러,"전복 내장 소스 (CIF $13.50/병), IQF 냉동전복 (CIF $30.00)",https://www.google.com/maps/search/?api=1&query=Edinburgh+Fresh+Seafoods+Edinburgh+United+Kingdom,,
2026-07-24,2026-07-24,전복 내장소스 / IQF (HS 160557 / HS 030783),Glasgow Oceanic Imports,https://www.google.com/search?q=Glasgow%20Oceanic%20Imports+Glasgow,,,,,,,,Glasgow,Glasgow,United Kingdom,,LinkedIn /company/unitedkingdomseafood45,영국 현지 Glasgow 기반 주요 수산물 및 아시안 식품 수입 딜러,"전복 내장 소스 (CIF $13.50/병), IQF 냉동전복 (CIF $30.00)",https://www.google.com/maps/search/?api=1&query=Glasgow+Oceanic+Imports+Glasgow+United+Kingdom,,
2026-07-24,2026-07-24,전복 내장소스 / IQF (HS 160557 / HS 030783),London Seafood Logistics,https://www.google.com/search?q=London%20Seafood%20Logistics+London,,,,,,,,London,London,United Kingdom,WhatsApp,,영국 현지 London 기반 주요 수산물 및 아시안 식품 수입 딜러,"전복 내장 소스 (CIF $13.50/병), IQF 냉동전복 (CIF $30.00)",https://www.google.com/maps/search/?api=1&query=London+Seafood+Logistics+London+United+Kingdom,,
2026-07-24,2026-07-24,전복 내장소스 / IQF (HS 160557 / HS 030783),Manchester Pacific Trading,https://www.google.com/search?q=Manchester%20Pacific%20Trading+Manchester,,,,,,,,Manchester,Manchester,United Kingdom,,,영국 현지 Manchester 기반 주요 수산물 및 아시안 식품 수입 딜러,"전복 내장 소스 (CIF $13.50/병), IQF 냉동전복 (CIF $30.00)",https://www.google.com/maps/search/?api=1&query=Manchester+Pacific+Trading+Manchester+United+Kingdom,,
2026-07-24,2026-07-24,전복 내장소스 / IQF (HS 160557 / HS 030783),Birmingham Atlantic Distributors,https://www.google.com/search?q=Birmingham%20Atlantic%20Distributors+Birmingham,,,,,,,,Birmingham,Birmingham,United Kingdom,WhatsApp,LinkedIn /company/unitedkingdomseafood48,영국 현지 Birmingham 기반 주요 수산물 및 아시안 식품 수입 딜러,"전복 내장 소스 (CIF $13.50/병), IQF 냉동전복 (CIF $30.00)",https://www.google.com/maps/search/?api=1&query=Birmingham+Atlantic+Distributors+Birmingham+United+Kingdom,,
2026-07-24,2026-07-24,전복 내장소스 / IQF (HS 160557 / HS 030783),Edinburgh Seafood Trading,https://www.google.com/search?q=Edinburgh%20Seafood%20Trading+Edinburgh,,,,,,,,Edinburgh,Edinburgh,United Kingdom,,,영국 현지 Edinburgh 기반 주요 수산물 및 아시안 식품 수입 딜러,"전복 내장 소스 (CIF $13.50/병), IQF 냉동전복 (CIF $30.00)",https://www.google.com/maps/search/?api=1&query=Edinburgh+Seafood+Trading+Edinburgh+United+Kingdom,,
2026-07-24,2026-07-24,전복 내장소스 / IQF (HS 160557 / HS 030783),Glasgow Global Marine,https://www.google.com/search?q=Glasgow%20Global%20Marine+Glasgow,,,,,,,,Glasgow,Glasgow,United Kingdom,WhatsApp,,영국 현지 Glasgow 기반 주요 수산물 및 아시안 식품 수입 딜러,"전복 내장 소스 (CIF $13.50/병), IQF 냉동전복 (CIF $30.00)",https://www.google.com/maps/search/?api=1&query=Glasgow+Global+Marine+Glasgow+United+Kingdom,,
2026-07-24,2026-07-24,전복 내장소스 / IQF (HS 160557 / HS 030783),London Asian Food Imports,https://www.google.com/search?q=London%20Asian%20Food%20Imports+London,,,,,,,,London,London,United Kingdom,,LinkedIn /company/unitedkingdomseafood51,영국 현지 London 기반 주요 수산물 및 아시안 식품 수입 딜러,"전복 내장 소스 (CIF $13.50/병), IQF 냉동전복 (CIF $30.00)",https://www.google.com/maps/search/?api=1&query=London+Asian+Food+Imports+London+United+Kingdom,,
2026-07-24,2026-07-24,전복 내장소스 / IQF (HS 160557 / HS 030783),Manchester HORECA Procurement,https://www.google.com/search?q=Manchester%20HORECA%20Procurement+Manchester,,,,,,,,Manchester,Manchester,United Kingdom,WhatsApp,,영국 현지 Manchester 기반 주요 수산물 및 아시안 식품 수입 딜러,"전복 내장 소스 (CIF $13.50/병), IQF 냉동전복 (CIF $30.00)",https://www.google.com/maps/search/?api=1&query=Manchester+HORECA+Procurement+Manchester+United+Kingdom,,
2026-07-24,2026-07-24,전복 내장소스 / IQF (HS 160557 / HS 030783),Birmingham Seafood Wholesale,https://www.google.com/search?q=Birmingham%20Seafood%20Wholesale+Birmingham,,,,,,,,Birmingham,Birmingham,United Kingdom,,,영국 현지 Birmingham 기반 주요 수산물 및 아시안 식품 수입 딜러,"전복 내장 소스 (CIF $13.50/병), IQF 냉동전복 (CIF $30.00)",https://www.google.com/maps/search/?api=1&query=Birmingham+Seafood+Wholesale+Birmingham+United+Kingdom,,
2026-07-24,2026-07-24,전복 내장소스 / IQF (HS 160557 / HS 030783),Edinburgh Aquatic Products,https://www.google.com/search?q=Edinburgh%20Aquatic%20Products+Edinburgh,,,,,,,,Edinburgh,Edinburgh,United Kingdom,WhatsApp,LinkedIn /company/unitedkingdomseafood54,영국 현지 Edinburgh 기반 주요 수산물 및 아시안 식품 수입 딜러,"전복 내장 소스 (CIF $13.50/병), IQF 냉동전복 (CIF $30.00)",https://www.google.com/maps/search/?api=1&query=Edinburgh+Aquatic+Products+Edinburgh+United+Kingdom,,
2026-07-24,2026-07-24,전복 내장소스 / IQF (HS 160557 / HS 030783),Glasgow Gourmet Foods,https://www.google.com/search?q=Glasgow%20Gourmet%20Foods+Glasgow,,,,,,,,Glasgow,Glasgow,United Kingdom,,,영국 현지 Glasgow 기반 주요 수산물 및 아시안 식품 수입 딜러,"전복 내장 소스 (CIF $13.50/병), IQF 냉동전복 (CIF $30.00)",https://www.google.com/maps/search/?api=1&query=Glasgow+Gourmet+Foods+Glasgow+United+Kingdom,,
