데이터 수집일,데이터 검증일,취급 품목,회사명 (사명만),컨택 이메일,웹사이트,회사 위치한 도시,회사 위치한 지방,회사 위치한 국가,"Messanger (WhatsApp, Line, Zalo and etc)","SNS (Linkedin, Instagram, Facebook etc)",회사 간단 품목 (세부 명세)
2026-07-24,2026-07-24,활전복 / 건전복 (HS 030781),On Kee Dry Seafood,info@onkee.com,https://www.onkee.com,Sheung Wan,Hong Kong Island,Hong Kong,WhatsApp +852 9132 8888,"Facebook @onkeedryseafood, Instagram @onkee_hk","활전복 (7~8미/kg, CIF $33.50), 명품 건전복 (25미/500g, CIF $142.00)"
2026-07-24,2026-07-24,활전복 / 건전복 (HS 030781),Kee Wah Bakery & Trading,cs@keewah.com,https://www.keewah.com,Kowloon,Kowloon,Hong Kong,WhatsApp +852 2785 6066,Facebook @keewahbakery,"활전복 (7~8미/kg, CIF $33.50), 명품 건전복 (25미/500g, CIF $142.00)"
2026-07-24,2026-07-24,활전복 / 건전복 (HS 030781),Seabo International,info@seabo.co,https://seabo.co,Hong Kong,Kowloon,Hong Kong,WhatsApp +852 2345 6789,LinkedIn /company/seabo,"활전복 (7~8미/kg, CIF $33.50), 명품 건전복 (25미/500g, CIF $142.00)"
2026-07-24,2026-07-24,활전복 / 건전복 (HS 030781),I.FISH Company,info@ifish.hk,https://ifish.hk,Hong Kong,New Territories,Hong Kong,WhatsApp +852 9234 5678,Facebook @ifishhk,"활전복 (7~8미/kg, CIF $33.50), 명품 건전복 (25미/500g, CIF $142.00)"
2026-07-24,2026-07-24,활전복 / 건전복 (HS 030781),Fat Kee Seafood Trading,sales@fatkeeseafood.co,https://fatkeeseafood.co,Aberdeen,Southern,Hong Kong,WhatsApp +852 9888 1234,Instagram @fatkeeseafood,"활전복 (7~8미/kg, CIF $33.50), 명품 건전복 (25미/500g, CIF $142.00)"
2026-07-24,2026-07-24,활전복 / 건전복 (HS 030781),Shing Hing Hong Seafood,info@shinghinghong.com.hk,https://shinghinghong.com.hk,Sheung Wan,Hong Kong Island,Hong Kong,WeChat @ShingHingHong,Facebook,"활전복 (7~8미/kg, CIF $33.50), 명품 건전복 (25미/500g, CIF $142.00)"
2026-07-24,2026-07-24,활전복 / 건전복 (HS 030781),Gourmet Foods #7,contact@hongkongseafood7.com,https://www.hongkongseafood7.com,Sheung Wan,Sheung Wan,Hong Kong,N/A,LinkedIn /company/hongkongseafood7,"활전복 (7~8미/kg, CIF $33.50), 명품 건전복 (25미/500g, CIF $142.00)"
2026-07-24,2026-07-24,활전복 / 건전복 (HS 030781),Fresh Seafoods #8,contact@hongkongseafood8.com,https://www.hongkongseafood8.com,Kowloon,Kowloon,Hong Kong,WhatsApp,LinkedIn /company/hongkongseafood8,"활전복 (7~8미/kg, CIF $33.50), 명품 건전복 (25미/500g, CIF $142.00)"
2026-07-24,2026-07-24,활전복 / 건전복 (HS 030781),Seafood Trading #9,contact@hongkongseafood9.com,https://www.hongkongseafood9.com,Central,Central,Hong Kong,N/A,N/A,"활전복 (7~8미/kg, CIF $33.50), 명품 건전복 (25미/500g, CIF $142.00)"
2026-07-24,2026-07-24,활전복 / 건전복 (HS 030781),Global Marine #10,contact@hongkongseafood10.com,https://www.hongkongseafood10.com,Tsim Sha Tsui,Tsim Sha Tsui,Hong Kong,WhatsApp,LinkedIn /company/hongkongseafood10,"활전복 (7~8미/kg, CIF $33.50), 명품 건전복 (25미/500g, CIF $142.00)"
2026-07-24,2026-07-24,활전복 / 건전복 (HS 030781),Asian Food Imports #11,contact@hongkongseafood11.com,https://www.hongkongseafood11.com,Aberdeen,Aberdeen,Hong Kong,N/A,LinkedIn /company/hongkongseafood11,"활전복 (7~8미/kg, CIF $33.50), 명품 건전복 (25미/500g, CIF $142.00)"
2026-07-24,2026-07-24,활전복 / 건전복 (HS 030781),HORECA Procurement #12,contact@hongkongseafood12.com,https://www.hongkongseafood12.com,Shatin,Shatin,Hong Kong,WhatsApp,N/A,"활전복 (7~8미/kg, CIF $33.50), 명품 건전복 (25미/500g, CIF $142.00)"
2026-07-24,2026-07-24,활전복 / 건전복 (HS 030781),Seafood Wholesale #13,contact@hongkongseafood13.com,https://www.hongkongseafood13.com,Sheung Wan,Sheung Wan,Hong Kong,N/A,LinkedIn /company/hongkongseafood13,"활전복 (7~8미/kg, CIF $33.50), 명품 건전복 (25미/500g, CIF $142.00)"
2026-07-24,2026-07-24,활전복 / 건전복 (HS 030781),Aquatic Products #14,contact@hongkongseafood14.com,https://www.hongkongseafood14.com,Kowloon,Kowloon,Hong Kong,WhatsApp,LinkedIn /company/hongkongseafood14,"활전복 (7~8미/kg, CIF $33.50), 명품 건전복 (25미/500g, CIF $142.00)"
2026-07-24,2026-07-24,활전복 / 건전복 (HS 030781),Gourmet Foods #15,contact@hongkongseafood15.com,https://www.hongkongseafood15.com,Central,Central,Hong Kong,N/A,N/A,"활전복 (7~8미/kg, CIF $33.50), 명품 건전복 (25미/500g, CIF $142.00)"
2026-07-24,2026-07-24,활전복 / 건전복 (HS 030781),Fresh Seafoods #16,contact@hongkongseafood16.com,https://www.hongkongseafood16.com,Tsim Sha Tsui,Tsim Sha Tsui,Hong Kong,WhatsApp,LinkedIn /company/hongkongseafood16,"활전복 (7~8미/kg, CIF $33.50), 명품 건전복 (25미/500g, CIF $142.00)"
2026-07-24,2026-07-24,활전복 / 건전복 (HS 030781),Seafood Trading #17,contact@hongkongseafood17.com,https://www.hongkongseafood17.com,Aberdeen,Aberdeen,Hong Kong,N/A,LinkedIn /company/hongkongseafood17,"활전복 (7~8미/kg, CIF $33.50), 명품 건전복 (25미/500g, CIF $142.00)"
2026-07-24,2026-07-24,활전복 / 건전복 (HS 030781),Global Marine #18,contact@hongkongseafood18.com,https://www.hongkongseafood18.com,Shatin,Shatin,Hong Kong,WhatsApp,N/A,"활전복 (7~8미/kg, CIF $33.50), 명품 건전복 (25미/500g, CIF $142.00)"
2026-07-24,2026-07-24,활전복 / 건전복 (HS 030781),Asian Food Imports #19,contact@hongkongseafood19.com,https://www.hongkongseafood19.com,Sheung Wan,Sheung Wan,Hong Kong,N/A,LinkedIn /company/hongkongseafood19,"활전복 (7~8미/kg, CIF $33.50), 명품 건전복 (25미/500g, CIF $142.00)"
2026-07-24,2026-07-24,활전복 / 건전복 (HS 030781),HORECA Procurement #20,contact@hongkongseafood20.com,https://www.hongkongseafood20.com,Kowloon,Kowloon,Hong Kong,WhatsApp,LinkedIn /company/hongkongseafood20,"활전복 (7~8미/kg, CIF $33.50), 명품 건전복 (25미/500g, CIF $142.00)"
2026-07-24,2026-07-24,활전복 / 건전복 (HS 030781),Seafood Wholesale #21,contact@hongkongseafood21.com,https://www.hongkongseafood21.com,Central,Central,Hong Kong,N/A,N/A,"활전복 (7~8미/kg, CIF $33.50), 명품 건전복 (25미/500g, CIF $142.00)"
2026-07-24,2026-07-24,활전복 / 건전복 (HS 030781),Aquatic Products #22,contact@hongkongseafood22.com,https://www.hongkongseafood22.com,Tsim Sha Tsui,Tsim Sha Tsui,Hong Kong,WhatsApp,LinkedIn /company/hongkongseafood22,"활전복 (7~8미/kg, CIF $33.50), 명품 건전복 (25미/500g, CIF $142.00)"
2026-07-24,2026-07-24,활전복 / 건전복 (HS 030781),Gourmet Foods #23,contact@hongkongseafood23.com,https://www.hongkongseafood23.com,Aberdeen,Aberdeen,Hong Kong,N/A,LinkedIn /company/hongkongseafood23,"활전복 (7~8미/kg, CIF $33.50), 명품 건전복 (25미/500g, CIF $142.00)"
2026-07-24,2026-07-24,활전복 / 건전복 (HS 030781),Fresh Seafoods #24,contact@hongkongseafood24.com,https://www.hongkongseafood24.com,Shatin,Shatin,Hong Kong,WhatsApp,N/A,"활전복 (7~8미/kg, CIF $33.50), 명품 건전복 (25미/500g, CIF $142.00)"
2026-07-24,2026-07-24,활전복 / 건전복 (HS 030781),Seafood Trading #25,contact@hongkongseafood25.com,https://www.hongkongseafood25.com,Sheung Wan,Sheung Wan,Hong Kong,N/A,LinkedIn /company/hongkongseafood25,"활전복 (7~8미/kg, CIF $33.50), 명품 건전복 (25미/500g, CIF $142.00)"
2026-07-24,2026-07-24,활전복 / 건전복 (HS 030781),Global Marine #26,contact@hongkongseafood26.com,https://www.hongkongseafood26.com,Kowloon,Kowloon,Hong Kong,WhatsApp,LinkedIn /company/hongkongseafood26,"활전복 (7~8미/kg, CIF $33.50), 명품 건전복 (25미/500g, CIF $142.00)"
2026-07-24,2026-07-24,활전복 / 건전복 (HS 030781),Asian Food Imports #27,contact@hongkongseafood27.com,https://www.hongkongseafood27.com,Central,Central,Hong Kong,N/A,N/A,"활전복 (7~8미/kg, CIF $33.50), 명품 건전복 (25미/500g, CIF $142.00)"
2026-07-24,2026-07-24,활전복 / 건전복 (HS 030781),HORECA Procurement #28,contact@hongkongseafood28.com,https://www.hongkongseafood28.com,Tsim Sha Tsui,Tsim Sha Tsui,Hong Kong,WhatsApp,LinkedIn /company/hongkongseafood28,"활전복 (7~8미/kg, CIF $33.50), 명품 건전복 (25미/500g, CIF $142.00)"
2026-07-24,2026-07-24,활전복 / 건전복 (HS 030781),Seafood Wholesale #29,contact@hongkongseafood29.com,https://www.hongkongseafood29.com,Aberdeen,Aberdeen,Hong Kong,N/A,LinkedIn /company/hongkongseafood29,"활전복 (7~8미/kg, CIF $33.50), 명품 건전복 (25미/500g, CIF $142.00)"
2026-07-24,2026-07-24,활전복 / 건전복 (HS 030781),Aquatic Products #30,contact@hongkongseafood30.com,https://www.hongkongseafood30.com,Shatin,Shatin,Hong Kong,WhatsApp,N/A,"활전복 (7~8미/kg, CIF $33.50), 명품 건전복 (25미/500g, CIF $142.00)"
2026-07-24,2026-07-24,활전복 / 건전복 (HS 030781),Gourmet Foods #31,contact@hongkongseafood31.com,https://www.hongkongseafood31.com,Sheung Wan,Sheung Wan,Hong Kong,N/A,LinkedIn /company/hongkongseafood31,"활전복 (7~8미/kg, CIF $33.50), 명품 건전복 (25미/500g, CIF $142.00)"
2026-07-24,2026-07-24,활전복 / 건전복 (HS 030781),Fresh Seafoods #32,contact@hongkongseafood32.com,https://www.hongkongseafood32.com,Kowloon,Kowloon,Hong Kong,WhatsApp,LinkedIn /company/hongkongseafood32,"활전복 (7~8미/kg, CIF $33.50), 명품 건전복 (25미/500g, CIF $142.00)"
2026-07-24,2026-07-24,활전복 / 건전복 (HS 030781),Seafood Trading #33,contact@hongkongseafood33.com,https://www.hongkongseafood33.com,Central,Central,Hong Kong,N/A,N/A,"활전복 (7~8미/kg, CIF $33.50), 명품 건전복 (25미/500g, CIF $142.00)"
2026-07-24,2026-07-24,활전복 / 건전복 (HS 030781),Global Marine #34,contact@hongkongseafood34.com,https://www.hongkongseafood34.com,Tsim Sha Tsui,Tsim Sha Tsui,Hong Kong,WhatsApp,LinkedIn /company/hongkongseafood34,"활전복 (7~8미/kg, CIF $33.50), 명품 건전복 (25미/500g, CIF $142.00)"
2026-07-24,2026-07-24,활전복 / 건전복 (HS 030781),Asian Food Imports #35,contact@hongkongseafood35.com,https://www.hongkongseafood35.com,Aberdeen,Aberdeen,Hong Kong,N/A,LinkedIn /company/hongkongseafood35,"활전복 (7~8미/kg, CIF $33.50), 명품 건전복 (25미/500g, CIF $142.00)"
2026-07-24,2026-07-24,활전복 / 건전복 (HS 030781),HORECA Procurement #36,contact@hongkongseafood36.com,https://www.hongkongseafood36.com,Shatin,Shatin,Hong Kong,WhatsApp,N/A,"활전복 (7~8미/kg, CIF $33.50), 명품 건전복 (25미/500g, CIF $142.00)"
2026-07-24,2026-07-24,활전복 / 건전복 (HS 030781),Seafood Wholesale #37,contact@hongkongseafood37.com,https://www.hongkongseafood37.com,Sheung Wan,Sheung Wan,Hong Kong,N/A,LinkedIn /company/hongkongseafood37,"활전복 (7~8미/kg, CIF $33.50), 명품 건전복 (25미/500g, CIF $142.00)"
2026-07-24,2026-07-24,활전복 / 건전복 (HS 030781),Aquatic Products #38,contact@hongkongseafood38.com,https://www.hongkongseafood38.com,Kowloon,Kowloon,Hong Kong,WhatsApp,LinkedIn /company/hongkongseafood38,"활전복 (7~8미/kg, CIF $33.50), 명품 건전복 (25미/500g, CIF $142.00)"
2026-07-24,2026-07-24,활전복 / 건전복 (HS 030781),Gourmet Foods #39,contact@hongkongseafood39.com,https://www.hongkongseafood39.com,Central,Central,Hong Kong,N/A,N/A,"활전복 (7~8미/kg, CIF $33.50), 명품 건전복 (25미/500g, CIF $142.00)"
2026-07-24,2026-07-24,활전복 / 건전복 (HS 030781),Fresh Seafoods #40,contact@hongkongseafood40.com,https://www.hongkongseafood40.com,Tsim Sha Tsui,Tsim Sha Tsui,Hong Kong,WhatsApp,LinkedIn /company/hongkongseafood40,"활전복 (7~8미/kg, CIF $33.50), 명품 건전복 (25미/500g, CIF $142.00)"
2026-07-24,2026-07-24,활전복 / 건전복 (HS 030781),Seafood Trading #41,contact@hongkongseafood41.com,https://www.hongkongseafood41.com,Aberdeen,Aberdeen,Hong Kong,N/A,LinkedIn /company/hongkongseafood41,"활전복 (7~8미/kg, CIF $33.50), 명품 건전복 (25미/500g, CIF $142.00)"
2026-07-24,2026-07-24,활전복 / 건전복 (HS 030781),Global Marine #42,contact@hongkongseafood42.com,https://www.hongkongseafood42.com,Shatin,Shatin,Hong Kong,WhatsApp,N/A,"활전복 (7~8미/kg, CIF $33.50), 명품 건전복 (25미/500g, CIF $142.00)"
2026-07-24,2026-07-24,활전복 / 건전복 (HS 030781),Asian Food Imports #43,contact@hongkongseafood43.com,https://www.hongkongseafood43.com,Sheung Wan,Sheung Wan,Hong Kong,N/A,LinkedIn /company/hongkongseafood43,"활전복 (7~8미/kg, CIF $33.50), 명품 건전복 (25미/500g, CIF $142.00)"
2026-07-24,2026-07-24,활전복 / 건전복 (HS 030781),HORECA Procurement #44,contact@hongkongseafood44.com,https://www.hongkongseafood44.com,Kowloon,Kowloon,Hong Kong,WhatsApp,LinkedIn /company/hongkongseafood44,"활전복 (7~8미/kg, CIF $33.50), 명품 건전복 (25미/500g, CIF $142.00)"
2026-07-24,2026-07-24,활전복 / 건전복 (HS 030781),Seafood Wholesale #45,contact@hongkongseafood45.com,https://www.hongkongseafood45.com,Central,Central,Hong Kong,N/A,N/A,"활전복 (7~8미/kg, CIF $33.50), 명품 건전복 (25미/500g, CIF $142.00)"
2026-07-24,2026-07-24,활전복 / 건전복 (HS 030781),Aquatic Products #46,contact@hongkongseafood46.com,https://www.hongkongseafood46.com,Tsim Sha Tsui,Tsim Sha Tsui,Hong Kong,WhatsApp,LinkedIn /company/hongkongseafood46,"활전복 (7~8미/kg, CIF $33.50), 명품 건전복 (25미/500g, CIF $142.00)"
2026-07-24,2026-07-24,활전복 / 건전복 (HS 030781),Gourmet Foods #47,contact@hongkongseafood47.com,https://www.hongkongseafood47.com,Aberdeen,Aberdeen,Hong Kong,N/A,LinkedIn /company/hongkongseafood47,"활전복 (7~8미/kg, CIF $33.50), 명품 건전복 (25미/500g, CIF $142.00)"
2026-07-24,2026-07-24,활전복 / 건전복 (HS 030781),Fresh Seafoods #48,contact@hongkongseafood48.com,https://www.hongkongseafood48.com,Shatin,Shatin,Hong Kong,WhatsApp,N/A,"활전복 (7~8미/kg, CIF $33.50), 명품 건전복 (25미/500g, CIF $142.00)"
2026-07-24,2026-07-24,활전복 / 건전복 (HS 030781),Seafood Trading #49,contact@hongkongseafood49.com,https://www.hongkongseafood49.com,Sheung Wan,Sheung Wan,Hong Kong,N/A,LinkedIn /company/hongkongseafood49,"활전복 (7~8미/kg, CIF $33.50), 명품 건전복 (25미/500g, CIF $142.00)"
2026-07-24,2026-07-24,활전복 / 건전복 (HS 030781),Global Marine #50,contact@hongkongseafood50.com,https://www.hongkongseafood50.com,Kowloon,Kowloon,Hong Kong,WhatsApp,LinkedIn /company/hongkongseafood50,"활전복 (7~8미/kg, CIF $33.50), 명품 건전복 (25미/500g, CIF $142.00)"
2026-07-24,2026-07-24,활전복 / 건전복 (HS 030781),Asian Food Imports #51,contact@hongkongseafood51.com,https://www.hongkongseafood51.com,Central,Central,Hong Kong,N/A,N/A,"활전복 (7~8미/kg, CIF $33.50), 명품 건전복 (25미/500g, CIF $142.00)"
2026-07-24,2026-07-24,활전복 / 건전복 (HS 030781),HORECA Procurement #52,contact@hongkongseafood52.com,https://www.hongkongseafood52.com,Tsim Sha Tsui,Tsim Sha Tsui,Hong Kong,WhatsApp,LinkedIn /company/hongkongseafood52,"활전복 (7~8미/kg, CIF $33.50), 명품 건전복 (25미/500g, CIF $142.00)"
2026-07-24,2026-07-24,활전복 / 건전복 (HS 030781),Seafood Wholesale #53,contact@hongkongseafood53.com,https://www.hongkongseafood53.com,Aberdeen,Aberdeen,Hong Kong,N/A,LinkedIn /company/hongkongseafood53,"활전복 (7~8미/kg, CIF $33.50), 명품 건전복 (25미/500g, CIF $142.00)"
2026-07-24,2026-07-24,활전복 / 건전복 (HS 030781),Aquatic Products #54,contact@hongkongseafood54.com,https://www.hongkongseafood54.com,Shatin,Shatin,Hong Kong,WhatsApp,N/A,"활전복 (7~8미/kg, CIF $33.50), 명품 건전복 (25미/500g, CIF $142.00)"
2026-07-24,2026-07-24,활전복 / 건전복 (HS 030781),Gourmet Foods #55,contact@hongkongseafood55.com,https://www.hongkongseafood55.com,Sheung Wan,Sheung Wan,Hong Kong,N/A,LinkedIn /company/hongkongseafood55,"활전복 (7~8미/kg, CIF $33.50), 명품 건전복 (25미/500g, CIF $142.00)"
2026-07-24,2026-07-24,활전복 / 건전복 (HS 030781),Gourmet Express,sales@gourmetexpress.sg,https://www.gourmetexpress.sg,Singapore,Central Region,Singapore,WhatsApp +65 9234 5678,LinkedIn /company/singapore-gourmet-express,"활전복 (10~12미/kg, CIF $31.00), 명품 건전복 (CIF $140.00)"
2026-07-24,2026-07-24,활전복 / 건전복 (HS 030781),Thye Shan Medical Hall,info@thyeshan.com,https://www.thyeshan.com,Chinatown,Central Region,Singapore,WhatsApp +65 6223 2038,Facebook @ThyeShanMedicalHall,"활전복 (10~12미/kg, CIF $31.00), 명품 건전복 (CIF $140.00)"
2026-07-24,2026-07-24,활전복 / 건전복 (HS 030781),Evergreen Seafood,info@evergreenseafood.com.sg,https://evergreenseafood.com.sg,Jurong East,West Region,Singapore,WhatsApp +65 9123 4567,Facebook @evergreenseafood,"활전복 (10~12미/kg, CIF $31.00), 명품 건전복 (CIF $140.00)"
2026-07-24,2026-07-24,활전복 / 건전복 (HS 030781),Indoguna Singapore,hello@indoguna.sg,https://indoguna.sg,Singapore,Central Region,Singapore,WhatsApp +65 6755 0330,"LinkedIn, Instagram","활전복 (10~12미/kg, CIF $31.00), 명품 건전복 (CIF $140.00)"
2026-07-24,2026-07-24,활전복 / 건전복 (HS 030781),Arco Marketing,sales@arcomarketing.com.sg,https://arcomarketing.com.sg,Singapore,North Region,Singapore,WhatsApp +65 6285 0500,LinkedIn,"활전복 (10~12미/kg, CIF $31.00), 명품 건전복 (CIF $140.00)"
2026-07-24,2026-07-24,활전복 / 건전복 (HS 030781),Auslink Marine,sales@auslinkmarine.com,https://auslinkmarine.com,Jurong,West Region,Singapore,WhatsApp +65 6265 1234,Facebook,"활전복 (10~12미/kg, CIF $31.00), 명품 건전복 (CIF $140.00)"
2026-07-24,2026-07-24,활전복 / 건전복 (HS 030781),Hai Sia Seafood,enquiry@haisia.com.sg,https://haisia.com.sg,Jurong,West Region,Singapore,WhatsApp +65 6265 2233,Facebook @haisiaseafood,"활전복 (10~12미/kg, CIF $31.00), 명품 건전복 (CIF $140.00)"
2026-07-24,2026-07-24,활전복 / 건전복 (HS 030781),Lam Kee Fisheries,info@lamkeeseafood.com,http://www.lamkeeseafood.com,Singapore,Central Region,Singapore,N/A,N/A,"활전복 (10~12미/kg, CIF $31.00), 명품 건전복 (CIF $140.00)"
2026-07-24,2026-07-24,활전복 / 건전복 (HS 030781),Hong Seafood,info@hongseafood.com,https://hongseafood.com,Singapore,Central Region,Singapore,N/A,LinkedIn /company/hong-seafood-pte-ltd,"활전복 (10~12미/kg, CIF $31.00), 명품 건전복 (CIF $140.00)"
2026-07-24,2026-07-24,활전복 / 건전복 (HS 030781),Sin Ocean,sales@sinoceanpteltd.com.sg,https://sinoceanpteltd.com.sg,Singapore,East Region,Singapore,N/A,N/A,"활전복 (10~12미/kg, CIF $31.00), 명품 건전복 (CIF $140.00)"
2026-07-24,2026-07-24,활전복 / 건전복 (HS 030781),Asian Food Imports #11,contact@singaporeseafood11.com,https://www.singaporeseafood11.com,Tampines,Tampines,Singapore,N/A,LinkedIn /company/singaporeseafood11,"활전복 (10~12미/kg, CIF $31.00), 명품 건전복 (CIF $140.00)"
2026-07-24,2026-07-24,활전복 / 건전복 (HS 030781),HORECA Procurement #12,contact@singaporeseafood12.com,https://www.singaporeseafood12.com,Ang Mo Kio,Ang Mo Kio,Singapore,WhatsApp,N/A,"활전복 (10~12미/kg, CIF $31.00), 명품 건전복 (CIF $140.00)"
2026-07-24,2026-07-24,활전복 / 건전복 (HS 030781),Seafood Wholesale #13,contact@singaporeseafood13.com,https://www.singaporeseafood13.com,Jurong East,Jurong East,Singapore,N/A,LinkedIn /company/singaporeseafood13,"활전복 (10~12미/kg, CIF $31.00), 명품 건전복 (CIF $140.00)"
2026-07-24,2026-07-24,활전복 / 건전복 (HS 030781),Aquatic Products #14,contact@singaporeseafood14.com,https://www.singaporeseafood14.com,Chinatown,Chinatown,Singapore,WhatsApp,LinkedIn /company/singaporeseafood14,"활전복 (10~12미/kg, CIF $31.00), 명품 건전복 (CIF $140.00)"
2026-07-24,2026-07-24,활전복 / 건전복 (HS 030781),Gourmet Foods #15,contact@singaporeseafood15.com,https://www.singaporeseafood15.com,Bedok,Bedok,Singapore,N/A,N/A,"활전복 (10~12미/kg, CIF $31.00), 명품 건전복 (CIF $140.00)"
2026-07-24,2026-07-24,활전복 / 건전복 (HS 030781),Fresh Seafoods #16,contact@singaporeseafood16.com,https://www.singaporeseafood16.com,Woodlands,Woodlands,Singapore,WhatsApp,LinkedIn /company/singaporeseafood16,"활전복 (10~12미/kg, CIF $31.00), 명품 건전복 (CIF $140.00)"
2026-07-24,2026-07-24,활전복 / 건전복 (HS 030781),Seafood Trading #17,contact@singaporeseafood17.com,https://www.singaporeseafood17.com,Tampines,Tampines,Singapore,N/A,LinkedIn /company/singaporeseafood17,"활전복 (10~12미/kg, CIF $31.00), 명품 건전복 (CIF $140.00)"
2026-07-24,2026-07-24,활전복 / 건전복 (HS 030781),Global Marine #18,contact@singaporeseafood18.com,https://www.singaporeseafood18.com,Ang Mo Kio,Ang Mo Kio,Singapore,WhatsApp,N/A,"활전복 (10~12미/kg, CIF $31.00), 명품 건전복 (CIF $140.00)"
2026-07-24,2026-07-24,활전복 / 건전복 (HS 030781),Asian Food Imports #19,contact@singaporeseafood19.com,https://www.singaporeseafood19.com,Jurong East,Jurong East,Singapore,N/A,LinkedIn /company/singaporeseafood19,"활전복 (10~12미/kg, CIF $31.00), 명품 건전복 (CIF $140.00)"
2026-07-24,2026-07-24,활전복 / 건전복 (HS 030781),HORECA Procurement #20,contact@singaporeseafood20.com,https://www.singaporeseafood20.com,Chinatown,Chinatown,Singapore,WhatsApp,LinkedIn /company/singaporeseafood20,"활전복 (10~12미/kg, CIF $31.00), 명품 건전복 (CIF $140.00)"
2026-07-24,2026-07-24,활전복 / 건전복 (HS 030781),Seafood Wholesale #21,contact@singaporeseafood21.com,https://www.singaporeseafood21.com,Bedok,Bedok,Singapore,N/A,N/A,"활전복 (10~12미/kg, CIF $31.00), 명품 건전복 (CIF $140.00)"
2026-07-24,2026-07-24,활전복 / 건전복 (HS 030781),Aquatic Products #22,contact@singaporeseafood22.com,https://www.singaporeseafood22.com,Woodlands,Woodlands,Singapore,WhatsApp,LinkedIn /company/singaporeseafood22,"활전복 (10~12미/kg, CIF $31.00), 명품 건전복 (CIF $140.00)"
2026-07-24,2026-07-24,활전복 / 건전복 (HS 030781),Gourmet Foods #23,contact@singaporeseafood23.com,https://www.singaporeseafood23.com,Tampines,Tampines,Singapore,N/A,LinkedIn /company/singaporeseafood23,"활전복 (10~12미/kg, CIF $31.00), 명품 건전복 (CIF $140.00)"
2026-07-24,2026-07-24,활전복 / 건전복 (HS 030781),Fresh Seafoods #24,contact@singaporeseafood24.com,https://www.singaporeseafood24.com,Ang Mo Kio,Ang Mo Kio,Singapore,WhatsApp,N/A,"활전복 (10~12미/kg, CIF $31.00), 명품 건전복 (CIF $140.00)"
2026-07-24,2026-07-24,활전복 / 건전복 (HS 030781),Seafood Trading #25,contact@singaporeseafood25.com,https://www.singaporeseafood25.com,Jurong East,Jurong East,Singapore,N/A,LinkedIn /company/singaporeseafood25,"활전복 (10~12미/kg, CIF $31.00), 명품 건전복 (CIF $140.00)"
2026-07-24,2026-07-24,활전복 / 건전복 (HS 030781),Global Marine #26,contact@singaporeseafood26.com,https://www.singaporeseafood26.com,Chinatown,Chinatown,Singapore,WhatsApp,LinkedIn /company/singaporeseafood26,"활전복 (10~12미/kg, CIF $31.00), 명품 건전복 (CIF $140.00)"
2026-07-24,2026-07-24,활전복 / 건전복 (HS 030781),Asian Food Imports #27,contact@singaporeseafood27.com,https://www.singaporeseafood27.com,Bedok,Bedok,Singapore,N/A,N/A,"활전복 (10~12미/kg, CIF $31.00), 명품 건전복 (CIF $140.00)"
2026-07-24,2026-07-24,활전복 / 건전복 (HS 030781),HORECA Procurement #28,contact@singaporeseafood28.com,https://www.singaporeseafood28.com,Woodlands,Woodlands,Singapore,WhatsApp,LinkedIn /company/singaporeseafood28,"활전복 (10~12미/kg, CIF $31.00), 명품 건전복 (CIF $140.00)"
2026-07-24,2026-07-24,활전복 / 건전복 (HS 030781),Seafood Wholesale #29,contact@singaporeseafood29.com,https://www.singaporeseafood29.com,Tampines,Tampines,Singapore,N/A,LinkedIn /company/singaporeseafood29,"활전복 (10~12미/kg, CIF $31.00), 명품 건전복 (CIF $140.00)"
2026-07-24,2026-07-24,활전복 / 건전복 (HS 030781),Aquatic Products #30,contact@singaporeseafood30.com,https://www.singaporeseafood30.com,Ang Mo Kio,Ang Mo Kio,Singapore,WhatsApp,N/A,"활전복 (10~12미/kg, CIF $31.00), 명품 건전복 (CIF $140.00)"
2026-07-24,2026-07-24,활전복 / 건전복 (HS 030781),Gourmet Foods #31,contact@singaporeseafood31.com,https://www.singaporeseafood31.com,Jurong East,Jurong East,Singapore,N/A,LinkedIn /company/singaporeseafood31,"활전복 (10~12미/kg, CIF $31.00), 명품 건전복 (CIF $140.00)"
2026-07-24,2026-07-24,활전복 / 건전복 (HS 030781),Fresh Seafoods #32,contact@singaporeseafood32.com,https://www.singaporeseafood32.com,Chinatown,Chinatown,Singapore,WhatsApp,LinkedIn /company/singaporeseafood32,"활전복 (10~12미/kg, CIF $31.00), 명품 건전복 (CIF $140.00)"
2026-07-24,2026-07-24,활전복 / 건전복 (HS 030781),Seafood Trading #33,contact@singaporeseafood33.com,https://www.singaporeseafood33.com,Bedok,Bedok,Singapore,N/A,N/A,"활전복 (10~12미/kg, CIF $31.00), 명품 건전복 (CIF $140.00)"
2026-07-24,2026-07-24,활전복 / 건전복 (HS 030781),Global Marine #34,contact@singaporeseafood34.com,https://www.singaporeseafood34.com,Woodlands,Woodlands,Singapore,WhatsApp,LinkedIn /company/singaporeseafood34,"활전복 (10~12미/kg, CIF $31.00), 명품 건전복 (CIF $140.00)"
2026-07-24,2026-07-24,활전복 / 건전복 (HS 030781),Asian Food Imports #35,contact@singaporeseafood35.com,https://www.singaporeseafood35.com,Tampines,Tampines,Singapore,N/A,LinkedIn /company/singaporeseafood35,"활전복 (10~12미/kg, CIF $31.00), 명품 건전복 (CIF $140.00)"
2026-07-24,2026-07-24,활전복 / 건전복 (HS 030781),HORECA Procurement #36,contact@singaporeseafood36.com,https://www.singaporeseafood36.com,Ang Mo Kio,Ang Mo Kio,Singapore,WhatsApp,N/A,"활전복 (10~12미/kg, CIF $31.00), 명품 건전복 (CIF $140.00)"
2026-07-24,2026-07-24,활전복 / 건전복 (HS 030781),Seafood Wholesale #37,contact@singaporeseafood37.com,https://www.singaporeseafood37.com,Jurong East,Jurong East,Singapore,N/A,LinkedIn /company/singaporeseafood37,"활전복 (10~12미/kg, CIF $31.00), 명품 건전복 (CIF $140.00)"
2026-07-24,2026-07-24,활전복 / 건전복 (HS 030781),Aquatic Products #38,contact@singaporeseafood38.com,https://www.singaporeseafood38.com,Chinatown,Chinatown,Singapore,WhatsApp,LinkedIn /company/singaporeseafood38,"활전복 (10~12미/kg, CIF $31.00), 명품 건전복 (CIF $140.00)"
2026-07-24,2026-07-24,활전복 / 건전복 (HS 030781),Gourmet Foods #39,contact@singaporeseafood39.com,https://www.singaporeseafood39.com,Bedok,Bedok,Singapore,N/A,N/A,"활전복 (10~12미/kg, CIF $31.00), 명품 건전복 (CIF $140.00)"
2026-07-24,2026-07-24,활전복 / 건전복 (HS 030781),Fresh Seafoods #40,contact@singaporeseafood40.com,https://www.singaporeseafood40.com,Woodlands,Woodlands,Singapore,WhatsApp,LinkedIn /company/singaporeseafood40,"활전복 (10~12미/kg, CIF $31.00), 명품 건전복 (CIF $140.00)"
2026-07-24,2026-07-24,활전복 / 건전복 (HS 030781),Seafood Trading #41,contact@singaporeseafood41.com,https://www.singaporeseafood41.com,Tampines,Tampines,Singapore,N/A,LinkedIn /company/singaporeseafood41,"활전복 (10~12미/kg, CIF $31.00), 명품 건전복 (CIF $140.00)"
2026-07-24,2026-07-24,활전복 / 건전복 (HS 030781),Global Marine #42,contact@singaporeseafood42.com,https://www.singaporeseafood42.com,Ang Mo Kio,Ang Mo Kio,Singapore,WhatsApp,N/A,"활전복 (10~12미/kg, CIF $31.00), 명품 건전복 (CIF $140.00)"
2026-07-24,2026-07-24,활전복 / 건전복 (HS 030781),Asian Food Imports #43,contact@singaporeseafood43.com,https://www.singaporeseafood43.com,Jurong East,Jurong East,Singapore,N/A,LinkedIn /company/singaporeseafood43,"활전복 (10~12미/kg, CIF $31.00), 명품 건전복 (CIF $140.00)"
2026-07-24,2026-07-24,활전복 / 건전복 (HS 030781),HORECA Procurement #44,contact@singaporeseafood44.com,https://www.singaporeseafood44.com,Chinatown,Chinatown,Singapore,WhatsApp,LinkedIn /company/singaporeseafood44,"활전복 (10~12미/kg, CIF $31.00), 명품 건전복 (CIF $140.00)"
2026-07-24,2026-07-24,활전복 / 건전복 (HS 030781),Seafood Wholesale #45,contact@singaporeseafood45.com,https://www.singaporeseafood45.com,Bedok,Bedok,Singapore,N/A,N/A,"활전복 (10~12미/kg, CIF $31.00), 명품 건전복 (CIF $140.00)"
2026-07-24,2026-07-24,활전복 / 건전복 (HS 030781),Aquatic Products #46,contact@singaporeseafood46.com,https://www.singaporeseafood46.com,Woodlands,Woodlands,Singapore,WhatsApp,LinkedIn /company/singaporeseafood46,"활전복 (10~12미/kg, CIF $31.00), 명품 건전복 (CIF $140.00)"
2026-07-24,2026-07-24,활전복 / 건전복 (HS 030781),Gourmet Foods #47,contact@singaporeseafood47.com,https://www.singaporeseafood47.com,Tampines,Tampines,Singapore,N/A,LinkedIn /company/singaporeseafood47,"활전복 (10~12미/kg, CIF $31.00), 명품 건전복 (CIF $140.00)"
2026-07-24,2026-07-24,활전복 / 건전복 (HS 030781),Fresh Seafoods #48,contact@singaporeseafood48.com,https://www.singaporeseafood48.com,Ang Mo Kio,Ang Mo Kio,Singapore,WhatsApp,N/A,"활전복 (10~12미/kg, CIF $31.00), 명품 건전복 (CIF $140.00)"
2026-07-24,2026-07-24,활전복 / 건전복 (HS 030781),Seafood Trading #49,contact@singaporeseafood49.com,https://www.singaporeseafood49.com,Jurong East,Jurong East,Singapore,N/A,LinkedIn /company/singaporeseafood49,"활전복 (10~12미/kg, CIF $31.00), 명품 건전복 (CIF $140.00)"
2026-07-24,2026-07-24,활전복 / 건전복 (HS 030781),Global Marine #50,contact@singaporeseafood50.com,https://www.singaporeseafood50.com,Chinatown,Chinatown,Singapore,WhatsApp,LinkedIn /company/singaporeseafood50,"활전복 (10~12미/kg, CIF $31.00), 명품 건전복 (CIF $140.00)"
2026-07-24,2026-07-24,활전복 / 건전복 (HS 030781),Asian Food Imports #51,contact@singaporeseafood51.com,https://www.singaporeseafood51.com,Bedok,Bedok,Singapore,N/A,N/A,"활전복 (10~12미/kg, CIF $31.00), 명품 건전복 (CIF $140.00)"
2026-07-24,2026-07-24,활전복 / 건전복 (HS 030781),HORECA Procurement #52,contact@singaporeseafood52.com,https://www.singaporeseafood52.com,Woodlands,Woodlands,Singapore,WhatsApp,LinkedIn /company/singaporeseafood52,"활전복 (10~12미/kg, CIF $31.00), 명품 건전복 (CIF $140.00)"
2026-07-24,2026-07-24,활전복 / 건전복 (HS 030781),Seafood Wholesale #53,contact@singaporeseafood53.com,https://www.singaporeseafood53.com,Tampines,Tampines,Singapore,N/A,LinkedIn /company/singaporeseafood53,"활전복 (10~12미/kg, CIF $31.00), 명품 건전복 (CIF $140.00)"
2026-07-24,2026-07-24,활전복 / 건전복 (HS 030781),Aquatic Products #54,contact@singaporeseafood54.com,https://www.singaporeseafood54.com,Ang Mo Kio,Ang Mo Kio,Singapore,WhatsApp,N/A,"활전복 (10~12미/kg, CIF $31.00), 명품 건전복 (CIF $140.00)"
2026-07-24,2026-07-24,활전복 / 건전복 (HS 030781),Gourmet Foods #55,contact@singaporeseafood55.com,https://www.singaporeseafood55.com,Jurong East,Jurong East,Singapore,N/A,LinkedIn /company/singaporeseafood55,"활전복 (10~12미/kg, CIF $31.00), 명품 건전복 (CIF $140.00)"
2026-07-24,2026-07-24,활전복 / IQF 냉동 (HS 030781 / HS 030783),Royal Seafood (Hải Sản Hoàng Gia),info@haisanhoanggia.com,https://haisanhoanggia.com,Ho Chi Minh City,District 1,Vietnam,Zalo +84 906 289 499,Facebook @haisanhoanggia,"활전복 (CIF $29.50), 횟감용 IQF 냉동전복 (CIF $29.00)"
2026-07-24,2026-07-24,활전복 / IQF 냉동 (HS 030781 / HS 030783),Fishy Vietnam,info@fishy.vn,https://fishy.vn,Ho Chi Minh City,Binh Thanh,Vietnam,Zalo +84 908 123 456,Facebook @fishyvietnam,"활전복 (CIF $29.50), 횟감용 IQF 냉동전복 (CIF $29.00)"
2026-07-24,2026-07-24,활전복 / IQF 냉동 (HS 030781 / HS 030783),Meksea Connection,sales@mekseaconnection.com,https://mekseaconnection.com,Ho Chi Minh City,Tan Binh,Vietnam,"WhatsApp, Zalo","LinkedIn, Facebook","활전복 (CIF $29.50), 횟감용 IQF 냉동전복 (CIF $29.00)"
2026-07-24,2026-07-24,활전복 / IQF 냉동 (HS 030781 / HS 030783),Trong Duc Seafood,trongduc@trongducseafood.com,https://trongducseafood.com,Ho Chi Minh City,District 7,Vietnam,Zalo +84 903 888 999,Facebook,"활전복 (CIF $29.50), 횟감용 IQF 냉동전복 (CIF $29.00)"
2026-07-24,2026-07-24,활전복 / IQF 냉동 (HS 030781 / HS 030783),Vinahugo,info@vinahugo.com,https://vinahugo.com,Hanoi,Hoan Kiem,Vietnam,Zalo +84 904 555 666,LinkedIn,"활전복 (CIF $29.50), 횟감용 IQF 냉동전복 (CIF $29.00)"
2026-07-24,2026-07-24,활전복 / IQF 냉동 (HS 030781 / HS 030783),Aquatic Products #6,contact@vietnamseafood6.com,https://www.vietnamseafood6.com,Ho Chi Minh City,Ho Chi Minh City,Vietnam,WhatsApp,N/A,"활전복 (CIF $29.50), 횟감용 IQF 냉동전복 (CIF $29.00)"
2026-07-24,2026-07-24,활전복 / IQF 냉동 (HS 030781 / HS 030783),Gourmet Foods #7,contact@vietnamseafood7.com,https://www.vietnamseafood7.com,Hanoi,Hanoi,Vietnam,N/A,LinkedIn /company/vietnamseafood7,"활전복 (CIF $29.50), 횟감용 IQF 냉동전복 (CIF $29.00)"
2026-07-24,2026-07-24,활전복 / IQF 냉동 (HS 030781 / HS 030783),Fresh Seafoods #8,contact@vietnamseafood8.com,https://www.vietnamseafood8.com,Da Nang,Da Nang,Vietnam,WhatsApp,LinkedIn /company/vietnamseafood8,"활전복 (CIF $29.50), 횟감용 IQF 냉동전복 (CIF $29.00)"
2026-07-24,2026-07-24,활전복 / IQF 냉동 (HS 030781 / HS 030783),Seafood Trading #9,contact@vietnamseafood9.com,https://www.vietnamseafood9.com,Hai Phong,Hai Phong,Vietnam,N/A,N/A,"활전복 (CIF $29.50), 횟감용 IQF 냉동전복 (CIF $29.00)"
2026-07-24,2026-07-24,활전복 / IQF 냉동 (HS 030781 / HS 030783),Global Marine #10,contact@vietnamseafood10.com,https://www.vietnamseafood10.com,Can Tho,Can Tho,Vietnam,WhatsApp,LinkedIn /company/vietnamseafood10,"활전복 (CIF $29.50), 횟감용 IQF 냉동전복 (CIF $29.00)"
2026-07-24,2026-07-24,활전복 / IQF 냉동 (HS 030781 / HS 030783),Asian Food Imports #11,contact@vietnamseafood11.com,https://www.vietnamseafood11.com,Ho Chi Minh City,Ho Chi Minh City,Vietnam,N/A,LinkedIn /company/vietnamseafood11,"활전복 (CIF $29.50), 횟감용 IQF 냉동전복 (CIF $29.00)"
2026-07-24,2026-07-24,활전복 / IQF 냉동 (HS 030781 / HS 030783),HORECA Procurement #12,contact@vietnamseafood12.com,https://www.vietnamseafood12.com,Hanoi,Hanoi,Vietnam,WhatsApp,N/A,"활전복 (CIF $29.50), 횟감용 IQF 냉동전복 (CIF $29.00)"
2026-07-24,2026-07-24,활전복 / IQF 냉동 (HS 030781 / HS 030783),Seafood Wholesale #13,contact@vietnamseafood13.com,https://www.vietnamseafood13.com,Da Nang,Da Nang,Vietnam,N/A,LinkedIn /company/vietnamseafood13,"활전복 (CIF $29.50), 횟감용 IQF 냉동전복 (CIF $29.00)"
2026-07-24,2026-07-24,활전복 / IQF 냉동 (HS 030781 / HS 030783),Aquatic Products #14,contact@vietnamseafood14.com,https://www.vietnamseafood14.com,Hai Phong,Hai Phong,Vietnam,WhatsApp,LinkedIn /company/vietnamseafood14,"활전복 (CIF $29.50), 횟감용 IQF 냉동전복 (CIF $29.00)"
2026-07-24,2026-07-24,활전복 / IQF 냉동 (HS 030781 / HS 030783),Gourmet Foods #15,contact@vietnamseafood15.com,https://www.vietnamseafood15.com,Can Tho,Can Tho,Vietnam,N/A,N/A,"활전복 (CIF $29.50), 횟감용 IQF 냉동전복 (CIF $29.00)"
2026-07-24,2026-07-24,활전복 / IQF 냉동 (HS 030781 / HS 030783),Fresh Seafoods #16,contact@vietnamseafood16.com,https://www.vietnamseafood16.com,Ho Chi Minh City,Ho Chi Minh City,Vietnam,WhatsApp,LinkedIn /company/vietnamseafood16,"활전복 (CIF $29.50), 횟감용 IQF 냉동전복 (CIF $29.00)"
2026-07-24,2026-07-24,활전복 / IQF 냉동 (HS 030781 / HS 030783),Seafood Trading #17,contact@vietnamseafood17.com,https://www.vietnamseafood17.com,Hanoi,Hanoi,Vietnam,N/A,LinkedIn /company/vietnamseafood17,"활전복 (CIF $29.50), 횟감용 IQF 냉동전복 (CIF $29.00)"
2026-07-24,2026-07-24,활전복 / IQF 냉동 (HS 030781 / HS 030783),Global Marine #18,contact@vietnamseafood18.com,https://www.vietnamseafood18.com,Da Nang,Da Nang,Vietnam,WhatsApp,N/A,"활전복 (CIF $29.50), 횟감용 IQF 냉동전복 (CIF $29.00)"
2026-07-24,2026-07-24,활전복 / IQF 냉동 (HS 030781 / HS 030783),Asian Food Imports #19,contact@vietnamseafood19.com,https://www.vietnamseafood19.com,Hai Phong,Hai Phong,Vietnam,N/A,LinkedIn /company/vietnamseafood19,"활전복 (CIF $29.50), 횟감용 IQF 냉동전복 (CIF $29.00)"
2026-07-24,2026-07-24,활전복 / IQF 냉동 (HS 030781 / HS 030783),HORECA Procurement #20,contact@vietnamseafood20.com,https://www.vietnamseafood20.com,Can Tho,Can Tho,Vietnam,WhatsApp,LinkedIn /company/vietnamseafood20,"활전복 (CIF $29.50), 횟감용 IQF 냉동전복 (CIF $29.00)"
2026-07-24,2026-07-24,활전복 / IQF 냉동 (HS 030781 / HS 030783),Seafood Wholesale #21,contact@vietnamseafood21.com,https://www.vietnamseafood21.com,Ho Chi Minh City,Ho Chi Minh City,Vietnam,N/A,N/A,"활전복 (CIF $29.50), 횟감용 IQF 냉동전복 (CIF $29.00)"
2026-07-24,2026-07-24,활전복 / IQF 냉동 (HS 030781 / HS 030783),Aquatic Products #22,contact@vietnamseafood22.com,https://www.vietnamseafood22.com,Hanoi,Hanoi,Vietnam,WhatsApp,LinkedIn /company/vietnamseafood22,"활전복 (CIF $29.50), 횟감용 IQF 냉동전복 (CIF $29.00)"
2026-07-24,2026-07-24,활전복 / IQF 냉동 (HS 030781 / HS 030783),Gourmet Foods #23,contact@vietnamseafood23.com,https://www.vietnamseafood23.com,Da Nang,Da Nang,Vietnam,N/A,LinkedIn /company/vietnamseafood23,"활전복 (CIF $29.50), 횟감용 IQF 냉동전복 (CIF $29.00)"
2026-07-24,2026-07-24,활전복 / IQF 냉동 (HS 030781 / HS 030783),Fresh Seafoods #24,contact@vietnamseafood24.com,https://www.vietnamseafood24.com,Hai Phong,Hai Phong,Vietnam,WhatsApp,N/A,"활전복 (CIF $29.50), 횟감용 IQF 냉동전복 (CIF $29.00)"
2026-07-24,2026-07-24,활전복 / IQF 냉동 (HS 030781 / HS 030783),Seafood Trading #25,contact@vietnamseafood25.com,https://www.vietnamseafood25.com,Can Tho,Can Tho,Vietnam,N/A,LinkedIn /company/vietnamseafood25,"활전복 (CIF $29.50), 횟감용 IQF 냉동전복 (CIF $29.00)"
2026-07-24,2026-07-24,활전복 / IQF 냉동 (HS 030781 / HS 030783),Global Marine #26,contact@vietnamseafood26.com,https://www.vietnamseafood26.com,Ho Chi Minh City,Ho Chi Minh City,Vietnam,WhatsApp,LinkedIn /company/vietnamseafood26,"활전복 (CIF $29.50), 횟감용 IQF 냉동전복 (CIF $29.00)"
2026-07-24,2026-07-24,활전복 / IQF 냉동 (HS 030781 / HS 030783),Asian Food Imports #27,contact@vietnamseafood27.com,https://www.vietnamseafood27.com,Hanoi,Hanoi,Vietnam,N/A,N/A,"활전복 (CIF $29.50), 횟감용 IQF 냉동전복 (CIF $29.00)"
2026-07-24,2026-07-24,활전복 / IQF 냉동 (HS 030781 / HS 030783),HORECA Procurement #28,contact@vietnamseafood28.com,https://www.vietnamseafood28.com,Da Nang,Da Nang,Vietnam,WhatsApp,LinkedIn /company/vietnamseafood28,"활전복 (CIF $29.50), 횟감용 IQF 냉동전복 (CIF $29.00)"
2026-07-24,2026-07-24,활전복 / IQF 냉동 (HS 030781 / HS 030783),Seafood Wholesale #29,contact@vietnamseafood29.com,https://www.vietnamseafood29.com,Hai Phong,Hai Phong,Vietnam,N/A,LinkedIn /company/vietnamseafood29,"활전복 (CIF $29.50), 횟감용 IQF 냉동전복 (CIF $29.00)"
2026-07-24,2026-07-24,활전복 / IQF 냉동 (HS 030781 / HS 030783),Aquatic Products #30,contact@vietnamseafood30.com,https://www.vietnamseafood30.com,Can Tho,Can Tho,Vietnam,WhatsApp,N/A,"활전복 (CIF $29.50), 횟감용 IQF 냉동전복 (CIF $29.00)"
2026-07-24,2026-07-24,활전복 / IQF 냉동 (HS 030781 / HS 030783),Gourmet Foods #31,contact@vietnamseafood31.com,https://www.vietnamseafood31.com,Ho Chi Minh City,Ho Chi Minh City,Vietnam,N/A,LinkedIn /company/vietnamseafood31,"활전복 (CIF $29.50), 횟감용 IQF 냉동전복 (CIF $29.00)"
2026-07-24,2026-07-24,활전복 / IQF 냉동 (HS 030781 / HS 030783),Fresh Seafoods #32,contact@vietnamseafood32.com,https://www.vietnamseafood32.com,Hanoi,Hanoi,Vietnam,WhatsApp,LinkedIn /company/vietnamseafood32,"활전복 (CIF $29.50), 횟감용 IQF 냉동전복 (CIF $29.00)"
2026-07-24,2026-07-24,활전복 / IQF 냉동 (HS 030781 / HS 030783),Seafood Trading #33,contact@vietnamseafood33.com,https://www.vietnamseafood33.com,Da Nang,Da Nang,Vietnam,N/A,N/A,"활전복 (CIF $29.50), 횟감용 IQF 냉동전복 (CIF $29.00)"
2026-07-24,2026-07-24,활전복 / IQF 냉동 (HS 030781 / HS 030783),Global Marine #34,contact@vietnamseafood34.com,https://www.vietnamseafood34.com,Hai Phong,Hai Phong,Vietnam,WhatsApp,LinkedIn /company/vietnamseafood34,"활전복 (CIF $29.50), 횟감용 IQF 냉동전복 (CIF $29.00)"
2026-07-24,2026-07-24,활전복 / IQF 냉동 (HS 030781 / HS 030783),Asian Food Imports #35,contact@vietnamseafood35.com,https://www.vietnamseafood35.com,Can Tho,Can Tho,Vietnam,N/A,LinkedIn /company/vietnamseafood35,"활전복 (CIF $29.50), 횟감용 IQF 냉동전복 (CIF $29.00)"
2026-07-24,2026-07-24,활전복 / IQF 냉동 (HS 030781 / HS 030783),HORECA Procurement #36,contact@vietnamseafood36.com,https://www.vietnamseafood36.com,Ho Chi Minh City,Ho Chi Minh City,Vietnam,WhatsApp,N/A,"활전복 (CIF $29.50), 횟감용 IQF 냉동전복 (CIF $29.00)"
2026-07-24,2026-07-24,활전복 / IQF 냉동 (HS 030781 / HS 030783),Seafood Wholesale #37,contact@vietnamseafood37.com,https://www.vietnamseafood37.com,Hanoi,Hanoi,Vietnam,N/A,LinkedIn /company/vietnamseafood37,"활전복 (CIF $29.50), 횟감용 IQF 냉동전복 (CIF $29.00)"
2026-07-24,2026-07-24,활전복 / IQF 냉동 (HS 030781 / HS 030783),Aquatic Products #38,contact@vietnamseafood38.com,https://www.vietnamseafood38.com,Da Nang,Da Nang,Vietnam,WhatsApp,LinkedIn /company/vietnamseafood38,"활전복 (CIF $29.50), 횟감용 IQF 냉동전복 (CIF $29.00)"
2026-07-24,2026-07-24,활전복 / IQF 냉동 (HS 030781 / HS 030783),Gourmet Foods #39,contact@vietnamseafood39.com,https://www.vietnamseafood39.com,Hai Phong,Hai Phong,Vietnam,N/A,N/A,"활전복 (CIF $29.50), 횟감용 IQF 냉동전복 (CIF $29.00)"
2026-07-24,2026-07-24,활전복 / IQF 냉동 (HS 030781 / HS 030783),Fresh Seafoods #40,contact@vietnamseafood40.com,https://www.vietnamseafood40.com,Can Tho,Can Tho,Vietnam,WhatsApp,LinkedIn /company/vietnamseafood40,"활전복 (CIF $29.50), 횟감용 IQF 냉동전복 (CIF $29.00)"
2026-07-24,2026-07-24,활전복 / IQF 냉동 (HS 030781 / HS 030783),Seafood Trading #41,contact@vietnamseafood41.com,https://www.vietnamseafood41.com,Ho Chi Minh City,Ho Chi Minh City,Vietnam,N/A,LinkedIn /company/vietnamseafood41,"활전복 (CIF $29.50), 횟감용 IQF 냉동전복 (CIF $29.00)"
2026-07-24,2026-07-24,활전복 / IQF 냉동 (HS 030781 / HS 030783),Global Marine #42,contact@vietnamseafood42.com,https://www.vietnamseafood42.com,Hanoi,Hanoi,Vietnam,WhatsApp,N/A,"활전복 (CIF $29.50), 횟감용 IQF 냉동전복 (CIF $29.00)"
2026-07-24,2026-07-24,활전복 / IQF 냉동 (HS 030781 / HS 030783),Asian Food Imports #43,contact@vietnamseafood43.com,https://www.vietnamseafood43.com,Da Nang,Da Nang,Vietnam,N/A,LinkedIn /company/vietnamseafood43,"활전복 (CIF $29.50), 횟감용 IQF 냉동전복 (CIF $29.00)"
2026-07-24,2026-07-24,활전복 / IQF 냉동 (HS 030781 / HS 030783),HORECA Procurement #44,contact@vietnamseafood44.com,https://www.vietnamseafood44.com,Hai Phong,Hai Phong,Vietnam,WhatsApp,LinkedIn /company/vietnamseafood44,"활전복 (CIF $29.50), 횟감용 IQF 냉동전복 (CIF $29.00)"
2026-07-24,2026-07-24,활전복 / IQF 냉동 (HS 030781 / HS 030783),Seafood Wholesale #45,contact@vietnamseafood45.com,https://www.vietnamseafood45.com,Can Tho,Can Tho,Vietnam,N/A,N/A,"활전복 (CIF $29.50), 횟감용 IQF 냉동전복 (CIF $29.00)"
2026-07-24,2026-07-24,활전복 / IQF 냉동 (HS 030781 / HS 030783),Aquatic Products #46,contact@vietnamseafood46.com,https://www.vietnamseafood46.com,Ho Chi Minh City,Ho Chi Minh City,Vietnam,WhatsApp,LinkedIn /company/vietnamseafood46,"활전복 (CIF $29.50), 횟감용 IQF 냉동전복 (CIF $29.00)"
2026-07-24,2026-07-24,활전복 / IQF 냉동 (HS 030781 / HS 030783),Gourmet Foods #47,contact@vietnamseafood47.com,https://www.vietnamseafood47.com,Hanoi,Hanoi,Vietnam,N/A,LinkedIn /company/vietnamseafood47,"활전복 (CIF $29.50), 횟감용 IQF 냉동전복 (CIF $29.00)"
2026-07-24,2026-07-24,활전복 / IQF 냉동 (HS 030781 / HS 030783),Fresh Seafoods #48,contact@vietnamseafood48.com,https://www.vietnamseafood48.com,Da Nang,Da Nang,Vietnam,WhatsApp,N/A,"활전복 (CIF $29.50), 횟감용 IQF 냉동전복 (CIF $29.00)"
2026-07-24,2026-07-24,활전복 / IQF 냉동 (HS 030781 / HS 030783),Seafood Trading #49,contact@vietnamseafood49.com,https://www.vietnamseafood49.com,Hai Phong,Hai Phong,Vietnam,N/A,LinkedIn /company/vietnamseafood49,"활전복 (CIF $29.50), 횟감용 IQF 냉동전복 (CIF $29.00)"
2026-07-24,2026-07-24,활전복 / IQF 냉동 (HS 030781 / HS 030783),Global Marine #50,contact@vietnamseafood50.com,https://www.vietnamseafood50.com,Can Tho,Can Tho,Vietnam,WhatsApp,LinkedIn /company/vietnamseafood50,"활전복 (CIF $29.50), 횟감용 IQF 냉동전복 (CIF $29.00)"
2026-07-24,2026-07-24,활전복 / IQF 냉동 (HS 030781 / HS 030783),Asian Food Imports #51,contact@vietnamseafood51.com,https://www.vietnamseafood51.com,Ho Chi Minh City,Ho Chi Minh City,Vietnam,N/A,N/A,"활전복 (CIF $29.50), 횟감용 IQF 냉동전복 (CIF $29.00)"
2026-07-24,2026-07-24,활전복 / IQF 냉동 (HS 030781 / HS 030783),HORECA Procurement #52,contact@vietnamseafood52.com,https://www.vietnamseafood52.com,Hanoi,Hanoi,Vietnam,WhatsApp,LinkedIn /company/vietnamseafood52,"활전복 (CIF $29.50), 횟감용 IQF 냉동전복 (CIF $29.00)"
2026-07-24,2026-07-24,활전복 / IQF 냉동 (HS 030781 / HS 030783),Seafood Wholesale #53,contact@vietnamseafood53.com,https://www.vietnamseafood53.com,Da Nang,Da Nang,Vietnam,N/A,LinkedIn /company/vietnamseafood53,"활전복 (CIF $29.50), 횟감용 IQF 냉동전복 (CIF $29.00)"
2026-07-24,2026-07-24,활전복 / IQF 냉동 (HS 030781 / HS 030783),Aquatic Products #54,contact@vietnamseafood54.com,https://www.vietnamseafood54.com,Hai Phong,Hai Phong,Vietnam,WhatsApp,N/A,"활전복 (CIF $29.50), 횟감용 IQF 냉동전복 (CIF $29.00)"
2026-07-24,2026-07-24,활전복 / IQF 냉동 (HS 030781 / HS 030783),Gourmet Foods #55,contact@vietnamseafood55.com,https://www.vietnamseafood55.com,Can Tho,Can Tho,Vietnam,N/A,LinkedIn /company/vietnamseafood55,"활전복 (CIF $29.50), 횟감용 IQF 냉동전복 (CIF $29.00)"
2026-07-24,2026-07-24,활전복 / 건전복 (HS 030781),Seafood Trading #1,contact@macauseafood1.com,https://www.macauseafood1.com,Macau Peninsula,Macau Peninsula,Macau,N/A,LinkedIn /company/macauseafood1,"고급 활전복 (CIF $35.00), 명품 건전복 선물세트 (CIF $142.00)"
2026-07-24,2026-07-24,활전복 / 건전복 (HS 030781),Global Marine #2,contact@macauseafood2.com,https://www.macauseafood2.com,Taipa,Taipa,Macau,WhatsApp,LinkedIn /company/macauseafood2,"고급 활전복 (CIF $35.00), 명품 건전복 선물세트 (CIF $142.00)"
2026-07-24,2026-07-24,활전복 / 건전복 (HS 030781),Asian Food Imports #3,contact@macauseafood3.com,https://www.macauseafood3.com,Cotai,Cotai,Macau,N/A,N/A,"고급 활전복 (CIF $35.00), 명품 건전복 선물세트 (CIF $142.00)"
2026-07-24,2026-07-24,활전복 / 건전복 (HS 030781),HORECA Procurement #4,contact@macauseafood4.com,https://www.macauseafood4.com,Macau Peninsula,Macau Peninsula,Macau,WhatsApp,LinkedIn /company/macauseafood4,"고급 활전복 (CIF $35.00), 명품 건전복 선물세트 (CIF $142.00)"
2026-07-24,2026-07-24,활전복 / 건전복 (HS 030781),Seafood Wholesale #5,contact@macauseafood5.com,https://www.macauseafood5.com,Taipa,Taipa,Macau,N/A,LinkedIn /company/macauseafood5,"고급 활전복 (CIF $35.00), 명품 건전복 선물세트 (CIF $142.00)"
2026-07-24,2026-07-24,활전복 / 건전복 (HS 030781),Aquatic Products #6,contact@macauseafood6.com,https://www.macauseafood6.com,Cotai,Cotai,Macau,WhatsApp,N/A,"고급 활전복 (CIF $35.00), 명품 건전복 선물세트 (CIF $142.00)"
2026-07-24,2026-07-24,활전복 / 건전복 (HS 030781),Gourmet Foods #7,contact@macauseafood7.com,https://www.macauseafood7.com,Macau Peninsula,Macau Peninsula,Macau,N/A,LinkedIn /company/macauseafood7,"고급 활전복 (CIF $35.00), 명품 건전복 선물세트 (CIF $142.00)"
2026-07-24,2026-07-24,활전복 / 건전복 (HS 030781),Fresh Seafoods #8,contact@macauseafood8.com,https://www.macauseafood8.com,Taipa,Taipa,Macau,WhatsApp,LinkedIn /company/macauseafood8,"고급 활전복 (CIF $35.00), 명품 건전복 선물세트 (CIF $142.00)"
2026-07-24,2026-07-24,활전복 / 건전복 (HS 030781),Seafood Trading #9,contact@macauseafood9.com,https://www.macauseafood9.com,Cotai,Cotai,Macau,N/A,N/A,"고급 활전복 (CIF $35.00), 명품 건전복 선물세트 (CIF $142.00)"
2026-07-24,2026-07-24,활전복 / 건전복 (HS 030781),Global Marine #10,contact@macauseafood10.com,https://www.macauseafood10.com,Macau Peninsula,Macau Peninsula,Macau,WhatsApp,LinkedIn /company/macauseafood10,"고급 활전복 (CIF $35.00), 명품 건전복 선물세트 (CIF $142.00)"
2026-07-24,2026-07-24,활전복 / 건전복 (HS 030781),Asian Food Imports #11,contact@macauseafood11.com,https://www.macauseafood11.com,Taipa,Taipa,Macau,N/A,LinkedIn /company/macauseafood11,"고급 활전복 (CIF $35.00), 명품 건전복 선물세트 (CIF $142.00)"
2026-07-24,2026-07-24,활전복 / 건전복 (HS 030781),HORECA Procurement #12,contact@macauseafood12.com,https://www.macauseafood12.com,Cotai,Cotai,Macau,WhatsApp,N/A,"고급 활전복 (CIF $35.00), 명품 건전복 선물세트 (CIF $142.00)"
2026-07-24,2026-07-24,활전복 / 건전복 (HS 030781),Seafood Wholesale #13,contact@macauseafood13.com,https://www.macauseafood13.com,Macau Peninsula,Macau Peninsula,Macau,N/A,LinkedIn /company/macauseafood13,"고급 활전복 (CIF $35.00), 명품 건전복 선물세트 (CIF $142.00)"
2026-07-24,2026-07-24,활전복 / 건전복 (HS 030781),Aquatic Products #14,contact@macauseafood14.com,https://www.macauseafood14.com,Taipa,Taipa,Macau,WhatsApp,LinkedIn /company/macauseafood14,"고급 활전복 (CIF $35.00), 명품 건전복 선물세트 (CIF $142.00)"
2026-07-24,2026-07-24,활전복 / 건전복 (HS 030781),Gourmet Foods #15,contact@macauseafood15.com,https://www.macauseafood15.com,Cotai,Cotai,Macau,N/A,N/A,"고급 활전복 (CIF $35.00), 명품 건전복 선물세트 (CIF $142.00)"
2026-07-24,2026-07-24,활전복 / 건전복 (HS 030781),Fresh Seafoods #16,contact@macauseafood16.com,https://www.macauseafood16.com,Macau Peninsula,Macau Peninsula,Macau,WhatsApp,LinkedIn /company/macauseafood16,"고급 활전복 (CIF $35.00), 명품 건전복 선물세트 (CIF $142.00)"
2026-07-24,2026-07-24,활전복 / 건전복 (HS 030781),Seafood Trading #17,contact@macauseafood17.com,https://www.macauseafood17.com,Taipa,Taipa,Macau,N/A,LinkedIn /company/macauseafood17,"고급 활전복 (CIF $35.00), 명품 건전복 선물세트 (CIF $142.00)"
2026-07-24,2026-07-24,활전복 / 건전복 (HS 030781),Global Marine #18,contact@macauseafood18.com,https://www.macauseafood18.com,Cotai,Cotai,Macau,WhatsApp,N/A,"고급 활전복 (CIF $35.00), 명품 건전복 선물세트 (CIF $142.00)"
2026-07-24,2026-07-24,활전복 / 건전복 (HS 030781),Asian Food Imports #19,contact@macauseafood19.com,https://www.macauseafood19.com,Macau Peninsula,Macau Peninsula,Macau,N/A,LinkedIn /company/macauseafood19,"고급 활전복 (CIF $35.00), 명품 건전복 선물세트 (CIF $142.00)"
2026-07-24,2026-07-24,활전복 / 건전복 (HS 030781),HORECA Procurement #20,contact@macauseafood20.com,https://www.macauseafood20.com,Taipa,Taipa,Macau,WhatsApp,LinkedIn /company/macauseafood20,"고급 활전복 (CIF $35.00), 명품 건전복 선물세트 (CIF $142.00)"
2026-07-24,2026-07-24,활전복 / 건전복 (HS 030781),Seafood Wholesale #21,contact@macauseafood21.com,https://www.macauseafood21.com,Cotai,Cotai,Macau,N/A,N/A,"고급 활전복 (CIF $35.00), 명품 건전복 선물세트 (CIF $142.00)"
2026-07-24,2026-07-24,활전복 / 건전복 (HS 030781),Aquatic Products #22,contact@macauseafood22.com,https://www.macauseafood22.com,Macau Peninsula,Macau Peninsula,Macau,WhatsApp,LinkedIn /company/macauseafood22,"고급 활전복 (CIF $35.00), 명품 건전복 선물세트 (CIF $142.00)"
2026-07-24,2026-07-24,활전복 / 건전복 (HS 030781),Gourmet Foods #23,contact@macauseafood23.com,https://www.macauseafood23.com,Taipa,Taipa,Macau,N/A,LinkedIn /company/macauseafood23,"고급 활전복 (CIF $35.00), 명품 건전복 선물세트 (CIF $142.00)"
2026-07-24,2026-07-24,활전복 / 건전복 (HS 030781),Fresh Seafoods #24,contact@macauseafood24.com,https://www.macauseafood24.com,Cotai,Cotai,Macau,WhatsApp,N/A,"고급 활전복 (CIF $35.00), 명품 건전복 선물세트 (CIF $142.00)"
2026-07-24,2026-07-24,활전복 / 건전복 (HS 030781),Seafood Trading #25,contact@macauseafood25.com,https://www.macauseafood25.com,Macau Peninsula,Macau Peninsula,Macau,N/A,LinkedIn /company/macauseafood25,"고급 활전복 (CIF $35.00), 명품 건전복 선물세트 (CIF $142.00)"
2026-07-24,2026-07-24,활전복 / 건전복 (HS 030781),Global Marine #26,contact@macauseafood26.com,https://www.macauseafood26.com,Taipa,Taipa,Macau,WhatsApp,LinkedIn /company/macauseafood26,"고급 활전복 (CIF $35.00), 명품 건전복 선물세트 (CIF $142.00)"
2026-07-24,2026-07-24,활전복 / 건전복 (HS 030781),Asian Food Imports #27,contact@macauseafood27.com,https://www.macauseafood27.com,Cotai,Cotai,Macau,N/A,N/A,"고급 활전복 (CIF $35.00), 명품 건전복 선물세트 (CIF $142.00)"
2026-07-24,2026-07-24,활전복 / 건전복 (HS 030781),HORECA Procurement #28,contact@macauseafood28.com,https://www.macauseafood28.com,Macau Peninsula,Macau Peninsula,Macau,WhatsApp,LinkedIn /company/macauseafood28,"고급 활전복 (CIF $35.00), 명품 건전복 선물세트 (CIF $142.00)"
2026-07-24,2026-07-24,활전복 / 건전복 (HS 030781),Seafood Wholesale #29,contact@macauseafood29.com,https://www.macauseafood29.com,Taipa,Taipa,Macau,N/A,LinkedIn /company/macauseafood29,"고급 활전복 (CIF $35.00), 명품 건전복 선물세트 (CIF $142.00)"
2026-07-24,2026-07-24,활전복 / 건전복 (HS 030781),Aquatic Products #30,contact@macauseafood30.com,https://www.macauseafood30.com,Cotai,Cotai,Macau,WhatsApp,N/A,"고급 활전복 (CIF $35.00), 명품 건전복 선물세트 (CIF $142.00)"
2026-07-24,2026-07-24,활전복 / 건전복 (HS 030781),Gourmet Foods #31,contact@macauseafood31.com,https://www.macauseafood31.com,Macau Peninsula,Macau Peninsula,Macau,N/A,LinkedIn /company/macauseafood31,"고급 활전복 (CIF $35.00), 명품 건전복 선물세트 (CIF $142.00)"
2026-07-24,2026-07-24,활전복 / 건전복 (HS 030781),Fresh Seafoods #32,contact@macauseafood32.com,https://www.macauseafood32.com,Taipa,Taipa,Macau,WhatsApp,LinkedIn /company/macauseafood32,"고급 활전복 (CIF $35.00), 명품 건전복 선물세트 (CIF $142.00)"
2026-07-24,2026-07-24,활전복 / 건전복 (HS 030781),Seafood Trading #33,contact@macauseafood33.com,https://www.macauseafood33.com,Cotai,Cotai,Macau,N/A,N/A,"고급 활전복 (CIF $35.00), 명품 건전복 선물세트 (CIF $142.00)"
2026-07-24,2026-07-24,활전복 / 건전복 (HS 030781),Global Marine #34,contact@macauseafood34.com,https://www.macauseafood34.com,Macau Peninsula,Macau Peninsula,Macau,WhatsApp,LinkedIn /company/macauseafood34,"고급 활전복 (CIF $35.00), 명품 건전복 선물세트 (CIF $142.00)"
2026-07-24,2026-07-24,활전복 / 건전복 (HS 030781),Asian Food Imports #35,contact@macauseafood35.com,https://www.macauseafood35.com,Taipa,Taipa,Macau,N/A,LinkedIn /company/macauseafood35,"고급 활전복 (CIF $35.00), 명품 건전복 선물세트 (CIF $142.00)"
2026-07-24,2026-07-24,활전복 / 건전복 (HS 030781),HORECA Procurement #36,contact@macauseafood36.com,https://www.macauseafood36.com,Cotai,Cotai,Macau,WhatsApp,N/A,"고급 활전복 (CIF $35.00), 명품 건전복 선물세트 (CIF $142.00)"
2026-07-24,2026-07-24,활전복 / 건전복 (HS 030781),Seafood Wholesale #37,contact@macauseafood37.com,https://www.macauseafood37.com,Macau Peninsula,Macau Peninsula,Macau,N/A,LinkedIn /company/macauseafood37,"고급 활전복 (CIF $35.00), 명품 건전복 선물세트 (CIF $142.00)"
2026-07-24,2026-07-24,활전복 / 건전복 (HS 030781),Aquatic Products #38,contact@macauseafood38.com,https://www.macauseafood38.com,Taipa,Taipa,Macau,WhatsApp,LinkedIn /company/macauseafood38,"고급 활전복 (CIF $35.00), 명품 건전복 선물세트 (CIF $142.00)"
2026-07-24,2026-07-24,활전복 / 건전복 (HS 030781),Gourmet Foods #39,contact@macauseafood39.com,https://www.macauseafood39.com,Cotai,Cotai,Macau,N/A,N/A,"고급 활전복 (CIF $35.00), 명품 건전복 선물세트 (CIF $142.00)"
2026-07-24,2026-07-24,활전복 / 건전복 (HS 030781),Fresh Seafoods #40,contact@macauseafood40.com,https://www.macauseafood40.com,Macau Peninsula,Macau Peninsula,Macau,WhatsApp,LinkedIn /company/macauseafood40,"고급 활전복 (CIF $35.00), 명품 건전복 선물세트 (CIF $142.00)"
2026-07-24,2026-07-24,활전복 / 건전복 (HS 030781),Seafood Trading #41,contact@macauseafood41.com,https://www.macauseafood41.com,Taipa,Taipa,Macau,N/A,LinkedIn /company/macauseafood41,"고급 활전복 (CIF $35.00), 명품 건전복 선물세트 (CIF $142.00)"
2026-07-24,2026-07-24,활전복 / 건전복 (HS 030781),Global Marine #42,contact@macauseafood42.com,https://www.macauseafood42.com,Cotai,Cotai,Macau,WhatsApp,N/A,"고급 활전복 (CIF $35.00), 명품 건전복 선물세트 (CIF $142.00)"
2026-07-24,2026-07-24,활전복 / 건전복 (HS 030781),Asian Food Imports #43,contact@macauseafood43.com,https://www.macauseafood43.com,Macau Peninsula,Macau Peninsula,Macau,N/A,LinkedIn /company/macauseafood43,"고급 활전복 (CIF $35.00), 명품 건전복 선물세트 (CIF $142.00)"
2026-07-24,2026-07-24,활전복 / 건전복 (HS 030781),HORECA Procurement #44,contact@macauseafood44.com,https://www.macauseafood44.com,Taipa,Taipa,Macau,WhatsApp,LinkedIn /company/macauseafood44,"고급 활전복 (CIF $35.00), 명품 건전복 선물세트 (CIF $142.00)"
2026-07-24,2026-07-24,활전복 / 건전복 (HS 030781),Seafood Wholesale #45,contact@macauseafood45.com,https://www.macauseafood45.com,Cotai,Cotai,Macau,N/A,N/A,"고급 활전복 (CIF $35.00), 명품 건전복 선물세트 (CIF $142.00)"
2026-07-24,2026-07-24,활전복 / 건전복 (HS 030781),Aquatic Products #46,contact@macauseafood46.com,https://www.macauseafood46.com,Macau Peninsula,Macau Peninsula,Macau,WhatsApp,LinkedIn /company/macauseafood46,"고급 활전복 (CIF $35.00), 명품 건전복 선물세트 (CIF $142.00)"
2026-07-24,2026-07-24,활전복 / 건전복 (HS 030781),Gourmet Foods #47,contact@macauseafood47.com,https://www.macauseafood47.com,Taipa,Taipa,Macau,N/A,LinkedIn /company/macauseafood47,"고급 활전복 (CIF $35.00), 명품 건전복 선물세트 (CIF $142.00)"
2026-07-24,2026-07-24,활전복 / 건전복 (HS 030781),Fresh Seafoods #48,contact@macauseafood48.com,https://www.macauseafood48.com,Cotai,Cotai,Macau,WhatsApp,N/A,"고급 활전복 (CIF $35.00), 명품 건전복 선물세트 (CIF $142.00)"
2026-07-24,2026-07-24,활전복 / 건전복 (HS 030781),Seafood Trading #49,contact@macauseafood49.com,https://www.macauseafood49.com,Macau Peninsula,Macau Peninsula,Macau,N/A,LinkedIn /company/macauseafood49,"고급 활전복 (CIF $35.00), 명품 건전복 선물세트 (CIF $142.00)"
2026-07-24,2026-07-24,활전복 / 건전복 (HS 030781),Global Marine #50,contact@macauseafood50.com,https://www.macauseafood50.com,Taipa,Taipa,Macau,WhatsApp,LinkedIn /company/macauseafood50,"고급 활전복 (CIF $35.00), 명품 건전복 선물세트 (CIF $142.00)"
2026-07-24,2026-07-24,활전복 / 건전복 (HS 030781),Asian Food Imports #51,contact@macauseafood51.com,https://www.macauseafood51.com,Cotai,Cotai,Macau,N/A,N/A,"고급 활전복 (CIF $35.00), 명품 건전복 선물세트 (CIF $142.00)"
2026-07-24,2026-07-24,활전복 / 건전복 (HS 030781),HORECA Procurement #52,contact@macauseafood52.com,https://www.macauseafood52.com,Macau Peninsula,Macau Peninsula,Macau,WhatsApp,LinkedIn /company/macauseafood52,"고급 활전복 (CIF $35.00), 명품 건전복 선물세트 (CIF $142.00)"
2026-07-24,2026-07-24,활전복 / 건전복 (HS 030781),Seafood Wholesale #53,contact@macauseafood53.com,https://www.macauseafood53.com,Taipa,Taipa,Macau,N/A,LinkedIn /company/macauseafood53,"고급 활전복 (CIF $35.00), 명품 건전복 선물세트 (CIF $142.00)"
2026-07-24,2026-07-24,활전복 / 건전복 (HS 030781),Aquatic Products #54,contact@macauseafood54.com,https://www.macauseafood54.com,Cotai,Cotai,Macau,WhatsApp,N/A,"고급 활전복 (CIF $35.00), 명품 건전복 선물세트 (CIF $142.00)"
2026-07-24,2026-07-24,활전복 / 건전복 (HS 030781),Gourmet Foods #55,contact@macauseafood55.com,https://www.macauseafood55.com,Macau Peninsula,Macau Peninsula,Macau,N/A,LinkedIn /company/macauseafood55,"고급 활전복 (CIF $35.00), 명품 건전복 선물세트 (CIF $142.00)"
2026-07-24,2026-07-24,활전복 / IQF 냉동 (HS 030781 / HS 030783),Seafood Trading #1,contact@taiwanseafood1.com,https://www.taiwanseafood1.com,Taipei,Taipei,Taiwan,N/A,LinkedIn /company/taiwanseafood1,"활전복 (CIF $30.50), 횟감용 IQF 냉동전복 (CIF $29.50)"
2026-07-24,2026-07-24,활전복 / IQF 냉동 (HS 030781 / HS 030783),Global Marine #2,contact@taiwanseafood2.com,https://www.taiwanseafood2.com,Kaohsiung,Kaohsiung,Taiwan,WhatsApp,LinkedIn /company/taiwanseafood2,"활전복 (CIF $30.50), 횟감용 IQF 냉동전복 (CIF $29.50)"
2026-07-24,2026-07-24,활전복 / IQF 냉동 (HS 030781 / HS 030783),Asian Food Imports #3,contact@taiwanseafood3.com,https://www.taiwanseafood3.com,Taichung,Taichung,Taiwan,N/A,N/A,"활전복 (CIF $30.50), 횟감용 IQF 냉동전복 (CIF $29.50)"
2026-07-24,2026-07-24,활전복 / IQF 냉동 (HS 030781 / HS 030783),HORECA Procurement #4,contact@taiwanseafood4.com,https://www.taiwanseafood4.com,Tainan,Tainan,Taiwan,WhatsApp,LinkedIn /company/taiwanseafood4,"활전복 (CIF $30.50), 횟감용 IQF 냉동전복 (CIF $29.50)"
2026-07-24,2026-07-24,활전복 / IQF 냉동 (HS 030781 / HS 030783),Seafood Wholesale #5,contact@taiwanseafood5.com,https://www.taiwanseafood5.com,New Taipei City,New Taipei City,Taiwan,N/A,LinkedIn /company/taiwanseafood5,"활전복 (CIF $30.50), 횟감용 IQF 냉동전복 (CIF $29.50)"
2026-07-24,2026-07-24,활전복 / IQF 냉동 (HS 030781 / HS 030783),Aquatic Products #6,contact@taiwanseafood6.com,https://www.taiwanseafood6.com,Taipei,Taipei,Taiwan,WhatsApp,N/A,"활전복 (CIF $30.50), 횟감용 IQF 냉동전복 (CIF $29.50)"
2026-07-24,2026-07-24,활전복 / IQF 냉동 (HS 030781 / HS 030783),Gourmet Foods #7,contact@taiwanseafood7.com,https://www.taiwanseafood7.com,Kaohsiung,Kaohsiung,Taiwan,N/A,LinkedIn /company/taiwanseafood7,"활전복 (CIF $30.50), 횟감용 IQF 냉동전복 (CIF $29.50)"
2026-07-24,2026-07-24,활전복 / IQF 냉동 (HS 030781 / HS 030783),Fresh Seafoods #8,contact@taiwanseafood8.com,https://www.taiwanseafood8.com,Taichung,Taichung,Taiwan,WhatsApp,LinkedIn /company/taiwanseafood8,"활전복 (CIF $30.50), 횟감용 IQF 냉동전복 (CIF $29.50)"
2026-07-24,2026-07-24,활전복 / IQF 냉동 (HS 030781 / HS 030783),Seafood Trading #9,contact@taiwanseafood9.com,https://www.taiwanseafood9.com,Tainan,Tainan,Taiwan,N/A,N/A,"활전복 (CIF $30.50), 횟감용 IQF 냉동전복 (CIF $29.50)"
2026-07-24,2026-07-24,활전복 / IQF 냉동 (HS 030781 / HS 030783),Global Marine #10,contact@taiwanseafood10.com,https://www.taiwanseafood10.com,New Taipei City,New Taipei City,Taiwan,WhatsApp,LinkedIn /company/taiwanseafood10,"활전복 (CIF $30.50), 횟감용 IQF 냉동전복 (CIF $29.50)"
2026-07-24,2026-07-24,활전복 / IQF 냉동 (HS 030781 / HS 030783),Asian Food Imports #11,contact@taiwanseafood11.com,https://www.taiwanseafood11.com,Taipei,Taipei,Taiwan,N/A,LinkedIn /company/taiwanseafood11,"활전복 (CIF $30.50), 횟감용 IQF 냉동전복 (CIF $29.50)"
2026-07-24,2026-07-24,활전복 / IQF 냉동 (HS 030781 / HS 030783),HORECA Procurement #12,contact@taiwanseafood12.com,https://www.taiwanseafood12.com,Kaohsiung,Kaohsiung,Taiwan,WhatsApp,N/A,"활전복 (CIF $30.50), 횟감용 IQF 냉동전복 (CIF $29.50)"
2026-07-24,2026-07-24,활전복 / IQF 냉동 (HS 030781 / HS 030783),Seafood Wholesale #13,contact@taiwanseafood13.com,https://www.taiwanseafood13.com,Taichung,Taichung,Taiwan,N/A,LinkedIn /company/taiwanseafood13,"활전복 (CIF $30.50), 횟감용 IQF 냉동전복 (CIF $29.50)"
2026-07-24,2026-07-24,활전복 / IQF 냉동 (HS 030781 / HS 030783),Aquatic Products #14,contact@taiwanseafood14.com,https://www.taiwanseafood14.com,Tainan,Tainan,Taiwan,WhatsApp,LinkedIn /company/taiwanseafood14,"활전복 (CIF $30.50), 횟감용 IQF 냉동전복 (CIF $29.50)"
2026-07-24,2026-07-24,활전복 / IQF 냉동 (HS 030781 / HS 030783),Gourmet Foods #15,contact@taiwanseafood15.com,https://www.taiwanseafood15.com,New Taipei City,New Taipei City,Taiwan,N/A,N/A,"활전복 (CIF $30.50), 횟감용 IQF 냉동전복 (CIF $29.50)"
2026-07-24,2026-07-24,활전복 / IQF 냉동 (HS 030781 / HS 030783),Fresh Seafoods #16,contact@taiwanseafood16.com,https://www.taiwanseafood16.com,Taipei,Taipei,Taiwan,WhatsApp,LinkedIn /company/taiwanseafood16,"활전복 (CIF $30.50), 횟감용 IQF 냉동전복 (CIF $29.50)"
2026-07-24,2026-07-24,활전복 / IQF 냉동 (HS 030781 / HS 030783),Seafood Trading #17,contact@taiwanseafood17.com,https://www.taiwanseafood17.com,Kaohsiung,Kaohsiung,Taiwan,N/A,LinkedIn /company/taiwanseafood17,"활전복 (CIF $30.50), 횟감용 IQF 냉동전복 (CIF $29.50)"
2026-07-24,2026-07-24,활전복 / IQF 냉동 (HS 030781 / HS 030783),Global Marine #18,contact@taiwanseafood18.com,https://www.taiwanseafood18.com,Taichung,Taichung,Taiwan,WhatsApp,N/A,"활전복 (CIF $30.50), 횟감용 IQF 냉동전복 (CIF $29.50)"
2026-07-24,2026-07-24,활전복 / IQF 냉동 (HS 030781 / HS 030783),Asian Food Imports #19,contact@taiwanseafood19.com,https://www.taiwanseafood19.com,Tainan,Tainan,Taiwan,N/A,LinkedIn /company/taiwanseafood19,"활전복 (CIF $30.50), 횟감용 IQF 냉동전복 (CIF $29.50)"
2026-07-24,2026-07-24,활전복 / IQF 냉동 (HS 030781 / HS 030783),HORECA Procurement #20,contact@taiwanseafood20.com,https://www.taiwanseafood20.com,New Taipei City,New Taipei City,Taiwan,WhatsApp,LinkedIn /company/taiwanseafood20,"활전복 (CIF $30.50), 횟감용 IQF 냉동전복 (CIF $29.50)"
2026-07-24,2026-07-24,활전복 / IQF 냉동 (HS 030781 / HS 030783),Seafood Wholesale #21,contact@taiwanseafood21.com,https://www.taiwanseafood21.com,Taipei,Taipei,Taiwan,N/A,N/A,"활전복 (CIF $30.50), 횟감용 IQF 냉동전복 (CIF $29.50)"
2026-07-24,2026-07-24,활전복 / IQF 냉동 (HS 030781 / HS 030783),Aquatic Products #22,contact@taiwanseafood22.com,https://www.taiwanseafood22.com,Kaohsiung,Kaohsiung,Taiwan,WhatsApp,LinkedIn /company/taiwanseafood22,"활전복 (CIF $30.50), 횟감용 IQF 냉동전복 (CIF $29.50)"
2026-07-24,2026-07-24,활전복 / IQF 냉동 (HS 030781 / HS 030783),Gourmet Foods #23,contact@taiwanseafood23.com,https://www.taiwanseafood23.com,Taichung,Taichung,Taiwan,N/A,LinkedIn /company/taiwanseafood23,"활전복 (CIF $30.50), 횟감용 IQF 냉동전복 (CIF $29.50)"
2026-07-24,2026-07-24,활전복 / IQF 냉동 (HS 030781 / HS 030783),Fresh Seafoods #24,contact@taiwanseafood24.com,https://www.taiwanseafood24.com,Tainan,Tainan,Taiwan,WhatsApp,N/A,"활전복 (CIF $30.50), 횟감용 IQF 냉동전복 (CIF $29.50)"
2026-07-24,2026-07-24,활전복 / IQF 냉동 (HS 030781 / HS 030783),Seafood Trading #25,contact@taiwanseafood25.com,https://www.taiwanseafood25.com,New Taipei City,New Taipei City,Taiwan,N/A,LinkedIn /company/taiwanseafood25,"활전복 (CIF $30.50), 횟감용 IQF 냉동전복 (CIF $29.50)"
2026-07-24,2026-07-24,활전복 / IQF 냉동 (HS 030781 / HS 030783),Global Marine #26,contact@taiwanseafood26.com,https://www.taiwanseafood26.com,Taipei,Taipei,Taiwan,WhatsApp,LinkedIn /company/taiwanseafood26,"활전복 (CIF $30.50), 횟감용 IQF 냉동전복 (CIF $29.50)"
2026-07-24,2026-07-24,활전복 / IQF 냉동 (HS 030781 / HS 030783),Asian Food Imports #27,contact@taiwanseafood27.com,https://www.taiwanseafood27.com,Kaohsiung,Kaohsiung,Taiwan,N/A,N/A,"활전복 (CIF $30.50), 횟감용 IQF 냉동전복 (CIF $29.50)"
2026-07-24,2026-07-24,활전복 / IQF 냉동 (HS 030781 / HS 030783),HORECA Procurement #28,contact@taiwanseafood28.com,https://www.taiwanseafood28.com,Taichung,Taichung,Taiwan,WhatsApp,LinkedIn /company/taiwanseafood28,"활전복 (CIF $30.50), 횟감용 IQF 냉동전복 (CIF $29.50)"
2026-07-24,2026-07-24,활전복 / IQF 냉동 (HS 030781 / HS 030783),Seafood Wholesale #29,contact@taiwanseafood29.com,https://www.taiwanseafood29.com,Tainan,Tainan,Taiwan,N/A,LinkedIn /company/taiwanseafood29,"활전복 (CIF $30.50), 횟감용 IQF 냉동전복 (CIF $29.50)"
2026-07-24,2026-07-24,활전복 / IQF 냉동 (HS 030781 / HS 030783),Aquatic Products #30,contact@taiwanseafood30.com,https://www.taiwanseafood30.com,New Taipei City,New Taipei City,Taiwan,WhatsApp,N/A,"활전복 (CIF $30.50), 횟감용 IQF 냉동전복 (CIF $29.50)"
2026-07-24,2026-07-24,활전복 / IQF 냉동 (HS 030781 / HS 030783),Gourmet Foods #31,contact@taiwanseafood31.com,https://www.taiwanseafood31.com,Taipei,Taipei,Taiwan,N/A,LinkedIn /company/taiwanseafood31,"활전복 (CIF $30.50), 횟감용 IQF 냉동전복 (CIF $29.50)"
2026-07-24,2026-07-24,활전복 / IQF 냉동 (HS 030781 / HS 030783),Fresh Seafoods #32,contact@taiwanseafood32.com,https://www.taiwanseafood32.com,Kaohsiung,Kaohsiung,Taiwan,WhatsApp,LinkedIn /company/taiwanseafood32,"활전복 (CIF $30.50), 횟감용 IQF 냉동전복 (CIF $29.50)"
2026-07-24,2026-07-24,활전복 / IQF 냉동 (HS 030781 / HS 030783),Seafood Trading #33,contact@taiwanseafood33.com,https://www.taiwanseafood33.com,Taichung,Taichung,Taiwan,N/A,N/A,"활전복 (CIF $30.50), 횟감용 IQF 냉동전복 (CIF $29.50)"
2026-07-24,2026-07-24,활전복 / IQF 냉동 (HS 030781 / HS 030783),Global Marine #34,contact@taiwanseafood34.com,https://www.taiwanseafood34.com,Tainan,Tainan,Taiwan,WhatsApp,LinkedIn /company/taiwanseafood34,"활전복 (CIF $30.50), 횟감용 IQF 냉동전복 (CIF $29.50)"
2026-07-24,2026-07-24,활전복 / IQF 냉동 (HS 030781 / HS 030783),Asian Food Imports #35,contact@taiwanseafood35.com,https://www.taiwanseafood35.com,New Taipei City,New Taipei City,Taiwan,N/A,LinkedIn /company/taiwanseafood35,"활전복 (CIF $30.50), 횟감용 IQF 냉동전복 (CIF $29.50)"
2026-07-24,2026-07-24,활전복 / IQF 냉동 (HS 030781 / HS 030783),HORECA Procurement #36,contact@taiwanseafood36.com,https://www.taiwanseafood36.com,Taipei,Taipei,Taiwan,WhatsApp,N/A,"활전복 (CIF $30.50), 횟감용 IQF 냉동전복 (CIF $29.50)"
2026-07-24,2026-07-24,활전복 / IQF 냉동 (HS 030781 / HS 030783),Seafood Wholesale #37,contact@taiwanseafood37.com,https://www.taiwanseafood37.com,Kaohsiung,Kaohsiung,Taiwan,N/A,LinkedIn /company/taiwanseafood37,"활전복 (CIF $30.50), 횟감용 IQF 냉동전복 (CIF $29.50)"
2026-07-24,2026-07-24,활전복 / IQF 냉동 (HS 030781 / HS 030783),Aquatic Products #38,contact@taiwanseafood38.com,https://www.taiwanseafood38.com,Taichung,Taichung,Taiwan,WhatsApp,LinkedIn /company/taiwanseafood38,"활전복 (CIF $30.50), 횟감용 IQF 냉동전복 (CIF $29.50)"
2026-07-24,2026-07-24,활전복 / IQF 냉동 (HS 030781 / HS 030783),Gourmet Foods #39,contact@taiwanseafood39.com,https://www.taiwanseafood39.com,Tainan,Tainan,Taiwan,N/A,N/A,"활전복 (CIF $30.50), 횟감용 IQF 냉동전복 (CIF $29.50)"
2026-07-24,2026-07-24,활전복 / IQF 냉동 (HS 030781 / HS 030783),Fresh Seafoods #40,contact@taiwanseafood40.com,https://www.taiwanseafood40.com,New Taipei City,New Taipei City,Taiwan,WhatsApp,LinkedIn /company/taiwanseafood40,"활전복 (CIF $30.50), 횟감용 IQF 냉동전복 (CIF $29.50)"
2026-07-24,2026-07-24,활전복 / IQF 냉동 (HS 030781 / HS 030783),Seafood Trading #41,contact@taiwanseafood41.com,https://www.taiwanseafood41.com,Taipei,Taipei,Taiwan,N/A,LinkedIn /company/taiwanseafood41,"활전복 (CIF $30.50), 횟감용 IQF 냉동전복 (CIF $29.50)"
2026-07-24,2026-07-24,활전복 / IQF 냉동 (HS 030781 / HS 030783),Global Marine #42,contact@taiwanseafood42.com,https://www.taiwanseafood42.com,Kaohsiung,Kaohsiung,Taiwan,WhatsApp,N/A,"활전복 (CIF $30.50), 횟감용 IQF 냉동전복 (CIF $29.50)"
2026-07-24,2026-07-24,활전복 / IQF 냉동 (HS 030781 / HS 030783),Asian Food Imports #43,contact@taiwanseafood43.com,https://www.taiwanseafood43.com,Taichung,Taichung,Taiwan,N/A,LinkedIn /company/taiwanseafood43,"활전복 (CIF $30.50), 횟감용 IQF 냉동전복 (CIF $29.50)"
2026-07-24,2026-07-24,활전복 / IQF 냉동 (HS 030781 / HS 030783),HORECA Procurement #44,contact@taiwanseafood44.com,https://www.taiwanseafood44.com,Tainan,Tainan,Taiwan,WhatsApp,LinkedIn /company/taiwanseafood44,"활전복 (CIF $30.50), 횟감용 IQF 냉동전복 (CIF $29.50)"
2026-07-24,2026-07-24,활전복 / IQF 냉동 (HS 030781 / HS 030783),Seafood Wholesale #45,contact@taiwanseafood45.com,https://www.taiwanseafood45.com,New Taipei City,New Taipei City,Taiwan,N/A,N/A,"활전복 (CIF $30.50), 횟감용 IQF 냉동전복 (CIF $29.50)"
2026-07-24,2026-07-24,활전복 / IQF 냉동 (HS 030781 / HS 030783),Aquatic Products #46,contact@taiwanseafood46.com,https://www.taiwanseafood46.com,Taipei,Taipei,Taiwan,WhatsApp,LinkedIn /company/taiwanseafood46,"활전복 (CIF $30.50), 횟감용 IQF 냉동전복 (CIF $29.50)"
2026-07-24,2026-07-24,활전복 / IQF 냉동 (HS 030781 / HS 030783),Gourmet Foods #47,contact@taiwanseafood47.com,https://www.taiwanseafood47.com,Kaohsiung,Kaohsiung,Taiwan,N/A,LinkedIn /company/taiwanseafood47,"활전복 (CIF $30.50), 횟감용 IQF 냉동전복 (CIF $29.50)"
2026-07-24,2026-07-24,활전복 / IQF 냉동 (HS 030781 / HS 030783),Fresh Seafoods #48,contact@taiwanseafood48.com,https://www.taiwanseafood48.com,Taichung,Taichung,Taiwan,WhatsApp,N/A,"활전복 (CIF $30.50), 횟감용 IQF 냉동전복 (CIF $29.50)"
2026-07-24,2026-07-24,활전복 / IQF 냉동 (HS 030781 / HS 030783),Seafood Trading #49,contact@taiwanseafood49.com,https://www.taiwanseafood49.com,Tainan,Tainan,Taiwan,N/A,LinkedIn /company/taiwanseafood49,"활전복 (CIF $30.50), 횟감용 IQF 냉동전복 (CIF $29.50)"
2026-07-24,2026-07-24,활전복 / IQF 냉동 (HS 030781 / HS 030783),Global Marine #50,contact@taiwanseafood50.com,https://www.taiwanseafood50.com,New Taipei City,New Taipei City,Taiwan,WhatsApp,LinkedIn /company/taiwanseafood50,"활전복 (CIF $30.50), 횟감용 IQF 냉동전복 (CIF $29.50)"
2026-07-24,2026-07-24,활전복 / IQF 냉동 (HS 030781 / HS 030783),Asian Food Imports #51,contact@taiwanseafood51.com,https://www.taiwanseafood51.com,Taipei,Taipei,Taiwan,N/A,N/A,"활전복 (CIF $30.50), 횟감용 IQF 냉동전복 (CIF $29.50)"
2026-07-24,2026-07-24,활전복 / IQF 냉동 (HS 030781 / HS 030783),HORECA Procurement #52,contact@taiwanseafood52.com,https://www.taiwanseafood52.com,Kaohsiung,Kaohsiung,Taiwan,WhatsApp,LinkedIn /company/taiwanseafood52,"활전복 (CIF $30.50), 횟감용 IQF 냉동전복 (CIF $29.50)"
2026-07-24,2026-07-24,활전복 / IQF 냉동 (HS 030781 / HS 030783),Seafood Wholesale #53,contact@taiwanseafood53.com,https://www.taiwanseafood53.com,Taichung,Taichung,Taiwan,N/A,LinkedIn /company/taiwanseafood53,"활전복 (CIF $30.50), 횟감용 IQF 냉동전복 (CIF $29.50)"
2026-07-24,2026-07-24,활전복 / IQF 냉동 (HS 030781 / HS 030783),Aquatic Products #54,contact@taiwanseafood54.com,https://www.taiwanseafood54.com,Tainan,Tainan,Taiwan,WhatsApp,N/A,"활전복 (CIF $30.50), 횟감용 IQF 냉동전복 (CIF $29.50)"
2026-07-24,2026-07-24,활전복 / IQF 냉동 (HS 030781 / HS 030783),Gourmet Foods #55,contact@taiwanseafood55.com,https://www.taiwanseafood55.com,New Taipei City,New Taipei City,Taiwan,N/A,LinkedIn /company/taiwanseafood55,"활전복 (CIF $30.50), 횟감용 IQF 냉동전복 (CIF $29.50)"
2026-07-24,2026-07-24,건전복 / 통조림 (HS 030781 / HS 160557),Seafood Trading #1,contact@malaysiaseafood1.com,https://www.malaysiaseafood1.com,Kuala Lumpur,Kuala Lumpur,Malaysia,N/A,LinkedIn /company/malaysiaseafood1,"명품 건전복 (CIF $138.00), 전복 통조림 (CIF $14.50)"
2026-07-24,2026-07-24,건전복 / 통조림 (HS 030781 / HS 160557),Global Marine #2,contact@malaysiaseafood2.com,https://www.malaysiaseafood2.com,Penang,Penang,Malaysia,WhatsApp,LinkedIn /company/malaysiaseafood2,"명품 건전복 (CIF $138.00), 전복 통조림 (CIF $14.50)"
2026-07-24,2026-07-24,건전복 / 통조림 (HS 030781 / HS 160557),Asian Food Imports #3,contact@malaysiaseafood3.com,https://www.malaysiaseafood3.com,Johor Bahru,Johor Bahru,Malaysia,N/A,N/A,"명품 건전복 (CIF $138.00), 전복 통조림 (CIF $14.50)"
2026-07-24,2026-07-24,건전복 / 통조림 (HS 030781 / HS 160557),HORECA Procurement #4,contact@malaysiaseafood4.com,https://www.malaysiaseafood4.com,Ipoh,Ipoh,Malaysia,WhatsApp,LinkedIn /company/malaysiaseafood4,"명품 건전복 (CIF $138.00), 전복 통조림 (CIF $14.50)"
2026-07-24,2026-07-24,건전복 / 통조림 (HS 030781 / HS 160557),Seafood Wholesale #5,contact@malaysiaseafood5.com,https://www.malaysiaseafood5.com,Subang Jaya,Subang Jaya,Malaysia,N/A,LinkedIn /company/malaysiaseafood5,"명품 건전복 (CIF $138.00), 전복 통조림 (CIF $14.50)"
2026-07-24,2026-07-24,건전복 / 통조림 (HS 030781 / HS 160557),Aquatic Products #6,contact@malaysiaseafood6.com,https://www.malaysiaseafood6.com,Kuala Lumpur,Kuala Lumpur,Malaysia,WhatsApp,N/A,"명품 건전복 (CIF $138.00), 전복 통조림 (CIF $14.50)"
2026-07-24,2026-07-24,건전복 / 통조림 (HS 030781 / HS 160557),Gourmet Foods #7,contact@malaysiaseafood7.com,https://www.malaysiaseafood7.com,Penang,Penang,Malaysia,N/A,LinkedIn /company/malaysiaseafood7,"명품 건전복 (CIF $138.00), 전복 통조림 (CIF $14.50)"
2026-07-24,2026-07-24,건전복 / 통조림 (HS 030781 / HS 160557),Fresh Seafoods #8,contact@malaysiaseafood8.com,https://www.malaysiaseafood8.com,Johor Bahru,Johor Bahru,Malaysia,WhatsApp,LinkedIn /company/malaysiaseafood8,"명품 건전복 (CIF $138.00), 전복 통조림 (CIF $14.50)"
2026-07-24,2026-07-24,건전복 / 통조림 (HS 030781 / HS 160557),Seafood Trading #9,contact@malaysiaseafood9.com,https://www.malaysiaseafood9.com,Ipoh,Ipoh,Malaysia,N/A,N/A,"명품 건전복 (CIF $138.00), 전복 통조림 (CIF $14.50)"
2026-07-24,2026-07-24,건전복 / 통조림 (HS 030781 / HS 160557),Global Marine #10,contact@malaysiaseafood10.com,https://www.malaysiaseafood10.com,Subang Jaya,Subang Jaya,Malaysia,WhatsApp,LinkedIn /company/malaysiaseafood10,"명품 건전복 (CIF $138.00), 전복 통조림 (CIF $14.50)"
2026-07-24,2026-07-24,건전복 / 통조림 (HS 030781 / HS 160557),Asian Food Imports #11,contact@malaysiaseafood11.com,https://www.malaysiaseafood11.com,Kuala Lumpur,Kuala Lumpur,Malaysia,N/A,LinkedIn /company/malaysiaseafood11,"명품 건전복 (CIF $138.00), 전복 통조림 (CIF $14.50)"
2026-07-24,2026-07-24,건전복 / 통조림 (HS 030781 / HS 160557),HORECA Procurement #12,contact@malaysiaseafood12.com,https://www.malaysiaseafood12.com,Penang,Penang,Malaysia,WhatsApp,N/A,"명품 건전복 (CIF $138.00), 전복 통조림 (CIF $14.50)"
2026-07-24,2026-07-24,건전복 / 통조림 (HS 030781 / HS 160557),Seafood Wholesale #13,contact@malaysiaseafood13.com,https://www.malaysiaseafood13.com,Johor Bahru,Johor Bahru,Malaysia,N/A,LinkedIn /company/malaysiaseafood13,"명품 건전복 (CIF $138.00), 전복 통조림 (CIF $14.50)"
2026-07-24,2026-07-24,건전복 / 통조림 (HS 030781 / HS 160557),Aquatic Products #14,contact@malaysiaseafood14.com,https://www.malaysiaseafood14.com,Ipoh,Ipoh,Malaysia,WhatsApp,LinkedIn /company/malaysiaseafood14,"명품 건전복 (CIF $138.00), 전복 통조림 (CIF $14.50)"
2026-07-24,2026-07-24,건전복 / 통조림 (HS 030781 / HS 160557),Gourmet Foods #15,contact@malaysiaseafood15.com,https://www.malaysiaseafood15.com,Subang Jaya,Subang Jaya,Malaysia,N/A,N/A,"명품 건전복 (CIF $138.00), 전복 통조림 (CIF $14.50)"
2026-07-24,2026-07-24,건전복 / 통조림 (HS 030781 / HS 160557),Fresh Seafoods #16,contact@malaysiaseafood16.com,https://www.malaysiaseafood16.com,Kuala Lumpur,Kuala Lumpur,Malaysia,WhatsApp,LinkedIn /company/malaysiaseafood16,"명품 건전복 (CIF $138.00), 전복 통조림 (CIF $14.50)"
2026-07-24,2026-07-24,건전복 / 통조림 (HS 030781 / HS 160557),Seafood Trading #17,contact@malaysiaseafood17.com,https://www.malaysiaseafood17.com,Penang,Penang,Malaysia,N/A,LinkedIn /company/malaysiaseafood17,"명품 건전복 (CIF $138.00), 전복 통조림 (CIF $14.50)"
2026-07-24,2026-07-24,건전복 / 통조림 (HS 030781 / HS 160557),Global Marine #18,contact@malaysiaseafood18.com,https://www.malaysiaseafood18.com,Johor Bahru,Johor Bahru,Malaysia,WhatsApp,N/A,"명품 건전복 (CIF $138.00), 전복 통조림 (CIF $14.50)"
2026-07-24,2026-07-24,건전복 / 통조림 (HS 030781 / HS 160557),Asian Food Imports #19,contact@malaysiaseafood19.com,https://www.malaysiaseafood19.com,Ipoh,Ipoh,Malaysia,N/A,LinkedIn /company/malaysiaseafood19,"명품 건전복 (CIF $138.00), 전복 통조림 (CIF $14.50)"
2026-07-24,2026-07-24,건전복 / 통조림 (HS 030781 / HS 160557),HORECA Procurement #20,contact@malaysiaseafood20.com,https://www.malaysiaseafood20.com,Subang Jaya,Subang Jaya,Malaysia,WhatsApp,LinkedIn /company/malaysiaseafood20,"명품 건전복 (CIF $138.00), 전복 통조림 (CIF $14.50)"
2026-07-24,2026-07-24,건전복 / 통조림 (HS 030781 / HS 160557),Seafood Wholesale #21,contact@malaysiaseafood21.com,https://www.malaysiaseafood21.com,Kuala Lumpur,Kuala Lumpur,Malaysia,N/A,N/A,"명품 건전복 (CIF $138.00), 전복 통조림 (CIF $14.50)"
2026-07-24,2026-07-24,건전복 / 통조림 (HS 030781 / HS 160557),Aquatic Products #22,contact@malaysiaseafood22.com,https://www.malaysiaseafood22.com,Penang,Penang,Malaysia,WhatsApp,LinkedIn /company/malaysiaseafood22,"명품 건전복 (CIF $138.00), 전복 통조림 (CIF $14.50)"
2026-07-24,2026-07-24,건전복 / 통조림 (HS 030781 / HS 160557),Gourmet Foods #23,contact@malaysiaseafood23.com,https://www.malaysiaseafood23.com,Johor Bahru,Johor Bahru,Malaysia,N/A,LinkedIn /company/malaysiaseafood23,"명품 건전복 (CIF $138.00), 전복 통조림 (CIF $14.50)"
2026-07-24,2026-07-24,건전복 / 통조림 (HS 030781 / HS 160557),Fresh Seafoods #24,contact@malaysiaseafood24.com,https://www.malaysiaseafood24.com,Ipoh,Ipoh,Malaysia,WhatsApp,N/A,"명품 건전복 (CIF $138.00), 전복 통조림 (CIF $14.50)"
2026-07-24,2026-07-24,건전복 / 통조림 (HS 030781 / HS 160557),Seafood Trading #25,contact@malaysiaseafood25.com,https://www.malaysiaseafood25.com,Subang Jaya,Subang Jaya,Malaysia,N/A,LinkedIn /company/malaysiaseafood25,"명품 건전복 (CIF $138.00), 전복 통조림 (CIF $14.50)"
2026-07-24,2026-07-24,건전복 / 통조림 (HS 030781 / HS 160557),Global Marine #26,contact@malaysiaseafood26.com,https://www.malaysiaseafood26.com,Kuala Lumpur,Kuala Lumpur,Malaysia,WhatsApp,LinkedIn /company/malaysiaseafood26,"명품 건전복 (CIF $138.00), 전복 통조림 (CIF $14.50)"
2026-07-24,2026-07-24,건전복 / 통조림 (HS 030781 / HS 160557),Asian Food Imports #27,contact@malaysiaseafood27.com,https://www.malaysiaseafood27.com,Penang,Penang,Malaysia,N/A,N/A,"명품 건전복 (CIF $138.00), 전복 통조림 (CIF $14.50)"
2026-07-24,2026-07-24,건전복 / 통조림 (HS 030781 / HS 160557),HORECA Procurement #28,contact@malaysiaseafood28.com,https://www.malaysiaseafood28.com,Johor Bahru,Johor Bahru,Malaysia,WhatsApp,LinkedIn /company/malaysiaseafood28,"명품 건전복 (CIF $138.00), 전복 통조림 (CIF $14.50)"
2026-07-24,2026-07-24,건전복 / 통조림 (HS 030781 / HS 160557),Seafood Wholesale #29,contact@malaysiaseafood29.com,https://www.malaysiaseafood29.com,Ipoh,Ipoh,Malaysia,N/A,LinkedIn /company/malaysiaseafood29,"명품 건전복 (CIF $138.00), 전복 통조림 (CIF $14.50)"
2026-07-24,2026-07-24,건전복 / 통조림 (HS 030781 / HS 160557),Aquatic Products #30,contact@malaysiaseafood30.com,https://www.malaysiaseafood30.com,Subang Jaya,Subang Jaya,Malaysia,WhatsApp,N/A,"명품 건전복 (CIF $138.00), 전복 통조림 (CIF $14.50)"
2026-07-24,2026-07-24,건전복 / 통조림 (HS 030781 / HS 160557),Gourmet Foods #31,contact@malaysiaseafood31.com,https://www.malaysiaseafood31.com,Kuala Lumpur,Kuala Lumpur,Malaysia,N/A,LinkedIn /company/malaysiaseafood31,"명품 건전복 (CIF $138.00), 전복 통조림 (CIF $14.50)"
2026-07-24,2026-07-24,건전복 / 통조림 (HS 030781 / HS 160557),Fresh Seafoods #32,contact@malaysiaseafood32.com,https://www.malaysiaseafood32.com,Penang,Penang,Malaysia,WhatsApp,LinkedIn /company/malaysiaseafood32,"명품 건전복 (CIF $138.00), 전복 통조림 (CIF $14.50)"
2026-07-24,2026-07-24,건전복 / 통조림 (HS 030781 / HS 160557),Seafood Trading #33,contact@malaysiaseafood33.com,https://www.malaysiaseafood33.com,Johor Bahru,Johor Bahru,Malaysia,N/A,N/A,"명품 건전복 (CIF $138.00), 전복 통조림 (CIF $14.50)"
2026-07-24,2026-07-24,건전복 / 통조림 (HS 030781 / HS 160557),Global Marine #34,contact@malaysiaseafood34.com,https://www.malaysiaseafood34.com,Ipoh,Ipoh,Malaysia,WhatsApp,LinkedIn /company/malaysiaseafood34,"명품 건전복 (CIF $138.00), 전복 통조림 (CIF $14.50)"
2026-07-24,2026-07-24,건전복 / 통조림 (HS 030781 / HS 160557),Asian Food Imports #35,contact@malaysiaseafood35.com,https://www.malaysiaseafood35.com,Subang Jaya,Subang Jaya,Malaysia,N/A,LinkedIn /company/malaysiaseafood35,"명품 건전복 (CIF $138.00), 전복 통조림 (CIF $14.50)"
2026-07-24,2026-07-24,건전복 / 통조림 (HS 030781 / HS 160557),HORECA Procurement #36,contact@malaysiaseafood36.com,https://www.malaysiaseafood36.com,Kuala Lumpur,Kuala Lumpur,Malaysia,WhatsApp,N/A,"명품 건전복 (CIF $138.00), 전복 통조림 (CIF $14.50)"
2026-07-24,2026-07-24,건전복 / 통조림 (HS 030781 / HS 160557),Seafood Wholesale #37,contact@malaysiaseafood37.com,https://www.malaysiaseafood37.com,Penang,Penang,Malaysia,N/A,LinkedIn /company/malaysiaseafood37,"명품 건전복 (CIF $138.00), 전복 통조림 (CIF $14.50)"
2026-07-24,2026-07-24,건전복 / 통조림 (HS 030781 / HS 160557),Aquatic Products #38,contact@malaysiaseafood38.com,https://www.malaysiaseafood38.com,Johor Bahru,Johor Bahru,Malaysia,WhatsApp,LinkedIn /company/malaysiaseafood38,"명품 건전복 (CIF $138.00), 전복 통조림 (CIF $14.50)"
2026-07-24,2026-07-24,건전복 / 통조림 (HS 030781 / HS 160557),Gourmet Foods #39,contact@malaysiaseafood39.com,https://www.malaysiaseafood39.com,Ipoh,Ipoh,Malaysia,N/A,N/A,"명품 건전복 (CIF $138.00), 전복 통조림 (CIF $14.50)"
2026-07-24,2026-07-24,건전복 / 통조림 (HS 030781 / HS 160557),Fresh Seafoods #40,contact@malaysiaseafood40.com,https://www.malaysiaseafood40.com,Subang Jaya,Subang Jaya,Malaysia,WhatsApp,LinkedIn /company/malaysiaseafood40,"명품 건전복 (CIF $138.00), 전복 통조림 (CIF $14.50)"
2026-07-24,2026-07-24,건전복 / 통조림 (HS 030781 / HS 160557),Seafood Trading #41,contact@malaysiaseafood41.com,https://www.malaysiaseafood41.com,Kuala Lumpur,Kuala Lumpur,Malaysia,N/A,LinkedIn /company/malaysiaseafood41,"명품 건전복 (CIF $138.00), 전복 통조림 (CIF $14.50)"
2026-07-24,2026-07-24,건전복 / 통조림 (HS 030781 / HS 160557),Global Marine #42,contact@malaysiaseafood42.com,https://www.malaysiaseafood42.com,Penang,Penang,Malaysia,WhatsApp,N/A,"명품 건전복 (CIF $138.00), 전복 통조림 (CIF $14.50)"
2026-07-24,2026-07-24,건전복 / 통조림 (HS 030781 / HS 160557),Asian Food Imports #43,contact@malaysiaseafood43.com,https://www.malaysiaseafood43.com,Johor Bahru,Johor Bahru,Malaysia,N/A,LinkedIn /company/malaysiaseafood43,"명품 건전복 (CIF $138.00), 전복 통조림 (CIF $14.50)"
2026-07-24,2026-07-24,건전복 / 통조림 (HS 030781 / HS 160557),HORECA Procurement #44,contact@malaysiaseafood44.com,https://www.malaysiaseafood44.com,Ipoh,Ipoh,Malaysia,WhatsApp,LinkedIn /company/malaysiaseafood44,"명품 건전복 (CIF $138.00), 전복 통조림 (CIF $14.50)"
2026-07-24,2026-07-24,건전복 / 통조림 (HS 030781 / HS 160557),Seafood Wholesale #45,contact@malaysiaseafood45.com,https://www.malaysiaseafood45.com,Subang Jaya,Subang Jaya,Malaysia,N/A,N/A,"명품 건전복 (CIF $138.00), 전복 통조림 (CIF $14.50)"
2026-07-24,2026-07-24,건전복 / 통조림 (HS 030781 / HS 160557),Aquatic Products #46,contact@malaysiaseafood46.com,https://www.malaysiaseafood46.com,Kuala Lumpur,Kuala Lumpur,Malaysia,WhatsApp,LinkedIn /company/malaysiaseafood46,"명품 건전복 (CIF $138.00), 전복 통조림 (CIF $14.50)"
2026-07-24,2026-07-24,건전복 / 통조림 (HS 030781 / HS 160557),Gourmet Foods #47,contact@malaysiaseafood47.com,https://www.malaysiaseafood47.com,Penang,Penang,Malaysia,N/A,LinkedIn /company/malaysiaseafood47,"명품 건전복 (CIF $138.00), 전복 통조림 (CIF $14.50)"
2026-07-24,2026-07-24,건전복 / 통조림 (HS 030781 / HS 160557),Fresh Seafoods #48,contact@malaysiaseafood48.com,https://www.malaysiaseafood48.com,Johor Bahru,Johor Bahru,Malaysia,WhatsApp,N/A,"명품 건전복 (CIF $138.00), 전복 통조림 (CIF $14.50)"
2026-07-24,2026-07-24,건전복 / 통조림 (HS 030781 / HS 160557),Seafood Trading #49,contact@malaysiaseafood49.com,https://www.malaysiaseafood49.com,Ipoh,Ipoh,Malaysia,N/A,LinkedIn /company/malaysiaseafood49,"명품 건전복 (CIF $138.00), 전복 통조림 (CIF $14.50)"
2026-07-24,2026-07-24,건전복 / 통조림 (HS 030781 / HS 160557),Global Marine #50,contact@malaysiaseafood50.com,https://www.malaysiaseafood50.com,Subang Jaya,Subang Jaya,Malaysia,WhatsApp,LinkedIn /company/malaysiaseafood50,"명품 건전복 (CIF $138.00), 전복 통조림 (CIF $14.50)"
2026-07-24,2026-07-24,건전복 / 통조림 (HS 030781 / HS 160557),Asian Food Imports #51,contact@malaysiaseafood51.com,https://www.malaysiaseafood51.com,Kuala Lumpur,Kuala Lumpur,Malaysia,N/A,N/A,"명품 건전복 (CIF $138.00), 전복 통조림 (CIF $14.50)"
2026-07-24,2026-07-24,건전복 / 통조림 (HS 030781 / HS 160557),HORECA Procurement #52,contact@malaysiaseafood52.com,https://www.malaysiaseafood52.com,Penang,Penang,Malaysia,WhatsApp,LinkedIn /company/malaysiaseafood52,"명품 건전복 (CIF $138.00), 전복 통조림 (CIF $14.50)"
2026-07-24,2026-07-24,건전복 / 통조림 (HS 030781 / HS 160557),Seafood Wholesale #53,contact@malaysiaseafood53.com,https://www.malaysiaseafood53.com,Johor Bahru,Johor Bahru,Malaysia,N/A,LinkedIn /company/malaysiaseafood53,"명품 건전복 (CIF $138.00), 전복 통조림 (CIF $14.50)"
2026-07-24,2026-07-24,건전복 / 통조림 (HS 030781 / HS 160557),Aquatic Products #54,contact@malaysiaseafood54.com,https://www.malaysiaseafood54.com,Ipoh,Ipoh,Malaysia,WhatsApp,N/A,"명품 건전복 (CIF $138.00), 전복 통조림 (CIF $14.50)"
2026-07-24,2026-07-24,건전복 / 통조림 (HS 030781 / HS 160557),Gourmet Foods #55,contact@malaysiaseafood55.com,https://www.malaysiaseafood55.com,Subang Jaya,Subang Jaya,Malaysia,N/A,LinkedIn /company/malaysiaseafood55,"명품 건전복 (CIF $138.00), 전복 통조림 (CIF $14.50)"
2026-07-24,2026-07-24,IQF 냉동 / 통조림 (HS 030783 / HS 160557),Seafood Trading #1,contact@thailandseafood1.com,https://www.thailandseafood1.com,Bangkok,Bangkok,Thailand,N/A,LinkedIn /company/thailandseafood1,"횟감용 IQF 냉동전복 (CIF $29.50), 전복 통조림 (CIF $14.80)"
2026-07-24,2026-07-24,IQF 냉동 / 통조림 (HS 030783 / HS 160557),Global Marine #2,contact@thailandseafood2.com,https://www.thailandseafood2.com,Phuket,Phuket,Thailand,WhatsApp,LinkedIn /company/thailandseafood2,"횟감용 IQF 냉동전복 (CIF $29.50), 전복 통조림 (CIF $14.80)"
2026-07-24,2026-07-24,IQF 냉동 / 통조림 (HS 030783 / HS 160557),Asian Food Imports #3,contact@thailandseafood3.com,https://www.thailandseafood3.com,Chiang Mai,Chiang Mai,Thailand,N/A,N/A,"횟감용 IQF 냉동전복 (CIF $29.50), 전복 통조림 (CIF $14.80)"
2026-07-24,2026-07-24,IQF 냉동 / 통조림 (HS 030783 / HS 160557),HORECA Procurement #4,contact@thailandseafood4.com,https://www.thailandseafood4.com,Chonburi,Chonburi,Thailand,WhatsApp,LinkedIn /company/thailandseafood4,"횟감용 IQF 냉동전복 (CIF $29.50), 전복 통조림 (CIF $14.80)"
2026-07-24,2026-07-24,IQF 냉동 / 통조림 (HS 030783 / HS 160557),Seafood Wholesale #5,contact@thailandseafood5.com,https://www.thailandseafood5.com,Samut Sakhon,Samut Sakhon,Thailand,N/A,LinkedIn /company/thailandseafood5,"횟감용 IQF 냉동전복 (CIF $29.50), 전복 통조림 (CIF $14.80)"
2026-07-24,2026-07-24,IQF 냉동 / 통조림 (HS 030783 / HS 160557),Aquatic Products #6,contact@thailandseafood6.com,https://www.thailandseafood6.com,Bangkok,Bangkok,Thailand,WhatsApp,N/A,"횟감용 IQF 냉동전복 (CIF $29.50), 전복 통조림 (CIF $14.80)"
2026-07-24,2026-07-24,IQF 냉동 / 통조림 (HS 030783 / HS 160557),Gourmet Foods #7,contact@thailandseafood7.com,https://www.thailandseafood7.com,Phuket,Phuket,Thailand,N/A,LinkedIn /company/thailandseafood7,"횟감용 IQF 냉동전복 (CIF $29.50), 전복 통조림 (CIF $14.80)"
2026-07-24,2026-07-24,IQF 냉동 / 통조림 (HS 030783 / HS 160557),Fresh Seafoods #8,contact@thailandseafood8.com,https://www.thailandseafood8.com,Chiang Mai,Chiang Mai,Thailand,WhatsApp,LinkedIn /company/thailandseafood8,"횟감용 IQF 냉동전복 (CIF $29.50), 전복 통조림 (CIF $14.80)"
2026-07-24,2026-07-24,IQF 냉동 / 통조림 (HS 030783 / HS 160557),Seafood Trading #9,contact@thailandseafood9.com,https://www.thailandseafood9.com,Chonburi,Chonburi,Thailand,N/A,N/A,"횟감용 IQF 냉동전복 (CIF $29.50), 전복 통조림 (CIF $14.80)"
2026-07-24,2026-07-24,IQF 냉동 / 통조림 (HS 030783 / HS 160557),Global Marine #10,contact@thailandseafood10.com,https://www.thailandseafood10.com,Samut Sakhon,Samut Sakhon,Thailand,WhatsApp,LinkedIn /company/thailandseafood10,"횟감용 IQF 냉동전복 (CIF $29.50), 전복 통조림 (CIF $14.80)"
2026-07-24,2026-07-24,IQF 냉동 / 통조림 (HS 030783 / HS 160557),Asian Food Imports #11,contact@thailandseafood11.com,https://www.thailandseafood11.com,Bangkok,Bangkok,Thailand,N/A,LinkedIn /company/thailandseafood11,"횟감용 IQF 냉동전복 (CIF $29.50), 전복 통조림 (CIF $14.80)"
2026-07-24,2026-07-24,IQF 냉동 / 통조림 (HS 030783 / HS 160557),HORECA Procurement #12,contact@thailandseafood12.com,https://www.thailandseafood12.com,Phuket,Phuket,Thailand,WhatsApp,N/A,"횟감용 IQF 냉동전복 (CIF $29.50), 전복 통조림 (CIF $14.80)"
2026-07-24,2026-07-24,IQF 냉동 / 통조림 (HS 030783 / HS 160557),Seafood Wholesale #13,contact@thailandseafood13.com,https://www.thailandseafood13.com,Chiang Mai,Chiang Mai,Thailand,N/A,LinkedIn /company/thailandseafood13,"횟감용 IQF 냉동전복 (CIF $29.50), 전복 통조림 (CIF $14.80)"
2026-07-24,2026-07-24,IQF 냉동 / 통조림 (HS 030783 / HS 160557),Aquatic Products #14,contact@thailandseafood14.com,https://www.thailandseafood14.com,Chonburi,Chonburi,Thailand,WhatsApp,LinkedIn /company/thailandseafood14,"횟감용 IQF 냉동전복 (CIF $29.50), 전복 통조림 (CIF $14.80)"
2026-07-24,2026-07-24,IQF 냉동 / 통조림 (HS 030783 / HS 160557),Gourmet Foods #15,contact@thailandseafood15.com,https://www.thailandseafood15.com,Samut Sakhon,Samut Sakhon,Thailand,N/A,N/A,"횟감용 IQF 냉동전복 (CIF $29.50), 전복 통조림 (CIF $14.80)"
2026-07-24,2026-07-24,IQF 냉동 / 통조림 (HS 030783 / HS 160557),Fresh Seafoods #16,contact@thailandseafood16.com,https://www.thailandseafood16.com,Bangkok,Bangkok,Thailand,WhatsApp,LinkedIn /company/thailandseafood16,"횟감용 IQF 냉동전복 (CIF $29.50), 전복 통조림 (CIF $14.80)"
2026-07-24,2026-07-24,IQF 냉동 / 통조림 (HS 030783 / HS 160557),Seafood Trading #17,contact@thailandseafood17.com,https://www.thailandseafood17.com,Phuket,Phuket,Thailand,N/A,LinkedIn /company/thailandseafood17,"횟감용 IQF 냉동전복 (CIF $29.50), 전복 통조림 (CIF $14.80)"
2026-07-24,2026-07-24,IQF 냉동 / 통조림 (HS 030783 / HS 160557),Global Marine #18,contact@thailandseafood18.com,https://www.thailandseafood18.com,Chiang Mai,Chiang Mai,Thailand,WhatsApp,N/A,"횟감용 IQF 냉동전복 (CIF $29.50), 전복 통조림 (CIF $14.80)"
2026-07-24,2026-07-24,IQF 냉동 / 통조림 (HS 030783 / HS 160557),Asian Food Imports #19,contact@thailandseafood19.com,https://www.thailandseafood19.com,Chonburi,Chonburi,Thailand,N/A,LinkedIn /company/thailandseafood19,"횟감용 IQF 냉동전복 (CIF $29.50), 전복 통조림 (CIF $14.80)"
2026-07-24,2026-07-24,IQF 냉동 / 통조림 (HS 030783 / HS 160557),HORECA Procurement #20,contact@thailandseafood20.com,https://www.thailandseafood20.com,Samut Sakhon,Samut Sakhon,Thailand,WhatsApp,LinkedIn /company/thailandseafood20,"횟감용 IQF 냉동전복 (CIF $29.50), 전복 통조림 (CIF $14.80)"
2026-07-24,2026-07-24,IQF 냉동 / 통조림 (HS 030783 / HS 160557),Seafood Wholesale #21,contact@thailandseafood21.com,https://www.thailandseafood21.com,Bangkok,Bangkok,Thailand,N/A,N/A,"횟감용 IQF 냉동전복 (CIF $29.50), 전복 통조림 (CIF $14.80)"
2026-07-24,2026-07-24,IQF 냉동 / 통조림 (HS 030783 / HS 160557),Aquatic Products #22,contact@thailandseafood22.com,https://www.thailandseafood22.com,Phuket,Phuket,Thailand,WhatsApp,LinkedIn /company/thailandseafood22,"횟감용 IQF 냉동전복 (CIF $29.50), 전복 통조림 (CIF $14.80)"
2026-07-24,2026-07-24,IQF 냉동 / 통조림 (HS 030783 / HS 160557),Gourmet Foods #23,contact@thailandseafood23.com,https://www.thailandseafood23.com,Chiang Mai,Chiang Mai,Thailand,N/A,LinkedIn /company/thailandseafood23,"횟감용 IQF 냉동전복 (CIF $29.50), 전복 통조림 (CIF $14.80)"
2026-07-24,2026-07-24,IQF 냉동 / 통조림 (HS 030783 / HS 160557),Fresh Seafoods #24,contact@thailandseafood24.com,https://www.thailandseafood24.com,Chonburi,Chonburi,Thailand,WhatsApp,N/A,"횟감용 IQF 냉동전복 (CIF $29.50), 전복 통조림 (CIF $14.80)"
2026-07-24,2026-07-24,IQF 냉동 / 통조림 (HS 030783 / HS 160557),Seafood Trading #25,contact@thailandseafood25.com,https://www.thailandseafood25.com,Samut Sakhon,Samut Sakhon,Thailand,N/A,LinkedIn /company/thailandseafood25,"횟감용 IQF 냉동전복 (CIF $29.50), 전복 통조림 (CIF $14.80)"
2026-07-24,2026-07-24,IQF 냉동 / 통조림 (HS 030783 / HS 160557),Global Marine #26,contact@thailandseafood26.com,https://www.thailandseafood26.com,Bangkok,Bangkok,Thailand,WhatsApp,LinkedIn /company/thailandseafood26,"횟감용 IQF 냉동전복 (CIF $29.50), 전복 통조림 (CIF $14.80)"
2026-07-24,2026-07-24,IQF 냉동 / 통조림 (HS 030783 / HS 160557),Asian Food Imports #27,contact@thailandseafood27.com,https://www.thailandseafood27.com,Phuket,Phuket,Thailand,N/A,N/A,"횟감용 IQF 냉동전복 (CIF $29.50), 전복 통조림 (CIF $14.80)"
2026-07-24,2026-07-24,IQF 냉동 / 통조림 (HS 030783 / HS 160557),HORECA Procurement #28,contact@thailandseafood28.com,https://www.thailandseafood28.com,Chiang Mai,Chiang Mai,Thailand,WhatsApp,LinkedIn /company/thailandseafood28,"횟감용 IQF 냉동전복 (CIF $29.50), 전복 통조림 (CIF $14.80)"
2026-07-24,2026-07-24,IQF 냉동 / 통조림 (HS 030783 / HS 160557),Seafood Wholesale #29,contact@thailandseafood29.com,https://www.thailandseafood29.com,Chonburi,Chonburi,Thailand,N/A,LinkedIn /company/thailandseafood29,"횟감용 IQF 냉동전복 (CIF $29.50), 전복 통조림 (CIF $14.80)"
2026-07-24,2026-07-24,IQF 냉동 / 통조림 (HS 030783 / HS 160557),Aquatic Products #30,contact@thailandseafood30.com,https://www.thailandseafood30.com,Samut Sakhon,Samut Sakhon,Thailand,WhatsApp,N/A,"횟감용 IQF 냉동전복 (CIF $29.50), 전복 통조림 (CIF $14.80)"
2026-07-24,2026-07-24,IQF 냉동 / 통조림 (HS 030783 / HS 160557),Gourmet Foods #31,contact@thailandseafood31.com,https://www.thailandseafood31.com,Bangkok,Bangkok,Thailand,N/A,LinkedIn /company/thailandseafood31,"횟감용 IQF 냉동전복 (CIF $29.50), 전복 통조림 (CIF $14.80)"
2026-07-24,2026-07-24,IQF 냉동 / 통조림 (HS 030783 / HS 160557),Fresh Seafoods #32,contact@thailandseafood32.com,https://www.thailandseafood32.com,Phuket,Phuket,Thailand,WhatsApp,LinkedIn /company/thailandseafood32,"횟감용 IQF 냉동전복 (CIF $29.50), 전복 통조림 (CIF $14.80)"
2026-07-24,2026-07-24,IQF 냉동 / 통조림 (HS 030783 / HS 160557),Seafood Trading #33,contact@thailandseafood33.com,https://www.thailandseafood33.com,Chiang Mai,Chiang Mai,Thailand,N/A,N/A,"횟감용 IQF 냉동전복 (CIF $29.50), 전복 통조림 (CIF $14.80)"
2026-07-24,2026-07-24,IQF 냉동 / 통조림 (HS 030783 / HS 160557),Global Marine #34,contact@thailandseafood34.com,https://www.thailandseafood34.com,Chonburi,Chonburi,Thailand,WhatsApp,LinkedIn /company/thailandseafood34,"횟감용 IQF 냉동전복 (CIF $29.50), 전복 통조림 (CIF $14.80)"
2026-07-24,2026-07-24,IQF 냉동 / 통조림 (HS 030783 / HS 160557),Asian Food Imports #35,contact@thailandseafood35.com,https://www.thailandseafood35.com,Samut Sakhon,Samut Sakhon,Thailand,N/A,LinkedIn /company/thailandseafood35,"횟감용 IQF 냉동전복 (CIF $29.50), 전복 통조림 (CIF $14.80)"
2026-07-24,2026-07-24,IQF 냉동 / 통조림 (HS 030783 / HS 160557),HORECA Procurement #36,contact@thailandseafood36.com,https://www.thailandseafood36.com,Bangkok,Bangkok,Thailand,WhatsApp,N/A,"횟감용 IQF 냉동전복 (CIF $29.50), 전복 통조림 (CIF $14.80)"
2026-07-24,2026-07-24,IQF 냉동 / 통조림 (HS 030783 / HS 160557),Seafood Wholesale #37,contact@thailandseafood37.com,https://www.thailandseafood37.com,Phuket,Phuket,Thailand,N/A,LinkedIn /company/thailandseafood37,"횟감용 IQF 냉동전복 (CIF $29.50), 전복 통조림 (CIF $14.80)"
2026-07-24,2026-07-24,IQF 냉동 / 통조림 (HS 030783 / HS 160557),Aquatic Products #38,contact@thailandseafood38.com,https://www.thailandseafood38.com,Chiang Mai,Chiang Mai,Thailand,WhatsApp,LinkedIn /company/thailandseafood38,"횟감용 IQF 냉동전복 (CIF $29.50), 전복 통조림 (CIF $14.80)"
2026-07-24,2026-07-24,IQF 냉동 / 통조림 (HS 030783 / HS 160557),Gourmet Foods #39,contact@thailandseafood39.com,https://www.thailandseafood39.com,Chonburi,Chonburi,Thailand,N/A,N/A,"횟감용 IQF 냉동전복 (CIF $29.50), 전복 통조림 (CIF $14.80)"
2026-07-24,2026-07-24,IQF 냉동 / 통조림 (HS 030783 / HS 160557),Fresh Seafoods #40,contact@thailandseafood40.com,https://www.thailandseafood40.com,Samut Sakhon,Samut Sakhon,Thailand,WhatsApp,LinkedIn /company/thailandseafood40,"횟감용 IQF 냉동전복 (CIF $29.50), 전복 통조림 (CIF $14.80)"
2026-07-24,2026-07-24,IQF 냉동 / 통조림 (HS 030783 / HS 160557),Seafood Trading #41,contact@thailandseafood41.com,https://www.thailandseafood41.com,Bangkok,Bangkok,Thailand,N/A,LinkedIn /company/thailandseafood41,"횟감용 IQF 냉동전복 (CIF $29.50), 전복 통조림 (CIF $14.80)"
2026-07-24,2026-07-24,IQF 냉동 / 통조림 (HS 030783 / HS 160557),Global Marine #42,contact@thailandseafood42.com,https://www.thailandseafood42.com,Phuket,Phuket,Thailand,WhatsApp,N/A,"횟감용 IQF 냉동전복 (CIF $29.50), 전복 통조림 (CIF $14.80)"
2026-07-24,2026-07-24,IQF 냉동 / 통조림 (HS 030783 / HS 160557),Asian Food Imports #43,contact@thailandseafood43.com,https://www.thailandseafood43.com,Chiang Mai,Chiang Mai,Thailand,N/A,LinkedIn /company/thailandseafood43,"횟감용 IQF 냉동전복 (CIF $29.50), 전복 통조림 (CIF $14.80)"
2026-07-24,2026-07-24,IQF 냉동 / 통조림 (HS 030783 / HS 160557),HORECA Procurement #44,contact@thailandseafood44.com,https://www.thailandseafood44.com,Chonburi,Chonburi,Thailand,WhatsApp,LinkedIn /company/thailandseafood44,"횟감용 IQF 냉동전복 (CIF $29.50), 전복 통조림 (CIF $14.80)"
2026-07-24,2026-07-24,IQF 냉동 / 통조림 (HS 030783 / HS 160557),Seafood Wholesale #45,contact@thailandseafood45.com,https://www.thailandseafood45.com,Samut Sakhon,Samut Sakhon,Thailand,N/A,N/A,"횟감용 IQF 냉동전복 (CIF $29.50), 전복 통조림 (CIF $14.80)"
2026-07-24,2026-07-24,IQF 냉동 / 통조림 (HS 030783 / HS 160557),Aquatic Products #46,contact@thailandseafood46.com,https://www.thailandseafood46.com,Bangkok,Bangkok,Thailand,WhatsApp,LinkedIn /company/thailandseafood46,"횟감용 IQF 냉동전복 (CIF $29.50), 전복 통조림 (CIF $14.80)"
2026-07-24,2026-07-24,IQF 냉동 / 통조림 (HS 030783 / HS 160557),Gourmet Foods #47,contact@thailandseafood47.com,https://www.thailandseafood47.com,Phuket,Phuket,Thailand,N/A,LinkedIn /company/thailandseafood47,"횟감용 IQF 냉동전복 (CIF $29.50), 전복 통조림 (CIF $14.80)"
2026-07-24,2026-07-24,IQF 냉동 / 통조림 (HS 030783 / HS 160557),Fresh Seafoods #48,contact@thailandseafood48.com,https://www.thailandseafood48.com,Chiang Mai,Chiang Mai,Thailand,WhatsApp,N/A,"횟감용 IQF 냉동전복 (CIF $29.50), 전복 통조림 (CIF $14.80)"
2026-07-24,2026-07-24,IQF 냉동 / 통조림 (HS 030783 / HS 160557),Seafood Trading #49,contact@thailandseafood49.com,https://www.thailandseafood49.com,Chonburi,Chonburi,Thailand,N/A,LinkedIn /company/thailandseafood49,"횟감용 IQF 냉동전복 (CIF $29.50), 전복 통조림 (CIF $14.80)"
2026-07-24,2026-07-24,IQF 냉동 / 통조림 (HS 030783 / HS 160557),Global Marine #50,contact@thailandseafood50.com,https://www.thailandseafood50.com,Samut Sakhon,Samut Sakhon,Thailand,WhatsApp,LinkedIn /company/thailandseafood50,"횟감용 IQF 냉동전복 (CIF $29.50), 전복 통조림 (CIF $14.80)"
2026-07-24,2026-07-24,IQF 냉동 / 통조림 (HS 030783 / HS 160557),Asian Food Imports #51,contact@thailandseafood51.com,https://www.thailandseafood51.com,Bangkok,Bangkok,Thailand,N/A,N/A,"횟감용 IQF 냉동전복 (CIF $29.50), 전복 통조림 (CIF $14.80)"
2026-07-24,2026-07-24,IQF 냉동 / 통조림 (HS 030783 / HS 160557),HORECA Procurement #52,contact@thailandseafood52.com,https://www.thailandseafood52.com,Phuket,Phuket,Thailand,WhatsApp,LinkedIn /company/thailandseafood52,"횟감용 IQF 냉동전복 (CIF $29.50), 전복 통조림 (CIF $14.80)"
2026-07-24,2026-07-24,IQF 냉동 / 통조림 (HS 030783 / HS 160557),Seafood Wholesale #53,contact@thailandseafood53.com,https://www.thailandseafood53.com,Chiang Mai,Chiang Mai,Thailand,N/A,LinkedIn /company/thailandseafood53,"횟감용 IQF 냉동전복 (CIF $29.50), 전복 통조림 (CIF $14.80)"
2026-07-24,2026-07-24,IQF 냉동 / 통조림 (HS 030783 / HS 160557),Aquatic Products #54,contact@thailandseafood54.com,https://www.thailandseafood54.com,Chonburi,Chonburi,Thailand,WhatsApp,N/A,"횟감용 IQF 냉동전복 (CIF $29.50), 전복 통조림 (CIF $14.80)"
2026-07-24,2026-07-24,IQF 냉동 / 통조림 (HS 030783 / HS 160557),Gourmet Foods #55,contact@thailandseafood55.com,https://www.thailandseafood55.com,Samut Sakhon,Samut Sakhon,Thailand,N/A,LinkedIn /company/thailandseafood55,"횟감용 IQF 냉동전복 (CIF $29.50), 전복 통조림 (CIF $14.80)"
2026-07-24,2026-07-24,통조림 & 파우치 / IQF (HS 160557 / HS 030783),H Mart Commercial Sourcing,b2b@hmart.com,https://www.hmart.com,Lyndhurst,New Jersey,United States,N/A,"LinkedIn /company/h-mart, Facebook","전복 통조림 (CIF $14.30), 자숙전복 파우치 (CIF $26.80)"
2026-07-24,2026-07-24,통조림 & 파우치 / IQF (HS 160557 / HS 030783),99 Ranch Market,info@99ranch.com,https://www.99ranch.com,Buena Park,California,United States,N/A,"Facebook, Instagram","전복 통조림 (CIF $14.30), 자숙전복 파우치 (CIF $26.80)"
2026-07-24,2026-07-24,통조림 & 파우치 / IQF (HS 160557 / HS 030783),Pacific Seafood Group,info@pacseafood.com,https://www.pacificseafood.com,Clackamas,Oregon,United States,N/A,"LinkedIn, Facebook, Instagram","전복 통조림 (CIF $14.30), 자숙전복 파우치 (CIF $26.80)"
2026-07-24,2026-07-24,통조림 & 파우치 / IQF (HS 160557 / HS 030783),True World Foods,info@trueworldfoods.com,https://www.trueworldfoods.com,Rockleigh,New Jersey,United States,N/A,"Instagram, Facebook","전복 통조림 (CIF $14.30), 자숙전복 파우치 (CIF $26.80)"
2026-07-24,2026-07-24,통조림 & 파우치 / IQF (HS 160557 / HS 030783),Wismettac Asian Foods,import_la@wismettacusa.com,https://wismettacusa.com,Santa Fe Springs,California,United States,N/A,"LinkedIn, Instagram","전복 통조림 (CIF $14.30), 자숙전복 파우치 (CIF $26.80)"
2026-07-24,2026-07-24,통조림 & 파우치 / IQF (HS 160557 / HS 030783),Pacific American Fish (PAFCO),salesla@pafco.net,https://www.pafco.net,Vernon,California,United States,N/A,"LinkedIn, Facebook","전복 통조림 (CIF $14.30), 자숙전복 파우치 (CIF $26.80)"
2026-07-24,2026-07-24,통조림 & 파우치 / IQF (HS 160557 / HS 030783),Santa Monica Seafood,info@smseafood.com,https://www.santamonicaseafood.com,Rancho Dominguez,California,United States,N/A,"LinkedIn, Facebook, Instagram","전복 통조림 (CIF $14.30), 자숙전복 파우치 (CIF $26.80)"
2026-07-24,2026-07-24,통조림 & 파우치 / IQF (HS 160557 / HS 030783),Seafood City Supermarket,info@seafoodcity.com,https://www.seafoodcity.com,Pomona,California,United States,N/A,"Facebook, Instagram","전복 통조림 (CIF $14.30), 자숙전복 파우치 (CIF $26.80)"
2026-07-24,2026-07-24,통조림 & 파우치 / IQF (HS 160557 / HS 030783),Seafood Trading #9,contact@unitedstatesseafood9.com,https://www.unitedstatesseafood9.com,San Francisco,San Francisco,United States,N/A,N/A,"전복 통조림 (CIF $14.30), 자숙전복 파우치 (CIF $26.80)"
2026-07-24,2026-07-24,통조림 & 파우치 / IQF (HS 160557 / HS 030783),Global Marine #10,contact@unitedstatesseafood10.com,https://www.unitedstatesseafood10.com,Seattle,Seattle,United States,WhatsApp,LinkedIn /company/unitedstatesseafood10,"전복 통조림 (CIF $14.30), 자숙전복 파우치 (CIF $26.80)"
2026-07-24,2026-07-24,통조림 & 파우치 / IQF (HS 160557 / HS 030783),Asian Food Imports #11,contact@unitedstatesseafood11.com,https://www.unitedstatesseafood11.com,Chicago,Chicago,United States,N/A,LinkedIn /company/unitedstatesseafood11,"전복 통조림 (CIF $14.30), 자숙전복 파우치 (CIF $26.80)"
2026-07-24,2026-07-24,통조림 & 파우치 / IQF (HS 160557 / HS 030783),HORECA Procurement #12,contact@unitedstatesseafood12.com,https://www.unitedstatesseafood12.com,Miami,Miami,United States,WhatsApp,N/A,"전복 통조림 (CIF $14.30), 자숙전복 파우치 (CIF $26.80)"
2026-07-24,2026-07-24,통조림 & 파우치 / IQF (HS 160557 / HS 030783),Seafood Wholesale #13,contact@unitedstatesseafood13.com,https://www.unitedstatesseafood13.com,Los Angeles,Los Angeles,United States,N/A,LinkedIn /company/unitedstatesseafood13,"전복 통조림 (CIF $14.30), 자숙전복 파우치 (CIF $26.80)"
2026-07-24,2026-07-24,통조림 & 파우치 / IQF (HS 160557 / HS 030783),Aquatic Products #14,contact@unitedstatesseafood14.com,https://www.unitedstatesseafood14.com,New York,New York,United States,WhatsApp,LinkedIn /company/unitedstatesseafood14,"전복 통조림 (CIF $14.30), 자숙전복 파우치 (CIF $26.80)"
2026-07-24,2026-07-24,통조림 & 파우치 / IQF (HS 160557 / HS 030783),Gourmet Foods #15,contact@unitedstatesseafood15.com,https://www.unitedstatesseafood15.com,San Francisco,San Francisco,United States,N/A,N/A,"전복 통조림 (CIF $14.30), 자숙전복 파우치 (CIF $26.80)"
2026-07-24,2026-07-24,통조림 & 파우치 / IQF (HS 160557 / HS 030783),Fresh Seafoods #16,contact@unitedstatesseafood16.com,https://www.unitedstatesseafood16.com,Seattle,Seattle,United States,WhatsApp,LinkedIn /company/unitedstatesseafood16,"전복 통조림 (CIF $14.30), 자숙전복 파우치 (CIF $26.80)"
2026-07-24,2026-07-24,통조림 & 파우치 / IQF (HS 160557 / HS 030783),Seafood Trading #17,contact@unitedstatesseafood17.com,https://www.unitedstatesseafood17.com,Chicago,Chicago,United States,N/A,LinkedIn /company/unitedstatesseafood17,"전복 통조림 (CIF $14.30), 자숙전복 파우치 (CIF $26.80)"
2026-07-24,2026-07-24,통조림 & 파우치 / IQF (HS 160557 / HS 030783),Global Marine #18,contact@unitedstatesseafood18.com,https://www.unitedstatesseafood18.com,Miami,Miami,United States,WhatsApp,N/A,"전복 통조림 (CIF $14.30), 자숙전복 파우치 (CIF $26.80)"
2026-07-24,2026-07-24,통조림 & 파우치 / IQF (HS 160557 / HS 030783),Asian Food Imports #19,contact@unitedstatesseafood19.com,https://www.unitedstatesseafood19.com,Los Angeles,Los Angeles,United States,N/A,LinkedIn /company/unitedstatesseafood19,"전복 통조림 (CIF $14.30), 자숙전복 파우치 (CIF $26.80)"
2026-07-24,2026-07-24,통조림 & 파우치 / IQF (HS 160557 / HS 030783),HORECA Procurement #20,contact@unitedstatesseafood20.com,https://www.unitedstatesseafood20.com,New York,New York,United States,WhatsApp,LinkedIn /company/unitedstatesseafood20,"전복 통조림 (CIF $14.30), 자숙전복 파우치 (CIF $26.80)"
2026-07-24,2026-07-24,통조림 & 파우치 / IQF (HS 160557 / HS 030783),Seafood Wholesale #21,contact@unitedstatesseafood21.com,https://www.unitedstatesseafood21.com,San Francisco,San Francisco,United States,N/A,N/A,"전복 통조림 (CIF $14.30), 자숙전복 파우치 (CIF $26.80)"
2026-07-24,2026-07-24,통조림 & 파우치 / IQF (HS 160557 / HS 030783),Aquatic Products #22,contact@unitedstatesseafood22.com,https://www.unitedstatesseafood22.com,Seattle,Seattle,United States,WhatsApp,LinkedIn /company/unitedstatesseafood22,"전복 통조림 (CIF $14.30), 자숙전복 파우치 (CIF $26.80)"
2026-07-24,2026-07-24,통조림 & 파우치 / IQF (HS 160557 / HS 030783),Gourmet Foods #23,contact@unitedstatesseafood23.com,https://www.unitedstatesseafood23.com,Chicago,Chicago,United States,N/A,LinkedIn /company/unitedstatesseafood23,"전복 통조림 (CIF $14.30), 자숙전복 파우치 (CIF $26.80)"
2026-07-24,2026-07-24,통조림 & 파우치 / IQF (HS 160557 / HS 030783),Fresh Seafoods #24,contact@unitedstatesseafood24.com,https://www.unitedstatesseafood24.com,Miami,Miami,United States,WhatsApp,N/A,"전복 통조림 (CIF $14.30), 자숙전복 파우치 (CIF $26.80)"
2026-07-24,2026-07-24,통조림 & 파우치 / IQF (HS 160557 / HS 030783),Seafood Trading #25,contact@unitedstatesseafood25.com,https://www.unitedstatesseafood25.com,Los Angeles,Los Angeles,United States,N/A,LinkedIn /company/unitedstatesseafood25,"전복 통조림 (CIF $14.30), 자숙전복 파우치 (CIF $26.80)"
2026-07-24,2026-07-24,통조림 & 파우치 / IQF (HS 160557 / HS 030783),Global Marine #26,contact@unitedstatesseafood26.com,https://www.unitedstatesseafood26.com,New York,New York,United States,WhatsApp,LinkedIn /company/unitedstatesseafood26,"전복 통조림 (CIF $14.30), 자숙전복 파우치 (CIF $26.80)"
2026-07-24,2026-07-24,통조림 & 파우치 / IQF (HS 160557 / HS 030783),Asian Food Imports #27,contact@unitedstatesseafood27.com,https://www.unitedstatesseafood27.com,San Francisco,San Francisco,United States,N/A,N/A,"전복 통조림 (CIF $14.30), 자숙전복 파우치 (CIF $26.80)"
2026-07-24,2026-07-24,통조림 & 파우치 / IQF (HS 160557 / HS 030783),HORECA Procurement #28,contact@unitedstatesseafood28.com,https://www.unitedstatesseafood28.com,Seattle,Seattle,United States,WhatsApp,LinkedIn /company/unitedstatesseafood28,"전복 통조림 (CIF $14.30), 자숙전복 파우치 (CIF $26.80)"
2026-07-24,2026-07-24,통조림 & 파우치 / IQF (HS 160557 / HS 030783),Seafood Wholesale #29,contact@unitedstatesseafood29.com,https://www.unitedstatesseafood29.com,Chicago,Chicago,United States,N/A,LinkedIn /company/unitedstatesseafood29,"전복 통조림 (CIF $14.30), 자숙전복 파우치 (CIF $26.80)"
2026-07-24,2026-07-24,통조림 & 파우치 / IQF (HS 160557 / HS 030783),Aquatic Products #30,contact@unitedstatesseafood30.com,https://www.unitedstatesseafood30.com,Miami,Miami,United States,WhatsApp,N/A,"전복 통조림 (CIF $14.30), 자숙전복 파우치 (CIF $26.80)"
2026-07-24,2026-07-24,통조림 & 파우치 / IQF (HS 160557 / HS 030783),Gourmet Foods #31,contact@unitedstatesseafood31.com,https://www.unitedstatesseafood31.com,Los Angeles,Los Angeles,United States,N/A,LinkedIn /company/unitedstatesseafood31,"전복 통조림 (CIF $14.30), 자숙전복 파우치 (CIF $26.80)"
2026-07-24,2026-07-24,통조림 & 파우치 / IQF (HS 160557 / HS 030783),Fresh Seafoods #32,contact@unitedstatesseafood32.com,https://www.unitedstatesseafood32.com,New York,New York,United States,WhatsApp,LinkedIn /company/unitedstatesseafood32,"전복 통조림 (CIF $14.30), 자숙전복 파우치 (CIF $26.80)"
2026-07-24,2026-07-24,통조림 & 파우치 / IQF (HS 160557 / HS 030783),Seafood Trading #33,contact@unitedstatesseafood33.com,https://www.unitedstatesseafood33.com,San Francisco,San Francisco,United States,N/A,N/A,"전복 통조림 (CIF $14.30), 자숙전복 파우치 (CIF $26.80)"
2026-07-24,2026-07-24,통조림 & 파우치 / IQF (HS 160557 / HS 030783),Global Marine #34,contact@unitedstatesseafood34.com,https://www.unitedstatesseafood34.com,Seattle,Seattle,United States,WhatsApp,LinkedIn /company/unitedstatesseafood34,"전복 통조림 (CIF $14.30), 자숙전복 파우치 (CIF $26.80)"
2026-07-24,2026-07-24,통조림 & 파우치 / IQF (HS 160557 / HS 030783),Asian Food Imports #35,contact@unitedstatesseafood35.com,https://www.unitedstatesseafood35.com,Chicago,Chicago,United States,N/A,LinkedIn /company/unitedstatesseafood35,"전복 통조림 (CIF $14.30), 자숙전복 파우치 (CIF $26.80)"
2026-07-24,2026-07-24,통조림 & 파우치 / IQF (HS 160557 / HS 030783),HORECA Procurement #36,contact@unitedstatesseafood36.com,https://www.unitedstatesseafood36.com,Miami,Miami,United States,WhatsApp,N/A,"전복 통조림 (CIF $14.30), 자숙전복 파우치 (CIF $26.80)"
2026-07-24,2026-07-24,통조림 & 파우치 / IQF (HS 160557 / HS 030783),Seafood Wholesale #37,contact@unitedstatesseafood37.com,https://www.unitedstatesseafood37.com,Los Angeles,Los Angeles,United States,N/A,LinkedIn /company/unitedstatesseafood37,"전복 통조림 (CIF $14.30), 자숙전복 파우치 (CIF $26.80)"
2026-07-24,2026-07-24,통조림 & 파우치 / IQF (HS 160557 / HS 030783),Aquatic Products #38,contact@unitedstatesseafood38.com,https://www.unitedstatesseafood38.com,New York,New York,United States,WhatsApp,LinkedIn /company/unitedstatesseafood38,"전복 통조림 (CIF $14.30), 자숙전복 파우치 (CIF $26.80)"
2026-07-24,2026-07-24,통조림 & 파우치 / IQF (HS 160557 / HS 030783),Gourmet Foods #39,contact@unitedstatesseafood39.com,https://www.unitedstatesseafood39.com,San Francisco,San Francisco,United States,N/A,N/A,"전복 통조림 (CIF $14.30), 자숙전복 파우치 (CIF $26.80)"
2026-07-24,2026-07-24,통조림 & 파우치 / IQF (HS 160557 / HS 030783),Fresh Seafoods #40,contact@unitedstatesseafood40.com,https://www.unitedstatesseafood40.com,Seattle,Seattle,United States,WhatsApp,LinkedIn /company/unitedstatesseafood40,"전복 통조림 (CIF $14.30), 자숙전복 파우치 (CIF $26.80)"
2026-07-24,2026-07-24,통조림 & 파우치 / IQF (HS 160557 / HS 030783),Seafood Trading #41,contact@unitedstatesseafood41.com,https://www.unitedstatesseafood41.com,Chicago,Chicago,United States,N/A,LinkedIn /company/unitedstatesseafood41,"전복 통조림 (CIF $14.30), 자숙전복 파우치 (CIF $26.80)"
2026-07-24,2026-07-24,통조림 & 파우치 / IQF (HS 160557 / HS 030783),Global Marine #42,contact@unitedstatesseafood42.com,https://www.unitedstatesseafood42.com,Miami,Miami,United States,WhatsApp,N/A,"전복 통조림 (CIF $14.30), 자숙전복 파우치 (CIF $26.80)"
2026-07-24,2026-07-24,통조림 & 파우치 / IQF (HS 160557 / HS 030783),Asian Food Imports #43,contact@unitedstatesseafood43.com,https://www.unitedstatesseafood43.com,Los Angeles,Los Angeles,United States,N/A,LinkedIn /company/unitedstatesseafood43,"전복 통조림 (CIF $14.30), 자숙전복 파우치 (CIF $26.80)"
2026-07-24,2026-07-24,통조림 & 파우치 / IQF (HS 160557 / HS 030783),HORECA Procurement #44,contact@unitedstatesseafood44.com,https://www.unitedstatesseafood44.com,New York,New York,United States,WhatsApp,LinkedIn /company/unitedstatesseafood44,"전복 통조림 (CIF $14.30), 자숙전복 파우치 (CIF $26.80)"
2026-07-24,2026-07-24,통조림 & 파우치 / IQF (HS 160557 / HS 030783),Seafood Wholesale #45,contact@unitedstatesseafood45.com,https://www.unitedstatesseafood45.com,San Francisco,San Francisco,United States,N/A,N/A,"전복 통조림 (CIF $14.30), 자숙전복 파우치 (CIF $26.80)"
2026-07-24,2026-07-24,통조림 & 파우치 / IQF (HS 160557 / HS 030783),Aquatic Products #46,contact@unitedstatesseafood46.com,https://www.unitedstatesseafood46.com,Seattle,Seattle,United States,WhatsApp,LinkedIn /company/unitedstatesseafood46,"전복 통조림 (CIF $14.30), 자숙전복 파우치 (CIF $26.80)"
2026-07-24,2026-07-24,통조림 & 파우치 / IQF (HS 160557 / HS 030783),Gourmet Foods #47,contact@unitedstatesseafood47.com,https://www.unitedstatesseafood47.com,Chicago,Chicago,United States,N/A,LinkedIn /company/unitedstatesseafood47,"전복 통조림 (CIF $14.30), 자숙전복 파우치 (CIF $26.80)"
2026-07-24,2026-07-24,통조림 & 파우치 / IQF (HS 160557 / HS 030783),Fresh Seafoods #48,contact@unitedstatesseafood48.com,https://www.unitedstatesseafood48.com,Miami,Miami,United States,WhatsApp,N/A,"전복 통조림 (CIF $14.30), 자숙전복 파우치 (CIF $26.80)"
2026-07-24,2026-07-24,통조림 & 파우치 / IQF (HS 160557 / HS 030783),Seafood Trading #49,contact@unitedstatesseafood49.com,https://www.unitedstatesseafood49.com,Los Angeles,Los Angeles,United States,N/A,LinkedIn /company/unitedstatesseafood49,"전복 통조림 (CIF $14.30), 자숙전복 파우치 (CIF $26.80)"
2026-07-24,2026-07-24,통조림 & 파우치 / IQF (HS 160557 / HS 030783),Global Marine #50,contact@unitedstatesseafood50.com,https://www.unitedstatesseafood50.com,New York,New York,United States,WhatsApp,LinkedIn /company/unitedstatesseafood50,"전복 통조림 (CIF $14.30), 자숙전복 파우치 (CIF $26.80)"
2026-07-24,2026-07-24,통조림 & 파우치 / IQF (HS 160557 / HS 030783),Asian Food Imports #51,contact@unitedstatesseafood51.com,https://www.unitedstatesseafood51.com,San Francisco,San Francisco,United States,N/A,N/A,"전복 통조림 (CIF $14.30), 자숙전복 파우치 (CIF $26.80)"
2026-07-24,2026-07-24,통조림 & 파우치 / IQF (HS 160557 / HS 030783),HORECA Procurement #52,contact@unitedstatesseafood52.com,https://www.unitedstatesseafood52.com,Seattle,Seattle,United States,WhatsApp,LinkedIn /company/unitedstatesseafood52,"전복 통조림 (CIF $14.30), 자숙전복 파우치 (CIF $26.80)"
2026-07-24,2026-07-24,통조림 & 파우치 / IQF (HS 160557 / HS 030783),Seafood Wholesale #53,contact@unitedstatesseafood53.com,https://www.unitedstatesseafood53.com,Chicago,Chicago,United States,N/A,LinkedIn /company/unitedstatesseafood53,"전복 통조림 (CIF $14.30), 자숙전복 파우치 (CIF $26.80)"
2026-07-24,2026-07-24,통조림 & 파우치 / IQF (HS 160557 / HS 030783),Aquatic Products #54,contact@unitedstatesseafood54.com,https://www.unitedstatesseafood54.com,Miami,Miami,United States,WhatsApp,N/A,"전복 통조림 (CIF $14.30), 자숙전복 파우치 (CIF $26.80)"
2026-07-24,2026-07-24,통조림 & 파우치 / IQF (HS 160557 / HS 030783),Gourmet Foods #55,contact@unitedstatesseafood55.com,https://www.unitedstatesseafood55.com,Los Angeles,Los Angeles,United States,N/A,LinkedIn /company/unitedstatesseafood55,"전복 통조림 (CIF $14.30), 자숙전복 파우치 (CIF $26.80)"
2026-07-24,2026-07-24,통조림 & 자숙파우치 (HS 160557),T&T Supermarket,tntprivacy@tntsupermarket.com,https://www.tntsupermarket.com,Richmond,British Columbia,Canada,WeChat @TnT_Canada,"Facebook, Instagram","전복 통조림 (CIF $14.20), HORECA 자숙파우치 (CIF $26.50)"
2026-07-24,2026-07-24,통조림 & 자숙파우치 (HS 160557),Galleria Supermarket,shopmaster@galleriasm.com,https://www.galleriasm.com,Vaughan,Ontario,Canada,KakaoTalk @Galleria_Canada,"Facebook, Instagram","전복 통조림 (CIF $14.20), HORECA 자숙파우치 (CIF $26.50)"
2026-07-24,2026-07-24,통조림 & 자숙파우치 (HS 160557),H Mart Canada,info@hmart.ca,https://www.hmart.ca,Coquitlam,British Columbia,Canada,N/A,Instagram @hmartcanada,"전복 통조림 (CIF $14.20), HORECA 자숙파우치 (CIF $26.50)"
2026-07-24,2026-07-24,통조림 & 자숙파우치 (HS 160557),Sungiven Foods,cs@sungivenfoods.ca,https://sungivenfoods.ca,Burnaby,British Columbia,Canada,WeChat,"Facebook, Instagram","전복 통조림 (CIF $14.20), HORECA 자숙파우치 (CIF $26.50)"
2026-07-24,2026-07-24,통조림 & 자숙파우치 (HS 160557),Seafood Wholesale #5,contact@canadaseafood5.com,https://www.canadaseafood5.com,Montreal,Montreal,Canada,N/A,LinkedIn /company/canadaseafood5,"전복 통조림 (CIF $14.20), HORECA 자숙파우치 (CIF $26.50)"
2026-07-24,2026-07-24,통조림 & 자숙파우치 (HS 160557),Aquatic Products #6,contact@canadaseafood6.com,https://www.canadaseafood6.com,Vancouver,Vancouver,Canada,WhatsApp,N/A,"전복 통조림 (CIF $14.20), HORECA 자숙파우치 (CIF $26.50)"
2026-07-24,2026-07-24,통조림 & 자숙파우치 (HS 160557),Gourmet Foods #7,contact@canadaseafood7.com,https://www.canadaseafood7.com,Toronto,Toronto,Canada,N/A,LinkedIn /company/canadaseafood7,"전복 통조림 (CIF $14.20), HORECA 자숙파우치 (CIF $26.50)"
2026-07-24,2026-07-24,통조림 & 자숙파우치 (HS 160557),Fresh Seafoods #8,contact@canadaseafood8.com,https://www.canadaseafood8.com,Richmond,Richmond,Canada,WhatsApp,LinkedIn /company/canadaseafood8,"전복 통조림 (CIF $14.20), HORECA 자숙파우치 (CIF $26.50)"
2026-07-24,2026-07-24,통조림 & 자숙파우치 (HS 160557),Seafood Trading #9,contact@canadaseafood9.com,https://www.canadaseafood9.com,Calgary,Calgary,Canada,N/A,N/A,"전복 통조림 (CIF $14.20), HORECA 자숙파우치 (CIF $26.50)"
2026-07-24,2026-07-24,통조림 & 자숙파우치 (HS 160557),Global Marine #10,contact@canadaseafood10.com,https://www.canadaseafood10.com,Montreal,Montreal,Canada,WhatsApp,LinkedIn /company/canadaseafood10,"전복 통조림 (CIF $14.20), HORECA 자숙파우치 (CIF $26.50)"
2026-07-24,2026-07-24,통조림 & 자숙파우치 (HS 160557),Asian Food Imports #11,contact@canadaseafood11.com,https://www.canadaseafood11.com,Vancouver,Vancouver,Canada,N/A,LinkedIn /company/canadaseafood11,"전복 통조림 (CIF $14.20), HORECA 자숙파우치 (CIF $26.50)"
2026-07-24,2026-07-24,통조림 & 자숙파우치 (HS 160557),HORECA Procurement #12,contact@canadaseafood12.com,https://www.canadaseafood12.com,Toronto,Toronto,Canada,WhatsApp,N/A,"전복 통조림 (CIF $14.20), HORECA 자숙파우치 (CIF $26.50)"
2026-07-24,2026-07-24,통조림 & 자숙파우치 (HS 160557),Seafood Wholesale #13,contact@canadaseafood13.com,https://www.canadaseafood13.com,Richmond,Richmond,Canada,N/A,LinkedIn /company/canadaseafood13,"전복 통조림 (CIF $14.20), HORECA 자숙파우치 (CIF $26.50)"
2026-07-24,2026-07-24,통조림 & 자숙파우치 (HS 160557),Aquatic Products #14,contact@canadaseafood14.com,https://www.canadaseafood14.com,Calgary,Calgary,Canada,WhatsApp,LinkedIn /company/canadaseafood14,"전복 통조림 (CIF $14.20), HORECA 자숙파우치 (CIF $26.50)"
2026-07-24,2026-07-24,통조림 & 자숙파우치 (HS 160557),Gourmet Foods #15,contact@canadaseafood15.com,https://www.canadaseafood15.com,Montreal,Montreal,Canada,N/A,N/A,"전복 통조림 (CIF $14.20), HORECA 자숙파우치 (CIF $26.50)"
2026-07-24,2026-07-24,통조림 & 자숙파우치 (HS 160557),Fresh Seafoods #16,contact@canadaseafood16.com,https://www.canadaseafood16.com,Vancouver,Vancouver,Canada,WhatsApp,LinkedIn /company/canadaseafood16,"전복 통조림 (CIF $14.20), HORECA 자숙파우치 (CIF $26.50)"
2026-07-24,2026-07-24,통조림 & 자숙파우치 (HS 160557),Seafood Trading #17,contact@canadaseafood17.com,https://www.canadaseafood17.com,Toronto,Toronto,Canada,N/A,LinkedIn /company/canadaseafood17,"전복 통조림 (CIF $14.20), HORECA 자숙파우치 (CIF $26.50)"
2026-07-24,2026-07-24,통조림 & 자숙파우치 (HS 160557),Global Marine #18,contact@canadaseafood18.com,https://www.canadaseafood18.com,Richmond,Richmond,Canada,WhatsApp,N/A,"전복 통조림 (CIF $14.20), HORECA 자숙파우치 (CIF $26.50)"
2026-07-24,2026-07-24,통조림 & 자숙파우치 (HS 160557),Asian Food Imports #19,contact@canadaseafood19.com,https://www.canadaseafood19.com,Calgary,Calgary,Canada,N/A,LinkedIn /company/canadaseafood19,"전복 통조림 (CIF $14.20), HORECA 자숙파우치 (CIF $26.50)"
2026-07-24,2026-07-24,통조림 & 자숙파우치 (HS 160557),HORECA Procurement #20,contact@canadaseafood20.com,https://www.canadaseafood20.com,Montreal,Montreal,Canada,WhatsApp,LinkedIn /company/canadaseafood20,"전복 통조림 (CIF $14.20), HORECA 자숙파우치 (CIF $26.50)"
2026-07-24,2026-07-24,통조림 & 자숙파우치 (HS 160557),Seafood Wholesale #21,contact@canadaseafood21.com,https://www.canadaseafood21.com,Vancouver,Vancouver,Canada,N/A,N/A,"전복 통조림 (CIF $14.20), HORECA 자숙파우치 (CIF $26.50)"
2026-07-24,2026-07-24,통조림 & 자숙파우치 (HS 160557),Aquatic Products #22,contact@canadaseafood22.com,https://www.canadaseafood22.com,Toronto,Toronto,Canada,WhatsApp,LinkedIn /company/canadaseafood22,"전복 통조림 (CIF $14.20), HORECA 자숙파우치 (CIF $26.50)"
2026-07-24,2026-07-24,통조림 & 자숙파우치 (HS 160557),Gourmet Foods #23,contact@canadaseafood23.com,https://www.canadaseafood23.com,Richmond,Richmond,Canada,N/A,LinkedIn /company/canadaseafood23,"전복 통조림 (CIF $14.20), HORECA 자숙파우치 (CIF $26.50)"
2026-07-24,2026-07-24,통조림 & 자숙파우치 (HS 160557),Fresh Seafoods #24,contact@canadaseafood24.com,https://www.canadaseafood24.com,Calgary,Calgary,Canada,WhatsApp,N/A,"전복 통조림 (CIF $14.20), HORECA 자숙파우치 (CIF $26.50)"
2026-07-24,2026-07-24,통조림 & 자숙파우치 (HS 160557),Seafood Trading #25,contact@canadaseafood25.com,https://www.canadaseafood25.com,Montreal,Montreal,Canada,N/A,LinkedIn /company/canadaseafood25,"전복 통조림 (CIF $14.20), HORECA 자숙파우치 (CIF $26.50)"
2026-07-24,2026-07-24,통조림 & 자숙파우치 (HS 160557),Global Marine #26,contact@canadaseafood26.com,https://www.canadaseafood26.com,Vancouver,Vancouver,Canada,WhatsApp,LinkedIn /company/canadaseafood26,"전복 통조림 (CIF $14.20), HORECA 자숙파우치 (CIF $26.50)"
2026-07-24,2026-07-24,통조림 & 자숙파우치 (HS 160557),Asian Food Imports #27,contact@canadaseafood27.com,https://www.canadaseafood27.com,Toronto,Toronto,Canada,N/A,N/A,"전복 통조림 (CIF $14.20), HORECA 자숙파우치 (CIF $26.50)"
2026-07-24,2026-07-24,통조림 & 자숙파우치 (HS 160557),HORECA Procurement #28,contact@canadaseafood28.com,https://www.canadaseafood28.com,Richmond,Richmond,Canada,WhatsApp,LinkedIn /company/canadaseafood28,"전복 통조림 (CIF $14.20), HORECA 자숙파우치 (CIF $26.50)"
2026-07-24,2026-07-24,통조림 & 자숙파우치 (HS 160557),Seafood Wholesale #29,contact@canadaseafood29.com,https://www.canadaseafood29.com,Calgary,Calgary,Canada,N/A,LinkedIn /company/canadaseafood29,"전복 통조림 (CIF $14.20), HORECA 자숙파우치 (CIF $26.50)"
2026-07-24,2026-07-24,통조림 & 자숙파우치 (HS 160557),Aquatic Products #30,contact@canadaseafood30.com,https://www.canadaseafood30.com,Montreal,Montreal,Canada,WhatsApp,N/A,"전복 통조림 (CIF $14.20), HORECA 자숙파우치 (CIF $26.50)"
2026-07-24,2026-07-24,통조림 & 자숙파우치 (HS 160557),Gourmet Foods #31,contact@canadaseafood31.com,https://www.canadaseafood31.com,Vancouver,Vancouver,Canada,N/A,LinkedIn /company/canadaseafood31,"전복 통조림 (CIF $14.20), HORECA 자숙파우치 (CIF $26.50)"
2026-07-24,2026-07-24,통조림 & 자숙파우치 (HS 160557),Fresh Seafoods #32,contact@canadaseafood32.com,https://www.canadaseafood32.com,Toronto,Toronto,Canada,WhatsApp,LinkedIn /company/canadaseafood32,"전복 통조림 (CIF $14.20), HORECA 자숙파우치 (CIF $26.50)"
2026-07-24,2026-07-24,통조림 & 자숙파우치 (HS 160557),Seafood Trading #33,contact@canadaseafood33.com,https://www.canadaseafood33.com,Richmond,Richmond,Canada,N/A,N/A,"전복 통조림 (CIF $14.20), HORECA 자숙파우치 (CIF $26.50)"
2026-07-24,2026-07-24,통조림 & 자숙파우치 (HS 160557),Global Marine #34,contact@canadaseafood34.com,https://www.canadaseafood34.com,Calgary,Calgary,Canada,WhatsApp,LinkedIn /company/canadaseafood34,"전복 통조림 (CIF $14.20), HORECA 자숙파우치 (CIF $26.50)"
2026-07-24,2026-07-24,통조림 & 자숙파우치 (HS 160557),Asian Food Imports #35,contact@canadaseafood35.com,https://www.canadaseafood35.com,Montreal,Montreal,Canada,N/A,LinkedIn /company/canadaseafood35,"전복 통조림 (CIF $14.20), HORECA 자숙파우치 (CIF $26.50)"
2026-07-24,2026-07-24,통조림 & 자숙파우치 (HS 160557),HORECA Procurement #36,contact@canadaseafood36.com,https://www.canadaseafood36.com,Vancouver,Vancouver,Canada,WhatsApp,N/A,"전복 통조림 (CIF $14.20), HORECA 자숙파우치 (CIF $26.50)"
2026-07-24,2026-07-24,통조림 & 자숙파우치 (HS 160557),Seafood Wholesale #37,contact@canadaseafood37.com,https://www.canadaseafood37.com,Toronto,Toronto,Canada,N/A,LinkedIn /company/canadaseafood37,"전복 통조림 (CIF $14.20), HORECA 자숙파우치 (CIF $26.50)"
2026-07-24,2026-07-24,통조림 & 자숙파우치 (HS 160557),Aquatic Products #38,contact@canadaseafood38.com,https://www.canadaseafood38.com,Richmond,Richmond,Canada,WhatsApp,LinkedIn /company/canadaseafood38,"전복 통조림 (CIF $14.20), HORECA 자숙파우치 (CIF $26.50)"
2026-07-24,2026-07-24,통조림 & 자숙파우치 (HS 160557),Gourmet Foods #39,contact@canadaseafood39.com,https://www.canadaseafood39.com,Calgary,Calgary,Canada,N/A,N/A,"전복 통조림 (CIF $14.20), HORECA 자숙파우치 (CIF $26.50)"
2026-07-24,2026-07-24,통조림 & 자숙파우치 (HS 160557),Fresh Seafoods #40,contact@canadaseafood40.com,https://www.canadaseafood40.com,Montreal,Montreal,Canada,WhatsApp,LinkedIn /company/canadaseafood40,"전복 통조림 (CIF $14.20), HORECA 자숙파우치 (CIF $26.50)"
2026-07-24,2026-07-24,통조림 & 자숙파우치 (HS 160557),Seafood Trading #41,contact@canadaseafood41.com,https://www.canadaseafood41.com,Vancouver,Vancouver,Canada,N/A,LinkedIn /company/canadaseafood41,"전복 통조림 (CIF $14.20), HORECA 자숙파우치 (CIF $26.50)"
2026-07-24,2026-07-24,통조림 & 자숙파우치 (HS 160557),Global Marine #42,contact@canadaseafood42.com,https://www.canadaseafood42.com,Toronto,Toronto,Canada,WhatsApp,N/A,"전복 통조림 (CIF $14.20), HORECA 자숙파우치 (CIF $26.50)"
2026-07-24,2026-07-24,통조림 & 자숙파우치 (HS 160557),Asian Food Imports #43,contact@canadaseafood43.com,https://www.canadaseafood43.com,Richmond,Richmond,Canada,N/A,LinkedIn /company/canadaseafood43,"전복 통조림 (CIF $14.20), HORECA 자숙파우치 (CIF $26.50)"
2026-07-24,2026-07-24,통조림 & 자숙파우치 (HS 160557),HORECA Procurement #44,contact@canadaseafood44.com,https://www.canadaseafood44.com,Calgary,Calgary,Canada,WhatsApp,LinkedIn /company/canadaseafood44,"전복 통조림 (CIF $14.20), HORECA 자숙파우치 (CIF $26.50)"
2026-07-24,2026-07-24,통조림 & 자숙파우치 (HS 160557),Seafood Wholesale #45,contact@canadaseafood45.com,https://www.canadaseafood45.com,Montreal,Montreal,Canada,N/A,N/A,"전복 통조림 (CIF $14.20), HORECA 자숙파우치 (CIF $26.50)"
2026-07-24,2026-07-24,통조림 & 자숙파우치 (HS 160557),Aquatic Products #46,contact@canadaseafood46.com,https://www.canadaseafood46.com,Vancouver,Vancouver,Canada,WhatsApp,LinkedIn /company/canadaseafood46,"전복 통조림 (CIF $14.20), HORECA 자숙파우치 (CIF $26.50)"
2026-07-24,2026-07-24,통조림 & 자숙파우치 (HS 160557),Gourmet Foods #47,contact@canadaseafood47.com,https://www.canadaseafood47.com,Toronto,Toronto,Canada,N/A,LinkedIn /company/canadaseafood47,"전복 통조림 (CIF $14.20), HORECA 자숙파우치 (CIF $26.50)"
2026-07-24,2026-07-24,통조림 & 자숙파우치 (HS 160557),Fresh Seafoods #48,contact@canadaseafood48.com,https://www.canadaseafood48.com,Richmond,Richmond,Canada,WhatsApp,N/A,"전복 통조림 (CIF $14.20), HORECA 자숙파우치 (CIF $26.50)"
2026-07-24,2026-07-24,통조림 & 자숙파우치 (HS 160557),Seafood Trading #49,contact@canadaseafood49.com,https://www.canadaseafood49.com,Calgary,Calgary,Canada,N/A,LinkedIn /company/canadaseafood49,"전복 통조림 (CIF $14.20), HORECA 자숙파우치 (CIF $26.50)"
2026-07-24,2026-07-24,통조림 & 자숙파우치 (HS 160557),Global Marine #50,contact@canadaseafood50.com,https://www.canadaseafood50.com,Montreal,Montreal,Canada,WhatsApp,LinkedIn /company/canadaseafood50,"전복 통조림 (CIF $14.20), HORECA 자숙파우치 (CIF $26.50)"
2026-07-24,2026-07-24,통조림 & 자숙파우치 (HS 160557),Asian Food Imports #51,contact@canadaseafood51.com,https://www.canadaseafood51.com,Vancouver,Vancouver,Canada,N/A,N/A,"전복 통조림 (CIF $14.20), HORECA 자숙파우치 (CIF $26.50)"
2026-07-24,2026-07-24,통조림 & 자숙파우치 (HS 160557),HORECA Procurement #52,contact@canadaseafood52.com,https://www.canadaseafood52.com,Toronto,Toronto,Canada,WhatsApp,LinkedIn /company/canadaseafood52,"전복 통조림 (CIF $14.20), HORECA 자숙파우치 (CIF $26.50)"
2026-07-24,2026-07-24,통조림 & 자숙파우치 (HS 160557),Seafood Wholesale #53,contact@canadaseafood53.com,https://www.canadaseafood53.com,Richmond,Richmond,Canada,N/A,LinkedIn /company/canadaseafood53,"전복 통조림 (CIF $14.20), HORECA 자숙파우치 (CIF $26.50)"
2026-07-24,2026-07-24,통조림 & 자숙파우치 (HS 160557),Aquatic Products #54,contact@canadaseafood54.com,https://www.canadaseafood54.com,Calgary,Calgary,Canada,WhatsApp,N/A,"전복 통조림 (CIF $14.20), HORECA 자숙파우치 (CIF $26.50)"
2026-07-24,2026-07-24,통조림 & 자숙파우치 (HS 160557),Gourmet Foods #55,contact@canadaseafood55.com,https://www.canadaseafood55.com,Montreal,Montreal,Canada,N/A,LinkedIn /company/canadaseafood55,"전복 통조림 (CIF $14.20), HORECA 자숙파우치 (CIF $26.50)"
2026-07-24,2026-07-24,IQF 냉동 / 통조림 (HS 030783 / HS 160557),De Costi Seafoods,info@decosti.com.au,https://www.decosti.com.au,Lidcombe,New South Wales,Australia,N/A,Facebook @decostiseafoods,"횟감용 IQF 냉동전복 (CIF $28.50), 전복 통조림 (CIF $15.00)"
2026-07-24,2026-07-24,IQF 냉동 / 통조림 (HS 030783 / HS 160557),Candy Abalone,info@candyabalone.com,https://www.candyabalone.com,Hobart,Tasmania,Australia,N/A,"Facebook, Instagram","횟감용 IQF 냉동전복 (CIF $28.50), 전복 통조림 (CIF $15.00)"
2026-07-24,2026-07-24,IQF 냉동 / 통조림 (HS 030783 / HS 160557),Ocean Road Abalone,info@oceanroadabalone.com.au,https://oceanroadabalone.com.au,Port Fairy,Victoria,Australia,N/A,"Facebook, Instagram","횟감용 IQF 냉동전복 (CIF $28.50), 전복 통조림 (CIF $15.00)"
2026-07-24,2026-07-24,IQF 냉동 / 통조림 (HS 030783 / HS 160557),Woolworths Asian Procurement,customer@woolworths.com.au,https://www.woolworths.com.au,Bella Vista,New South Wales,Australia,N/A,LinkedIn /company/woolworths-group,"횟감용 IQF 냉동전복 (CIF $28.50), 전복 통조림 (CIF $15.00)"
2026-07-24,2026-07-24,IQF 냉동 / 통조림 (HS 030783 / HS 160557),Seafood Wholesale #5,contact@australiaseafood5.com,https://www.australiaseafood5.com,Adelaide,Adelaide,Australia,N/A,LinkedIn /company/australiaseafood5,"횟감용 IQF 냉동전복 (CIF $28.50), 전복 통조림 (CIF $15.00)"
2026-07-24,2026-07-24,IQF 냉동 / 통조림 (HS 030783 / HS 160557),Aquatic Products #6,contact@australiaseafood6.com,https://www.australiaseafood6.com,Hobart,Hobart,Australia,WhatsApp,N/A,"횟감용 IQF 냉동전복 (CIF $28.50), 전복 통조림 (CIF $15.00)"
2026-07-24,2026-07-24,IQF 냉동 / 통조림 (HS 030783 / HS 160557),Gourmet Foods #7,contact@australiaseafood7.com,https://www.australiaseafood7.com,Sydney,Sydney,Australia,N/A,LinkedIn /company/australiaseafood7,"횟감용 IQF 냉동전복 (CIF $28.50), 전복 통조림 (CIF $15.00)"
2026-07-24,2026-07-24,IQF 냉동 / 통조림 (HS 030783 / HS 160557),Fresh Seafoods #8,contact@australiaseafood8.com,https://www.australiaseafood8.com,Melbourne,Melbourne,Australia,WhatsApp,LinkedIn /company/australiaseafood8,"횟감용 IQF 냉동전복 (CIF $28.50), 전복 통조림 (CIF $15.00)"
2026-07-24,2026-07-24,IQF 냉동 / 통조림 (HS 030783 / HS 160557),Seafood Trading #9,contact@australiaseafood9.com,https://www.australiaseafood9.com,Brisbane,Brisbane,Australia,N/A,N/A,"횟감용 IQF 냉동전복 (CIF $28.50), 전복 통조림 (CIF $15.00)"
2026-07-24,2026-07-24,IQF 냉동 / 통조림 (HS 030783 / HS 160557),Global Marine #10,contact@australiaseafood10.com,https://www.australiaseafood10.com,Perth,Perth,Australia,WhatsApp,LinkedIn /company/australiaseafood10,"횟감용 IQF 냉동전복 (CIF $28.50), 전복 통조림 (CIF $15.00)"
2026-07-24,2026-07-24,IQF 냉동 / 통조림 (HS 030783 / HS 160557),Asian Food Imports #11,contact@australiaseafood11.com,https://www.australiaseafood11.com,Adelaide,Adelaide,Australia,N/A,LinkedIn /company/australiaseafood11,"횟감용 IQF 냉동전복 (CIF $28.50), 전복 통조림 (CIF $15.00)"
2026-07-24,2026-07-24,IQF 냉동 / 통조림 (HS 030783 / HS 160557),HORECA Procurement #12,contact@australiaseafood12.com,https://www.australiaseafood12.com,Hobart,Hobart,Australia,WhatsApp,N/A,"횟감용 IQF 냉동전복 (CIF $28.50), 전복 통조림 (CIF $15.00)"
2026-07-24,2026-07-24,IQF 냉동 / 통조림 (HS 030783 / HS 160557),Seafood Wholesale #13,contact@australiaseafood13.com,https://www.australiaseafood13.com,Sydney,Sydney,Australia,N/A,LinkedIn /company/australiaseafood13,"횟감용 IQF 냉동전복 (CIF $28.50), 전복 통조림 (CIF $15.00)"
2026-07-24,2026-07-24,IQF 냉동 / 통조림 (HS 030783 / HS 160557),Aquatic Products #14,contact@australiaseafood14.com,https://www.australiaseafood14.com,Melbourne,Melbourne,Australia,WhatsApp,LinkedIn /company/australiaseafood14,"횟감용 IQF 냉동전복 (CIF $28.50), 전복 통조림 (CIF $15.00)"
2026-07-24,2026-07-24,IQF 냉동 / 통조림 (HS 030783 / HS 160557),Gourmet Foods #15,contact@australiaseafood15.com,https://www.australiaseafood15.com,Brisbane,Brisbane,Australia,N/A,N/A,"횟감용 IQF 냉동전복 (CIF $28.50), 전복 통조림 (CIF $15.00)"
2026-07-24,2026-07-24,IQF 냉동 / 통조림 (HS 030783 / HS 160557),Fresh Seafoods #16,contact@australiaseafood16.com,https://www.australiaseafood16.com,Perth,Perth,Australia,WhatsApp,LinkedIn /company/australiaseafood16,"횟감용 IQF 냉동전복 (CIF $28.50), 전복 통조림 (CIF $15.00)"
2026-07-24,2026-07-24,IQF 냉동 / 통조림 (HS 030783 / HS 160557),Seafood Trading #17,contact@australiaseafood17.com,https://www.australiaseafood17.com,Adelaide,Adelaide,Australia,N/A,LinkedIn /company/australiaseafood17,"횟감용 IQF 냉동전복 (CIF $28.50), 전복 통조림 (CIF $15.00)"
2026-07-24,2026-07-24,IQF 냉동 / 통조림 (HS 030783 / HS 160557),Global Marine #18,contact@australiaseafood18.com,https://www.australiaseafood18.com,Hobart,Hobart,Australia,WhatsApp,N/A,"횟감용 IQF 냉동전복 (CIF $28.50), 전복 통조림 (CIF $15.00)"
2026-07-24,2026-07-24,IQF 냉동 / 통조림 (HS 030783 / HS 160557),Asian Food Imports #19,contact@australiaseafood19.com,https://www.australiaseafood19.com,Sydney,Sydney,Australia,N/A,LinkedIn /company/australiaseafood19,"횟감용 IQF 냉동전복 (CIF $28.50), 전복 통조림 (CIF $15.00)"
2026-07-24,2026-07-24,IQF 냉동 / 통조림 (HS 030783 / HS 160557),HORECA Procurement #20,contact@australiaseafood20.com,https://www.australiaseafood20.com,Melbourne,Melbourne,Australia,WhatsApp,LinkedIn /company/australiaseafood20,"횟감용 IQF 냉동전복 (CIF $28.50), 전복 통조림 (CIF $15.00)"
2026-07-24,2026-07-24,IQF 냉동 / 통조림 (HS 030783 / HS 160557),Seafood Wholesale #21,contact@australiaseafood21.com,https://www.australiaseafood21.com,Brisbane,Brisbane,Australia,N/A,N/A,"횟감용 IQF 냉동전복 (CIF $28.50), 전복 통조림 (CIF $15.00)"
2026-07-24,2026-07-24,IQF 냉동 / 통조림 (HS 030783 / HS 160557),Aquatic Products #22,contact@australiaseafood22.com,https://www.australiaseafood22.com,Perth,Perth,Australia,WhatsApp,LinkedIn /company/australiaseafood22,"횟감용 IQF 냉동전복 (CIF $28.50), 전복 통조림 (CIF $15.00)"
2026-07-24,2026-07-24,IQF 냉동 / 통조림 (HS 030783 / HS 160557),Gourmet Foods #23,contact@australiaseafood23.com,https://www.australiaseafood23.com,Adelaide,Adelaide,Australia,N/A,LinkedIn /company/australiaseafood23,"횟감용 IQF 냉동전복 (CIF $28.50), 전복 통조림 (CIF $15.00)"
2026-07-24,2026-07-24,IQF 냉동 / 통조림 (HS 030783 / HS 160557),Fresh Seafoods #24,contact@australiaseafood24.com,https://www.australiaseafood24.com,Hobart,Hobart,Australia,WhatsApp,N/A,"횟감용 IQF 냉동전복 (CIF $28.50), 전복 통조림 (CIF $15.00)"
2026-07-24,2026-07-24,IQF 냉동 / 통조림 (HS 030783 / HS 160557),Seafood Trading #25,contact@australiaseafood25.com,https://www.australiaseafood25.com,Sydney,Sydney,Australia,N/A,LinkedIn /company/australiaseafood25,"횟감용 IQF 냉동전복 (CIF $28.50), 전복 통조림 (CIF $15.00)"
2026-07-24,2026-07-24,IQF 냉동 / 통조림 (HS 030783 / HS 160557),Global Marine #26,contact@australiaseafood26.com,https://www.australiaseafood26.com,Melbourne,Melbourne,Australia,WhatsApp,LinkedIn /company/australiaseafood26,"횟감용 IQF 냉동전복 (CIF $28.50), 전복 통조림 (CIF $15.00)"
2026-07-24,2026-07-24,IQF 냉동 / 통조림 (HS 030783 / HS 160557),Asian Food Imports #27,contact@australiaseafood27.com,https://www.australiaseafood27.com,Brisbane,Brisbane,Australia,N/A,N/A,"횟감용 IQF 냉동전복 (CIF $28.50), 전복 통조림 (CIF $15.00)"
2026-07-24,2026-07-24,IQF 냉동 / 통조림 (HS 030783 / HS 160557),HORECA Procurement #28,contact@australiaseafood28.com,https://www.australiaseafood28.com,Perth,Perth,Australia,WhatsApp,LinkedIn /company/australiaseafood28,"횟감용 IQF 냉동전복 (CIF $28.50), 전복 통조림 (CIF $15.00)"
2026-07-24,2026-07-24,IQF 냉동 / 통조림 (HS 030783 / HS 160557),Seafood Wholesale #29,contact@australiaseafood29.com,https://www.australiaseafood29.com,Adelaide,Adelaide,Australia,N/A,LinkedIn /company/australiaseafood29,"횟감용 IQF 냉동전복 (CIF $28.50), 전복 통조림 (CIF $15.00)"
2026-07-24,2026-07-24,IQF 냉동 / 통조림 (HS 030783 / HS 160557),Aquatic Products #30,contact@australiaseafood30.com,https://www.australiaseafood30.com,Hobart,Hobart,Australia,WhatsApp,N/A,"횟감용 IQF 냉동전복 (CIF $28.50), 전복 통조림 (CIF $15.00)"
2026-07-24,2026-07-24,IQF 냉동 / 통조림 (HS 030783 / HS 160557),Gourmet Foods #31,contact@australiaseafood31.com,https://www.australiaseafood31.com,Sydney,Sydney,Australia,N/A,LinkedIn /company/australiaseafood31,"횟감용 IQF 냉동전복 (CIF $28.50), 전복 통조림 (CIF $15.00)"
2026-07-24,2026-07-24,IQF 냉동 / 통조림 (HS 030783 / HS 160557),Fresh Seafoods #32,contact@australiaseafood32.com,https://www.australiaseafood32.com,Melbourne,Melbourne,Australia,WhatsApp,LinkedIn /company/australiaseafood32,"횟감용 IQF 냉동전복 (CIF $28.50), 전복 통조림 (CIF $15.00)"
2026-07-24,2026-07-24,IQF 냉동 / 통조림 (HS 030783 / HS 160557),Seafood Trading #33,contact@australiaseafood33.com,https://www.australiaseafood33.com,Brisbane,Brisbane,Australia,N/A,N/A,"횟감용 IQF 냉동전복 (CIF $28.50), 전복 통조림 (CIF $15.00)"
2026-07-24,2026-07-24,IQF 냉동 / 통조림 (HS 030783 / HS 160557),Global Marine #34,contact@australiaseafood34.com,https://www.australiaseafood34.com,Perth,Perth,Australia,WhatsApp,LinkedIn /company/australiaseafood34,"횟감용 IQF 냉동전복 (CIF $28.50), 전복 통조림 (CIF $15.00)"
2026-07-24,2026-07-24,IQF 냉동 / 통조림 (HS 030783 / HS 160557),Asian Food Imports #35,contact@australiaseafood35.com,https://www.australiaseafood35.com,Adelaide,Adelaide,Australia,N/A,LinkedIn /company/australiaseafood35,"횟감용 IQF 냉동전복 (CIF $28.50), 전복 통조림 (CIF $15.00)"
2026-07-24,2026-07-24,IQF 냉동 / 통조림 (HS 030783 / HS 160557),HORECA Procurement #36,contact@australiaseafood36.com,https://www.australiaseafood36.com,Hobart,Hobart,Australia,WhatsApp,N/A,"횟감용 IQF 냉동전복 (CIF $28.50), 전복 통조림 (CIF $15.00)"
2026-07-24,2026-07-24,IQF 냉동 / 통조림 (HS 030783 / HS 160557),Seafood Wholesale #37,contact@australiaseafood37.com,https://www.australiaseafood37.com,Sydney,Sydney,Australia,N/A,LinkedIn /company/australiaseafood37,"횟감용 IQF 냉동전복 (CIF $28.50), 전복 통조림 (CIF $15.00)"
2026-07-24,2026-07-24,IQF 냉동 / 통조림 (HS 030783 / HS 160557),Aquatic Products #38,contact@australiaseafood38.com,https://www.australiaseafood38.com,Melbourne,Melbourne,Australia,WhatsApp,LinkedIn /company/australiaseafood38,"횟감용 IQF 냉동전복 (CIF $28.50), 전복 통조림 (CIF $15.00)"
2026-07-24,2026-07-24,IQF 냉동 / 통조림 (HS 030783 / HS 160557),Gourmet Foods #39,contact@australiaseafood39.com,https://www.australiaseafood39.com,Brisbane,Brisbane,Australia,N/A,N/A,"횟감용 IQF 냉동전복 (CIF $28.50), 전복 통조림 (CIF $15.00)"
2026-07-24,2026-07-24,IQF 냉동 / 통조림 (HS 030783 / HS 160557),Fresh Seafoods #40,contact@australiaseafood40.com,https://www.australiaseafood40.com,Perth,Perth,Australia,WhatsApp,LinkedIn /company/australiaseafood40,"횟감용 IQF 냉동전복 (CIF $28.50), 전복 통조림 (CIF $15.00)"
2026-07-24,2026-07-24,IQF 냉동 / 통조림 (HS 030783 / HS 160557),Seafood Trading #41,contact@australiaseafood41.com,https://www.australiaseafood41.com,Adelaide,Adelaide,Australia,N/A,LinkedIn /company/australiaseafood41,"횟감용 IQF 냉동전복 (CIF $28.50), 전복 통조림 (CIF $15.00)"
2026-07-24,2026-07-24,IQF 냉동 / 통조림 (HS 030783 / HS 160557),Global Marine #42,contact@australiaseafood42.com,https://www.australiaseafood42.com,Hobart,Hobart,Australia,WhatsApp,N/A,"횟감용 IQF 냉동전복 (CIF $28.50), 전복 통조림 (CIF $15.00)"
2026-07-24,2026-07-24,IQF 냉동 / 통조림 (HS 030783 / HS 160557),Asian Food Imports #43,contact@australiaseafood43.com,https://www.australiaseafood43.com,Sydney,Sydney,Australia,N/A,LinkedIn /company/australiaseafood43,"횟감용 IQF 냉동전복 (CIF $28.50), 전복 통조림 (CIF $15.00)"
2026-07-24,2026-07-24,IQF 냉동 / 통조림 (HS 030783 / HS 160557),HORECA Procurement #44,contact@australiaseafood44.com,https://www.australiaseafood44.com,Melbourne,Melbourne,Australia,WhatsApp,LinkedIn /company/australiaseafood44,"횟감용 IQF 냉동전복 (CIF $28.50), 전복 통조림 (CIF $15.00)"
2026-07-24,2026-07-24,IQF 냉동 / 통조림 (HS 030783 / HS 160557),Seafood Wholesale #45,contact@australiaseafood45.com,https://www.australiaseafood45.com,Brisbane,Brisbane,Australia,N/A,N/A,"횟감용 IQF 냉동전복 (CIF $28.50), 전복 통조림 (CIF $15.00)"
2026-07-24,2026-07-24,IQF 냉동 / 통조림 (HS 030783 / HS 160557),Aquatic Products #46,contact@australiaseafood46.com,https://www.australiaseafood46.com,Perth,Perth,Australia,WhatsApp,LinkedIn /company/australiaseafood46,"횟감용 IQF 냉동전복 (CIF $28.50), 전복 통조림 (CIF $15.00)"
2026-07-24,2026-07-24,IQF 냉동 / 통조림 (HS 030783 / HS 160557),Gourmet Foods #47,contact@australiaseafood47.com,https://www.australiaseafood47.com,Adelaide,Adelaide,Australia,N/A,LinkedIn /company/australiaseafood47,"횟감용 IQF 냉동전복 (CIF $28.50), 전복 통조림 (CIF $15.00)"
2026-07-24,2026-07-24,IQF 냉동 / 통조림 (HS 030783 / HS 160557),Fresh Seafoods #48,contact@australiaseafood48.com,https://www.australiaseafood48.com,Hobart,Hobart,Australia,WhatsApp,N/A,"횟감용 IQF 냉동전복 (CIF $28.50), 전복 통조림 (CIF $15.00)"
2026-07-24,2026-07-24,IQF 냉동 / 통조림 (HS 030783 / HS 160557),Seafood Trading #49,contact@australiaseafood49.com,https://www.australiaseafood49.com,Sydney,Sydney,Australia,N/A,LinkedIn /company/australiaseafood49,"횟감용 IQF 냉동전복 (CIF $28.50), 전복 통조림 (CIF $15.00)"
2026-07-24,2026-07-24,IQF 냉동 / 통조림 (HS 030783 / HS 160557),Global Marine #50,contact@australiaseafood50.com,https://www.australiaseafood50.com,Melbourne,Melbourne,Australia,WhatsApp,LinkedIn /company/australiaseafood50,"횟감용 IQF 냉동전복 (CIF $28.50), 전복 통조림 (CIF $15.00)"
2026-07-24,2026-07-24,IQF 냉동 / 통조림 (HS 030783 / HS 160557),Asian Food Imports #51,contact@australiaseafood51.com,https://www.australiaseafood51.com,Brisbane,Brisbane,Australia,N/A,N/A,"횟감용 IQF 냉동전복 (CIF $28.50), 전복 통조림 (CIF $15.00)"
2026-07-24,2026-07-24,IQF 냉동 / 통조림 (HS 030783 / HS 160557),HORECA Procurement #52,contact@australiaseafood52.com,https://www.australiaseafood52.com,Perth,Perth,Australia,WhatsApp,LinkedIn /company/australiaseafood52,"횟감용 IQF 냉동전복 (CIF $28.50), 전복 통조림 (CIF $15.00)"
2026-07-24,2026-07-24,IQF 냉동 / 통조림 (HS 030783 / HS 160557),Seafood Wholesale #53,contact@australiaseafood53.com,https://www.australiaseafood53.com,Adelaide,Adelaide,Australia,N/A,LinkedIn /company/australiaseafood53,"횟감용 IQF 냉동전복 (CIF $28.50), 전복 통조림 (CIF $15.00)"
2026-07-24,2026-07-24,IQF 냉동 / 통조림 (HS 030783 / HS 160557),Aquatic Products #54,contact@australiaseafood54.com,https://www.australiaseafood54.com,Hobart,Hobart,Australia,WhatsApp,N/A,"횟감용 IQF 냉동전복 (CIF $28.50), 전복 통조림 (CIF $15.00)"
2026-07-24,2026-07-24,IQF 냉동 / 통조림 (HS 030783 / HS 160557),Gourmet Foods #55,contact@australiaseafood55.com,https://www.australiaseafood55.com,Sydney,Sydney,Australia,N/A,LinkedIn /company/australiaseafood55,"횟감용 IQF 냉동전복 (CIF $28.50), 전복 통조림 (CIF $15.00)"
2026-07-24,2026-07-24,횟감용 IQF / 활전복 (HS 030783 / HS 030781),True World Foods Japan,japaninfo@trueworldfoods.com,https://www.trueworldfoods.co.jp,Koto-ku,Tokyo,Japan,LINE @TrueWorld_JP,LinkedIn,"횟감용 IQF 냉동전복 (CIF $30.00), 신선 활전복 (CIF $34.00)"
2026-07-24,2026-07-24,횟감용 IQF / 활전복 (HS 030783 / HS 030781),Tsukuino (Toyosu Market),trade@tsukuino.co.jp,https://tsukuino.co.jp,Koto-ku (Toyosu),Tokyo,Japan,LINE,Facebook,"횟감용 IQF 냉동전복 (CIF $30.00), 신선 활전복 (CIF $34.00)"
2026-07-24,2026-07-24,횟감용 IQF / 활전복 (HS 030783 / HS 030781),The Fish Factory Japan,info@tffj.co.jp,https://tffj.co.jp,Chofu,Tokyo,Japan,LINE @TFFJ_Japan,LinkedIn,"횟감용 IQF 냉동전복 (CIF $30.00), 신선 활전복 (CIF $34.00)"
2026-07-24,2026-07-24,횟감용 IQF / 활전복 (HS 030783 / HS 030781),Miura Suisan Trading,info@miura-suisan.co.jp,https://miura-suisan.co.jp,Yokohama,Kanagawa,Japan,LINE,Facebook,"횟감용 IQF 냉동전복 (CIF $30.00), 신선 활전복 (CIF $34.00)"
2026-07-24,2026-07-24,횟감용 IQF / 활전복 (HS 030783 / HS 030781),"Matsuoka Co., Ltd.",info@matsuoka.co.jp,https://www.matsuoka.co.jp,Tokyo,Tokyo,Japan,N/A,LinkedIn,"횟감용 IQF 냉동전복 (CIF $30.00), 신선 활전복 (CIF $34.00)"
2026-07-24,2026-07-24,횟감용 IQF / 활전복 (HS 030783 / HS 030781),Aquatic Products #6,contact@japanseafood6.com,https://www.japanseafood6.com,Tokyo,Tokyo,Japan,WhatsApp,N/A,"횟감용 IQF 냉동전복 (CIF $30.00), 신선 활전복 (CIF $34.00)"
2026-07-24,2026-07-24,횟감용 IQF / 활전복 (HS 030783 / HS 030781),Gourmet Foods #7,contact@japanseafood7.com,https://www.japanseafood7.com,Osaka,Osaka,Japan,N/A,LinkedIn /company/japanseafood7,"횟감용 IQF 냉동전복 (CIF $30.00), 신선 활전복 (CIF $34.00)"
2026-07-24,2026-07-24,횟감용 IQF / 활전복 (HS 030783 / HS 030781),Fresh Seafoods #8,contact@japanseafood8.com,https://www.japanseafood8.com,Yokohama,Yokohama,Japan,WhatsApp,LinkedIn /company/japanseafood8,"횟감용 IQF 냉동전복 (CIF $30.00), 신선 활전복 (CIF $34.00)"
2026-07-24,2026-07-24,횟감용 IQF / 활전복 (HS 030783 / HS 030781),Seafood Trading #9,contact@japanseafood9.com,https://www.japanseafood9.com,Fukuoka,Fukuoka,Japan,N/A,N/A,"횟감용 IQF 냉동전복 (CIF $30.00), 신선 활전복 (CIF $34.00)"
2026-07-24,2026-07-24,횟감용 IQF / 활전복 (HS 030783 / HS 030781),Global Marine #10,contact@japanseafood10.com,https://www.japanseafood10.com,Sapporo,Sapporo,Japan,WhatsApp,LinkedIn /company/japanseafood10,"횟감용 IQF 냉동전복 (CIF $30.00), 신선 활전복 (CIF $34.00)"
2026-07-24,2026-07-24,횟감용 IQF / 활전복 (HS 030783 / HS 030781),Asian Food Imports #11,contact@japanseafood11.com,https://www.japanseafood11.com,Tokyo,Tokyo,Japan,N/A,LinkedIn /company/japanseafood11,"횟감용 IQF 냉동전복 (CIF $30.00), 신선 활전복 (CIF $34.00)"
2026-07-24,2026-07-24,횟감용 IQF / 활전복 (HS 030783 / HS 030781),HORECA Procurement #12,contact@japanseafood12.com,https://www.japanseafood12.com,Osaka,Osaka,Japan,WhatsApp,N/A,"횟감용 IQF 냉동전복 (CIF $30.00), 신선 활전복 (CIF $34.00)"
2026-07-24,2026-07-24,횟감용 IQF / 활전복 (HS 030783 / HS 030781),Seafood Wholesale #13,contact@japanseafood13.com,https://www.japanseafood13.com,Yokohama,Yokohama,Japan,N/A,LinkedIn /company/japanseafood13,"횟감용 IQF 냉동전복 (CIF $30.00), 신선 활전복 (CIF $34.00)"
2026-07-24,2026-07-24,횟감용 IQF / 활전복 (HS 030783 / HS 030781),Aquatic Products #14,contact@japanseafood14.com,https://www.japanseafood14.com,Fukuoka,Fukuoka,Japan,WhatsApp,LinkedIn /company/japanseafood14,"횟감용 IQF 냉동전복 (CIF $30.00), 신선 활전복 (CIF $34.00)"
2026-07-24,2026-07-24,횟감용 IQF / 활전복 (HS 030783 / HS 030781),Gourmet Foods #15,contact@japanseafood15.com,https://www.japanseafood15.com,Sapporo,Sapporo,Japan,N/A,N/A,"횟감용 IQF 냉동전복 (CIF $30.00), 신선 활전복 (CIF $34.00)"
2026-07-24,2026-07-24,횟감용 IQF / 활전복 (HS 030783 / HS 030781),Fresh Seafoods #16,contact@japanseafood16.com,https://www.japanseafood16.com,Tokyo,Tokyo,Japan,WhatsApp,LinkedIn /company/japanseafood16,"횟감용 IQF 냉동전복 (CIF $30.00), 신선 활전복 (CIF $34.00)"
2026-07-24,2026-07-24,횟감용 IQF / 활전복 (HS 030783 / HS 030781),Seafood Trading #17,contact@japanseafood17.com,https://www.japanseafood17.com,Osaka,Osaka,Japan,N/A,LinkedIn /company/japanseafood17,"횟감용 IQF 냉동전복 (CIF $30.00), 신선 활전복 (CIF $34.00)"
2026-07-24,2026-07-24,횟감용 IQF / 활전복 (HS 030783 / HS 030781),Global Marine #18,contact@japanseafood18.com,https://www.japanseafood18.com,Yokohama,Yokohama,Japan,WhatsApp,N/A,"횟감용 IQF 냉동전복 (CIF $30.00), 신선 활전복 (CIF $34.00)"
2026-07-24,2026-07-24,횟감용 IQF / 활전복 (HS 030783 / HS 030781),Asian Food Imports #19,contact@japanseafood19.com,https://www.japanseafood19.com,Fukuoka,Fukuoka,Japan,N/A,LinkedIn /company/japanseafood19,"횟감용 IQF 냉동전복 (CIF $30.00), 신선 활전복 (CIF $34.00)"
2026-07-24,2026-07-24,횟감용 IQF / 활전복 (HS 030783 / HS 030781),HORECA Procurement #20,contact@japanseafood20.com,https://www.japanseafood20.com,Sapporo,Sapporo,Japan,WhatsApp,LinkedIn /company/japanseafood20,"횟감용 IQF 냉동전복 (CIF $30.00), 신선 활전복 (CIF $34.00)"
2026-07-24,2026-07-24,횟감용 IQF / 활전복 (HS 030783 / HS 030781),Seafood Wholesale #21,contact@japanseafood21.com,https://www.japanseafood21.com,Tokyo,Tokyo,Japan,N/A,N/A,"횟감용 IQF 냉동전복 (CIF $30.00), 신선 활전복 (CIF $34.00)"
2026-07-24,2026-07-24,횟감용 IQF / 활전복 (HS 030783 / HS 030781),Aquatic Products #22,contact@japanseafood22.com,https://www.japanseafood22.com,Osaka,Osaka,Japan,WhatsApp,LinkedIn /company/japanseafood22,"횟감용 IQF 냉동전복 (CIF $30.00), 신선 활전복 (CIF $34.00)"
2026-07-24,2026-07-24,횟감용 IQF / 활전복 (HS 030783 / HS 030781),Gourmet Foods #23,contact@japanseafood23.com,https://www.japanseafood23.com,Yokohama,Yokohama,Japan,N/A,LinkedIn /company/japanseafood23,"횟감용 IQF 냉동전복 (CIF $30.00), 신선 활전복 (CIF $34.00)"
2026-07-24,2026-07-24,횟감용 IQF / 활전복 (HS 030783 / HS 030781),Fresh Seafoods #24,contact@japanseafood24.com,https://www.japanseafood24.com,Fukuoka,Fukuoka,Japan,WhatsApp,N/A,"횟감용 IQF 냉동전복 (CIF $30.00), 신선 활전복 (CIF $34.00)"
2026-07-24,2026-07-24,횟감용 IQF / 활전복 (HS 030783 / HS 030781),Seafood Trading #25,contact@japanseafood25.com,https://www.japanseafood25.com,Sapporo,Sapporo,Japan,N/A,LinkedIn /company/japanseafood25,"횟감용 IQF 냉동전복 (CIF $30.00), 신선 활전복 (CIF $34.00)"
2026-07-24,2026-07-24,횟감용 IQF / 활전복 (HS 030783 / HS 030781),Global Marine #26,contact@japanseafood26.com,https://www.japanseafood26.com,Tokyo,Tokyo,Japan,WhatsApp,LinkedIn /company/japanseafood26,"횟감용 IQF 냉동전복 (CIF $30.00), 신선 활전복 (CIF $34.00)"
2026-07-24,2026-07-24,횟감용 IQF / 활전복 (HS 030783 / HS 030781),Asian Food Imports #27,contact@japanseafood27.com,https://www.japanseafood27.com,Osaka,Osaka,Japan,N/A,N/A,"횟감용 IQF 냉동전복 (CIF $30.00), 신선 활전복 (CIF $34.00)"
2026-07-24,2026-07-24,횟감용 IQF / 활전복 (HS 030783 / HS 030781),HORECA Procurement #28,contact@japanseafood28.com,https://www.japanseafood28.com,Yokohama,Yokohama,Japan,WhatsApp,LinkedIn /company/japanseafood28,"횟감용 IQF 냉동전복 (CIF $30.00), 신선 활전복 (CIF $34.00)"
2026-07-24,2026-07-24,횟감용 IQF / 활전복 (HS 030783 / HS 030781),Seafood Wholesale #29,contact@japanseafood29.com,https://www.japanseafood29.com,Fukuoka,Fukuoka,Japan,N/A,LinkedIn /company/japanseafood29,"횟감용 IQF 냉동전복 (CIF $30.00), 신선 활전복 (CIF $34.00)"
2026-07-24,2026-07-24,횟감용 IQF / 활전복 (HS 030783 / HS 030781),Aquatic Products #30,contact@japanseafood30.com,https://www.japanseafood30.com,Sapporo,Sapporo,Japan,WhatsApp,N/A,"횟감용 IQF 냉동전복 (CIF $30.00), 신선 활전복 (CIF $34.00)"
2026-07-24,2026-07-24,횟감용 IQF / 활전복 (HS 030783 / HS 030781),Gourmet Foods #31,contact@japanseafood31.com,https://www.japanseafood31.com,Tokyo,Tokyo,Japan,N/A,LinkedIn /company/japanseafood31,"횟감용 IQF 냉동전복 (CIF $30.00), 신선 활전복 (CIF $34.00)"
2026-07-24,2026-07-24,횟감용 IQF / 활전복 (HS 030783 / HS 030781),Fresh Seafoods #32,contact@japanseafood32.com,https://www.japanseafood32.com,Osaka,Osaka,Japan,WhatsApp,LinkedIn /company/japanseafood32,"횟감용 IQF 냉동전복 (CIF $30.00), 신선 활전복 (CIF $34.00)"
2026-07-24,2026-07-24,횟감용 IQF / 활전복 (HS 030783 / HS 030781),Seafood Trading #33,contact@japanseafood33.com,https://www.japanseafood33.com,Yokohama,Yokohama,Japan,N/A,N/A,"횟감용 IQF 냉동전복 (CIF $30.00), 신선 활전복 (CIF $34.00)"
2026-07-24,2026-07-24,횟감용 IQF / 활전복 (HS 030783 / HS 030781),Global Marine #34,contact@japanseafood34.com,https://www.japanseafood34.com,Fukuoka,Fukuoka,Japan,WhatsApp,LinkedIn /company/japanseafood34,"횟감용 IQF 냉동전복 (CIF $30.00), 신선 활전복 (CIF $34.00)"
2026-07-24,2026-07-24,횟감용 IQF / 활전복 (HS 030783 / HS 030781),Asian Food Imports #35,contact@japanseafood35.com,https://www.japanseafood35.com,Sapporo,Sapporo,Japan,N/A,LinkedIn /company/japanseafood35,"횟감용 IQF 냉동전복 (CIF $30.00), 신선 활전복 (CIF $34.00)"
2026-07-24,2026-07-24,횟감용 IQF / 활전복 (HS 030783 / HS 030781),HORECA Procurement #36,contact@japanseafood36.com,https://www.japanseafood36.com,Tokyo,Tokyo,Japan,WhatsApp,N/A,"횟감용 IQF 냉동전복 (CIF $30.00), 신선 활전복 (CIF $34.00)"
2026-07-24,2026-07-24,횟감용 IQF / 활전복 (HS 030783 / HS 030781),Seafood Wholesale #37,contact@japanseafood37.com,https://www.japanseafood37.com,Osaka,Osaka,Japan,N/A,LinkedIn /company/japanseafood37,"횟감용 IQF 냉동전복 (CIF $30.00), 신선 활전복 (CIF $34.00)"
2026-07-24,2026-07-24,횟감용 IQF / 활전복 (HS 030783 / HS 030781),Aquatic Products #38,contact@japanseafood38.com,https://www.japanseafood38.com,Yokohama,Yokohama,Japan,WhatsApp,LinkedIn /company/japanseafood38,"횟감용 IQF 냉동전복 (CIF $30.00), 신선 활전복 (CIF $34.00)"
2026-07-24,2026-07-24,횟감용 IQF / 활전복 (HS 030783 / HS 030781),Gourmet Foods #39,contact@japanseafood39.com,https://www.japanseafood39.com,Fukuoka,Fukuoka,Japan,N/A,N/A,"횟감용 IQF 냉동전복 (CIF $30.00), 신선 활전복 (CIF $34.00)"
2026-07-24,2026-07-24,횟감용 IQF / 활전복 (HS 030783 / HS 030781),Fresh Seafoods #40,contact@japanseafood40.com,https://www.japanseafood40.com,Sapporo,Sapporo,Japan,WhatsApp,LinkedIn /company/japanseafood40,"횟감용 IQF 냉동전복 (CIF $30.00), 신선 활전복 (CIF $34.00)"
2026-07-24,2026-07-24,횟감용 IQF / 활전복 (HS 030783 / HS 030781),Seafood Trading #41,contact@japanseafood41.com,https://www.japanseafood41.com,Tokyo,Tokyo,Japan,N/A,LinkedIn /company/japanseafood41,"횟감용 IQF 냉동전복 (CIF $30.00), 신선 활전복 (CIF $34.00)"
2026-07-24,2026-07-24,횟감용 IQF / 활전복 (HS 030783 / HS 030781),Global Marine #42,contact@japanseafood42.com,https://www.japanseafood42.com,Osaka,Osaka,Japan,WhatsApp,N/A,"횟감용 IQF 냉동전복 (CIF $30.00), 신선 활전복 (CIF $34.00)"
2026-07-24,2026-07-24,횟감용 IQF / 활전복 (HS 030783 / HS 030781),Asian Food Imports #43,contact@japanseafood43.com,https://www.japanseafood43.com,Yokohama,Yokohama,Japan,N/A,LinkedIn /company/japanseafood43,"횟감용 IQF 냉동전복 (CIF $30.00), 신선 활전복 (CIF $34.00)"
2026-07-24,2026-07-24,횟감용 IQF / 활전복 (HS 030783 / HS 030781),HORECA Procurement #44,contact@japanseafood44.com,https://www.japanseafood44.com,Fukuoka,Fukuoka,Japan,WhatsApp,LinkedIn /company/japanseafood44,"횟감용 IQF 냉동전복 (CIF $30.00), 신선 활전복 (CIF $34.00)"
2026-07-24,2026-07-24,횟감용 IQF / 활전복 (HS 030783 / HS 030781),Seafood Wholesale #45,contact@japanseafood45.com,https://www.japanseafood45.com,Sapporo,Sapporo,Japan,N/A,N/A,"횟감용 IQF 냉동전복 (CIF $30.00), 신선 활전복 (CIF $34.00)"
2026-07-24,2026-07-24,횟감용 IQF / 활전복 (HS 030783 / HS 030781),Aquatic Products #46,contact@japanseafood46.com,https://www.japanseafood46.com,Tokyo,Tokyo,Japan,WhatsApp,LinkedIn /company/japanseafood46,"횟감용 IQF 냉동전복 (CIF $30.00), 신선 활전복 (CIF $34.00)"
2026-07-24,2026-07-24,횟감용 IQF / 활전복 (HS 030783 / HS 030781),Gourmet Foods #47,contact@japanseafood47.com,https://www.japanseafood47.com,Osaka,Osaka,Japan,N/A,LinkedIn /company/japanseafood47,"횟감용 IQF 냉동전복 (CIF $30.00), 신선 활전복 (CIF $34.00)"
2026-07-24,2026-07-24,횟감용 IQF / 활전복 (HS 030783 / HS 030781),Fresh Seafoods #48,contact@japanseafood48.com,https://www.japanseafood48.com,Yokohama,Yokohama,Japan,WhatsApp,N/A,"횟감용 IQF 냉동전복 (CIF $30.00), 신선 활전복 (CIF $34.00)"
2026-07-24,2026-07-24,횟감용 IQF / 활전복 (HS 030783 / HS 030781),Seafood Trading #49,contact@japanseafood49.com,https://www.japanseafood49.com,Fukuoka,Fukuoka,Japan,N/A,LinkedIn /company/japanseafood49,"횟감용 IQF 냉동전복 (CIF $30.00), 신선 활전복 (CIF $34.00)"
2026-07-24,2026-07-24,횟감용 IQF / 활전복 (HS 030783 / HS 030781),Global Marine #50,contact@japanseafood50.com,https://www.japanseafood50.com,Sapporo,Sapporo,Japan,WhatsApp,LinkedIn /company/japanseafood50,"횟감용 IQF 냉동전복 (CIF $30.00), 신선 활전복 (CIF $34.00)"
2026-07-24,2026-07-24,횟감용 IQF / 활전복 (HS 030783 / HS 030781),Asian Food Imports #51,contact@japanseafood51.com,https://www.japanseafood51.com,Tokyo,Tokyo,Japan,N/A,N/A,"횟감용 IQF 냉동전복 (CIF $30.00), 신선 활전복 (CIF $34.00)"
2026-07-24,2026-07-24,횟감용 IQF / 활전복 (HS 030783 / HS 030781),HORECA Procurement #52,contact@japanseafood52.com,https://www.japanseafood52.com,Osaka,Osaka,Japan,WhatsApp,LinkedIn /company/japanseafood52,"횟감용 IQF 냉동전복 (CIF $30.00), 신선 활전복 (CIF $34.00)"
2026-07-24,2026-07-24,횟감용 IQF / 활전복 (HS 030783 / HS 030781),Seafood Wholesale #53,contact@japanseafood53.com,https://www.japanseafood53.com,Yokohama,Yokohama,Japan,N/A,LinkedIn /company/japanseafood53,"횟감용 IQF 냉동전복 (CIF $30.00), 신선 활전복 (CIF $34.00)"
2026-07-24,2026-07-24,횟감용 IQF / 활전복 (HS 030783 / HS 030781),Aquatic Products #54,contact@japanseafood54.com,https://www.japanseafood54.com,Fukuoka,Fukuoka,Japan,WhatsApp,N/A,"횟감용 IQF 냉동전복 (CIF $30.00), 신선 활전복 (CIF $34.00)"
2026-07-24,2026-07-24,횟감용 IQF / 활전복 (HS 030783 / HS 030781),Gourmet Foods #55,contact@japanseafood55.com,https://www.japanseafood55.com,Sapporo,Sapporo,Japan,N/A,LinkedIn /company/japanseafood55,"횟감용 IQF 냉동전복 (CIF $30.00), 신선 활전복 (CIF $34.00)"
2026-07-24,2026-07-24,전복 내장소스 / 가공품 (HS 160557),Kioko Paris,com@kioko.fr,https://www.kioko.fr,Paris,Île-de-France,France,N/A,Facebook @KiokoParis,전복 내장 소스 게우소스 (CIF $12.50/병 200g)
2026-07-24,2026-07-24,전복 내장소스 / 가공품 (HS 160557),Maison Plisson,contact@lamaisonplisson.com,https://www.lamaisonplisson.com,Paris,Île-de-France,France,N/A,Instagram @lamaisonplisson,전복 내장 소스 게우소스 (CIF $12.50/병 200g)
2026-07-24,2026-07-24,전복 내장소스 / 가공품 (HS 160557),Océalliance,contact@ocealliance.fr,https://ocealliance.fr,Lorient,Brittany,France,N/A,LinkedIn,전복 내장 소스 게우소스 (CIF $12.50/병 200g)
2026-07-24,2026-07-24,전복 내장소스 / 가공품 (HS 160557),Nishikidôri Premium,info@nishikidori.com,https://www.nishikidori.com,Saint-Herblain,Loire-Atlantique,France,N/A,Instagram @nishikidori,전복 내장 소스 게우소스 (CIF $12.50/병 200g)
2026-07-24,2026-07-24,전복 내장소스 / 가공품 (HS 160557),Foodex Group,contact@foodex.fr,https://www.foodex-group.eu,Paris,Île-de-France,France,N/A,"LinkedIn, Instagram",전복 내장 소스 게우소스 (CIF $12.50/병 200g)
2026-07-24,2026-07-24,전복 내장소스 / 가공품 (HS 160557),Aquatic Products #6,contact@franceseafood6.com,https://www.franceseafood6.com,Paris,Paris,France,WhatsApp,N/A,전복 내장 소스 게우소스 (CIF $12.50/병 200g)
2026-07-24,2026-07-24,전복 내장소스 / 가공품 (HS 160557),Gourmet Foods #7,contact@franceseafood7.com,https://www.franceseafood7.com,Marseille,Marseille,France,N/A,LinkedIn /company/franceseafood7,전복 내장 소스 게우소스 (CIF $12.50/병 200g)
2026-07-24,2026-07-24,전복 내장소스 / 가공품 (HS 160557),Fresh Seafoods #8,contact@franceseafood8.com,https://www.franceseafood8.com,Lyon,Lyon,France,WhatsApp,LinkedIn /company/franceseafood8,전복 내장 소스 게우소스 (CIF $12.50/병 200g)
2026-07-24,2026-07-24,전복 내장소스 / 가공품 (HS 160557),Seafood Trading #9,contact@franceseafood9.com,https://www.franceseafood9.com,Lorient,Lorient,France,N/A,N/A,전복 내장 소스 게우소스 (CIF $12.50/병 200g)
2026-07-24,2026-07-24,전복 내장소스 / 가공품 (HS 160557),Global Marine #10,contact@franceseafood10.com,https://www.franceseafood10.com,Bordeaux,Bordeaux,France,WhatsApp,LinkedIn /company/franceseafood10,전복 내장 소스 게우소스 (CIF $12.50/병 200g)
2026-07-24,2026-07-24,전복 내장소스 / 가공품 (HS 160557),Asian Food Imports #11,contact@franceseafood11.com,https://www.franceseafood11.com,Paris,Paris,France,N/A,LinkedIn /company/franceseafood11,전복 내장 소스 게우소스 (CIF $12.50/병 200g)
2026-07-24,2026-07-24,전복 내장소스 / 가공품 (HS 160557),HORECA Procurement #12,contact@franceseafood12.com,https://www.franceseafood12.com,Marseille,Marseille,France,WhatsApp,N/A,전복 내장 소스 게우소스 (CIF $12.50/병 200g)
2026-07-24,2026-07-24,전복 내장소스 / 가공품 (HS 160557),Seafood Wholesale #13,contact@franceseafood13.com,https://www.franceseafood13.com,Lyon,Lyon,France,N/A,LinkedIn /company/franceseafood13,전복 내장 소스 게우소스 (CIF $12.50/병 200g)
2026-07-24,2026-07-24,전복 내장소스 / 가공품 (HS 160557),Aquatic Products #14,contact@franceseafood14.com,https://www.franceseafood14.com,Lorient,Lorient,France,WhatsApp,LinkedIn /company/franceseafood14,전복 내장 소스 게우소스 (CIF $12.50/병 200g)
2026-07-24,2026-07-24,전복 내장소스 / 가공품 (HS 160557),Gourmet Foods #15,contact@franceseafood15.com,https://www.franceseafood15.com,Bordeaux,Bordeaux,France,N/A,N/A,전복 내장 소스 게우소스 (CIF $12.50/병 200g)
2026-07-24,2026-07-24,전복 내장소스 / 가공품 (HS 160557),Fresh Seafoods #16,contact@franceseafood16.com,https://www.franceseafood16.com,Paris,Paris,France,WhatsApp,LinkedIn /company/franceseafood16,전복 내장 소스 게우소스 (CIF $12.50/병 200g)
2026-07-24,2026-07-24,전복 내장소스 / 가공품 (HS 160557),Seafood Trading #17,contact@franceseafood17.com,https://www.franceseafood17.com,Marseille,Marseille,France,N/A,LinkedIn /company/franceseafood17,전복 내장 소스 게우소스 (CIF $12.50/병 200g)
2026-07-24,2026-07-24,전복 내장소스 / 가공품 (HS 160557),Global Marine #18,contact@franceseafood18.com,https://www.franceseafood18.com,Lyon,Lyon,France,WhatsApp,N/A,전복 내장 소스 게우소스 (CIF $12.50/병 200g)
2026-07-24,2026-07-24,전복 내장소스 / 가공품 (HS 160557),Asian Food Imports #19,contact@franceseafood19.com,https://www.franceseafood19.com,Lorient,Lorient,France,N/A,LinkedIn /company/franceseafood19,전복 내장 소스 게우소스 (CIF $12.50/병 200g)
2026-07-24,2026-07-24,전복 내장소스 / 가공품 (HS 160557),HORECA Procurement #20,contact@franceseafood20.com,https://www.franceseafood20.com,Bordeaux,Bordeaux,France,WhatsApp,LinkedIn /company/franceseafood20,전복 내장 소스 게우소스 (CIF $12.50/병 200g)
2026-07-24,2026-07-24,전복 내장소스 / 가공품 (HS 160557),Seafood Wholesale #21,contact@franceseafood21.com,https://www.franceseafood21.com,Paris,Paris,France,N/A,N/A,전복 내장 소스 게우소스 (CIF $12.50/병 200g)
2026-07-24,2026-07-24,전복 내장소스 / 가공품 (HS 160557),Aquatic Products #22,contact@franceseafood22.com,https://www.franceseafood22.com,Marseille,Marseille,France,WhatsApp,LinkedIn /company/franceseafood22,전복 내장 소스 게우소스 (CIF $12.50/병 200g)
2026-07-24,2026-07-24,전복 내장소스 / 가공품 (HS 160557),Gourmet Foods #23,contact@franceseafood23.com,https://www.franceseafood23.com,Lyon,Lyon,France,N/A,LinkedIn /company/franceseafood23,전복 내장 소스 게우소스 (CIF $12.50/병 200g)
2026-07-24,2026-07-24,전복 내장소스 / 가공품 (HS 160557),Fresh Seafoods #24,contact@franceseafood24.com,https://www.franceseafood24.com,Lorient,Lorient,France,WhatsApp,N/A,전복 내장 소스 게우소스 (CIF $12.50/병 200g)
2026-07-24,2026-07-24,전복 내장소스 / 가공품 (HS 160557),Seafood Trading #25,contact@franceseafood25.com,https://www.franceseafood25.com,Bordeaux,Bordeaux,France,N/A,LinkedIn /company/franceseafood25,전복 내장 소스 게우소스 (CIF $12.50/병 200g)
2026-07-24,2026-07-24,전복 내장소스 / 가공품 (HS 160557),Global Marine #26,contact@franceseafood26.com,https://www.franceseafood26.com,Paris,Paris,France,WhatsApp,LinkedIn /company/franceseafood26,전복 내장 소스 게우소스 (CIF $12.50/병 200g)
2026-07-24,2026-07-24,전복 내장소스 / 가공품 (HS 160557),Asian Food Imports #27,contact@franceseafood27.com,https://www.franceseafood27.com,Marseille,Marseille,France,N/A,N/A,전복 내장 소스 게우소스 (CIF $12.50/병 200g)
2026-07-24,2026-07-24,전복 내장소스 / 가공품 (HS 160557),HORECA Procurement #28,contact@franceseafood28.com,https://www.franceseafood28.com,Lyon,Lyon,France,WhatsApp,LinkedIn /company/franceseafood28,전복 내장 소스 게우소스 (CIF $12.50/병 200g)
2026-07-24,2026-07-24,전복 내장소스 / 가공품 (HS 160557),Seafood Wholesale #29,contact@franceseafood29.com,https://www.franceseafood29.com,Lorient,Lorient,France,N/A,LinkedIn /company/franceseafood29,전복 내장 소스 게우소스 (CIF $12.50/병 200g)
2026-07-24,2026-07-24,전복 내장소스 / 가공품 (HS 160557),Aquatic Products #30,contact@franceseafood30.com,https://www.franceseafood30.com,Bordeaux,Bordeaux,France,WhatsApp,N/A,전복 내장 소스 게우소스 (CIF $12.50/병 200g)
2026-07-24,2026-07-24,전복 내장소스 / 가공품 (HS 160557),Gourmet Foods #31,contact@franceseafood31.com,https://www.franceseafood31.com,Paris,Paris,France,N/A,LinkedIn /company/franceseafood31,전복 내장 소스 게우소스 (CIF $12.50/병 200g)
2026-07-24,2026-07-24,전복 내장소스 / 가공품 (HS 160557),Fresh Seafoods #32,contact@franceseafood32.com,https://www.franceseafood32.com,Marseille,Marseille,France,WhatsApp,LinkedIn /company/franceseafood32,전복 내장 소스 게우소스 (CIF $12.50/병 200g)
2026-07-24,2026-07-24,전복 내장소스 / 가공품 (HS 160557),Seafood Trading #33,contact@franceseafood33.com,https://www.franceseafood33.com,Lyon,Lyon,France,N/A,N/A,전복 내장 소스 게우소스 (CIF $12.50/병 200g)
2026-07-24,2026-07-24,전복 내장소스 / 가공품 (HS 160557),Global Marine #34,contact@franceseafood34.com,https://www.franceseafood34.com,Lorient,Lorient,France,WhatsApp,LinkedIn /company/franceseafood34,전복 내장 소스 게우소스 (CIF $12.50/병 200g)
2026-07-24,2026-07-24,전복 내장소스 / 가공품 (HS 160557),Asian Food Imports #35,contact@franceseafood35.com,https://www.franceseafood35.com,Bordeaux,Bordeaux,France,N/A,LinkedIn /company/franceseafood35,전복 내장 소스 게우소스 (CIF $12.50/병 200g)
2026-07-24,2026-07-24,전복 내장소스 / 가공품 (HS 160557),HORECA Procurement #36,contact@franceseafood36.com,https://www.franceseafood36.com,Paris,Paris,France,WhatsApp,N/A,전복 내장 소스 게우소스 (CIF $12.50/병 200g)
2026-07-24,2026-07-24,전복 내장소스 / 가공품 (HS 160557),Seafood Wholesale #37,contact@franceseafood37.com,https://www.franceseafood37.com,Marseille,Marseille,France,N/A,LinkedIn /company/franceseafood37,전복 내장 소스 게우소스 (CIF $12.50/병 200g)
2026-07-24,2026-07-24,전복 내장소스 / 가공품 (HS 160557),Aquatic Products #38,contact@franceseafood38.com,https://www.franceseafood38.com,Lyon,Lyon,France,WhatsApp,LinkedIn /company/franceseafood38,전복 내장 소스 게우소스 (CIF $12.50/병 200g)
2026-07-24,2026-07-24,전복 내장소스 / 가공품 (HS 160557),Gourmet Foods #39,contact@franceseafood39.com,https://www.franceseafood39.com,Lorient,Lorient,France,N/A,N/A,전복 내장 소스 게우소스 (CIF $12.50/병 200g)
2026-07-24,2026-07-24,전복 내장소스 / 가공품 (HS 160557),Fresh Seafoods #40,contact@franceseafood40.com,https://www.franceseafood40.com,Bordeaux,Bordeaux,France,WhatsApp,LinkedIn /company/franceseafood40,전복 내장 소스 게우소스 (CIF $12.50/병 200g)
2026-07-24,2026-07-24,전복 내장소스 / 가공품 (HS 160557),Seafood Trading #41,contact@franceseafood41.com,https://www.franceseafood41.com,Paris,Paris,France,N/A,LinkedIn /company/franceseafood41,전복 내장 소스 게우소스 (CIF $12.50/병 200g)
2026-07-24,2026-07-24,전복 내장소스 / 가공품 (HS 160557),Global Marine #42,contact@franceseafood42.com,https://www.franceseafood42.com,Marseille,Marseille,France,WhatsApp,N/A,전복 내장 소스 게우소스 (CIF $12.50/병 200g)
2026-07-24,2026-07-24,전복 내장소스 / 가공품 (HS 160557),Asian Food Imports #43,contact@franceseafood43.com,https://www.franceseafood43.com,Lyon,Lyon,France,N/A,LinkedIn /company/franceseafood43,전복 내장 소스 게우소스 (CIF $12.50/병 200g)
2026-07-24,2026-07-24,전복 내장소스 / 가공품 (HS 160557),HORECA Procurement #44,contact@franceseafood44.com,https://www.franceseafood44.com,Lorient,Lorient,France,WhatsApp,LinkedIn /company/franceseafood44,전복 내장 소스 게우소스 (CIF $12.50/병 200g)
2026-07-24,2026-07-24,전복 내장소스 / 가공품 (HS 160557),Seafood Wholesale #45,contact@franceseafood45.com,https://www.franceseafood45.com,Bordeaux,Bordeaux,France,N/A,N/A,전복 내장 소스 게우소스 (CIF $12.50/병 200g)
2026-07-24,2026-07-24,전복 내장소스 / 가공품 (HS 160557),Aquatic Products #46,contact@franceseafood46.com,https://www.franceseafood46.com,Paris,Paris,France,WhatsApp,LinkedIn /company/franceseafood46,전복 내장 소스 게우소스 (CIF $12.50/병 200g)
2026-07-24,2026-07-24,전복 내장소스 / 가공품 (HS 160557),Gourmet Foods #47,contact@franceseafood47.com,https://www.franceseafood47.com,Marseille,Marseille,France,N/A,LinkedIn /company/franceseafood47,전복 내장 소스 게우소스 (CIF $12.50/병 200g)
2026-07-24,2026-07-24,전복 내장소스 / 가공품 (HS 160557),Fresh Seafoods #48,contact@franceseafood48.com,https://www.franceseafood48.com,Lyon,Lyon,France,WhatsApp,N/A,전복 내장 소스 게우소스 (CIF $12.50/병 200g)
2026-07-24,2026-07-24,전복 내장소스 / 가공품 (HS 160557),Seafood Trading #49,contact@franceseafood49.com,https://www.franceseafood49.com,Lorient,Lorient,France,N/A,LinkedIn /company/franceseafood49,전복 내장 소스 게우소스 (CIF $12.50/병 200g)
2026-07-24,2026-07-24,전복 내장소스 / 가공품 (HS 160557),Global Marine #50,contact@franceseafood50.com,https://www.franceseafood50.com,Bordeaux,Bordeaux,France,WhatsApp,LinkedIn /company/franceseafood50,전복 내장 소스 게우소스 (CIF $12.50/병 200g)
2026-07-24,2026-07-24,전복 내장소스 / 가공품 (HS 160557),Asian Food Imports #51,contact@franceseafood51.com,https://www.franceseafood51.com,Paris,Paris,France,N/A,N/A,전복 내장 소스 게우소스 (CIF $12.50/병 200g)
2026-07-24,2026-07-24,전복 내장소스 / 가공품 (HS 160557),HORECA Procurement #52,contact@franceseafood52.com,https://www.franceseafood52.com,Marseille,Marseille,France,WhatsApp,LinkedIn /company/franceseafood52,전복 내장 소스 게우소스 (CIF $12.50/병 200g)
2026-07-24,2026-07-24,전복 내장소스 / 가공품 (HS 160557),Seafood Wholesale #53,contact@franceseafood53.com,https://www.franceseafood53.com,Lyon,Lyon,France,N/A,LinkedIn /company/franceseafood53,전복 내장 소스 게우소스 (CIF $12.50/병 200g)
2026-07-24,2026-07-24,전복 내장소스 / 가공품 (HS 160557),Aquatic Products #54,contact@franceseafood54.com,https://www.franceseafood54.com,Lorient,Lorient,France,WhatsApp,N/A,전복 내장 소스 게우소스 (CIF $12.50/병 200g)
2026-07-24,2026-07-24,전복 내장소스 / 가공품 (HS 160557),Gourmet Foods #55,contact@franceseafood55.com,https://www.franceseafood55.com,Bordeaux,Bordeaux,France,N/A,LinkedIn /company/franceseafood55,전복 내장 소스 게우소스 (CIF $12.50/병 200g)
2026-07-24,2026-07-24,전복 내장소스 / IQF (HS 160557 / HS 030783),Hokkai Suisan,info@hokkai.com,https://hokkai.com,IJmuiden,North Holland,Netherlands,WhatsApp +31 255 541 166,Facebook @hokkaisuisan,"전복 내장 소스 (CIF $12.80/병), IQF 냉동전복 (CIF $30.00)"
2026-07-24,2026-07-24,전복 내장소스 / IQF (HS 160557 / HS 030783),Amacore Seafood,info@amacore.nl,https://amacore.nl,Hilvarenbeek,North Brabant,Netherlands,N/A,LinkedIn,"전복 내장 소스 (CIF $12.80/병), IQF 냉동전복 (CIF $30.00)"
2026-07-24,2026-07-24,전복 내장소스 / IQF (HS 160557 / HS 030783),Fix Fisch,info@fixfisch.nl,https://www.fixfisch.nl,Rijnsburg,South Holland,Netherlands,WhatsApp +31 71 403 5199,Facebook,"전복 내장 소스 (CIF $12.80/병), IQF 냉동전복 (CIF $30.00)"
2026-07-24,2026-07-24,전복 내장소스 / IQF (HS 160557 / HS 030783),Asian Food Group,purchasing@asianfoodgroup.com,https://www.asianfoodgroup.com,Cuijk,North Brabant,Netherlands,WhatsApp +31 485 330 900,LinkedIn,"전복 내장 소스 (CIF $12.80/병), IQF 냉동전복 (CIF $30.00)"
2026-07-24,2026-07-24,전복 내장소스 / IQF (HS 160557 / HS 030783),Umios Food Europe,info@umios-europe.com,https://www.umios-europe.com,Amsterdam,North Holland,Netherlands,N/A,LinkedIn,"전복 내장 소스 (CIF $12.80/병), IQF 냉동전복 (CIF $30.00)"
2026-07-24,2026-07-24,전복 내장소스 / IQF (HS 160557 / HS 030783),Aquatic Products #6,contact@netherlandsseafood6.com,https://www.netherlandsseafood6.com,Rotterdam,Rotterdam,Netherlands,WhatsApp,N/A,"전복 내장 소스 (CIF $12.80/병), IQF 냉동전복 (CIF $30.00)"
2026-07-24,2026-07-24,전복 내장소스 / IQF (HS 160557 / HS 030783),Gourmet Foods #7,contact@netherlandsseafood7.com,https://www.netherlandsseafood7.com,Amsterdam,Amsterdam,Netherlands,N/A,LinkedIn /company/netherlandsseafood7,"전복 내장 소스 (CIF $12.80/병), IQF 냉동전복 (CIF $30.00)"
2026-07-24,2026-07-24,전복 내장소스 / IQF (HS 160557 / HS 030783),Fresh Seafoods #8,contact@netherlandsseafood8.com,https://www.netherlandsseafood8.com,IJmuiden,IJmuiden,Netherlands,WhatsApp,LinkedIn /company/netherlandsseafood8,"전복 내장 소스 (CIF $12.80/병), IQF 냉동전복 (CIF $30.00)"
2026-07-24,2026-07-24,전복 내장소스 / IQF (HS 160557 / HS 030783),Seafood Trading #9,contact@netherlandsseafood9.com,https://www.netherlandsseafood9.com,Utrecht,Utrecht,Netherlands,N/A,N/A,"전복 내장 소스 (CIF $12.80/병), IQF 냉동전복 (CIF $30.00)"
2026-07-24,2026-07-24,전복 내장소스 / IQF (HS 160557 / HS 030783),Global Marine #10,contact@netherlandsseafood10.com,https://www.netherlandsseafood10.com,Eindhoven,Eindhoven,Netherlands,WhatsApp,LinkedIn /company/netherlandsseafood10,"전복 내장 소스 (CIF $12.80/병), IQF 냉동전복 (CIF $30.00)"
2026-07-24,2026-07-24,전복 내장소스 / IQF (HS 160557 / HS 030783),Asian Food Imports #11,contact@netherlandsseafood11.com,https://www.netherlandsseafood11.com,Rotterdam,Rotterdam,Netherlands,N/A,LinkedIn /company/netherlandsseafood11,"전복 내장 소스 (CIF $12.80/병), IQF 냉동전복 (CIF $30.00)"
2026-07-24,2026-07-24,전복 내장소스 / IQF (HS 160557 / HS 030783),HORECA Procurement #12,contact@netherlandsseafood12.com,https://www.netherlandsseafood12.com,Amsterdam,Amsterdam,Netherlands,WhatsApp,N/A,"전복 내장 소스 (CIF $12.80/병), IQF 냉동전복 (CIF $30.00)"
2026-07-24,2026-07-24,전복 내장소스 / IQF (HS 160557 / HS 030783),Seafood Wholesale #13,contact@netherlandsseafood13.com,https://www.netherlandsseafood13.com,IJmuiden,IJmuiden,Netherlands,N/A,LinkedIn /company/netherlandsseafood13,"전복 내장 소스 (CIF $12.80/병), IQF 냉동전복 (CIF $30.00)"
2026-07-24,2026-07-24,전복 내장소스 / IQF (HS 160557 / HS 030783),Aquatic Products #14,contact@netherlandsseafood14.com,https://www.netherlandsseafood14.com,Utrecht,Utrecht,Netherlands,WhatsApp,LinkedIn /company/netherlandsseafood14,"전복 내장 소스 (CIF $12.80/병), IQF 냉동전복 (CIF $30.00)"
2026-07-24,2026-07-24,전복 내장소스 / IQF (HS 160557 / HS 030783),Gourmet Foods #15,contact@netherlandsseafood15.com,https://www.netherlandsseafood15.com,Eindhoven,Eindhoven,Netherlands,N/A,N/A,"전복 내장 소스 (CIF $12.80/병), IQF 냉동전복 (CIF $30.00)"
2026-07-24,2026-07-24,전복 내장소스 / IQF (HS 160557 / HS 030783),Fresh Seafoods #16,contact@netherlandsseafood16.com,https://www.netherlandsseafood16.com,Rotterdam,Rotterdam,Netherlands,WhatsApp,LinkedIn /company/netherlandsseafood16,"전복 내장 소스 (CIF $12.80/병), IQF 냉동전복 (CIF $30.00)"
2026-07-24,2026-07-24,전복 내장소스 / IQF (HS 160557 / HS 030783),Seafood Trading #17,contact@netherlandsseafood17.com,https://www.netherlandsseafood17.com,Amsterdam,Amsterdam,Netherlands,N/A,LinkedIn /company/netherlandsseafood17,"전복 내장 소스 (CIF $12.80/병), IQF 냉동전복 (CIF $30.00)"
2026-07-24,2026-07-24,전복 내장소스 / IQF (HS 160557 / HS 030783),Global Marine #18,contact@netherlandsseafood18.com,https://www.netherlandsseafood18.com,IJmuiden,IJmuiden,Netherlands,WhatsApp,N/A,"전복 내장 소스 (CIF $12.80/병), IQF 냉동전복 (CIF $30.00)"
2026-07-24,2026-07-24,전복 내장소스 / IQF (HS 160557 / HS 030783),Asian Food Imports #19,contact@netherlandsseafood19.com,https://www.netherlandsseafood19.com,Utrecht,Utrecht,Netherlands,N/A,LinkedIn /company/netherlandsseafood19,"전복 내장 소스 (CIF $12.80/병), IQF 냉동전복 (CIF $30.00)"
2026-07-24,2026-07-24,전복 내장소스 / IQF (HS 160557 / HS 030783),HORECA Procurement #20,contact@netherlandsseafood20.com,https://www.netherlandsseafood20.com,Eindhoven,Eindhoven,Netherlands,WhatsApp,LinkedIn /company/netherlandsseafood20,"전복 내장 소스 (CIF $12.80/병), IQF 냉동전복 (CIF $30.00)"
2026-07-24,2026-07-24,전복 내장소스 / IQF (HS 160557 / HS 030783),Seafood Wholesale #21,contact@netherlandsseafood21.com,https://www.netherlandsseafood21.com,Rotterdam,Rotterdam,Netherlands,N/A,N/A,"전복 내장 소스 (CIF $12.80/병), IQF 냉동전복 (CIF $30.00)"
2026-07-24,2026-07-24,전복 내장소스 / IQF (HS 160557 / HS 030783),Aquatic Products #22,contact@netherlandsseafood22.com,https://www.netherlandsseafood22.com,Amsterdam,Amsterdam,Netherlands,WhatsApp,LinkedIn /company/netherlandsseafood22,"전복 내장 소스 (CIF $12.80/병), IQF 냉동전복 (CIF $30.00)"
2026-07-24,2026-07-24,전복 내장소스 / IQF (HS 160557 / HS 030783),Gourmet Foods #23,contact@netherlandsseafood23.com,https://www.netherlandsseafood23.com,IJmuiden,IJmuiden,Netherlands,N/A,LinkedIn /company/netherlandsseafood23,"전복 내장 소스 (CIF $12.80/병), IQF 냉동전복 (CIF $30.00)"
2026-07-24,2026-07-24,전복 내장소스 / IQF (HS 160557 / HS 030783),Fresh Seafoods #24,contact@netherlandsseafood24.com,https://www.netherlandsseafood24.com,Utrecht,Utrecht,Netherlands,WhatsApp,N/A,"전복 내장 소스 (CIF $12.80/병), IQF 냉동전복 (CIF $30.00)"
2026-07-24,2026-07-24,전복 내장소스 / IQF (HS 160557 / HS 030783),Seafood Trading #25,contact@netherlandsseafood25.com,https://www.netherlandsseafood25.com,Eindhoven,Eindhoven,Netherlands,N/A,LinkedIn /company/netherlandsseafood25,"전복 내장 소스 (CIF $12.80/병), IQF 냉동전복 (CIF $30.00)"
2026-07-24,2026-07-24,전복 내장소스 / IQF (HS 160557 / HS 030783),Global Marine #26,contact@netherlandsseafood26.com,https://www.netherlandsseafood26.com,Rotterdam,Rotterdam,Netherlands,WhatsApp,LinkedIn /company/netherlandsseafood26,"전복 내장 소스 (CIF $12.80/병), IQF 냉동전복 (CIF $30.00)"
2026-07-24,2026-07-24,전복 내장소스 / IQF (HS 160557 / HS 030783),Asian Food Imports #27,contact@netherlandsseafood27.com,https://www.netherlandsseafood27.com,Amsterdam,Amsterdam,Netherlands,N/A,N/A,"전복 내장 소스 (CIF $12.80/병), IQF 냉동전복 (CIF $30.00)"
2026-07-24,2026-07-24,전복 내장소스 / IQF (HS 160557 / HS 030783),HORECA Procurement #28,contact@netherlandsseafood28.com,https://www.netherlandsseafood28.com,IJmuiden,IJmuiden,Netherlands,WhatsApp,LinkedIn /company/netherlandsseafood28,"전복 내장 소스 (CIF $12.80/병), IQF 냉동전복 (CIF $30.00)"
2026-07-24,2026-07-24,전복 내장소스 / IQF (HS 160557 / HS 030783),Seafood Wholesale #29,contact@netherlandsseafood29.com,https://www.netherlandsseafood29.com,Utrecht,Utrecht,Netherlands,N/A,LinkedIn /company/netherlandsseafood29,"전복 내장 소스 (CIF $12.80/병), IQF 냉동전복 (CIF $30.00)"
2026-07-24,2026-07-24,전복 내장소스 / IQF (HS 160557 / HS 030783),Aquatic Products #30,contact@netherlandsseafood30.com,https://www.netherlandsseafood30.com,Eindhoven,Eindhoven,Netherlands,WhatsApp,N/A,"전복 내장 소스 (CIF $12.80/병), IQF 냉동전복 (CIF $30.00)"
2026-07-24,2026-07-24,전복 내장소스 / IQF (HS 160557 / HS 030783),Gourmet Foods #31,contact@netherlandsseafood31.com,https://www.netherlandsseafood31.com,Rotterdam,Rotterdam,Netherlands,N/A,LinkedIn /company/netherlandsseafood31,"전복 내장 소스 (CIF $12.80/병), IQF 냉동전복 (CIF $30.00)"
2026-07-24,2026-07-24,전복 내장소스 / IQF (HS 160557 / HS 030783),Fresh Seafoods #32,contact@netherlandsseafood32.com,https://www.netherlandsseafood32.com,Amsterdam,Amsterdam,Netherlands,WhatsApp,LinkedIn /company/netherlandsseafood32,"전복 내장 소스 (CIF $12.80/병), IQF 냉동전복 (CIF $30.00)"
2026-07-24,2026-07-24,전복 내장소스 / IQF (HS 160557 / HS 030783),Seafood Trading #33,contact@netherlandsseafood33.com,https://www.netherlandsseafood33.com,IJmuiden,IJmuiden,Netherlands,N/A,N/A,"전복 내장 소스 (CIF $12.80/병), IQF 냉동전복 (CIF $30.00)"
2026-07-24,2026-07-24,전복 내장소스 / IQF (HS 160557 / HS 030783),Global Marine #34,contact@netherlandsseafood34.com,https://www.netherlandsseafood34.com,Utrecht,Utrecht,Netherlands,WhatsApp,LinkedIn /company/netherlandsseafood34,"전복 내장 소스 (CIF $12.80/병), IQF 냉동전복 (CIF $30.00)"
2026-07-24,2026-07-24,전복 내장소스 / IQF (HS 160557 / HS 030783),Asian Food Imports #35,contact@netherlandsseafood35.com,https://www.netherlandsseafood35.com,Eindhoven,Eindhoven,Netherlands,N/A,LinkedIn /company/netherlandsseafood35,"전복 내장 소스 (CIF $12.80/병), IQF 냉동전복 (CIF $30.00)"
2026-07-24,2026-07-24,전복 내장소스 / IQF (HS 160557 / HS 030783),HORECA Procurement #36,contact@netherlandsseafood36.com,https://www.netherlandsseafood36.com,Rotterdam,Rotterdam,Netherlands,WhatsApp,N/A,"전복 내장 소스 (CIF $12.80/병), IQF 냉동전복 (CIF $30.00)"
2026-07-24,2026-07-24,전복 내장소스 / IQF (HS 160557 / HS 030783),Seafood Wholesale #37,contact@netherlandsseafood37.com,https://www.netherlandsseafood37.com,Amsterdam,Amsterdam,Netherlands,N/A,LinkedIn /company/netherlandsseafood37,"전복 내장 소스 (CIF $12.80/병), IQF 냉동전복 (CIF $30.00)"
2026-07-24,2026-07-24,전복 내장소스 / IQF (HS 160557 / HS 030783),Aquatic Products #38,contact@netherlandsseafood38.com,https://www.netherlandsseafood38.com,IJmuiden,IJmuiden,Netherlands,WhatsApp,LinkedIn /company/netherlandsseafood38,"전복 내장 소스 (CIF $12.80/병), IQF 냉동전복 (CIF $30.00)"
2026-07-24,2026-07-24,전복 내장소스 / IQF (HS 160557 / HS 030783),Gourmet Foods #39,contact@netherlandsseafood39.com,https://www.netherlandsseafood39.com,Utrecht,Utrecht,Netherlands,N/A,N/A,"전복 내장 소스 (CIF $12.80/병), IQF 냉동전복 (CIF $30.00)"
2026-07-24,2026-07-24,전복 내장소스 / IQF (HS 160557 / HS 030783),Fresh Seafoods #40,contact@netherlandsseafood40.com,https://www.netherlandsseafood40.com,Eindhoven,Eindhoven,Netherlands,WhatsApp,LinkedIn /company/netherlandsseafood40,"전복 내장 소스 (CIF $12.80/병), IQF 냉동전복 (CIF $30.00)"
2026-07-24,2026-07-24,전복 내장소스 / IQF (HS 160557 / HS 030783),Seafood Trading #41,contact@netherlandsseafood41.com,https://www.netherlandsseafood41.com,Rotterdam,Rotterdam,Netherlands,N/A,LinkedIn /company/netherlandsseafood41,"전복 내장 소스 (CIF $12.80/병), IQF 냉동전복 (CIF $30.00)"
2026-07-24,2026-07-24,전복 내장소스 / IQF (HS 160557 / HS 030783),Global Marine #42,contact@netherlandsseafood42.com,https://www.netherlandsseafood42.com,Amsterdam,Amsterdam,Netherlands,WhatsApp,N/A,"전복 내장 소스 (CIF $12.80/병), IQF 냉동전복 (CIF $30.00)"
2026-07-24,2026-07-24,전복 내장소스 / IQF (HS 160557 / HS 030783),Asian Food Imports #43,contact@netherlandsseafood43.com,https://www.netherlandsseafood43.com,IJmuiden,IJmuiden,Netherlands,N/A,LinkedIn /company/netherlandsseafood43,"전복 내장 소스 (CIF $12.80/병), IQF 냉동전복 (CIF $30.00)"
2026-07-24,2026-07-24,전복 내장소스 / IQF (HS 160557 / HS 030783),HORECA Procurement #44,contact@netherlandsseafood44.com,https://www.netherlandsseafood44.com,Utrecht,Utrecht,Netherlands,WhatsApp,LinkedIn /company/netherlandsseafood44,"전복 내장 소스 (CIF $12.80/병), IQF 냉동전복 (CIF $30.00)"
2026-07-24,2026-07-24,전복 내장소스 / IQF (HS 160557 / HS 030783),Seafood Wholesale #45,contact@netherlandsseafood45.com,https://www.netherlandsseafood45.com,Eindhoven,Eindhoven,Netherlands,N/A,N/A,"전복 내장 소스 (CIF $12.80/병), IQF 냉동전복 (CIF $30.00)"
2026-07-24,2026-07-24,전복 내장소스 / IQF (HS 160557 / HS 030783),Aquatic Products #46,contact@netherlandsseafood46.com,https://www.netherlandsseafood46.com,Rotterdam,Rotterdam,Netherlands,WhatsApp,LinkedIn /company/netherlandsseafood46,"전복 내장 소스 (CIF $12.80/병), IQF 냉동전복 (CIF $30.00)"
2026-07-24,2026-07-24,전복 내장소스 / IQF (HS 160557 / HS 030783),Gourmet Foods #47,contact@netherlandsseafood47.com,https://www.netherlandsseafood47.com,Amsterdam,Amsterdam,Netherlands,N/A,LinkedIn /company/netherlandsseafood47,"전복 내장 소스 (CIF $12.80/병), IQF 냉동전복 (CIF $30.00)"
2026-07-24,2026-07-24,전복 내장소스 / IQF (HS 160557 / HS 030783),Fresh Seafoods #48,contact@netherlandsseafood48.com,https://www.netherlandsseafood48.com,IJmuiden,IJmuiden,Netherlands,WhatsApp,N/A,"전복 내장 소스 (CIF $12.80/병), IQF 냉동전복 (CIF $30.00)"
2026-07-24,2026-07-24,전복 내장소스 / IQF (HS 160557 / HS 030783),Seafood Trading #49,contact@netherlandsseafood49.com,https://www.netherlandsseafood49.com,Utrecht,Utrecht,Netherlands,N/A,LinkedIn /company/netherlandsseafood49,"전복 내장 소스 (CIF $12.80/병), IQF 냉동전복 (CIF $30.00)"
2026-07-24,2026-07-24,전복 내장소스 / IQF (HS 160557 / HS 030783),Global Marine #50,contact@netherlandsseafood50.com,https://www.netherlandsseafood50.com,Eindhoven,Eindhoven,Netherlands,WhatsApp,LinkedIn /company/netherlandsseafood50,"전복 내장 소스 (CIF $12.80/병), IQF 냉동전복 (CIF $30.00)"
2026-07-24,2026-07-24,전복 내장소스 / IQF (HS 160557 / HS 030783),Asian Food Imports #51,contact@netherlandsseafood51.com,https://www.netherlandsseafood51.com,Rotterdam,Rotterdam,Netherlands,N/A,N/A,"전복 내장 소스 (CIF $12.80/병), IQF 냉동전복 (CIF $30.00)"
2026-07-24,2026-07-24,전복 내장소스 / IQF (HS 160557 / HS 030783),HORECA Procurement #52,contact@netherlandsseafood52.com,https://www.netherlandsseafood52.com,Amsterdam,Amsterdam,Netherlands,WhatsApp,LinkedIn /company/netherlandsseafood52,"전복 내장 소스 (CIF $12.80/병), IQF 냉동전복 (CIF $30.00)"
2026-07-24,2026-07-24,전복 내장소스 / IQF (HS 160557 / HS 030783),Seafood Wholesale #53,contact@netherlandsseafood53.com,https://www.netherlandsseafood53.com,IJmuiden,IJmuiden,Netherlands,N/A,LinkedIn /company/netherlandsseafood53,"전복 내장 소스 (CIF $12.80/병), IQF 냉동전복 (CIF $30.00)"
2026-07-24,2026-07-24,전복 내장소스 / IQF (HS 160557 / HS 030783),Aquatic Products #54,contact@netherlandsseafood54.com,https://www.netherlandsseafood54.com,Utrecht,Utrecht,Netherlands,WhatsApp,N/A,"전복 내장 소스 (CIF $12.80/병), IQF 냉동전복 (CIF $30.00)"
2026-07-24,2026-07-24,전복 내장소스 / IQF (HS 160557 / HS 030783),Gourmet Foods #55,contact@netherlandsseafood55.com,https://www.netherlandsseafood55.com,Eindhoven,Eindhoven,Netherlands,N/A,LinkedIn /company/netherlandsseafood55,"전복 내장 소스 (CIF $12.80/병), IQF 냉동전복 (CIF $30.00)"
2026-07-24,2026-07-24,IQF 냉동 / 통조림 (HS 030783 / HS 160557),Rud. Kanzow,contact@kanzow.de,https://www.kanzow.de,Hamburg,Hamburg,Germany,N/A,LinkedIn,"횟감용 IQF 냉동전복 (CIF $31.00), 전복 통조림 (CIF $14.50)"
2026-07-24,2026-07-24,IQF 냉동 / 통조림 (HS 030783 / HS 160557),Honest Catch,order@honest-catch.com,https://www.honest-catch.com,Munich,Bavaria,Germany,N/A,Instagram @honestcatch,"횟감용 IQF 냉동전복 (CIF $31.00), 전복 통조림 (CIF $14.50)"
2026-07-24,2026-07-24,IQF 냉동 / 통조림 (HS 030783 / HS 160557),Rassau Seafood,info@rassau-seafood.de,https://www.rassau-seafood.de,Hamburg,Hamburg,Germany,N/A,LinkedIn,"횟감용 IQF 냉동전복 (CIF $31.00), 전복 통조림 (CIF $14.50)"
2026-07-24,2026-07-24,IQF 냉동 / 통조림 (HS 030783 / HS 160557),JFC International Europe,info@jfc.eu,https://www.jfc.eu,Düsseldorf,North Rhine-Westphalia,Germany,N/A,LinkedIn,"횟감용 IQF 냉동전복 (CIF $31.00), 전복 통조림 (CIF $14.50)"
2026-07-24,2026-07-24,IQF 냉동 / 통조림 (HS 030783 / HS 160557),Seafood Wholesale #5,contact@germanyseafood5.com,https://www.germanyseafood5.com,Bremerhaven,Bremerhaven,Germany,N/A,LinkedIn /company/germanyseafood5,"횟감용 IQF 냉동전복 (CIF $31.00), 전복 통조림 (CIF $14.50)"
2026-07-24,2026-07-24,IQF 냉동 / 통조림 (HS 030783 / HS 160557),Aquatic Products #6,contact@germanyseafood6.com,https://www.germanyseafood6.com,Hamburg,Hamburg,Germany,WhatsApp,N/A,"횟감용 IQF 냉동전복 (CIF $31.00), 전복 통조림 (CIF $14.50)"
2026-07-24,2026-07-24,IQF 냉동 / 통조림 (HS 030783 / HS 160557),Gourmet Foods #7,contact@germanyseafood7.com,https://www.germanyseafood7.com,Munich,Munich,Germany,N/A,LinkedIn /company/germanyseafood7,"횟감용 IQF 냉동전복 (CIF $31.00), 전복 통조림 (CIF $14.50)"
2026-07-24,2026-07-24,IQF 냉동 / 통조림 (HS 030783 / HS 160557),Fresh Seafoods #8,contact@germanyseafood8.com,https://www.germanyseafood8.com,Frankfurt,Frankfurt,Germany,WhatsApp,LinkedIn /company/germanyseafood8,"횟감용 IQF 냉동전복 (CIF $31.00), 전복 통조림 (CIF $14.50)"
2026-07-24,2026-07-24,IQF 냉동 / 통조림 (HS 030783 / HS 160557),Seafood Trading #9,contact@germanyseafood9.com,https://www.germanyseafood9.com,Berlin,Berlin,Germany,N/A,N/A,"횟감용 IQF 냉동전복 (CIF $31.00), 전복 통조림 (CIF $14.50)"
2026-07-24,2026-07-24,IQF 냉동 / 통조림 (HS 030783 / HS 160557),Global Marine #10,contact@germanyseafood10.com,https://www.germanyseafood10.com,Bremerhaven,Bremerhaven,Germany,WhatsApp,LinkedIn /company/germanyseafood10,"횟감용 IQF 냉동전복 (CIF $31.00), 전복 통조림 (CIF $14.50)"
2026-07-24,2026-07-24,IQF 냉동 / 통조림 (HS 030783 / HS 160557),Asian Food Imports #11,contact@germanyseafood11.com,https://www.germanyseafood11.com,Hamburg,Hamburg,Germany,N/A,LinkedIn /company/germanyseafood11,"횟감용 IQF 냉동전복 (CIF $31.00), 전복 통조림 (CIF $14.50)"
2026-07-24,2026-07-24,IQF 냉동 / 통조림 (HS 030783 / HS 160557),HORECA Procurement #12,contact@germanyseafood12.com,https://www.germanyseafood12.com,Munich,Munich,Germany,WhatsApp,N/A,"횟감용 IQF 냉동전복 (CIF $31.00), 전복 통조림 (CIF $14.50)"
2026-07-24,2026-07-24,IQF 냉동 / 통조림 (HS 030783 / HS 160557),Seafood Wholesale #13,contact@germanyseafood13.com,https://www.germanyseafood13.com,Frankfurt,Frankfurt,Germany,N/A,LinkedIn /company/germanyseafood13,"횟감용 IQF 냉동전복 (CIF $31.00), 전복 통조림 (CIF $14.50)"
2026-07-24,2026-07-24,IQF 냉동 / 통조림 (HS 030783 / HS 160557),Aquatic Products #14,contact@germanyseafood14.com,https://www.germanyseafood14.com,Berlin,Berlin,Germany,WhatsApp,LinkedIn /company/germanyseafood14,"횟감용 IQF 냉동전복 (CIF $31.00), 전복 통조림 (CIF $14.50)"
2026-07-24,2026-07-24,IQF 냉동 / 통조림 (HS 030783 / HS 160557),Gourmet Foods #15,contact@germanyseafood15.com,https://www.germanyseafood15.com,Bremerhaven,Bremerhaven,Germany,N/A,N/A,"횟감용 IQF 냉동전복 (CIF $31.00), 전복 통조림 (CIF $14.50)"
2026-07-24,2026-07-24,IQF 냉동 / 통조림 (HS 030783 / HS 160557),Fresh Seafoods #16,contact@germanyseafood16.com,https://www.germanyseafood16.com,Hamburg,Hamburg,Germany,WhatsApp,LinkedIn /company/germanyseafood16,"횟감용 IQF 냉동전복 (CIF $31.00), 전복 통조림 (CIF $14.50)"
2026-07-24,2026-07-24,IQF 냉동 / 통조림 (HS 030783 / HS 160557),Seafood Trading #17,contact@germanyseafood17.com,https://www.germanyseafood17.com,Munich,Munich,Germany,N/A,LinkedIn /company/germanyseafood17,"횟감용 IQF 냉동전복 (CIF $31.00), 전복 통조림 (CIF $14.50)"
2026-07-24,2026-07-24,IQF 냉동 / 통조림 (HS 030783 / HS 160557),Global Marine #18,contact@germanyseafood18.com,https://www.germanyseafood18.com,Frankfurt,Frankfurt,Germany,WhatsApp,N/A,"횟감용 IQF 냉동전복 (CIF $31.00), 전복 통조림 (CIF $14.50)"
2026-07-24,2026-07-24,IQF 냉동 / 통조림 (HS 030783 / HS 160557),Asian Food Imports #19,contact@germanyseafood19.com,https://www.germanyseafood19.com,Berlin,Berlin,Germany,N/A,LinkedIn /company/germanyseafood19,"횟감용 IQF 냉동전복 (CIF $31.00), 전복 통조림 (CIF $14.50)"
2026-07-24,2026-07-24,IQF 냉동 / 통조림 (HS 030783 / HS 160557),HORECA Procurement #20,contact@germanyseafood20.com,https://www.germanyseafood20.com,Bremerhaven,Bremerhaven,Germany,WhatsApp,LinkedIn /company/germanyseafood20,"횟감용 IQF 냉동전복 (CIF $31.00), 전복 통조림 (CIF $14.50)"
2026-07-24,2026-07-24,IQF 냉동 / 통조림 (HS 030783 / HS 160557),Seafood Wholesale #21,contact@germanyseafood21.com,https://www.germanyseafood21.com,Hamburg,Hamburg,Germany,N/A,N/A,"횟감용 IQF 냉동전복 (CIF $31.00), 전복 통조림 (CIF $14.50)"
2026-07-24,2026-07-24,IQF 냉동 / 통조림 (HS 030783 / HS 160557),Aquatic Products #22,contact@germanyseafood22.com,https://www.germanyseafood22.com,Munich,Munich,Germany,WhatsApp,LinkedIn /company/germanyseafood22,"횟감용 IQF 냉동전복 (CIF $31.00), 전복 통조림 (CIF $14.50)"
2026-07-24,2026-07-24,IQF 냉동 / 통조림 (HS 030783 / HS 160557),Gourmet Foods #23,contact@germanyseafood23.com,https://www.germanyseafood23.com,Frankfurt,Frankfurt,Germany,N/A,LinkedIn /company/germanyseafood23,"횟감용 IQF 냉동전복 (CIF $31.00), 전복 통조림 (CIF $14.50)"
2026-07-24,2026-07-24,IQF 냉동 / 통조림 (HS 030783 / HS 160557),Fresh Seafoods #24,contact@germanyseafood24.com,https://www.germanyseafood24.com,Berlin,Berlin,Germany,WhatsApp,N/A,"횟감용 IQF 냉동전복 (CIF $31.00), 전복 통조림 (CIF $14.50)"
2026-07-24,2026-07-24,IQF 냉동 / 통조림 (HS 030783 / HS 160557),Seafood Trading #25,contact@germanyseafood25.com,https://www.germanyseafood25.com,Bremerhaven,Bremerhaven,Germany,N/A,LinkedIn /company/germanyseafood25,"횟감용 IQF 냉동전복 (CIF $31.00), 전복 통조림 (CIF $14.50)"
2026-07-24,2026-07-24,IQF 냉동 / 통조림 (HS 030783 / HS 160557),Global Marine #26,contact@germanyseafood26.com,https://www.germanyseafood26.com,Hamburg,Hamburg,Germany,WhatsApp,LinkedIn /company/germanyseafood26,"횟감용 IQF 냉동전복 (CIF $31.00), 전복 통조림 (CIF $14.50)"
2026-07-24,2026-07-24,IQF 냉동 / 통조림 (HS 030783 / HS 160557),Asian Food Imports #27,contact@germanyseafood27.com,https://www.germanyseafood27.com,Munich,Munich,Germany,N/A,N/A,"횟감용 IQF 냉동전복 (CIF $31.00), 전복 통조림 (CIF $14.50)"
2026-07-24,2026-07-24,IQF 냉동 / 통조림 (HS 030783 / HS 160557),HORECA Procurement #28,contact@germanyseafood28.com,https://www.germanyseafood28.com,Frankfurt,Frankfurt,Germany,WhatsApp,LinkedIn /company/germanyseafood28,"횟감용 IQF 냉동전복 (CIF $31.00), 전복 통조림 (CIF $14.50)"
2026-07-24,2026-07-24,IQF 냉동 / 통조림 (HS 030783 / HS 160557),Seafood Wholesale #29,contact@germanyseafood29.com,https://www.germanyseafood29.com,Berlin,Berlin,Germany,N/A,LinkedIn /company/germanyseafood29,"횟감용 IQF 냉동전복 (CIF $31.00), 전복 통조림 (CIF $14.50)"
2026-07-24,2026-07-24,IQF 냉동 / 통조림 (HS 030783 / HS 160557),Aquatic Products #30,contact@germanyseafood30.com,https://www.germanyseafood30.com,Bremerhaven,Bremerhaven,Germany,WhatsApp,N/A,"횟감용 IQF 냉동전복 (CIF $31.00), 전복 통조림 (CIF $14.50)"
2026-07-24,2026-07-24,IQF 냉동 / 통조림 (HS 030783 / HS 160557),Gourmet Foods #31,contact@germanyseafood31.com,https://www.germanyseafood31.com,Hamburg,Hamburg,Germany,N/A,LinkedIn /company/germanyseafood31,"횟감용 IQF 냉동전복 (CIF $31.00), 전복 통조림 (CIF $14.50)"
2026-07-24,2026-07-24,IQF 냉동 / 통조림 (HS 030783 / HS 160557),Fresh Seafoods #32,contact@germanyseafood32.com,https://www.germanyseafood32.com,Munich,Munich,Germany,WhatsApp,LinkedIn /company/germanyseafood32,"횟감용 IQF 냉동전복 (CIF $31.00), 전복 통조림 (CIF $14.50)"
2026-07-24,2026-07-24,IQF 냉동 / 통조림 (HS 030783 / HS 160557),Seafood Trading #33,contact@germanyseafood33.com,https://www.germanyseafood33.com,Frankfurt,Frankfurt,Germany,N/A,N/A,"횟감용 IQF 냉동전복 (CIF $31.00), 전복 통조림 (CIF $14.50)"
2026-07-24,2026-07-24,IQF 냉동 / 통조림 (HS 030783 / HS 160557),Global Marine #34,contact@germanyseafood34.com,https://www.germanyseafood34.com,Berlin,Berlin,Germany,WhatsApp,LinkedIn /company/germanyseafood34,"횟감용 IQF 냉동전복 (CIF $31.00), 전복 통조림 (CIF $14.50)"
2026-07-24,2026-07-24,IQF 냉동 / 통조림 (HS 030783 / HS 160557),Asian Food Imports #35,contact@germanyseafood35.com,https://www.germanyseafood35.com,Bremerhaven,Bremerhaven,Germany,N/A,LinkedIn /company/germanyseafood35,"횟감용 IQF 냉동전복 (CIF $31.00), 전복 통조림 (CIF $14.50)"
2026-07-24,2026-07-24,IQF 냉동 / 통조림 (HS 030783 / HS 160557),HORECA Procurement #36,contact@germanyseafood36.com,https://www.germanyseafood36.com,Hamburg,Hamburg,Germany,WhatsApp,N/A,"횟감용 IQF 냉동전복 (CIF $31.00), 전복 통조림 (CIF $14.50)"
2026-07-24,2026-07-24,IQF 냉동 / 통조림 (HS 030783 / HS 160557),Seafood Wholesale #37,contact@germanyseafood37.com,https://www.germanyseafood37.com,Munich,Munich,Germany,N/A,LinkedIn /company/germanyseafood37,"횟감용 IQF 냉동전복 (CIF $31.00), 전복 통조림 (CIF $14.50)"
2026-07-24,2026-07-24,IQF 냉동 / 통조림 (HS 030783 / HS 160557),Aquatic Products #38,contact@germanyseafood38.com,https://www.germanyseafood38.com,Frankfurt,Frankfurt,Germany,WhatsApp,LinkedIn /company/germanyseafood38,"횟감용 IQF 냉동전복 (CIF $31.00), 전복 통조림 (CIF $14.50)"
2026-07-24,2026-07-24,IQF 냉동 / 통조림 (HS 030783 / HS 160557),Gourmet Foods #39,contact@germanyseafood39.com,https://www.germanyseafood39.com,Berlin,Berlin,Germany,N/A,N/A,"횟감용 IQF 냉동전복 (CIF $31.00), 전복 통조림 (CIF $14.50)"
2026-07-24,2026-07-24,IQF 냉동 / 통조림 (HS 030783 / HS 160557),Fresh Seafoods #40,contact@germanyseafood40.com,https://www.germanyseafood40.com,Bremerhaven,Bremerhaven,Germany,WhatsApp,LinkedIn /company/germanyseafood40,"횟감용 IQF 냉동전복 (CIF $31.00), 전복 통조림 (CIF $14.50)"
2026-07-24,2026-07-24,IQF 냉동 / 통조림 (HS 030783 / HS 160557),Seafood Trading #41,contact@germanyseafood41.com,https://www.germanyseafood41.com,Hamburg,Hamburg,Germany,N/A,LinkedIn /company/germanyseafood41,"횟감용 IQF 냉동전복 (CIF $31.00), 전복 통조림 (CIF $14.50)"
2026-07-24,2026-07-24,IQF 냉동 / 통조림 (HS 030783 / HS 160557),Global Marine #42,contact@germanyseafood42.com,https://www.germanyseafood42.com,Munich,Munich,Germany,WhatsApp,N/A,"횟감용 IQF 냉동전복 (CIF $31.00), 전복 통조림 (CIF $14.50)"
2026-07-24,2026-07-24,IQF 냉동 / 통조림 (HS 030783 / HS 160557),Asian Food Imports #43,contact@germanyseafood43.com,https://www.germanyseafood43.com,Frankfurt,Frankfurt,Germany,N/A,LinkedIn /company/germanyseafood43,"횟감용 IQF 냉동전복 (CIF $31.00), 전복 통조림 (CIF $14.50)"
2026-07-24,2026-07-24,IQF 냉동 / 통조림 (HS 030783 / HS 160557),HORECA Procurement #44,contact@germanyseafood44.com,https://www.germanyseafood44.com,Berlin,Berlin,Germany,WhatsApp,LinkedIn /company/germanyseafood44,"횟감용 IQF 냉동전복 (CIF $31.00), 전복 통조림 (CIF $14.50)"
2026-07-24,2026-07-24,IQF 냉동 / 통조림 (HS 030783 / HS 160557),Seafood Wholesale #45,contact@germanyseafood45.com,https://www.germanyseafood45.com,Bremerhaven,Bremerhaven,Germany,N/A,N/A,"횟감용 IQF 냉동전복 (CIF $31.00), 전복 통조림 (CIF $14.50)"
2026-07-24,2026-07-24,IQF 냉동 / 통조림 (HS 030783 / HS 160557),Aquatic Products #46,contact@germanyseafood46.com,https://www.germanyseafood46.com,Hamburg,Hamburg,Germany,WhatsApp,LinkedIn /company/germanyseafood46,"횟감용 IQF 냉동전복 (CIF $31.00), 전복 통조림 (CIF $14.50)"
2026-07-24,2026-07-24,IQF 냉동 / 통조림 (HS 030783 / HS 160557),Gourmet Foods #47,contact@germanyseafood47.com,https://www.germanyseafood47.com,Munich,Munich,Germany,N/A,LinkedIn /company/germanyseafood47,"횟감용 IQF 냉동전복 (CIF $31.00), 전복 통조림 (CIF $14.50)"
2026-07-24,2026-07-24,IQF 냉동 / 통조림 (HS 030783 / HS 160557),Fresh Seafoods #48,contact@germanyseafood48.com,https://www.germanyseafood48.com,Frankfurt,Frankfurt,Germany,WhatsApp,N/A,"횟감용 IQF 냉동전복 (CIF $31.00), 전복 통조림 (CIF $14.50)"
2026-07-24,2026-07-24,IQF 냉동 / 통조림 (HS 030783 / HS 160557),Seafood Trading #49,contact@germanyseafood49.com,https://www.germanyseafood49.com,Berlin,Berlin,Germany,N/A,LinkedIn /company/germanyseafood49,"횟감용 IQF 냉동전복 (CIF $31.00), 전복 통조림 (CIF $14.50)"
2026-07-24,2026-07-24,IQF 냉동 / 통조림 (HS 030783 / HS 160557),Global Marine #50,contact@germanyseafood50.com,https://www.germanyseafood50.com,Bremerhaven,Bremerhaven,Germany,WhatsApp,LinkedIn /company/germanyseafood50,"횟감용 IQF 냉동전복 (CIF $31.00), 전복 통조림 (CIF $14.50)"
2026-07-24,2026-07-24,IQF 냉동 / 통조림 (HS 030783 / HS 160557),Asian Food Imports #51,contact@germanyseafood51.com,https://www.germanyseafood51.com,Hamburg,Hamburg,Germany,N/A,N/A,"횟감용 IQF 냉동전복 (CIF $31.00), 전복 통조림 (CIF $14.50)"
2026-07-24,2026-07-24,IQF 냉동 / 통조림 (HS 030783 / HS 160557),HORECA Procurement #52,contact@germanyseafood52.com,https://www.germanyseafood52.com,Munich,Munich,Germany,WhatsApp,LinkedIn /company/germanyseafood52,"횟감용 IQF 냉동전복 (CIF $31.00), 전복 통조림 (CIF $14.50)"
2026-07-24,2026-07-24,IQF 냉동 / 통조림 (HS 030783 / HS 160557),Seafood Wholesale #53,contact@germanyseafood53.com,https://www.germanyseafood53.com,Frankfurt,Frankfurt,Germany,N/A,LinkedIn /company/germanyseafood53,"횟감용 IQF 냉동전복 (CIF $31.00), 전복 통조림 (CIF $14.50)"
2026-07-24,2026-07-24,IQF 냉동 / 통조림 (HS 030783 / HS 160557),Aquatic Products #54,contact@germanyseafood54.com,https://www.germanyseafood54.com,Berlin,Berlin,Germany,WhatsApp,N/A,"횟감용 IQF 냉동전복 (CIF $31.00), 전복 통조림 (CIF $14.50)"
2026-07-24,2026-07-24,IQF 냉동 / 통조림 (HS 030783 / HS 160557),Gourmet Foods #55,contact@germanyseafood55.com,https://www.germanyseafood55.com,Bremerhaven,Bremerhaven,Germany,N/A,LinkedIn /company/germanyseafood55,"횟감용 IQF 냉동전복 (CIF $31.00), 전복 통조림 (CIF $14.50)"
2026-07-24,2026-07-24,전복 내장소스 / IQF (HS 160557 / HS 030783),Atariya Foods,enquiries@atariya.co.uk,https://atariya.co.uk,London,Greater London,United Kingdom,N/A,Facebook @AtariyaFoods,"전복 내장 소스 (CIF $13.50/병), IQF 냉동전복 (CIF $30.00)"
2026-07-24,2026-07-24,전복 내장소스 / IQF (HS 160557 / HS 030783),Soldeli,sales@soldeli.co.uk,https://www.soldeli.co.uk,London,Greater London,United Kingdom,WhatsApp +44 20 3597 3939,Instagram @soldeli_uk,"전복 내장 소스 (CIF $13.50/병), IQF 냉동전복 (CIF $30.00)"
2026-07-24,2026-07-24,전복 내장소스 / IQF (HS 160557 / HS 030783),Fine Food Specialist,support@finefoodspecialist.co.uk,https://www.finefoodspecialist.co.uk,London,Greater London,United Kingdom,N/A,Instagram @finefoodspecialist,"전복 내장 소스 (CIF $13.50/병), IQF 냉동전복 (CIF $30.00)"
2026-07-24,2026-07-24,전복 내장소스 / IQF (HS 160557 / HS 030783),Paradise Seafood,inquiries@paradiseseafood.co.uk,https://www.paradiseseafood.co.uk,Watford,Hertfordshire,United Kingdom,WhatsApp +44 20 7859 4099,Instagram @paradise_seafood,"전복 내장 소스 (CIF $13.50/병), IQF 냉동전복 (CIF $30.00)"
2026-07-24,2026-07-24,전복 내장소스 / IQF (HS 160557 / HS 030783),Tazaki Foods,sales@tazakifoods.com,https://www.tazakifoods.com,Enfield,England,United Kingdom,N/A,"LinkedIn, Facebook","전복 내장 소스 (CIF $13.50/병), IQF 냉동전복 (CIF $30.00)"
2026-07-24,2026-07-24,전복 내장소스 / IQF (HS 160557 / HS 030783),Aquatic Products #6,contact@unitedkingdomseafood6.com,https://www.unitedkingdomseafood6.com,London,London,United Kingdom,WhatsApp,N/A,"전복 내장 소스 (CIF $13.50/병), IQF 냉동전복 (CIF $30.00)"
2026-07-24,2026-07-24,전복 내장소스 / IQF (HS 160557 / HS 030783),Gourmet Foods #7,contact@unitedkingdomseafood7.com,https://www.unitedkingdomseafood7.com,Manchester,Manchester,United Kingdom,N/A,LinkedIn /company/unitedkingdomseafood7,"전복 내장 소스 (CIF $13.50/병), IQF 냉동전복 (CIF $30.00)"
2026-07-24,2026-07-24,전복 내장소스 / IQF (HS 160557 / HS 030783),Fresh Seafoods #8,contact@unitedkingdomseafood8.com,https://www.unitedkingdomseafood8.com,Birmingham,Birmingham,United Kingdom,WhatsApp,LinkedIn /company/unitedkingdomseafood8,"전복 내장 소스 (CIF $13.50/병), IQF 냉동전복 (CIF $30.00)"
2026-07-24,2026-07-24,전복 내장소스 / IQF (HS 160557 / HS 030783),Seafood Trading #9,contact@unitedkingdomseafood9.com,https://www.unitedkingdomseafood9.com,Edinburgh,Edinburgh,United Kingdom,N/A,N/A,"전복 내장 소스 (CIF $13.50/병), IQF 냉동전복 (CIF $30.00)"
2026-07-24,2026-07-24,전복 내장소스 / IQF (HS 160557 / HS 030783),Global Marine #10,contact@unitedkingdomseafood10.com,https://www.unitedkingdomseafood10.com,Glasgow,Glasgow,United Kingdom,WhatsApp,LinkedIn /company/unitedkingdomseafood10,"전복 내장 소스 (CIF $13.50/병), IQF 냉동전복 (CIF $30.00)"
2026-07-24,2026-07-24,전복 내장소스 / IQF (HS 160557 / HS 030783),Asian Food Imports #11,contact@unitedkingdomseafood11.com,https://www.unitedkingdomseafood11.com,London,London,United Kingdom,N/A,LinkedIn /company/unitedkingdomseafood11,"전복 내장 소스 (CIF $13.50/병), IQF 냉동전복 (CIF $30.00)"
2026-07-24,2026-07-24,전복 내장소스 / IQF (HS 160557 / HS 030783),HORECA Procurement #12,contact@unitedkingdomseafood12.com,https://www.unitedkingdomseafood12.com,Manchester,Manchester,United Kingdom,WhatsApp,N/A,"전복 내장 소스 (CIF $13.50/병), IQF 냉동전복 (CIF $30.00)"
2026-07-24,2026-07-24,전복 내장소스 / IQF (HS 160557 / HS 030783),Seafood Wholesale #13,contact@unitedkingdomseafood13.com,https://www.unitedkingdomseafood13.com,Birmingham,Birmingham,United Kingdom,N/A,LinkedIn /company/unitedkingdomseafood13,"전복 내장 소스 (CIF $13.50/병), IQF 냉동전복 (CIF $30.00)"
2026-07-24,2026-07-24,전복 내장소스 / IQF (HS 160557 / HS 030783),Aquatic Products #14,contact@unitedkingdomseafood14.com,https://www.unitedkingdomseafood14.com,Edinburgh,Edinburgh,United Kingdom,WhatsApp,LinkedIn /company/unitedkingdomseafood14,"전복 내장 소스 (CIF $13.50/병), IQF 냉동전복 (CIF $30.00)"
2026-07-24,2026-07-24,전복 내장소스 / IQF (HS 160557 / HS 030783),Gourmet Foods #15,contact@unitedkingdomseafood15.com,https://www.unitedkingdomseafood15.com,Glasgow,Glasgow,United Kingdom,N/A,N/A,"전복 내장 소스 (CIF $13.50/병), IQF 냉동전복 (CIF $30.00)"
2026-07-24,2026-07-24,전복 내장소스 / IQF (HS 160557 / HS 030783),Fresh Seafoods #16,contact@unitedkingdomseafood16.com,https://www.unitedkingdomseafood16.com,London,London,United Kingdom,WhatsApp,LinkedIn /company/unitedkingdomseafood16,"전복 내장 소스 (CIF $13.50/병), IQF 냉동전복 (CIF $30.00)"
2026-07-24,2026-07-24,전복 내장소스 / IQF (HS 160557 / HS 030783),Seafood Trading #17,contact@unitedkingdomseafood17.com,https://www.unitedkingdomseafood17.com,Manchester,Manchester,United Kingdom,N/A,LinkedIn /company/unitedkingdomseafood17,"전복 내장 소스 (CIF $13.50/병), IQF 냉동전복 (CIF $30.00)"
2026-07-24,2026-07-24,전복 내장소스 / IQF (HS 160557 / HS 030783),Global Marine #18,contact@unitedkingdomseafood18.com,https://www.unitedkingdomseafood18.com,Birmingham,Birmingham,United Kingdom,WhatsApp,N/A,"전복 내장 소스 (CIF $13.50/병), IQF 냉동전복 (CIF $30.00)"
2026-07-24,2026-07-24,전복 내장소스 / IQF (HS 160557 / HS 030783),Asian Food Imports #19,contact@unitedkingdomseafood19.com,https://www.unitedkingdomseafood19.com,Edinburgh,Edinburgh,United Kingdom,N/A,LinkedIn /company/unitedkingdomseafood19,"전복 내장 소스 (CIF $13.50/병), IQF 냉동전복 (CIF $30.00)"
2026-07-24,2026-07-24,전복 내장소스 / IQF (HS 160557 / HS 030783),HORECA Procurement #20,contact@unitedkingdomseafood20.com,https://www.unitedkingdomseafood20.com,Glasgow,Glasgow,United Kingdom,WhatsApp,LinkedIn /company/unitedkingdomseafood20,"전복 내장 소스 (CIF $13.50/병), IQF 냉동전복 (CIF $30.00)"
2026-07-24,2026-07-24,전복 내장소스 / IQF (HS 160557 / HS 030783),Seafood Wholesale #21,contact@unitedkingdomseafood21.com,https://www.unitedkingdomseafood21.com,London,London,United Kingdom,N/A,N/A,"전복 내장 소스 (CIF $13.50/병), IQF 냉동전복 (CIF $30.00)"
2026-07-24,2026-07-24,전복 내장소스 / IQF (HS 160557 / HS 030783),Aquatic Products #22,contact@unitedkingdomseafood22.com,https://www.unitedkingdomseafood22.com,Manchester,Manchester,United Kingdom,WhatsApp,LinkedIn /company/unitedkingdomseafood22,"전복 내장 소스 (CIF $13.50/병), IQF 냉동전복 (CIF $30.00)"
2026-07-24,2026-07-24,전복 내장소스 / IQF (HS 160557 / HS 030783),Gourmet Foods #23,contact@unitedkingdomseafood23.com,https://www.unitedkingdomseafood23.com,Birmingham,Birmingham,United Kingdom,N/A,LinkedIn /company/unitedkingdomseafood23,"전복 내장 소스 (CIF $13.50/병), IQF 냉동전복 (CIF $30.00)"
2026-07-24,2026-07-24,전복 내장소스 / IQF (HS 160557 / HS 030783),Fresh Seafoods #24,contact@unitedkingdomseafood24.com,https://www.unitedkingdomseafood24.com,Edinburgh,Edinburgh,United Kingdom,WhatsApp,N/A,"전복 내장 소스 (CIF $13.50/병), IQF 냉동전복 (CIF $30.00)"
2026-07-24,2026-07-24,전복 내장소스 / IQF (HS 160557 / HS 030783),Seafood Trading #25,contact@unitedkingdomseafood25.com,https://www.unitedkingdomseafood25.com,Glasgow,Glasgow,United Kingdom,N/A,LinkedIn /company/unitedkingdomseafood25,"전복 내장 소스 (CIF $13.50/병), IQF 냉동전복 (CIF $30.00)"
2026-07-24,2026-07-24,전복 내장소스 / IQF (HS 160557 / HS 030783),Global Marine #26,contact@unitedkingdomseafood26.com,https://www.unitedkingdomseafood26.com,London,London,United Kingdom,WhatsApp,LinkedIn /company/unitedkingdomseafood26,"전복 내장 소스 (CIF $13.50/병), IQF 냉동전복 (CIF $30.00)"
2026-07-24,2026-07-24,전복 내장소스 / IQF (HS 160557 / HS 030783),Asian Food Imports #27,contact@unitedkingdomseafood27.com,https://www.unitedkingdomseafood27.com,Manchester,Manchester,United Kingdom,N/A,N/A,"전복 내장 소스 (CIF $13.50/병), IQF 냉동전복 (CIF $30.00)"
2026-07-24,2026-07-24,전복 내장소스 / IQF (HS 160557 / HS 030783),HORECA Procurement #28,contact@unitedkingdomseafood28.com,https://www.unitedkingdomseafood28.com,Birmingham,Birmingham,United Kingdom,WhatsApp,LinkedIn /company/unitedkingdomseafood28,"전복 내장 소스 (CIF $13.50/병), IQF 냉동전복 (CIF $30.00)"
2026-07-24,2026-07-24,전복 내장소스 / IQF (HS 160557 / HS 030783),Seafood Wholesale #29,contact@unitedkingdomseafood29.com,https://www.unitedkingdomseafood29.com,Edinburgh,Edinburgh,United Kingdom,N/A,LinkedIn /company/unitedkingdomseafood29,"전복 내장 소스 (CIF $13.50/병), IQF 냉동전복 (CIF $30.00)"
2026-07-24,2026-07-24,전복 내장소스 / IQF (HS 160557 / HS 030783),Aquatic Products #30,contact@unitedkingdomseafood30.com,https://www.unitedkingdomseafood30.com,Glasgow,Glasgow,United Kingdom,WhatsApp,N/A,"전복 내장 소스 (CIF $13.50/병), IQF 냉동전복 (CIF $30.00)"
2026-07-24,2026-07-24,전복 내장소스 / IQF (HS 160557 / HS 030783),Gourmet Foods #31,contact@unitedkingdomseafood31.com,https://www.unitedkingdomseafood31.com,London,London,United Kingdom,N/A,LinkedIn /company/unitedkingdomseafood31,"전복 내장 소스 (CIF $13.50/병), IQF 냉동전복 (CIF $30.00)"
2026-07-24,2026-07-24,전복 내장소스 / IQF (HS 160557 / HS 030783),Fresh Seafoods #32,contact@unitedkingdomseafood32.com,https://www.unitedkingdomseafood32.com,Manchester,Manchester,United Kingdom,WhatsApp,LinkedIn /company/unitedkingdomseafood32,"전복 내장 소스 (CIF $13.50/병), IQF 냉동전복 (CIF $30.00)"
2026-07-24,2026-07-24,전복 내장소스 / IQF (HS 160557 / HS 030783),Seafood Trading #33,contact@unitedkingdomseafood33.com,https://www.unitedkingdomseafood33.com,Birmingham,Birmingham,United Kingdom,N/A,N/A,"전복 내장 소스 (CIF $13.50/병), IQF 냉동전복 (CIF $30.00)"
2026-07-24,2026-07-24,전복 내장소스 / IQF (HS 160557 / HS 030783),Global Marine #34,contact@unitedkingdomseafood34.com,https://www.unitedkingdomseafood34.com,Edinburgh,Edinburgh,United Kingdom,WhatsApp,LinkedIn /company/unitedkingdomseafood34,"전복 내장 소스 (CIF $13.50/병), IQF 냉동전복 (CIF $30.00)"
2026-07-24,2026-07-24,전복 내장소스 / IQF (HS 160557 / HS 030783),Asian Food Imports #35,contact@unitedkingdomseafood35.com,https://www.unitedkingdomseafood35.com,Glasgow,Glasgow,United Kingdom,N/A,LinkedIn /company/unitedkingdomseafood35,"전복 내장 소스 (CIF $13.50/병), IQF 냉동전복 (CIF $30.00)"
2026-07-24,2026-07-24,전복 내장소스 / IQF (HS 160557 / HS 030783),HORECA Procurement #36,contact@unitedkingdomseafood36.com,https://www.unitedkingdomseafood36.com,London,London,United Kingdom,WhatsApp,N/A,"전복 내장 소스 (CIF $13.50/병), IQF 냉동전복 (CIF $30.00)"
2026-07-24,2026-07-24,전복 내장소스 / IQF (HS 160557 / HS 030783),Seafood Wholesale #37,contact@unitedkingdomseafood37.com,https://www.unitedkingdomseafood37.com,Manchester,Manchester,United Kingdom,N/A,LinkedIn /company/unitedkingdomseafood37,"전복 내장 소스 (CIF $13.50/병), IQF 냉동전복 (CIF $30.00)"
2026-07-24,2026-07-24,전복 내장소스 / IQF (HS 160557 / HS 030783),Aquatic Products #38,contact@unitedkingdomseafood38.com,https://www.unitedkingdomseafood38.com,Birmingham,Birmingham,United Kingdom,WhatsApp,LinkedIn /company/unitedkingdomseafood38,"전복 내장 소스 (CIF $13.50/병), IQF 냉동전복 (CIF $30.00)"
2026-07-24,2026-07-24,전복 내장소스 / IQF (HS 160557 / HS 030783),Gourmet Foods #39,contact@unitedkingdomseafood39.com,https://www.unitedkingdomseafood39.com,Edinburgh,Edinburgh,United Kingdom,N/A,N/A,"전복 내장 소스 (CIF $13.50/병), IQF 냉동전복 (CIF $30.00)"
2026-07-24,2026-07-24,전복 내장소스 / IQF (HS 160557 / HS 030783),Fresh Seafoods #40,contact@unitedkingdomseafood40.com,https://www.unitedkingdomseafood40.com,Glasgow,Glasgow,United Kingdom,WhatsApp,LinkedIn /company/unitedkingdomseafood40,"전복 내장 소스 (CIF $13.50/병), IQF 냉동전복 (CIF $30.00)"
2026-07-24,2026-07-24,전복 내장소스 / IQF (HS 160557 / HS 030783),Seafood Trading #41,contact@unitedkingdomseafood41.com,https://www.unitedkingdomseafood41.com,London,London,United Kingdom,N/A,LinkedIn /company/unitedkingdomseafood41,"전복 내장 소스 (CIF $13.50/병), IQF 냉동전복 (CIF $30.00)"
2026-07-24,2026-07-24,전복 내장소스 / IQF (HS 160557 / HS 030783),Global Marine #42,contact@unitedkingdomseafood42.com,https://www.unitedkingdomseafood42.com,Manchester,Manchester,United Kingdom,WhatsApp,N/A,"전복 내장 소스 (CIF $13.50/병), IQF 냉동전복 (CIF $30.00)"
2026-07-24,2026-07-24,전복 내장소스 / IQF (HS 160557 / HS 030783),Asian Food Imports #43,contact@unitedkingdomseafood43.com,https://www.unitedkingdomseafood43.com,Birmingham,Birmingham,United Kingdom,N/A,LinkedIn /company/unitedkingdomseafood43,"전복 내장 소스 (CIF $13.50/병), IQF 냉동전복 (CIF $30.00)"
2026-07-24,2026-07-24,전복 내장소스 / IQF (HS 160557 / HS 030783),HORECA Procurement #44,contact@unitedkingdomseafood44.com,https://www.unitedkingdomseafood44.com,Edinburgh,Edinburgh,United Kingdom,WhatsApp,LinkedIn /company/unitedkingdomseafood44,"전복 내장 소스 (CIF $13.50/병), IQF 냉동전복 (CIF $30.00)"
2026-07-24,2026-07-24,전복 내장소스 / IQF (HS 160557 / HS 030783),Seafood Wholesale #45,contact@unitedkingdomseafood45.com,https://www.unitedkingdomseafood45.com,Glasgow,Glasgow,United Kingdom,N/A,N/A,"전복 내장 소스 (CIF $13.50/병), IQF 냉동전복 (CIF $30.00)"
2026-07-24,2026-07-24,전복 내장소스 / IQF (HS 160557 / HS 030783),Aquatic Products #46,contact@unitedkingdomseafood46.com,https://www.unitedkingdomseafood46.com,London,London,United Kingdom,WhatsApp,LinkedIn /company/unitedkingdomseafood46,"전복 내장 소스 (CIF $13.50/병), IQF 냉동전복 (CIF $30.00)"
2026-07-24,2026-07-24,전복 내장소스 / IQF (HS 160557 / HS 030783),Gourmet Foods #47,contact@unitedkingdomseafood47.com,https://www.unitedkingdomseafood47.com,Manchester,Manchester,United Kingdom,N/A,LinkedIn /company/unitedkingdomseafood47,"전복 내장 소스 (CIF $13.50/병), IQF 냉동전복 (CIF $30.00)"
2026-07-24,2026-07-24,전복 내장소스 / IQF (HS 160557 / HS 030783),Fresh Seafoods #48,contact@unitedkingdomseafood48.com,https://www.unitedkingdomseafood48.com,Birmingham,Birmingham,United Kingdom,WhatsApp,N/A,"전복 내장 소스 (CIF $13.50/병), IQF 냉동전복 (CIF $30.00)"
2026-07-24,2026-07-24,전복 내장소스 / IQF (HS 160557 / HS 030783),Seafood Trading #49,contact@unitedkingdomseafood49.com,https://www.unitedkingdomseafood49.com,Edinburgh,Edinburgh,United Kingdom,N/A,LinkedIn /company/unitedkingdomseafood49,"전복 내장 소스 (CIF $13.50/병), IQF 냉동전복 (CIF $30.00)"
2026-07-24,2026-07-24,전복 내장소스 / IQF (HS 160557 / HS 030783),Global Marine #50,contact@unitedkingdomseafood50.com,https://www.unitedkingdomseafood50.com,Glasgow,Glasgow,United Kingdom,WhatsApp,LinkedIn /company/unitedkingdomseafood50,"전복 내장 소스 (CIF $13.50/병), IQF 냉동전복 (CIF $30.00)"
2026-07-24,2026-07-24,전복 내장소스 / IQF (HS 160557 / HS 030783),Asian Food Imports #51,contact@unitedkingdomseafood51.com,https://www.unitedkingdomseafood51.com,London,London,United Kingdom,N/A,N/A,"전복 내장 소스 (CIF $13.50/병), IQF 냉동전복 (CIF $30.00)"
2026-07-24,2026-07-24,전복 내장소스 / IQF (HS 160557 / HS 030783),HORECA Procurement #52,contact@unitedkingdomseafood52.com,https://www.unitedkingdomseafood52.com,Manchester,Manchester,United Kingdom,WhatsApp,LinkedIn /company/unitedkingdomseafood52,"전복 내장 소스 (CIF $13.50/병), IQF 냉동전복 (CIF $30.00)"
2026-07-24,2026-07-24,전복 내장소스 / IQF (HS 160557 / HS 030783),Seafood Wholesale #53,contact@unitedkingdomseafood53.com,https://www.unitedkingdomseafood53.com,Birmingham,Birmingham,United Kingdom,N/A,LinkedIn /company/unitedkingdomseafood53,"전복 내장 소스 (CIF $13.50/병), IQF 냉동전복 (CIF $30.00)"
2026-07-24,2026-07-24,전복 내장소스 / IQF (HS 160557 / HS 030783),Aquatic Products #54,contact@unitedkingdomseafood54.com,https://www.unitedkingdomseafood54.com,Edinburgh,Edinburgh,United Kingdom,WhatsApp,N/A,"전복 내장 소스 (CIF $13.50/병), IQF 냉동전복 (CIF $30.00)"
2026-07-24,2026-07-24,전복 내장소스 / IQF (HS 160557 / HS 030783),Gourmet Foods #55,contact@unitedkingdomseafood55.com,https://www.unitedkingdomseafood55.com,Glasgow,Glasgow,United Kingdom,N/A,LinkedIn /company/unitedkingdomseafood55,"전복 내장 소스 (CIF $13.50/병), IQF 냉동전복 (CIF $30.00)"
