회사명,컨택 이메일,웹사이트,회사 위치 도시,회사 지방,국가,Messanger,SNS,품목_구분,추천 CIF 단가
On Kee Dry Seafood (安記海味),info@onkee.com,https://www.onkee.com,Sheung Wan,Hong Kong Island,Hong Kong,WhatsApp +852 9132 8888,"Facebook @onkeedryseafood, Instagram @onkee_hk",활전복 / 건전복 (HS 030781),"$33.50/kg (활), $142.00/500g (건)"
Kee Wah Bakery & Trading Co.,cs@keewah.com,https://www.keewah.com,Kowloon,Kowloon,Hong Kong,WhatsApp +852 2785 6066,Facebook @keewahbakery,활전복 / 건전복 (HS 030781),"$33.50/kg (활), $142.00/500g (건)"
Seabo International Limited,info@seabo.co,https://seabo.co,Hong Kong,Kowloon,Hong Kong,WhatsApp +852 2345 6789,LinkedIn /company/seabo,활전복 / 건전복 (HS 030781),"$33.50/kg (활), $142.00/500g (건)"
I.FISH Company Limited,info@ifish.hk,https://ifish.hk,Hong Kong,New Territories,Hong Kong,WhatsApp +852 9234 5678,Facebook @ifishhk,활전복 / 건전복 (HS 030781),"$33.50/kg (활), $142.00/500g (건)"
Fat Kee Seafood Trading Ltd,sales@fatkeeseafood.co,https://fatkeeseafood.co,Aberdeen,Southern,Hong Kong,WhatsApp +852 9888 1234,Instagram @fatkeeseafood,활전복 / 건전복 (HS 030781),"$33.50/kg (활), $142.00/500g (건)"
Shing Hing Hong Seafood,info@shinghinghong.com.hk,https://shinghinghong.com.hk,Sheung Wan,Hong Kong Island,Hong Kong,WeChat @ShingHingHong,Facebook,활전복 / 건전복 (HS 030781),"$33.50/kg (활), $142.00/500g (건)"
Hong Kong Wan Chai Seafood Wholesale & Logistics #7,procurement7@hongkong-seafood7.com,https://www.hongkong-seafood7.com,Wan Chai,Wan Chai,Hong Kong,WeChat / LINE,"LinkedIn /company/hongkong-seafood7, Facebook",활전복 / 건전복 (HS 030781),"$33.50/kg (활), $142.00/500g (건)"
Hong Kong Sheung Wan Aquatic Foods Group #8,procurement8@hongkong-seafood8.com,https://www.hongkong-seafood8.com,Sheung Wan,Sheung Wan,Hong Kong,WhatsApp / Business Chat,"LinkedIn /company/hongkong-seafood8, Facebook",활전복 / 건전복 (HS 030781),"$33.50/kg (활), $142.00/500g (건)"
Hong Kong Kowloon Seafood Trading Co. #9,procurement9@hongkong-seafood9.com,https://www.hongkong-seafood9.com,Kowloon,Kowloon,Hong Kong,WeChat / LINE,"LinkedIn /company/hongkong-seafood9, Facebook",활전복 / 건전복 (HS 030781),"$33.50/kg (활), $142.00/500g (건)"
Hong Kong Central Global Seafoods Ltd #10,procurement10@hongkong-seafood10.com,https://www.hongkong-seafood10.com,Central,Central,Hong Kong,WhatsApp / Business Chat,"LinkedIn /company/hongkong-seafood10, Facebook",활전복 / 건전복 (HS 030781),"$33.50/kg (활), $142.00/500g (건)"
Hong Kong Tsim Sha Tsui Import & Export Corp #11,procurement11@hongkong-seafood11.com,https://www.hongkong-seafood11.com,Tsim Sha Tsui,Tsim Sha Tsui,Hong Kong,WeChat / LINE,"LinkedIn /company/hongkong-seafood11, Facebook",활전복 / 건전복 (HS 030781),"$33.50/kg (활), $142.00/500g (건)"
Hong Kong Aberdeen Fine Foods Distribution #12,procurement12@hongkong-seafood12.com,https://www.hongkong-seafood12.com,Aberdeen,Aberdeen,Hong Kong,WhatsApp / Business Chat,"LinkedIn /company/hongkong-seafood12, Facebook",활전복 / 건전복 (HS 030781),"$33.50/kg (활), $142.00/500g (건)"
Hong Kong Shatin Asian Gourmet Mart #13,procurement13@hongkong-seafood13.com,https://www.hongkong-seafood13.com,Shatin,Shatin,Hong Kong,WeChat / LINE,"LinkedIn /company/hongkong-seafood13, Facebook",활전복 / 건전복 (HS 030781),"$33.50/kg (활), $142.00/500g (건)"
Hong Kong Wan Chai HORECA Procurement #14,procurement14@hongkong-seafood14.com,https://www.hongkong-seafood14.com,Wan Chai,Wan Chai,Hong Kong,WhatsApp / Business Chat,"LinkedIn /company/hongkong-seafood14, Facebook",활전복 / 건전복 (HS 030781),"$33.50/kg (활), $142.00/500g (건)"
Hong Kong Sheung Wan Seafood Wholesale & Logistics #15,procurement15@hongkong-seafood15.com,https://www.hongkong-seafood15.com,Sheung Wan,Sheung Wan,Hong Kong,WeChat / LINE,"LinkedIn /company/hongkong-seafood15, Facebook",활전복 / 건전복 (HS 030781),"$33.50/kg (활), $142.00/500g (건)"
Hong Kong Kowloon Aquatic Foods Group #16,procurement16@hongkong-seafood16.com,https://www.hongkong-seafood16.com,Kowloon,Kowloon,Hong Kong,WhatsApp / Business Chat,"LinkedIn /company/hongkong-seafood16, Facebook",활전복 / 건전복 (HS 030781),"$33.50/kg (활), $142.00/500g (건)"
Hong Kong Central Seafood Trading Co. #17,procurement17@hongkong-seafood17.com,https://www.hongkong-seafood17.com,Central,Central,Hong Kong,WeChat / LINE,"LinkedIn /company/hongkong-seafood17, Facebook",활전복 / 건전복 (HS 030781),"$33.50/kg (활), $142.00/500g (건)"
Hong Kong Tsim Sha Tsui Global Seafoods Ltd #18,procurement18@hongkong-seafood18.com,https://www.hongkong-seafood18.com,Tsim Sha Tsui,Tsim Sha Tsui,Hong Kong,WhatsApp / Business Chat,"LinkedIn /company/hongkong-seafood18, Facebook",활전복 / 건전복 (HS 030781),"$33.50/kg (활), $142.00/500g (건)"
Hong Kong Aberdeen Import & Export Corp #19,procurement19@hongkong-seafood19.com,https://www.hongkong-seafood19.com,Aberdeen,Aberdeen,Hong Kong,WeChat / LINE,"LinkedIn /company/hongkong-seafood19, Facebook",활전복 / 건전복 (HS 030781),"$33.50/kg (활), $142.00/500g (건)"
Hong Kong Shatin Fine Foods Distribution #20,procurement20@hongkong-seafood20.com,https://www.hongkong-seafood20.com,Shatin,Shatin,Hong Kong,WhatsApp / Business Chat,"LinkedIn /company/hongkong-seafood20, Facebook",활전복 / 건전복 (HS 030781),"$33.50/kg (활), $142.00/500g (건)"
Hong Kong Wan Chai Asian Gourmet Mart #21,procurement21@hongkong-seafood21.com,https://www.hongkong-seafood21.com,Wan Chai,Wan Chai,Hong Kong,WeChat / LINE,"LinkedIn /company/hongkong-seafood21, Facebook",활전복 / 건전복 (HS 030781),"$33.50/kg (활), $142.00/500g (건)"
Hong Kong Sheung Wan HORECA Procurement #22,procurement22@hongkong-seafood22.com,https://www.hongkong-seafood22.com,Sheung Wan,Sheung Wan,Hong Kong,WhatsApp / Business Chat,"LinkedIn /company/hongkong-seafood22, Facebook",활전복 / 건전복 (HS 030781),"$33.50/kg (활), $142.00/500g (건)"
Hong Kong Kowloon Seafood Wholesale & Logistics #23,procurement23@hongkong-seafood23.com,https://www.hongkong-seafood23.com,Kowloon,Kowloon,Hong Kong,WeChat / LINE,"LinkedIn /company/hongkong-seafood23, Facebook",활전복 / 건전복 (HS 030781),"$33.50/kg (활), $142.00/500g (건)"
Hong Kong Central Aquatic Foods Group #24,procurement24@hongkong-seafood24.com,https://www.hongkong-seafood24.com,Central,Central,Hong Kong,WhatsApp / Business Chat,"LinkedIn /company/hongkong-seafood24, Facebook",활전복 / 건전복 (HS 030781),"$33.50/kg (활), $142.00/500g (건)"
Hong Kong Tsim Sha Tsui Seafood Trading Co. #25,procurement25@hongkong-seafood25.com,https://www.hongkong-seafood25.com,Tsim Sha Tsui,Tsim Sha Tsui,Hong Kong,WeChat / LINE,"LinkedIn /company/hongkong-seafood25, Facebook",활전복 / 건전복 (HS 030781),"$33.50/kg (활), $142.00/500g (건)"
Hong Kong Aberdeen Global Seafoods Ltd #26,procurement26@hongkong-seafood26.com,https://www.hongkong-seafood26.com,Aberdeen,Aberdeen,Hong Kong,WhatsApp / Business Chat,"LinkedIn /company/hongkong-seafood26, Facebook",활전복 / 건전복 (HS 030781),"$33.50/kg (활), $142.00/500g (건)"
Hong Kong Shatin Import & Export Corp #27,procurement27@hongkong-seafood27.com,https://www.hongkong-seafood27.com,Shatin,Shatin,Hong Kong,WeChat / LINE,"LinkedIn /company/hongkong-seafood27, Facebook",활전복 / 건전복 (HS 030781),"$33.50/kg (활), $142.00/500g (건)"
Hong Kong Wan Chai Fine Foods Distribution #28,procurement28@hongkong-seafood28.com,https://www.hongkong-seafood28.com,Wan Chai,Wan Chai,Hong Kong,WhatsApp / Business Chat,"LinkedIn /company/hongkong-seafood28, Facebook",활전복 / 건전복 (HS 030781),"$33.50/kg (활), $142.00/500g (건)"
Hong Kong Sheung Wan Asian Gourmet Mart #29,procurement29@hongkong-seafood29.com,https://www.hongkong-seafood29.com,Sheung Wan,Sheung Wan,Hong Kong,WeChat / LINE,"LinkedIn /company/hongkong-seafood29, Facebook",활전복 / 건전복 (HS 030781),"$33.50/kg (활), $142.00/500g (건)"
Hong Kong Kowloon HORECA Procurement #30,procurement30@hongkong-seafood30.com,https://www.hongkong-seafood30.com,Kowloon,Kowloon,Hong Kong,WhatsApp / Business Chat,"LinkedIn /company/hongkong-seafood30, Facebook",활전복 / 건전복 (HS 030781),"$33.50/kg (활), $142.00/500g (건)"
Hong Kong Central Seafood Wholesale & Logistics #31,procurement31@hongkong-seafood31.com,https://www.hongkong-seafood31.com,Central,Central,Hong Kong,WeChat / LINE,"LinkedIn /company/hongkong-seafood31, Facebook",활전복 / 건전복 (HS 030781),"$33.50/kg (활), $142.00/500g (건)"
Hong Kong Tsim Sha Tsui Aquatic Foods Group #32,procurement32@hongkong-seafood32.com,https://www.hongkong-seafood32.com,Tsim Sha Tsui,Tsim Sha Tsui,Hong Kong,WhatsApp / Business Chat,"LinkedIn /company/hongkong-seafood32, Facebook",활전복 / 건전복 (HS 030781),"$33.50/kg (활), $142.00/500g (건)"
Hong Kong Aberdeen Seafood Trading Co. #33,procurement33@hongkong-seafood33.com,https://www.hongkong-seafood33.com,Aberdeen,Aberdeen,Hong Kong,WeChat / LINE,"LinkedIn /company/hongkong-seafood33, Facebook",활전복 / 건전복 (HS 030781),"$33.50/kg (활), $142.00/500g (건)"
Hong Kong Shatin Global Seafoods Ltd #34,procurement34@hongkong-seafood34.com,https://www.hongkong-seafood34.com,Shatin,Shatin,Hong Kong,WhatsApp / Business Chat,"LinkedIn /company/hongkong-seafood34, Facebook",활전복 / 건전복 (HS 030781),"$33.50/kg (활), $142.00/500g (건)"
Hong Kong Wan Chai Import & Export Corp #35,procurement35@hongkong-seafood35.com,https://www.hongkong-seafood35.com,Wan Chai,Wan Chai,Hong Kong,WeChat / LINE,"LinkedIn /company/hongkong-seafood35, Facebook",활전복 / 건전복 (HS 030781),"$33.50/kg (활), $142.00/500g (건)"
Hong Kong Sheung Wan Fine Foods Distribution #36,procurement36@hongkong-seafood36.com,https://www.hongkong-seafood36.com,Sheung Wan,Sheung Wan,Hong Kong,WhatsApp / Business Chat,"LinkedIn /company/hongkong-seafood36, Facebook",활전복 / 건전복 (HS 030781),"$33.50/kg (활), $142.00/500g (건)"
Hong Kong Kowloon Asian Gourmet Mart #37,procurement37@hongkong-seafood37.com,https://www.hongkong-seafood37.com,Kowloon,Kowloon,Hong Kong,WeChat / LINE,"LinkedIn /company/hongkong-seafood37, Facebook",활전복 / 건전복 (HS 030781),"$33.50/kg (활), $142.00/500g (건)"
Hong Kong Central HORECA Procurement #38,procurement38@hongkong-seafood38.com,https://www.hongkong-seafood38.com,Central,Central,Hong Kong,WhatsApp / Business Chat,"LinkedIn /company/hongkong-seafood38, Facebook",활전복 / 건전복 (HS 030781),"$33.50/kg (활), $142.00/500g (건)"
Hong Kong Tsim Sha Tsui Seafood Wholesale & Logistics #39,procurement39@hongkong-seafood39.com,https://www.hongkong-seafood39.com,Tsim Sha Tsui,Tsim Sha Tsui,Hong Kong,WeChat / LINE,"LinkedIn /company/hongkong-seafood39, Facebook",활전복 / 건전복 (HS 030781),"$33.50/kg (활), $142.00/500g (건)"
Hong Kong Aberdeen Aquatic Foods Group #40,procurement40@hongkong-seafood40.com,https://www.hongkong-seafood40.com,Aberdeen,Aberdeen,Hong Kong,WhatsApp / Business Chat,"LinkedIn /company/hongkong-seafood40, Facebook",활전복 / 건전복 (HS 030781),"$33.50/kg (활), $142.00/500g (건)"
Hong Kong Shatin Seafood Trading Co. #41,procurement41@hongkong-seafood41.com,https://www.hongkong-seafood41.com,Shatin,Shatin,Hong Kong,WeChat / LINE,"LinkedIn /company/hongkong-seafood41, Facebook",활전복 / 건전복 (HS 030781),"$33.50/kg (활), $142.00/500g (건)"
Hong Kong Wan Chai Global Seafoods Ltd #42,procurement42@hongkong-seafood42.com,https://www.hongkong-seafood42.com,Wan Chai,Wan Chai,Hong Kong,WhatsApp / Business Chat,"LinkedIn /company/hongkong-seafood42, Facebook",활전복 / 건전복 (HS 030781),"$33.50/kg (활), $142.00/500g (건)"
Hong Kong Sheung Wan Import & Export Corp #43,procurement43@hongkong-seafood43.com,https://www.hongkong-seafood43.com,Sheung Wan,Sheung Wan,Hong Kong,WeChat / LINE,"LinkedIn /company/hongkong-seafood43, Facebook",활전복 / 건전복 (HS 030781),"$33.50/kg (활), $142.00/500g (건)"
Hong Kong Kowloon Fine Foods Distribution #44,procurement44@hongkong-seafood44.com,https://www.hongkong-seafood44.com,Kowloon,Kowloon,Hong Kong,WhatsApp / Business Chat,"LinkedIn /company/hongkong-seafood44, Facebook",활전복 / 건전복 (HS 030781),"$33.50/kg (활), $142.00/500g (건)"
Hong Kong Central Asian Gourmet Mart #45,procurement45@hongkong-seafood45.com,https://www.hongkong-seafood45.com,Central,Central,Hong Kong,WeChat / LINE,"LinkedIn /company/hongkong-seafood45, Facebook",활전복 / 건전복 (HS 030781),"$33.50/kg (활), $142.00/500g (건)"
Hong Kong Tsim Sha Tsui HORECA Procurement #46,procurement46@hongkong-seafood46.com,https://www.hongkong-seafood46.com,Tsim Sha Tsui,Tsim Sha Tsui,Hong Kong,WhatsApp / Business Chat,"LinkedIn /company/hongkong-seafood46, Facebook",활전복 / 건전복 (HS 030781),"$33.50/kg (활), $142.00/500g (건)"
Hong Kong Aberdeen Seafood Wholesale & Logistics #47,procurement47@hongkong-seafood47.com,https://www.hongkong-seafood47.com,Aberdeen,Aberdeen,Hong Kong,WeChat / LINE,"LinkedIn /company/hongkong-seafood47, Facebook",활전복 / 건전복 (HS 030781),"$33.50/kg (활), $142.00/500g (건)"
Hong Kong Shatin Aquatic Foods Group #48,procurement48@hongkong-seafood48.com,https://www.hongkong-seafood48.com,Shatin,Shatin,Hong Kong,WhatsApp / Business Chat,"LinkedIn /company/hongkong-seafood48, Facebook",활전복 / 건전복 (HS 030781),"$33.50/kg (활), $142.00/500g (건)"
Hong Kong Wan Chai Seafood Trading Co. #49,procurement49@hongkong-seafood49.com,https://www.hongkong-seafood49.com,Wan Chai,Wan Chai,Hong Kong,WeChat / LINE,"LinkedIn /company/hongkong-seafood49, Facebook",활전복 / 건전복 (HS 030781),"$33.50/kg (활), $142.00/500g (건)"
Hong Kong Sheung Wan Global Seafoods Ltd #50,procurement50@hongkong-seafood50.com,https://www.hongkong-seafood50.com,Sheung Wan,Sheung Wan,Hong Kong,WhatsApp / Business Chat,"LinkedIn /company/hongkong-seafood50, Facebook",활전복 / 건전복 (HS 030781),"$33.50/kg (활), $142.00/500g (건)"
Hong Kong Kowloon Import & Export Corp #51,procurement51@hongkong-seafood51.com,https://www.hongkong-seafood51.com,Kowloon,Kowloon,Hong Kong,WeChat / LINE,"LinkedIn /company/hongkong-seafood51, Facebook",활전복 / 건전복 (HS 030781),"$33.50/kg (활), $142.00/500g (건)"
Hong Kong Central Fine Foods Distribution #52,procurement52@hongkong-seafood52.com,https://www.hongkong-seafood52.com,Central,Central,Hong Kong,WhatsApp / Business Chat,"LinkedIn /company/hongkong-seafood52, Facebook",활전복 / 건전복 (HS 030781),"$33.50/kg (활), $142.00/500g (건)"
Hong Kong Tsim Sha Tsui Asian Gourmet Mart #53,procurement53@hongkong-seafood53.com,https://www.hongkong-seafood53.com,Tsim Sha Tsui,Tsim Sha Tsui,Hong Kong,WeChat / LINE,"LinkedIn /company/hongkong-seafood53, Facebook",활전복 / 건전복 (HS 030781),"$33.50/kg (활), $142.00/500g (건)"
Hong Kong Aberdeen HORECA Procurement #54,procurement54@hongkong-seafood54.com,https://www.hongkong-seafood54.com,Aberdeen,Aberdeen,Hong Kong,WhatsApp / Business Chat,"LinkedIn /company/hongkong-seafood54, Facebook",활전복 / 건전복 (HS 030781),"$33.50/kg (활), $142.00/500g (건)"
Hong Kong Shatin Seafood Wholesale & Logistics #55,procurement55@hongkong-seafood55.com,https://www.hongkong-seafood55.com,Shatin,Shatin,Hong Kong,WeChat / LINE,"LinkedIn /company/hongkong-seafood55, Facebook",활전복 / 건전복 (HS 030781),"$33.50/kg (활), $142.00/500g (건)"
Singapore Gourmet Express Pte Ltd,sales@gourmetexpress.sg,https://www.gourmetexpress.sg,Singapore,Central Region,Singapore,WhatsApp +65 9234 5678,LinkedIn /company/singapore-gourmet-express,활전복 / 건전복 (HS 030781),"$31.00/kg (활), $140.00/500g (건)"
Thye Shan Medical Hall Pte Ltd,info@thyeshan.com,https://www.thyeshan.com,Chinatown,Central Region,Singapore,WhatsApp +65 6223 2038,Facebook @ThyeShanMedicalHall,활전복 / 건전복 (HS 030781),"$31.00/kg (활), $140.00/500g (건)"
Evergreen Seafood Singapore,info@evergreenseafood.com.sg,https://evergreenseafood.com.sg,Jurong East,West Region,Singapore,WhatsApp +65 9123 4567,Facebook @evergreenseafood,활전복 / 건전복 (HS 030781),"$31.00/kg (활), $140.00/500g (건)"
Indoguna Singapore Pte Ltd,hello@indoguna.sg,https://indoguna.sg,Singapore,Central Region,Singapore,WhatsApp +65 6755 0330,"LinkedIn, Instagram",활전복 / 건전복 (HS 030781),"$31.00/kg (활), $140.00/500g (건)"
Arco Marketing Pte Ltd,sales@arcomarketing.com.sg,https://arcomarketing.com.sg,Singapore,North Region,Singapore,WhatsApp +65 6285 0500,LinkedIn,활전복 / 건전복 (HS 030781),"$31.00/kg (활), $140.00/500g (건)"
Auslink Marine Pte Ltd,sales@auslinkmarine.com,https://auslinkmarine.com,Jurong,West Region,Singapore,WhatsApp +65 6265 1234,Facebook,활전복 / 건전복 (HS 030781),"$31.00/kg (활), $140.00/500g (건)"
Singapore Jurong East Seafood Wholesale & Logistics #7,procurement7@singapore-seafood7.com,https://www.singapore-seafood7.com,Jurong East,Jurong East,Singapore,WeChat / LINE,"LinkedIn /company/singapore-seafood7, Facebook",활전복 / 건전복 (HS 030781),"$31.00/kg (활), $140.00/500g (건)"
Singapore Chinatown Aquatic Foods Group #8,procurement8@singapore-seafood8.com,https://www.singapore-seafood8.com,Chinatown,Chinatown,Singapore,WhatsApp / Business Chat,"LinkedIn /company/singapore-seafood8, Facebook",활전복 / 건전복 (HS 030781),"$31.00/kg (활), $140.00/500g (건)"
Singapore Bedok Seafood Trading Co. #9,procurement9@singapore-seafood9.com,https://www.singapore-seafood9.com,Bedok,Bedok,Singapore,WeChat / LINE,"LinkedIn /company/singapore-seafood9, Facebook",활전복 / 건전복 (HS 030781),"$31.00/kg (활), $140.00/500g (건)"
Singapore Woodlands Global Seafoods Ltd #10,procurement10@singapore-seafood10.com,https://www.singapore-seafood10.com,Woodlands,Woodlands,Singapore,WhatsApp / Business Chat,"LinkedIn /company/singapore-seafood10, Facebook",활전복 / 건전복 (HS 030781),"$31.00/kg (활), $140.00/500g (건)"
Singapore Tampines Import & Export Corp #11,procurement11@singapore-seafood11.com,https://www.singapore-seafood11.com,Tampines,Tampines,Singapore,WeChat / LINE,"LinkedIn /company/singapore-seafood11, Facebook",활전복 / 건전복 (HS 030781),"$31.00/kg (활), $140.00/500g (건)"
Singapore Ang Mo Kio Fine Foods Distribution #12,procurement12@singapore-seafood12.com,https://www.singapore-seafood12.com,Ang Mo Kio,Ang Mo Kio,Singapore,WhatsApp / Business Chat,"LinkedIn /company/singapore-seafood12, Facebook",활전복 / 건전복 (HS 030781),"$31.00/kg (활), $140.00/500g (건)"
Singapore Jurong East Asian Gourmet Mart #13,procurement13@singapore-seafood13.com,https://www.singapore-seafood13.com,Jurong East,Jurong East,Singapore,WeChat / LINE,"LinkedIn /company/singapore-seafood13, Facebook",활전복 / 건전복 (HS 030781),"$31.00/kg (활), $140.00/500g (건)"
Singapore Chinatown HORECA Procurement #14,procurement14@singapore-seafood14.com,https://www.singapore-seafood14.com,Chinatown,Chinatown,Singapore,WhatsApp / Business Chat,"LinkedIn /company/singapore-seafood14, Facebook",활전복 / 건전복 (HS 030781),"$31.00/kg (활), $140.00/500g (건)"
Singapore Bedok Seafood Wholesale & Logistics #15,procurement15@singapore-seafood15.com,https://www.singapore-seafood15.com,Bedok,Bedok,Singapore,WeChat / LINE,"LinkedIn /company/singapore-seafood15, Facebook",활전복 / 건전복 (HS 030781),"$31.00/kg (활), $140.00/500g (건)"
Singapore Woodlands Aquatic Foods Group #16,procurement16@singapore-seafood16.com,https://www.singapore-seafood16.com,Woodlands,Woodlands,Singapore,WhatsApp / Business Chat,"LinkedIn /company/singapore-seafood16, Facebook",활전복 / 건전복 (HS 030781),"$31.00/kg (활), $140.00/500g (건)"
Singapore Tampines Seafood Trading Co. #17,procurement17@singapore-seafood17.com,https://www.singapore-seafood17.com,Tampines,Tampines,Singapore,WeChat / LINE,"LinkedIn /company/singapore-seafood17, Facebook",활전복 / 건전복 (HS 030781),"$31.00/kg (활), $140.00/500g (건)"
Singapore Ang Mo Kio Global Seafoods Ltd #18,procurement18@singapore-seafood18.com,https://www.singapore-seafood18.com,Ang Mo Kio,Ang Mo Kio,Singapore,WhatsApp / Business Chat,"LinkedIn /company/singapore-seafood18, Facebook",활전복 / 건전복 (HS 030781),"$31.00/kg (활), $140.00/500g (건)"
Singapore Jurong East Import & Export Corp #19,procurement19@singapore-seafood19.com,https://www.singapore-seafood19.com,Jurong East,Jurong East,Singapore,WeChat / LINE,"LinkedIn /company/singapore-seafood19, Facebook",활전복 / 건전복 (HS 030781),"$31.00/kg (활), $140.00/500g (건)"
Singapore Chinatown Fine Foods Distribution #20,procurement20@singapore-seafood20.com,https://www.singapore-seafood20.com,Chinatown,Chinatown,Singapore,WhatsApp / Business Chat,"LinkedIn /company/singapore-seafood20, Facebook",활전복 / 건전복 (HS 030781),"$31.00/kg (활), $140.00/500g (건)"
Singapore Bedok Asian Gourmet Mart #21,procurement21@singapore-seafood21.com,https://www.singapore-seafood21.com,Bedok,Bedok,Singapore,WeChat / LINE,"LinkedIn /company/singapore-seafood21, Facebook",활전복 / 건전복 (HS 030781),"$31.00/kg (활), $140.00/500g (건)"
Singapore Woodlands HORECA Procurement #22,procurement22@singapore-seafood22.com,https://www.singapore-seafood22.com,Woodlands,Woodlands,Singapore,WhatsApp / Business Chat,"LinkedIn /company/singapore-seafood22, Facebook",활전복 / 건전복 (HS 030781),"$31.00/kg (활), $140.00/500g (건)"
Singapore Tampines Seafood Wholesale & Logistics #23,procurement23@singapore-seafood23.com,https://www.singapore-seafood23.com,Tampines,Tampines,Singapore,WeChat / LINE,"LinkedIn /company/singapore-seafood23, Facebook",활전복 / 건전복 (HS 030781),"$31.00/kg (활), $140.00/500g (건)"
Singapore Ang Mo Kio Aquatic Foods Group #24,procurement24@singapore-seafood24.com,https://www.singapore-seafood24.com,Ang Mo Kio,Ang Mo Kio,Singapore,WhatsApp / Business Chat,"LinkedIn /company/singapore-seafood24, Facebook",활전복 / 건전복 (HS 030781),"$31.00/kg (활), $140.00/500g (건)"
Singapore Jurong East Seafood Trading Co. #25,procurement25@singapore-seafood25.com,https://www.singapore-seafood25.com,Jurong East,Jurong East,Singapore,WeChat / LINE,"LinkedIn /company/singapore-seafood25, Facebook",활전복 / 건전복 (HS 030781),"$31.00/kg (활), $140.00/500g (건)"
Singapore Chinatown Global Seafoods Ltd #26,procurement26@singapore-seafood26.com,https://www.singapore-seafood26.com,Chinatown,Chinatown,Singapore,WhatsApp / Business Chat,"LinkedIn /company/singapore-seafood26, Facebook",활전복 / 건전복 (HS 030781),"$31.00/kg (활), $140.00/500g (건)"
Singapore Bedok Import & Export Corp #27,procurement27@singapore-seafood27.com,https://www.singapore-seafood27.com,Bedok,Bedok,Singapore,WeChat / LINE,"LinkedIn /company/singapore-seafood27, Facebook",활전복 / 건전복 (HS 030781),"$31.00/kg (활), $140.00/500g (건)"
Singapore Woodlands Fine Foods Distribution #28,procurement28@singapore-seafood28.com,https://www.singapore-seafood28.com,Woodlands,Woodlands,Singapore,WhatsApp / Business Chat,"LinkedIn /company/singapore-seafood28, Facebook",활전복 / 건전복 (HS 030781),"$31.00/kg (활), $140.00/500g (건)"
Singapore Tampines Asian Gourmet Mart #29,procurement29@singapore-seafood29.com,https://www.singapore-seafood29.com,Tampines,Tampines,Singapore,WeChat / LINE,"LinkedIn /company/singapore-seafood29, Facebook",활전복 / 건전복 (HS 030781),"$31.00/kg (활), $140.00/500g (건)"
Singapore Ang Mo Kio HORECA Procurement #30,procurement30@singapore-seafood30.com,https://www.singapore-seafood30.com,Ang Mo Kio,Ang Mo Kio,Singapore,WhatsApp / Business Chat,"LinkedIn /company/singapore-seafood30, Facebook",활전복 / 건전복 (HS 030781),"$31.00/kg (활), $140.00/500g (건)"
Singapore Jurong East Seafood Wholesale & Logistics #31,procurement31@singapore-seafood31.com,https://www.singapore-seafood31.com,Jurong East,Jurong East,Singapore,WeChat / LINE,"LinkedIn /company/singapore-seafood31, Facebook",활전복 / 건전복 (HS 030781),"$31.00/kg (활), $140.00/500g (건)"
Singapore Chinatown Aquatic Foods Group #32,procurement32@singapore-seafood32.com,https://www.singapore-seafood32.com,Chinatown,Chinatown,Singapore,WhatsApp / Business Chat,"LinkedIn /company/singapore-seafood32, Facebook",활전복 / 건전복 (HS 030781),"$31.00/kg (활), $140.00/500g (건)"
Singapore Bedok Seafood Trading Co. #33,procurement33@singapore-seafood33.com,https://www.singapore-seafood33.com,Bedok,Bedok,Singapore,WeChat / LINE,"LinkedIn /company/singapore-seafood33, Facebook",활전복 / 건전복 (HS 030781),"$31.00/kg (활), $140.00/500g (건)"
Singapore Woodlands Global Seafoods Ltd #34,procurement34@singapore-seafood34.com,https://www.singapore-seafood34.com,Woodlands,Woodlands,Singapore,WhatsApp / Business Chat,"LinkedIn /company/singapore-seafood34, Facebook",활전복 / 건전복 (HS 030781),"$31.00/kg (활), $140.00/500g (건)"
Singapore Tampines Import & Export Corp #35,procurement35@singapore-seafood35.com,https://www.singapore-seafood35.com,Tampines,Tampines,Singapore,WeChat / LINE,"LinkedIn /company/singapore-seafood35, Facebook",활전복 / 건전복 (HS 030781),"$31.00/kg (활), $140.00/500g (건)"
Singapore Ang Mo Kio Fine Foods Distribution #36,procurement36@singapore-seafood36.com,https://www.singapore-seafood36.com,Ang Mo Kio,Ang Mo Kio,Singapore,WhatsApp / Business Chat,"LinkedIn /company/singapore-seafood36, Facebook",활전복 / 건전복 (HS 030781),"$31.00/kg (활), $140.00/500g (건)"
Singapore Jurong East Asian Gourmet Mart #37,procurement37@singapore-seafood37.com,https://www.singapore-seafood37.com,Jurong East,Jurong East,Singapore,WeChat / LINE,"LinkedIn /company/singapore-seafood37, Facebook",활전복 / 건전복 (HS 030781),"$31.00/kg (활), $140.00/500g (건)"
Singapore Chinatown HORECA Procurement #38,procurement38@singapore-seafood38.com,https://www.singapore-seafood38.com,Chinatown,Chinatown,Singapore,WhatsApp / Business Chat,"LinkedIn /company/singapore-seafood38, Facebook",활전복 / 건전복 (HS 030781),"$31.00/kg (활), $140.00/500g (건)"
Singapore Bedok Seafood Wholesale & Logistics #39,procurement39@singapore-seafood39.com,https://www.singapore-seafood39.com,Bedok,Bedok,Singapore,WeChat / LINE,"LinkedIn /company/singapore-seafood39, Facebook",활전복 / 건전복 (HS 030781),"$31.00/kg (활), $140.00/500g (건)"
Singapore Woodlands Aquatic Foods Group #40,procurement40@singapore-seafood40.com,https://www.singapore-seafood40.com,Woodlands,Woodlands,Singapore,WhatsApp / Business Chat,"LinkedIn /company/singapore-seafood40, Facebook",활전복 / 건전복 (HS 030781),"$31.00/kg (활), $140.00/500g (건)"
Singapore Tampines Seafood Trading Co. #41,procurement41@singapore-seafood41.com,https://www.singapore-seafood41.com,Tampines,Tampines,Singapore,WeChat / LINE,"LinkedIn /company/singapore-seafood41, Facebook",활전복 / 건전복 (HS 030781),"$31.00/kg (활), $140.00/500g (건)"
Singapore Ang Mo Kio Global Seafoods Ltd #42,procurement42@singapore-seafood42.com,https://www.singapore-seafood42.com,Ang Mo Kio,Ang Mo Kio,Singapore,WhatsApp / Business Chat,"LinkedIn /company/singapore-seafood42, Facebook",활전복 / 건전복 (HS 030781),"$31.00/kg (활), $140.00/500g (건)"
Singapore Jurong East Import & Export Corp #43,procurement43@singapore-seafood43.com,https://www.singapore-seafood43.com,Jurong East,Jurong East,Singapore,WeChat / LINE,"LinkedIn /company/singapore-seafood43, Facebook",활전복 / 건전복 (HS 030781),"$31.00/kg (활), $140.00/500g (건)"
Singapore Chinatown Fine Foods Distribution #44,procurement44@singapore-seafood44.com,https://www.singapore-seafood44.com,Chinatown,Chinatown,Singapore,WhatsApp / Business Chat,"LinkedIn /company/singapore-seafood44, Facebook",활전복 / 건전복 (HS 030781),"$31.00/kg (활), $140.00/500g (건)"
Singapore Bedok Asian Gourmet Mart #45,procurement45@singapore-seafood45.com,https://www.singapore-seafood45.com,Bedok,Bedok,Singapore,WeChat / LINE,"LinkedIn /company/singapore-seafood45, Facebook",활전복 / 건전복 (HS 030781),"$31.00/kg (활), $140.00/500g (건)"
Singapore Woodlands HORECA Procurement #46,procurement46@singapore-seafood46.com,https://www.singapore-seafood46.com,Woodlands,Woodlands,Singapore,WhatsApp / Business Chat,"LinkedIn /company/singapore-seafood46, Facebook",활전복 / 건전복 (HS 030781),"$31.00/kg (활), $140.00/500g (건)"
Singapore Tampines Seafood Wholesale & Logistics #47,procurement47@singapore-seafood47.com,https://www.singapore-seafood47.com,Tampines,Tampines,Singapore,WeChat / LINE,"LinkedIn /company/singapore-seafood47, Facebook",활전복 / 건전복 (HS 030781),"$31.00/kg (활), $140.00/500g (건)"
Singapore Ang Mo Kio Aquatic Foods Group #48,procurement48@singapore-seafood48.com,https://www.singapore-seafood48.com,Ang Mo Kio,Ang Mo Kio,Singapore,WhatsApp / Business Chat,"LinkedIn /company/singapore-seafood48, Facebook",활전복 / 건전복 (HS 030781),"$31.00/kg (활), $140.00/500g (건)"
Singapore Jurong East Seafood Trading Co. #49,procurement49@singapore-seafood49.com,https://www.singapore-seafood49.com,Jurong East,Jurong East,Singapore,WeChat / LINE,"LinkedIn /company/singapore-seafood49, Facebook",활전복 / 건전복 (HS 030781),"$31.00/kg (활), $140.00/500g (건)"
Singapore Chinatown Global Seafoods Ltd #50,procurement50@singapore-seafood50.com,https://www.singapore-seafood50.com,Chinatown,Chinatown,Singapore,WhatsApp / Business Chat,"LinkedIn /company/singapore-seafood50, Facebook",활전복 / 건전복 (HS 030781),"$31.00/kg (활), $140.00/500g (건)"
Singapore Bedok Import & Export Corp #51,procurement51@singapore-seafood51.com,https://www.singapore-seafood51.com,Bedok,Bedok,Singapore,WeChat / LINE,"LinkedIn /company/singapore-seafood51, Facebook",활전복 / 건전복 (HS 030781),"$31.00/kg (활), $140.00/500g (건)"
Singapore Woodlands Fine Foods Distribution #52,procurement52@singapore-seafood52.com,https://www.singapore-seafood52.com,Woodlands,Woodlands,Singapore,WhatsApp / Business Chat,"LinkedIn /company/singapore-seafood52, Facebook",활전복 / 건전복 (HS 030781),"$31.00/kg (활), $140.00/500g (건)"
Singapore Tampines Asian Gourmet Mart #53,procurement53@singapore-seafood53.com,https://www.singapore-seafood53.com,Tampines,Tampines,Singapore,WeChat / LINE,"LinkedIn /company/singapore-seafood53, Facebook",활전복 / 건전복 (HS 030781),"$31.00/kg (활), $140.00/500g (건)"
Singapore Ang Mo Kio HORECA Procurement #54,procurement54@singapore-seafood54.com,https://www.singapore-seafood54.com,Ang Mo Kio,Ang Mo Kio,Singapore,WhatsApp / Business Chat,"LinkedIn /company/singapore-seafood54, Facebook",활전복 / 건전복 (HS 030781),"$31.00/kg (활), $140.00/500g (건)"
Singapore Jurong East Seafood Wholesale & Logistics #55,procurement55@singapore-seafood55.com,https://www.singapore-seafood55.com,Jurong East,Jurong East,Singapore,WeChat / LINE,"LinkedIn /company/singapore-seafood55, Facebook",활전복 / 건전복 (HS 030781),"$31.00/kg (활), $140.00/500g (건)"
Royal Seafood (Hải Sản Hoàng Gia),info@haisanhoanggia.com,https://haisanhoanggia.com,Ho Chi Minh City,District 1,Vietnam,Zalo +84 906 289 499,Facebook @haisanhoanggia,활전복 / IQF 냉동 (HS 030781 / HS 030783),"$29.50/kg (활), $29.00/kg (IQF)"
"Fishy Vietnam Co., Ltd.",info@fishy.vn,https://fishy.vn,Ho Chi Minh City,Binh Thanh,Vietnam,Zalo +84 908 123 456,Facebook @fishyvietnam,활전복 / IQF 냉동 (HS 030781 / HS 030783),"$29.50/kg (활), $29.00/kg (IQF)"
Meksea Connection Company,sales@mekseaconnection.com,https://mekseaconnection.com,Ho Chi Minh City,Tan Binh,Vietnam,"WhatsApp, Zalo","LinkedIn, Facebook",활전복 / IQF 냉동 (HS 030781 / HS 030783),"$29.50/kg (활), $29.00/kg (IQF)"
Trong Duc Seafood Ltd,trongduc@trongducseafood.com,https://trongducseafood.com,Ho Chi Minh City,District 7,Vietnam,Zalo +84 903 888 999,Facebook,활전복 / IQF 냉동 (HS 030781 / HS 030783),"$29.50/kg (활), $29.00/kg (IQF)"
"Vinahugo Co., Ltd",info@vinahugo.com,https://vinahugo.com,Hanoi,Hoan Kiem,Vietnam,Zalo +84 904 555 666,LinkedIn,활전복 / IQF 냉동 (HS 030781 / HS 030783),"$29.50/kg (활), $29.00/kg (IQF)"
Vietnam Nha Trang HORECA Procurement #6,procurement6@vietnam-seafood6.com,https://www.vietnam-seafood6.com,Nha Trang,Nha Trang,Vietnam,WhatsApp / Business Chat,"LinkedIn /company/vietnam-seafood6, Facebook",활전복 / IQF 냉동 (HS 030781 / HS 030783),"$29.50/kg (활), $29.00/kg (IQF)"
Vietnam Ho Chi Minh City Seafood Wholesale & Logistics #7,procurement7@vietnam-seafood7.com,https://www.vietnam-seafood7.com,Ho Chi Minh City,Ho Chi Minh City,Vietnam,WeChat / LINE,"LinkedIn /company/vietnam-seafood7, Facebook",활전복 / IQF 냉동 (HS 030781 / HS 030783),"$29.50/kg (활), $29.00/kg (IQF)"
Vietnam Hanoi Aquatic Foods Group #8,procurement8@vietnam-seafood8.com,https://www.vietnam-seafood8.com,Hanoi,Hanoi,Vietnam,WhatsApp / Business Chat,"LinkedIn /company/vietnam-seafood8, Facebook",활전복 / IQF 냉동 (HS 030781 / HS 030783),"$29.50/kg (활), $29.00/kg (IQF)"
Vietnam Da Nang Seafood Trading Co. #9,procurement9@vietnam-seafood9.com,https://www.vietnam-seafood9.com,Da Nang,Da Nang,Vietnam,WeChat / LINE,"LinkedIn /company/vietnam-seafood9, Facebook",활전복 / IQF 냉동 (HS 030781 / HS 030783),"$29.50/kg (활), $29.00/kg (IQF)"
Vietnam Hai Phong Global Seafoods Ltd #10,procurement10@vietnam-seafood10.com,https://www.vietnam-seafood10.com,Hai Phong,Hai Phong,Vietnam,WhatsApp / Business Chat,"LinkedIn /company/vietnam-seafood10, Facebook",활전복 / IQF 냉동 (HS 030781 / HS 030783),"$29.50/kg (활), $29.00/kg (IQF)"
Vietnam Can Tho Import & Export Corp #11,procurement11@vietnam-seafood11.com,https://www.vietnam-seafood11.com,Can Tho,Can Tho,Vietnam,WeChat / LINE,"LinkedIn /company/vietnam-seafood11, Facebook",활전복 / IQF 냉동 (HS 030781 / HS 030783),"$29.50/kg (활), $29.00/kg (IQF)"
Vietnam Nha Trang Fine Foods Distribution #12,procurement12@vietnam-seafood12.com,https://www.vietnam-seafood12.com,Nha Trang,Nha Trang,Vietnam,WhatsApp / Business Chat,"LinkedIn /company/vietnam-seafood12, Facebook",활전복 / IQF 냉동 (HS 030781 / HS 030783),"$29.50/kg (활), $29.00/kg (IQF)"
Vietnam Ho Chi Minh City Asian Gourmet Mart #13,procurement13@vietnam-seafood13.com,https://www.vietnam-seafood13.com,Ho Chi Minh City,Ho Chi Minh City,Vietnam,WeChat / LINE,"LinkedIn /company/vietnam-seafood13, Facebook",활전복 / IQF 냉동 (HS 030781 / HS 030783),"$29.50/kg (활), $29.00/kg (IQF)"
Vietnam Hanoi HORECA Procurement #14,procurement14@vietnam-seafood14.com,https://www.vietnam-seafood14.com,Hanoi,Hanoi,Vietnam,WhatsApp / Business Chat,"LinkedIn /company/vietnam-seafood14, Facebook",활전복 / IQF 냉동 (HS 030781 / HS 030783),"$29.50/kg (활), $29.00/kg (IQF)"
Vietnam Da Nang Seafood Wholesale & Logistics #15,procurement15@vietnam-seafood15.com,https://www.vietnam-seafood15.com,Da Nang,Da Nang,Vietnam,WeChat / LINE,"LinkedIn /company/vietnam-seafood15, Facebook",활전복 / IQF 냉동 (HS 030781 / HS 030783),"$29.50/kg (활), $29.00/kg (IQF)"
Vietnam Hai Phong Aquatic Foods Group #16,procurement16@vietnam-seafood16.com,https://www.vietnam-seafood16.com,Hai Phong,Hai Phong,Vietnam,WhatsApp / Business Chat,"LinkedIn /company/vietnam-seafood16, Facebook",활전복 / IQF 냉동 (HS 030781 / HS 030783),"$29.50/kg (활), $29.00/kg (IQF)"
Vietnam Can Tho Seafood Trading Co. #17,procurement17@vietnam-seafood17.com,https://www.vietnam-seafood17.com,Can Tho,Can Tho,Vietnam,WeChat / LINE,"LinkedIn /company/vietnam-seafood17, Facebook",활전복 / IQF 냉동 (HS 030781 / HS 030783),"$29.50/kg (활), $29.00/kg (IQF)"
Vietnam Nha Trang Global Seafoods Ltd #18,procurement18@vietnam-seafood18.com,https://www.vietnam-seafood18.com,Nha Trang,Nha Trang,Vietnam,WhatsApp / Business Chat,"LinkedIn /company/vietnam-seafood18, Facebook",활전복 / IQF 냉동 (HS 030781 / HS 030783),"$29.50/kg (활), $29.00/kg (IQF)"
Vietnam Ho Chi Minh City Import & Export Corp #19,procurement19@vietnam-seafood19.com,https://www.vietnam-seafood19.com,Ho Chi Minh City,Ho Chi Minh City,Vietnam,WeChat / LINE,"LinkedIn /company/vietnam-seafood19, Facebook",활전복 / IQF 냉동 (HS 030781 / HS 030783),"$29.50/kg (활), $29.00/kg (IQF)"
Vietnam Hanoi Fine Foods Distribution #20,procurement20@vietnam-seafood20.com,https://www.vietnam-seafood20.com,Hanoi,Hanoi,Vietnam,WhatsApp / Business Chat,"LinkedIn /company/vietnam-seafood20, Facebook",활전복 / IQF 냉동 (HS 030781 / HS 030783),"$29.50/kg (활), $29.00/kg (IQF)"
Vietnam Da Nang Asian Gourmet Mart #21,procurement21@vietnam-seafood21.com,https://www.vietnam-seafood21.com,Da Nang,Da Nang,Vietnam,WeChat / LINE,"LinkedIn /company/vietnam-seafood21, Facebook",활전복 / IQF 냉동 (HS 030781 / HS 030783),"$29.50/kg (활), $29.00/kg (IQF)"
Vietnam Hai Phong HORECA Procurement #22,procurement22@vietnam-seafood22.com,https://www.vietnam-seafood22.com,Hai Phong,Hai Phong,Vietnam,WhatsApp / Business Chat,"LinkedIn /company/vietnam-seafood22, Facebook",활전복 / IQF 냉동 (HS 030781 / HS 030783),"$29.50/kg (활), $29.00/kg (IQF)"
Vietnam Can Tho Seafood Wholesale & Logistics #23,procurement23@vietnam-seafood23.com,https://www.vietnam-seafood23.com,Can Tho,Can Tho,Vietnam,WeChat / LINE,"LinkedIn /company/vietnam-seafood23, Facebook",활전복 / IQF 냉동 (HS 030781 / HS 030783),"$29.50/kg (활), $29.00/kg (IQF)"
Vietnam Nha Trang Aquatic Foods Group #24,procurement24@vietnam-seafood24.com,https://www.vietnam-seafood24.com,Nha Trang,Nha Trang,Vietnam,WhatsApp / Business Chat,"LinkedIn /company/vietnam-seafood24, Facebook",활전복 / IQF 냉동 (HS 030781 / HS 030783),"$29.50/kg (활), $29.00/kg (IQF)"
Vietnam Ho Chi Minh City Seafood Trading Co. #25,procurement25@vietnam-seafood25.com,https://www.vietnam-seafood25.com,Ho Chi Minh City,Ho Chi Minh City,Vietnam,WeChat / LINE,"LinkedIn /company/vietnam-seafood25, Facebook",활전복 / IQF 냉동 (HS 030781 / HS 030783),"$29.50/kg (활), $29.00/kg (IQF)"
Vietnam Hanoi Global Seafoods Ltd #26,procurement26@vietnam-seafood26.com,https://www.vietnam-seafood26.com,Hanoi,Hanoi,Vietnam,WhatsApp / Business Chat,"LinkedIn /company/vietnam-seafood26, Facebook",활전복 / IQF 냉동 (HS 030781 / HS 030783),"$29.50/kg (활), $29.00/kg (IQF)"
Vietnam Da Nang Import & Export Corp #27,procurement27@vietnam-seafood27.com,https://www.vietnam-seafood27.com,Da Nang,Da Nang,Vietnam,WeChat / LINE,"LinkedIn /company/vietnam-seafood27, Facebook",활전복 / IQF 냉동 (HS 030781 / HS 030783),"$29.50/kg (활), $29.00/kg (IQF)"
Vietnam Hai Phong Fine Foods Distribution #28,procurement28@vietnam-seafood28.com,https://www.vietnam-seafood28.com,Hai Phong,Hai Phong,Vietnam,WhatsApp / Business Chat,"LinkedIn /company/vietnam-seafood28, Facebook",활전복 / IQF 냉동 (HS 030781 / HS 030783),"$29.50/kg (활), $29.00/kg (IQF)"
Vietnam Can Tho Asian Gourmet Mart #29,procurement29@vietnam-seafood29.com,https://www.vietnam-seafood29.com,Can Tho,Can Tho,Vietnam,WeChat / LINE,"LinkedIn /company/vietnam-seafood29, Facebook",활전복 / IQF 냉동 (HS 030781 / HS 030783),"$29.50/kg (활), $29.00/kg (IQF)"
Vietnam Nha Trang HORECA Procurement #30,procurement30@vietnam-seafood30.com,https://www.vietnam-seafood30.com,Nha Trang,Nha Trang,Vietnam,WhatsApp / Business Chat,"LinkedIn /company/vietnam-seafood30, Facebook",활전복 / IQF 냉동 (HS 030781 / HS 030783),"$29.50/kg (활), $29.00/kg (IQF)"
Vietnam Ho Chi Minh City Seafood Wholesale & Logistics #31,procurement31@vietnam-seafood31.com,https://www.vietnam-seafood31.com,Ho Chi Minh City,Ho Chi Minh City,Vietnam,WeChat / LINE,"LinkedIn /company/vietnam-seafood31, Facebook",활전복 / IQF 냉동 (HS 030781 / HS 030783),"$29.50/kg (활), $29.00/kg (IQF)"
Vietnam Hanoi Aquatic Foods Group #32,procurement32@vietnam-seafood32.com,https://www.vietnam-seafood32.com,Hanoi,Hanoi,Vietnam,WhatsApp / Business Chat,"LinkedIn /company/vietnam-seafood32, Facebook",활전복 / IQF 냉동 (HS 030781 / HS 030783),"$29.50/kg (활), $29.00/kg (IQF)"
Vietnam Da Nang Seafood Trading Co. #33,procurement33@vietnam-seafood33.com,https://www.vietnam-seafood33.com,Da Nang,Da Nang,Vietnam,WeChat / LINE,"LinkedIn /company/vietnam-seafood33, Facebook",활전복 / IQF 냉동 (HS 030781 / HS 030783),"$29.50/kg (활), $29.00/kg (IQF)"
Vietnam Hai Phong Global Seafoods Ltd #34,procurement34@vietnam-seafood34.com,https://www.vietnam-seafood34.com,Hai Phong,Hai Phong,Vietnam,WhatsApp / Business Chat,"LinkedIn /company/vietnam-seafood34, Facebook",활전복 / IQF 냉동 (HS 030781 / HS 030783),"$29.50/kg (활), $29.00/kg (IQF)"
Vietnam Can Tho Import & Export Corp #35,procurement35@vietnam-seafood35.com,https://www.vietnam-seafood35.com,Can Tho,Can Tho,Vietnam,WeChat / LINE,"LinkedIn /company/vietnam-seafood35, Facebook",활전복 / IQF 냉동 (HS 030781 / HS 030783),"$29.50/kg (활), $29.00/kg (IQF)"
Vietnam Nha Trang Fine Foods Distribution #36,procurement36@vietnam-seafood36.com,https://www.vietnam-seafood36.com,Nha Trang,Nha Trang,Vietnam,WhatsApp / Business Chat,"LinkedIn /company/vietnam-seafood36, Facebook",활전복 / IQF 냉동 (HS 030781 / HS 030783),"$29.50/kg (활), $29.00/kg (IQF)"
Vietnam Ho Chi Minh City Asian Gourmet Mart #37,procurement37@vietnam-seafood37.com,https://www.vietnam-seafood37.com,Ho Chi Minh City,Ho Chi Minh City,Vietnam,WeChat / LINE,"LinkedIn /company/vietnam-seafood37, Facebook",활전복 / IQF 냉동 (HS 030781 / HS 030783),"$29.50/kg (활), $29.00/kg (IQF)"
Vietnam Hanoi HORECA Procurement #38,procurement38@vietnam-seafood38.com,https://www.vietnam-seafood38.com,Hanoi,Hanoi,Vietnam,WhatsApp / Business Chat,"LinkedIn /company/vietnam-seafood38, Facebook",활전복 / IQF 냉동 (HS 030781 / HS 030783),"$29.50/kg (활), $29.00/kg (IQF)"
Vietnam Da Nang Seafood Wholesale & Logistics #39,procurement39@vietnam-seafood39.com,https://www.vietnam-seafood39.com,Da Nang,Da Nang,Vietnam,WeChat / LINE,"LinkedIn /company/vietnam-seafood39, Facebook",활전복 / IQF 냉동 (HS 030781 / HS 030783),"$29.50/kg (활), $29.00/kg (IQF)"
Vietnam Hai Phong Aquatic Foods Group #40,procurement40@vietnam-seafood40.com,https://www.vietnam-seafood40.com,Hai Phong,Hai Phong,Vietnam,WhatsApp / Business Chat,"LinkedIn /company/vietnam-seafood40, Facebook",활전복 / IQF 냉동 (HS 030781 / HS 030783),"$29.50/kg (활), $29.00/kg (IQF)"
Vietnam Can Tho Seafood Trading Co. #41,procurement41@vietnam-seafood41.com,https://www.vietnam-seafood41.com,Can Tho,Can Tho,Vietnam,WeChat / LINE,"LinkedIn /company/vietnam-seafood41, Facebook",활전복 / IQF 냉동 (HS 030781 / HS 030783),"$29.50/kg (활), $29.00/kg (IQF)"
Vietnam Nha Trang Global Seafoods Ltd #42,procurement42@vietnam-seafood42.com,https://www.vietnam-seafood42.com,Nha Trang,Nha Trang,Vietnam,WhatsApp / Business Chat,"LinkedIn /company/vietnam-seafood42, Facebook",활전복 / IQF 냉동 (HS 030781 / HS 030783),"$29.50/kg (활), $29.00/kg (IQF)"
Vietnam Ho Chi Minh City Import & Export Corp #43,procurement43@vietnam-seafood43.com,https://www.vietnam-seafood43.com,Ho Chi Minh City,Ho Chi Minh City,Vietnam,WeChat / LINE,"LinkedIn /company/vietnam-seafood43, Facebook",활전복 / IQF 냉동 (HS 030781 / HS 030783),"$29.50/kg (활), $29.00/kg (IQF)"
Vietnam Hanoi Fine Foods Distribution #44,procurement44@vietnam-seafood44.com,https://www.vietnam-seafood44.com,Hanoi,Hanoi,Vietnam,WhatsApp / Business Chat,"LinkedIn /company/vietnam-seafood44, Facebook",활전복 / IQF 냉동 (HS 030781 / HS 030783),"$29.50/kg (활), $29.00/kg (IQF)"
Vietnam Da Nang Asian Gourmet Mart #45,procurement45@vietnam-seafood45.com,https://www.vietnam-seafood45.com,Da Nang,Da Nang,Vietnam,WeChat / LINE,"LinkedIn /company/vietnam-seafood45, Facebook",활전복 / IQF 냉동 (HS 030781 / HS 030783),"$29.50/kg (활), $29.00/kg (IQF)"
Vietnam Hai Phong HORECA Procurement #46,procurement46@vietnam-seafood46.com,https://www.vietnam-seafood46.com,Hai Phong,Hai Phong,Vietnam,WhatsApp / Business Chat,"LinkedIn /company/vietnam-seafood46, Facebook",활전복 / IQF 냉동 (HS 030781 / HS 030783),"$29.50/kg (활), $29.00/kg (IQF)"
Vietnam Can Tho Seafood Wholesale & Logistics #47,procurement47@vietnam-seafood47.com,https://www.vietnam-seafood47.com,Can Tho,Can Tho,Vietnam,WeChat / LINE,"LinkedIn /company/vietnam-seafood47, Facebook",활전복 / IQF 냉동 (HS 030781 / HS 030783),"$29.50/kg (활), $29.00/kg (IQF)"
Vietnam Nha Trang Aquatic Foods Group #48,procurement48@vietnam-seafood48.com,https://www.vietnam-seafood48.com,Nha Trang,Nha Trang,Vietnam,WhatsApp / Business Chat,"LinkedIn /company/vietnam-seafood48, Facebook",활전복 / IQF 냉동 (HS 030781 / HS 030783),"$29.50/kg (활), $29.00/kg (IQF)"
Vietnam Ho Chi Minh City Seafood Trading Co. #49,procurement49@vietnam-seafood49.com,https://www.vietnam-seafood49.com,Ho Chi Minh City,Ho Chi Minh City,Vietnam,WeChat / LINE,"LinkedIn /company/vietnam-seafood49, Facebook",활전복 / IQF 냉동 (HS 030781 / HS 030783),"$29.50/kg (활), $29.00/kg (IQF)"
Vietnam Hanoi Global Seafoods Ltd #50,procurement50@vietnam-seafood50.com,https://www.vietnam-seafood50.com,Hanoi,Hanoi,Vietnam,WhatsApp / Business Chat,"LinkedIn /company/vietnam-seafood50, Facebook",활전복 / IQF 냉동 (HS 030781 / HS 030783),"$29.50/kg (활), $29.00/kg (IQF)"
Vietnam Da Nang Import & Export Corp #51,procurement51@vietnam-seafood51.com,https://www.vietnam-seafood51.com,Da Nang,Da Nang,Vietnam,WeChat / LINE,"LinkedIn /company/vietnam-seafood51, Facebook",활전복 / IQF 냉동 (HS 030781 / HS 030783),"$29.50/kg (활), $29.00/kg (IQF)"
Vietnam Hai Phong Fine Foods Distribution #52,procurement52@vietnam-seafood52.com,https://www.vietnam-seafood52.com,Hai Phong,Hai Phong,Vietnam,WhatsApp / Business Chat,"LinkedIn /company/vietnam-seafood52, Facebook",활전복 / IQF 냉동 (HS 030781 / HS 030783),"$29.50/kg (활), $29.00/kg (IQF)"
Vietnam Can Tho Asian Gourmet Mart #53,procurement53@vietnam-seafood53.com,https://www.vietnam-seafood53.com,Can Tho,Can Tho,Vietnam,WeChat / LINE,"LinkedIn /company/vietnam-seafood53, Facebook",활전복 / IQF 냉동 (HS 030781 / HS 030783),"$29.50/kg (활), $29.00/kg (IQF)"
Vietnam Nha Trang HORECA Procurement #54,procurement54@vietnam-seafood54.com,https://www.vietnam-seafood54.com,Nha Trang,Nha Trang,Vietnam,WhatsApp / Business Chat,"LinkedIn /company/vietnam-seafood54, Facebook",활전복 / IQF 냉동 (HS 030781 / HS 030783),"$29.50/kg (활), $29.00/kg (IQF)"
Vietnam Ho Chi Minh City Seafood Wholesale & Logistics #55,procurement55@vietnam-seafood55.com,https://www.vietnam-seafood55.com,Ho Chi Minh City,Ho Chi Minh City,Vietnam,WeChat / LINE,"LinkedIn /company/vietnam-seafood55, Facebook",활전복 / IQF 냉동 (HS 030781 / HS 030783),"$29.50/kg (활), $29.00/kg (IQF)"
Macau Macau Peninsula Seafood Trading Co. #1,procurement1@macau-seafood1.com,https://www.macau-seafood1.com,Macau Peninsula,Macau Peninsula,Macau,WeChat / LINE,"LinkedIn /company/macau-seafood1, Facebook",활전복 / 건전복 (HS 030781),"$35.00/kg (활), $142.00/500g (건)"
Macau Taipa Global Seafoods Ltd #2,procurement2@macau-seafood2.com,https://www.macau-seafood2.com,Taipa,Taipa,Macau,WhatsApp / Business Chat,"LinkedIn /company/macau-seafood2, Facebook",활전복 / 건전복 (HS 030781),"$35.00/kg (활), $142.00/500g (건)"
Macau Cotai Import & Export Corp #3,procurement3@macau-seafood3.com,https://www.macau-seafood3.com,Cotai,Cotai,Macau,WeChat / LINE,"LinkedIn /company/macau-seafood3, Facebook",활전복 / 건전복 (HS 030781),"$35.00/kg (활), $142.00/500g (건)"
Macau Macau Peninsula Fine Foods Distribution #4,procurement4@macau-seafood4.com,https://www.macau-seafood4.com,Macau Peninsula,Macau Peninsula,Macau,WhatsApp / Business Chat,"LinkedIn /company/macau-seafood4, Facebook",활전복 / 건전복 (HS 030781),"$35.00/kg (활), $142.00/500g (건)"
Macau Taipa Asian Gourmet Mart #5,procurement5@macau-seafood5.com,https://www.macau-seafood5.com,Taipa,Taipa,Macau,WeChat / LINE,"LinkedIn /company/macau-seafood5, Facebook",활전복 / 건전복 (HS 030781),"$35.00/kg (활), $142.00/500g (건)"
Macau Cotai HORECA Procurement #6,procurement6@macau-seafood6.com,https://www.macau-seafood6.com,Cotai,Cotai,Macau,WhatsApp / Business Chat,"LinkedIn /company/macau-seafood6, Facebook",활전복 / 건전복 (HS 030781),"$35.00/kg (활), $142.00/500g (건)"
Macau Macau Peninsula Seafood Wholesale & Logistics #7,procurement7@macau-seafood7.com,https://www.macau-seafood7.com,Macau Peninsula,Macau Peninsula,Macau,WeChat / LINE,"LinkedIn /company/macau-seafood7, Facebook",활전복 / 건전복 (HS 030781),"$35.00/kg (활), $142.00/500g (건)"
Macau Taipa Aquatic Foods Group #8,procurement8@macau-seafood8.com,https://www.macau-seafood8.com,Taipa,Taipa,Macau,WhatsApp / Business Chat,"LinkedIn /company/macau-seafood8, Facebook",활전복 / 건전복 (HS 030781),"$35.00/kg (활), $142.00/500g (건)"
Macau Cotai Seafood Trading Co. #9,procurement9@macau-seafood9.com,https://www.macau-seafood9.com,Cotai,Cotai,Macau,WeChat / LINE,"LinkedIn /company/macau-seafood9, Facebook",활전복 / 건전복 (HS 030781),"$35.00/kg (활), $142.00/500g (건)"
Macau Macau Peninsula Global Seafoods Ltd #10,procurement10@macau-seafood10.com,https://www.macau-seafood10.com,Macau Peninsula,Macau Peninsula,Macau,WhatsApp / Business Chat,"LinkedIn /company/macau-seafood10, Facebook",활전복 / 건전복 (HS 030781),"$35.00/kg (활), $142.00/500g (건)"
Macau Taipa Import & Export Corp #11,procurement11@macau-seafood11.com,https://www.macau-seafood11.com,Taipa,Taipa,Macau,WeChat / LINE,"LinkedIn /company/macau-seafood11, Facebook",활전복 / 건전복 (HS 030781),"$35.00/kg (활), $142.00/500g (건)"
Macau Cotai Fine Foods Distribution #12,procurement12@macau-seafood12.com,https://www.macau-seafood12.com,Cotai,Cotai,Macau,WhatsApp / Business Chat,"LinkedIn /company/macau-seafood12, Facebook",활전복 / 건전복 (HS 030781),"$35.00/kg (활), $142.00/500g (건)"
Macau Macau Peninsula Asian Gourmet Mart #13,procurement13@macau-seafood13.com,https://www.macau-seafood13.com,Macau Peninsula,Macau Peninsula,Macau,WeChat / LINE,"LinkedIn /company/macau-seafood13, Facebook",활전복 / 건전복 (HS 030781),"$35.00/kg (활), $142.00/500g (건)"
Macau Taipa HORECA Procurement #14,procurement14@macau-seafood14.com,https://www.macau-seafood14.com,Taipa,Taipa,Macau,WhatsApp / Business Chat,"LinkedIn /company/macau-seafood14, Facebook",활전복 / 건전복 (HS 030781),"$35.00/kg (활), $142.00/500g (건)"
Macau Cotai Seafood Wholesale & Logistics #15,procurement15@macau-seafood15.com,https://www.macau-seafood15.com,Cotai,Cotai,Macau,WeChat / LINE,"LinkedIn /company/macau-seafood15, Facebook",활전복 / 건전복 (HS 030781),"$35.00/kg (활), $142.00/500g (건)"
Macau Macau Peninsula Aquatic Foods Group #16,procurement16@macau-seafood16.com,https://www.macau-seafood16.com,Macau Peninsula,Macau Peninsula,Macau,WhatsApp / Business Chat,"LinkedIn /company/macau-seafood16, Facebook",활전복 / 건전복 (HS 030781),"$35.00/kg (활), $142.00/500g (건)"
Macau Taipa Seafood Trading Co. #17,procurement17@macau-seafood17.com,https://www.macau-seafood17.com,Taipa,Taipa,Macau,WeChat / LINE,"LinkedIn /company/macau-seafood17, Facebook",활전복 / 건전복 (HS 030781),"$35.00/kg (활), $142.00/500g (건)"
Macau Cotai Global Seafoods Ltd #18,procurement18@macau-seafood18.com,https://www.macau-seafood18.com,Cotai,Cotai,Macau,WhatsApp / Business Chat,"LinkedIn /company/macau-seafood18, Facebook",활전복 / 건전복 (HS 030781),"$35.00/kg (활), $142.00/500g (건)"
Macau Macau Peninsula Import & Export Corp #19,procurement19@macau-seafood19.com,https://www.macau-seafood19.com,Macau Peninsula,Macau Peninsula,Macau,WeChat / LINE,"LinkedIn /company/macau-seafood19, Facebook",활전복 / 건전복 (HS 030781),"$35.00/kg (활), $142.00/500g (건)"
Macau Taipa Fine Foods Distribution #20,procurement20@macau-seafood20.com,https://www.macau-seafood20.com,Taipa,Taipa,Macau,WhatsApp / Business Chat,"LinkedIn /company/macau-seafood20, Facebook",활전복 / 건전복 (HS 030781),"$35.00/kg (활), $142.00/500g (건)"
Macau Cotai Asian Gourmet Mart #21,procurement21@macau-seafood21.com,https://www.macau-seafood21.com,Cotai,Cotai,Macau,WeChat / LINE,"LinkedIn /company/macau-seafood21, Facebook",활전복 / 건전복 (HS 030781),"$35.00/kg (활), $142.00/500g (건)"
Macau Macau Peninsula HORECA Procurement #22,procurement22@macau-seafood22.com,https://www.macau-seafood22.com,Macau Peninsula,Macau Peninsula,Macau,WhatsApp / Business Chat,"LinkedIn /company/macau-seafood22, Facebook",활전복 / 건전복 (HS 030781),"$35.00/kg (활), $142.00/500g (건)"
Macau Taipa Seafood Wholesale & Logistics #23,procurement23@macau-seafood23.com,https://www.macau-seafood23.com,Taipa,Taipa,Macau,WeChat / LINE,"LinkedIn /company/macau-seafood23, Facebook",활전복 / 건전복 (HS 030781),"$35.00/kg (활), $142.00/500g (건)"
Macau Cotai Aquatic Foods Group #24,procurement24@macau-seafood24.com,https://www.macau-seafood24.com,Cotai,Cotai,Macau,WhatsApp / Business Chat,"LinkedIn /company/macau-seafood24, Facebook",활전복 / 건전복 (HS 030781),"$35.00/kg (활), $142.00/500g (건)"
Macau Macau Peninsula Seafood Trading Co. #25,procurement25@macau-seafood25.com,https://www.macau-seafood25.com,Macau Peninsula,Macau Peninsula,Macau,WeChat / LINE,"LinkedIn /company/macau-seafood25, Facebook",활전복 / 건전복 (HS 030781),"$35.00/kg (활), $142.00/500g (건)"
Macau Taipa Global Seafoods Ltd #26,procurement26@macau-seafood26.com,https://www.macau-seafood26.com,Taipa,Taipa,Macau,WhatsApp / Business Chat,"LinkedIn /company/macau-seafood26, Facebook",활전복 / 건전복 (HS 030781),"$35.00/kg (활), $142.00/500g (건)"
Macau Cotai Import & Export Corp #27,procurement27@macau-seafood27.com,https://www.macau-seafood27.com,Cotai,Cotai,Macau,WeChat / LINE,"LinkedIn /company/macau-seafood27, Facebook",활전복 / 건전복 (HS 030781),"$35.00/kg (활), $142.00/500g (건)"
Macau Macau Peninsula Fine Foods Distribution #28,procurement28@macau-seafood28.com,https://www.macau-seafood28.com,Macau Peninsula,Macau Peninsula,Macau,WhatsApp / Business Chat,"LinkedIn /company/macau-seafood28, Facebook",활전복 / 건전복 (HS 030781),"$35.00/kg (활), $142.00/500g (건)"
Macau Taipa Asian Gourmet Mart #29,procurement29@macau-seafood29.com,https://www.macau-seafood29.com,Taipa,Taipa,Macau,WeChat / LINE,"LinkedIn /company/macau-seafood29, Facebook",활전복 / 건전복 (HS 030781),"$35.00/kg (활), $142.00/500g (건)"
Macau Cotai HORECA Procurement #30,procurement30@macau-seafood30.com,https://www.macau-seafood30.com,Cotai,Cotai,Macau,WhatsApp / Business Chat,"LinkedIn /company/macau-seafood30, Facebook",활전복 / 건전복 (HS 030781),"$35.00/kg (활), $142.00/500g (건)"
Macau Macau Peninsula Seafood Wholesale & Logistics #31,procurement31@macau-seafood31.com,https://www.macau-seafood31.com,Macau Peninsula,Macau Peninsula,Macau,WeChat / LINE,"LinkedIn /company/macau-seafood31, Facebook",활전복 / 건전복 (HS 030781),"$35.00/kg (활), $142.00/500g (건)"
Macau Taipa Aquatic Foods Group #32,procurement32@macau-seafood32.com,https://www.macau-seafood32.com,Taipa,Taipa,Macau,WhatsApp / Business Chat,"LinkedIn /company/macau-seafood32, Facebook",활전복 / 건전복 (HS 030781),"$35.00/kg (활), $142.00/500g (건)"
Macau Cotai Seafood Trading Co. #33,procurement33@macau-seafood33.com,https://www.macau-seafood33.com,Cotai,Cotai,Macau,WeChat / LINE,"LinkedIn /company/macau-seafood33, Facebook",활전복 / 건전복 (HS 030781),"$35.00/kg (활), $142.00/500g (건)"
Macau Macau Peninsula Global Seafoods Ltd #34,procurement34@macau-seafood34.com,https://www.macau-seafood34.com,Macau Peninsula,Macau Peninsula,Macau,WhatsApp / Business Chat,"LinkedIn /company/macau-seafood34, Facebook",활전복 / 건전복 (HS 030781),"$35.00/kg (활), $142.00/500g (건)"
Macau Taipa Import & Export Corp #35,procurement35@macau-seafood35.com,https://www.macau-seafood35.com,Taipa,Taipa,Macau,WeChat / LINE,"LinkedIn /company/macau-seafood35, Facebook",활전복 / 건전복 (HS 030781),"$35.00/kg (활), $142.00/500g (건)"
Macau Cotai Fine Foods Distribution #36,procurement36@macau-seafood36.com,https://www.macau-seafood36.com,Cotai,Cotai,Macau,WhatsApp / Business Chat,"LinkedIn /company/macau-seafood36, Facebook",활전복 / 건전복 (HS 030781),"$35.00/kg (활), $142.00/500g (건)"
Macau Macau Peninsula Asian Gourmet Mart #37,procurement37@macau-seafood37.com,https://www.macau-seafood37.com,Macau Peninsula,Macau Peninsula,Macau,WeChat / LINE,"LinkedIn /company/macau-seafood37, Facebook",활전복 / 건전복 (HS 030781),"$35.00/kg (활), $142.00/500g (건)"
Macau Taipa HORECA Procurement #38,procurement38@macau-seafood38.com,https://www.macau-seafood38.com,Taipa,Taipa,Macau,WhatsApp / Business Chat,"LinkedIn /company/macau-seafood38, Facebook",활전복 / 건전복 (HS 030781),"$35.00/kg (활), $142.00/500g (건)"
Macau Cotai Seafood Wholesale & Logistics #39,procurement39@macau-seafood39.com,https://www.macau-seafood39.com,Cotai,Cotai,Macau,WeChat / LINE,"LinkedIn /company/macau-seafood39, Facebook",활전복 / 건전복 (HS 030781),"$35.00/kg (활), $142.00/500g (건)"
Macau Macau Peninsula Aquatic Foods Group #40,procurement40@macau-seafood40.com,https://www.macau-seafood40.com,Macau Peninsula,Macau Peninsula,Macau,WhatsApp / Business Chat,"LinkedIn /company/macau-seafood40, Facebook",활전복 / 건전복 (HS 030781),"$35.00/kg (활), $142.00/500g (건)"
Macau Taipa Seafood Trading Co. #41,procurement41@macau-seafood41.com,https://www.macau-seafood41.com,Taipa,Taipa,Macau,WeChat / LINE,"LinkedIn /company/macau-seafood41, Facebook",활전복 / 건전복 (HS 030781),"$35.00/kg (활), $142.00/500g (건)"
Macau Cotai Global Seafoods Ltd #42,procurement42@macau-seafood42.com,https://www.macau-seafood42.com,Cotai,Cotai,Macau,WhatsApp / Business Chat,"LinkedIn /company/macau-seafood42, Facebook",활전복 / 건전복 (HS 030781),"$35.00/kg (활), $142.00/500g (건)"
Macau Macau Peninsula Import & Export Corp #43,procurement43@macau-seafood43.com,https://www.macau-seafood43.com,Macau Peninsula,Macau Peninsula,Macau,WeChat / LINE,"LinkedIn /company/macau-seafood43, Facebook",활전복 / 건전복 (HS 030781),"$35.00/kg (활), $142.00/500g (건)"
Macau Taipa Fine Foods Distribution #44,procurement44@macau-seafood44.com,https://www.macau-seafood44.com,Taipa,Taipa,Macau,WhatsApp / Business Chat,"LinkedIn /company/macau-seafood44, Facebook",활전복 / 건전복 (HS 030781),"$35.00/kg (활), $142.00/500g (건)"
Macau Cotai Asian Gourmet Mart #45,procurement45@macau-seafood45.com,https://www.macau-seafood45.com,Cotai,Cotai,Macau,WeChat / LINE,"LinkedIn /company/macau-seafood45, Facebook",활전복 / 건전복 (HS 030781),"$35.00/kg (활), $142.00/500g (건)"
Macau Macau Peninsula HORECA Procurement #46,procurement46@macau-seafood46.com,https://www.macau-seafood46.com,Macau Peninsula,Macau Peninsula,Macau,WhatsApp / Business Chat,"LinkedIn /company/macau-seafood46, Facebook",활전복 / 건전복 (HS 030781),"$35.00/kg (활), $142.00/500g (건)"
Macau Taipa Seafood Wholesale & Logistics #47,procurement47@macau-seafood47.com,https://www.macau-seafood47.com,Taipa,Taipa,Macau,WeChat / LINE,"LinkedIn /company/macau-seafood47, Facebook",활전복 / 건전복 (HS 030781),"$35.00/kg (활), $142.00/500g (건)"
Macau Cotai Aquatic Foods Group #48,procurement48@macau-seafood48.com,https://www.macau-seafood48.com,Cotai,Cotai,Macau,WhatsApp / Business Chat,"LinkedIn /company/macau-seafood48, Facebook",활전복 / 건전복 (HS 030781),"$35.00/kg (활), $142.00/500g (건)"
Macau Macau Peninsula Seafood Trading Co. #49,procurement49@macau-seafood49.com,https://www.macau-seafood49.com,Macau Peninsula,Macau Peninsula,Macau,WeChat / LINE,"LinkedIn /company/macau-seafood49, Facebook",활전복 / 건전복 (HS 030781),"$35.00/kg (활), $142.00/500g (건)"
Macau Taipa Global Seafoods Ltd #50,procurement50@macau-seafood50.com,https://www.macau-seafood50.com,Taipa,Taipa,Macau,WhatsApp / Business Chat,"LinkedIn /company/macau-seafood50, Facebook",활전복 / 건전복 (HS 030781),"$35.00/kg (활), $142.00/500g (건)"
Macau Cotai Import & Export Corp #51,procurement51@macau-seafood51.com,https://www.macau-seafood51.com,Cotai,Cotai,Macau,WeChat / LINE,"LinkedIn /company/macau-seafood51, Facebook",활전복 / 건전복 (HS 030781),"$35.00/kg (활), $142.00/500g (건)"
Macau Macau Peninsula Fine Foods Distribution #52,procurement52@macau-seafood52.com,https://www.macau-seafood52.com,Macau Peninsula,Macau Peninsula,Macau,WhatsApp / Business Chat,"LinkedIn /company/macau-seafood52, Facebook",활전복 / 건전복 (HS 030781),"$35.00/kg (활), $142.00/500g (건)"
Macau Taipa Asian Gourmet Mart #53,procurement53@macau-seafood53.com,https://www.macau-seafood53.com,Taipa,Taipa,Macau,WeChat / LINE,"LinkedIn /company/macau-seafood53, Facebook",활전복 / 건전복 (HS 030781),"$35.00/kg (활), $142.00/500g (건)"
Macau Cotai HORECA Procurement #54,procurement54@macau-seafood54.com,https://www.macau-seafood54.com,Cotai,Cotai,Macau,WhatsApp / Business Chat,"LinkedIn /company/macau-seafood54, Facebook",활전복 / 건전복 (HS 030781),"$35.00/kg (활), $142.00/500g (건)"
Macau Macau Peninsula Seafood Wholesale & Logistics #55,procurement55@macau-seafood55.com,https://www.macau-seafood55.com,Macau Peninsula,Macau Peninsula,Macau,WeChat / LINE,"LinkedIn /company/macau-seafood55, Facebook",활전복 / 건전복 (HS 030781),"$35.00/kg (활), $142.00/500g (건)"
Taiwan Taipei Seafood Trading Co. #1,procurement1@taiwan-seafood1.com,https://www.taiwan-seafood1.com,Taipei,Taipei,Taiwan,WeChat / LINE,"LinkedIn /company/taiwan-seafood1, Facebook",활전복 / IQF 냉동 (HS 030781 / HS 030783),"$30.50/kg (활), $29.50/kg (IQF)"
Taiwan Kaohsiung Global Seafoods Ltd #2,procurement2@taiwan-seafood2.com,https://www.taiwan-seafood2.com,Kaohsiung,Kaohsiung,Taiwan,WhatsApp / Business Chat,"LinkedIn /company/taiwan-seafood2, Facebook",활전복 / IQF 냉동 (HS 030781 / HS 030783),"$30.50/kg (활), $29.50/kg (IQF)"
Taiwan Taichung Import & Export Corp #3,procurement3@taiwan-seafood3.com,https://www.taiwan-seafood3.com,Taichung,Taichung,Taiwan,WeChat / LINE,"LinkedIn /company/taiwan-seafood3, Facebook",활전복 / IQF 냉동 (HS 030781 / HS 030783),"$30.50/kg (활), $29.50/kg (IQF)"
Taiwan Tainan Fine Foods Distribution #4,procurement4@taiwan-seafood4.com,https://www.taiwan-seafood4.com,Tainan,Tainan,Taiwan,WhatsApp / Business Chat,"LinkedIn /company/taiwan-seafood4, Facebook",활전복 / IQF 냉동 (HS 030781 / HS 030783),"$30.50/kg (활), $29.50/kg (IQF)"
Taiwan New Taipei City Asian Gourmet Mart #5,procurement5@taiwan-seafood5.com,https://www.taiwan-seafood5.com,New Taipei City,New Taipei City,Taiwan,WeChat / LINE,"LinkedIn /company/taiwan-seafood5, Facebook",활전복 / IQF 냉동 (HS 030781 / HS 030783),"$30.50/kg (활), $29.50/kg (IQF)"
Taiwan Taipei HORECA Procurement #6,procurement6@taiwan-seafood6.com,https://www.taiwan-seafood6.com,Taipei,Taipei,Taiwan,WhatsApp / Business Chat,"LinkedIn /company/taiwan-seafood6, Facebook",활전복 / IQF 냉동 (HS 030781 / HS 030783),"$30.50/kg (활), $29.50/kg (IQF)"
Taiwan Kaohsiung Seafood Wholesale & Logistics #7,procurement7@taiwan-seafood7.com,https://www.taiwan-seafood7.com,Kaohsiung,Kaohsiung,Taiwan,WeChat / LINE,"LinkedIn /company/taiwan-seafood7, Facebook",활전복 / IQF 냉동 (HS 030781 / HS 030783),"$30.50/kg (활), $29.50/kg (IQF)"
Taiwan Taichung Aquatic Foods Group #8,procurement8@taiwan-seafood8.com,https://www.taiwan-seafood8.com,Taichung,Taichung,Taiwan,WhatsApp / Business Chat,"LinkedIn /company/taiwan-seafood8, Facebook",활전복 / IQF 냉동 (HS 030781 / HS 030783),"$30.50/kg (활), $29.50/kg (IQF)"
Taiwan Tainan Seafood Trading Co. #9,procurement9@taiwan-seafood9.com,https://www.taiwan-seafood9.com,Tainan,Tainan,Taiwan,WeChat / LINE,"LinkedIn /company/taiwan-seafood9, Facebook",활전복 / IQF 냉동 (HS 030781 / HS 030783),"$30.50/kg (활), $29.50/kg (IQF)"
Taiwan New Taipei City Global Seafoods Ltd #10,procurement10@taiwan-seafood10.com,https://www.taiwan-seafood10.com,New Taipei City,New Taipei City,Taiwan,WhatsApp / Business Chat,"LinkedIn /company/taiwan-seafood10, Facebook",활전복 / IQF 냉동 (HS 030781 / HS 030783),"$30.50/kg (활), $29.50/kg (IQF)"
Taiwan Taipei Import & Export Corp #11,procurement11@taiwan-seafood11.com,https://www.taiwan-seafood11.com,Taipei,Taipei,Taiwan,WeChat / LINE,"LinkedIn /company/taiwan-seafood11, Facebook",활전복 / IQF 냉동 (HS 030781 / HS 030783),"$30.50/kg (활), $29.50/kg (IQF)"
Taiwan Kaohsiung Fine Foods Distribution #12,procurement12@taiwan-seafood12.com,https://www.taiwan-seafood12.com,Kaohsiung,Kaohsiung,Taiwan,WhatsApp / Business Chat,"LinkedIn /company/taiwan-seafood12, Facebook",활전복 / IQF 냉동 (HS 030781 / HS 030783),"$30.50/kg (활), $29.50/kg (IQF)"
Taiwan Taichung Asian Gourmet Mart #13,procurement13@taiwan-seafood13.com,https://www.taiwan-seafood13.com,Taichung,Taichung,Taiwan,WeChat / LINE,"LinkedIn /company/taiwan-seafood13, Facebook",활전복 / IQF 냉동 (HS 030781 / HS 030783),"$30.50/kg (활), $29.50/kg (IQF)"
Taiwan Tainan HORECA Procurement #14,procurement14@taiwan-seafood14.com,https://www.taiwan-seafood14.com,Tainan,Tainan,Taiwan,WhatsApp / Business Chat,"LinkedIn /company/taiwan-seafood14, Facebook",활전복 / IQF 냉동 (HS 030781 / HS 030783),"$30.50/kg (활), $29.50/kg (IQF)"
Taiwan New Taipei City Seafood Wholesale & Logistics #15,procurement15@taiwan-seafood15.com,https://www.taiwan-seafood15.com,New Taipei City,New Taipei City,Taiwan,WeChat / LINE,"LinkedIn /company/taiwan-seafood15, Facebook",활전복 / IQF 냉동 (HS 030781 / HS 030783),"$30.50/kg (활), $29.50/kg (IQF)"
Taiwan Taipei Aquatic Foods Group #16,procurement16@taiwan-seafood16.com,https://www.taiwan-seafood16.com,Taipei,Taipei,Taiwan,WhatsApp / Business Chat,"LinkedIn /company/taiwan-seafood16, Facebook",활전복 / IQF 냉동 (HS 030781 / HS 030783),"$30.50/kg (활), $29.50/kg (IQF)"
Taiwan Kaohsiung Seafood Trading Co. #17,procurement17@taiwan-seafood17.com,https://www.taiwan-seafood17.com,Kaohsiung,Kaohsiung,Taiwan,WeChat / LINE,"LinkedIn /company/taiwan-seafood17, Facebook",활전복 / IQF 냉동 (HS 030781 / HS 030783),"$30.50/kg (활), $29.50/kg (IQF)"
Taiwan Taichung Global Seafoods Ltd #18,procurement18@taiwan-seafood18.com,https://www.taiwan-seafood18.com,Taichung,Taichung,Taiwan,WhatsApp / Business Chat,"LinkedIn /company/taiwan-seafood18, Facebook",활전복 / IQF 냉동 (HS 030781 / HS 030783),"$30.50/kg (활), $29.50/kg (IQF)"
Taiwan Tainan Import & Export Corp #19,procurement19@taiwan-seafood19.com,https://www.taiwan-seafood19.com,Tainan,Tainan,Taiwan,WeChat / LINE,"LinkedIn /company/taiwan-seafood19, Facebook",활전복 / IQF 냉동 (HS 030781 / HS 030783),"$30.50/kg (활), $29.50/kg (IQF)"
Taiwan New Taipei City Fine Foods Distribution #20,procurement20@taiwan-seafood20.com,https://www.taiwan-seafood20.com,New Taipei City,New Taipei City,Taiwan,WhatsApp / Business Chat,"LinkedIn /company/taiwan-seafood20, Facebook",활전복 / IQF 냉동 (HS 030781 / HS 030783),"$30.50/kg (활), $29.50/kg (IQF)"
Taiwan Taipei Asian Gourmet Mart #21,procurement21@taiwan-seafood21.com,https://www.taiwan-seafood21.com,Taipei,Taipei,Taiwan,WeChat / LINE,"LinkedIn /company/taiwan-seafood21, Facebook",활전복 / IQF 냉동 (HS 030781 / HS 030783),"$30.50/kg (활), $29.50/kg (IQF)"
Taiwan Kaohsiung HORECA Procurement #22,procurement22@taiwan-seafood22.com,https://www.taiwan-seafood22.com,Kaohsiung,Kaohsiung,Taiwan,WhatsApp / Business Chat,"LinkedIn /company/taiwan-seafood22, Facebook",활전복 / IQF 냉동 (HS 030781 / HS 030783),"$30.50/kg (활), $29.50/kg (IQF)"
Taiwan Taichung Seafood Wholesale & Logistics #23,procurement23@taiwan-seafood23.com,https://www.taiwan-seafood23.com,Taichung,Taichung,Taiwan,WeChat / LINE,"LinkedIn /company/taiwan-seafood23, Facebook",활전복 / IQF 냉동 (HS 030781 / HS 030783),"$30.50/kg (활), $29.50/kg (IQF)"
Taiwan Tainan Aquatic Foods Group #24,procurement24@taiwan-seafood24.com,https://www.taiwan-seafood24.com,Tainan,Tainan,Taiwan,WhatsApp / Business Chat,"LinkedIn /company/taiwan-seafood24, Facebook",활전복 / IQF 냉동 (HS 030781 / HS 030783),"$30.50/kg (활), $29.50/kg (IQF)"
Taiwan New Taipei City Seafood Trading Co. #25,procurement25@taiwan-seafood25.com,https://www.taiwan-seafood25.com,New Taipei City,New Taipei City,Taiwan,WeChat / LINE,"LinkedIn /company/taiwan-seafood25, Facebook",활전복 / IQF 냉동 (HS 030781 / HS 030783),"$30.50/kg (활), $29.50/kg (IQF)"
Taiwan Taipei Global Seafoods Ltd #26,procurement26@taiwan-seafood26.com,https://www.taiwan-seafood26.com,Taipei,Taipei,Taiwan,WhatsApp / Business Chat,"LinkedIn /company/taiwan-seafood26, Facebook",활전복 / IQF 냉동 (HS 030781 / HS 030783),"$30.50/kg (활), $29.50/kg (IQF)"
Taiwan Kaohsiung Import & Export Corp #27,procurement27@taiwan-seafood27.com,https://www.taiwan-seafood27.com,Kaohsiung,Kaohsiung,Taiwan,WeChat / LINE,"LinkedIn /company/taiwan-seafood27, Facebook",활전복 / IQF 냉동 (HS 030781 / HS 030783),"$30.50/kg (활), $29.50/kg (IQF)"
Taiwan Taichung Fine Foods Distribution #28,procurement28@taiwan-seafood28.com,https://www.taiwan-seafood28.com,Taichung,Taichung,Taiwan,WhatsApp / Business Chat,"LinkedIn /company/taiwan-seafood28, Facebook",활전복 / IQF 냉동 (HS 030781 / HS 030783),"$30.50/kg (활), $29.50/kg (IQF)"
Taiwan Tainan Asian Gourmet Mart #29,procurement29@taiwan-seafood29.com,https://www.taiwan-seafood29.com,Tainan,Tainan,Taiwan,WeChat / LINE,"LinkedIn /company/taiwan-seafood29, Facebook",활전복 / IQF 냉동 (HS 030781 / HS 030783),"$30.50/kg (활), $29.50/kg (IQF)"
Taiwan New Taipei City HORECA Procurement #30,procurement30@taiwan-seafood30.com,https://www.taiwan-seafood30.com,New Taipei City,New Taipei City,Taiwan,WhatsApp / Business Chat,"LinkedIn /company/taiwan-seafood30, Facebook",활전복 / IQF 냉동 (HS 030781 / HS 030783),"$30.50/kg (활), $29.50/kg (IQF)"
Taiwan Taipei Seafood Wholesale & Logistics #31,procurement31@taiwan-seafood31.com,https://www.taiwan-seafood31.com,Taipei,Taipei,Taiwan,WeChat / LINE,"LinkedIn /company/taiwan-seafood31, Facebook",활전복 / IQF 냉동 (HS 030781 / HS 030783),"$30.50/kg (활), $29.50/kg (IQF)"
Taiwan Kaohsiung Aquatic Foods Group #32,procurement32@taiwan-seafood32.com,https://www.taiwan-seafood32.com,Kaohsiung,Kaohsiung,Taiwan,WhatsApp / Business Chat,"LinkedIn /company/taiwan-seafood32, Facebook",활전복 / IQF 냉동 (HS 030781 / HS 030783),"$30.50/kg (활), $29.50/kg (IQF)"
Taiwan Taichung Seafood Trading Co. #33,procurement33@taiwan-seafood33.com,https://www.taiwan-seafood33.com,Taichung,Taichung,Taiwan,WeChat / LINE,"LinkedIn /company/taiwan-seafood33, Facebook",활전복 / IQF 냉동 (HS 030781 / HS 030783),"$30.50/kg (활), $29.50/kg (IQF)"
Taiwan Tainan Global Seafoods Ltd #34,procurement34@taiwan-seafood34.com,https://www.taiwan-seafood34.com,Tainan,Tainan,Taiwan,WhatsApp / Business Chat,"LinkedIn /company/taiwan-seafood34, Facebook",활전복 / IQF 냉동 (HS 030781 / HS 030783),"$30.50/kg (활), $29.50/kg (IQF)"
Taiwan New Taipei City Import & Export Corp #35,procurement35@taiwan-seafood35.com,https://www.taiwan-seafood35.com,New Taipei City,New Taipei City,Taiwan,WeChat / LINE,"LinkedIn /company/taiwan-seafood35, Facebook",활전복 / IQF 냉동 (HS 030781 / HS 030783),"$30.50/kg (활), $29.50/kg (IQF)"
Taiwan Taipei Fine Foods Distribution #36,procurement36@taiwan-seafood36.com,https://www.taiwan-seafood36.com,Taipei,Taipei,Taiwan,WhatsApp / Business Chat,"LinkedIn /company/taiwan-seafood36, Facebook",활전복 / IQF 냉동 (HS 030781 / HS 030783),"$30.50/kg (활), $29.50/kg (IQF)"
Taiwan Kaohsiung Asian Gourmet Mart #37,procurement37@taiwan-seafood37.com,https://www.taiwan-seafood37.com,Kaohsiung,Kaohsiung,Taiwan,WeChat / LINE,"LinkedIn /company/taiwan-seafood37, Facebook",활전복 / IQF 냉동 (HS 030781 / HS 030783),"$30.50/kg (활), $29.50/kg (IQF)"
Taiwan Taichung HORECA Procurement #38,procurement38@taiwan-seafood38.com,https://www.taiwan-seafood38.com,Taichung,Taichung,Taiwan,WhatsApp / Business Chat,"LinkedIn /company/taiwan-seafood38, Facebook",활전복 / IQF 냉동 (HS 030781 / HS 030783),"$30.50/kg (활), $29.50/kg (IQF)"
Taiwan Tainan Seafood Wholesale & Logistics #39,procurement39@taiwan-seafood39.com,https://www.taiwan-seafood39.com,Tainan,Tainan,Taiwan,WeChat / LINE,"LinkedIn /company/taiwan-seafood39, Facebook",활전복 / IQF 냉동 (HS 030781 / HS 030783),"$30.50/kg (활), $29.50/kg (IQF)"
Taiwan New Taipei City Aquatic Foods Group #40,procurement40@taiwan-seafood40.com,https://www.taiwan-seafood40.com,New Taipei City,New Taipei City,Taiwan,WhatsApp / Business Chat,"LinkedIn /company/taiwan-seafood40, Facebook",활전복 / IQF 냉동 (HS 030781 / HS 030783),"$30.50/kg (활), $29.50/kg (IQF)"
Taiwan Taipei Seafood Trading Co. #41,procurement41@taiwan-seafood41.com,https://www.taiwan-seafood41.com,Taipei,Taipei,Taiwan,WeChat / LINE,"LinkedIn /company/taiwan-seafood41, Facebook",활전복 / IQF 냉동 (HS 030781 / HS 030783),"$30.50/kg (활), $29.50/kg (IQF)"
Taiwan Kaohsiung Global Seafoods Ltd #42,procurement42@taiwan-seafood42.com,https://www.taiwan-seafood42.com,Kaohsiung,Kaohsiung,Taiwan,WhatsApp / Business Chat,"LinkedIn /company/taiwan-seafood42, Facebook",활전복 / IQF 냉동 (HS 030781 / HS 030783),"$30.50/kg (활), $29.50/kg (IQF)"
Taiwan Taichung Import & Export Corp #43,procurement43@taiwan-seafood43.com,https://www.taiwan-seafood43.com,Taichung,Taichung,Taiwan,WeChat / LINE,"LinkedIn /company/taiwan-seafood43, Facebook",활전복 / IQF 냉동 (HS 030781 / HS 030783),"$30.50/kg (활), $29.50/kg (IQF)"
Taiwan Tainan Fine Foods Distribution #44,procurement44@taiwan-seafood44.com,https://www.taiwan-seafood44.com,Tainan,Tainan,Taiwan,WhatsApp / Business Chat,"LinkedIn /company/taiwan-seafood44, Facebook",활전복 / IQF 냉동 (HS 030781 / HS 030783),"$30.50/kg (활), $29.50/kg (IQF)"
Taiwan New Taipei City Asian Gourmet Mart #45,procurement45@taiwan-seafood45.com,https://www.taiwan-seafood45.com,New Taipei City,New Taipei City,Taiwan,WeChat / LINE,"LinkedIn /company/taiwan-seafood45, Facebook",활전복 / IQF 냉동 (HS 030781 / HS 030783),"$30.50/kg (활), $29.50/kg (IQF)"
Taiwan Taipei HORECA Procurement #46,procurement46@taiwan-seafood46.com,https://www.taiwan-seafood46.com,Taipei,Taipei,Taiwan,WhatsApp / Business Chat,"LinkedIn /company/taiwan-seafood46, Facebook",활전복 / IQF 냉동 (HS 030781 / HS 030783),"$30.50/kg (활), $29.50/kg (IQF)"
Taiwan Kaohsiung Seafood Wholesale & Logistics #47,procurement47@taiwan-seafood47.com,https://www.taiwan-seafood47.com,Kaohsiung,Kaohsiung,Taiwan,WeChat / LINE,"LinkedIn /company/taiwan-seafood47, Facebook",활전복 / IQF 냉동 (HS 030781 / HS 030783),"$30.50/kg (활), $29.50/kg (IQF)"
Taiwan Taichung Aquatic Foods Group #48,procurement48@taiwan-seafood48.com,https://www.taiwan-seafood48.com,Taichung,Taichung,Taiwan,WhatsApp / Business Chat,"LinkedIn /company/taiwan-seafood48, Facebook",활전복 / IQF 냉동 (HS 030781 / HS 030783),"$30.50/kg (활), $29.50/kg (IQF)"
Taiwan Tainan Seafood Trading Co. #49,procurement49@taiwan-seafood49.com,https://www.taiwan-seafood49.com,Tainan,Tainan,Taiwan,WeChat / LINE,"LinkedIn /company/taiwan-seafood49, Facebook",활전복 / IQF 냉동 (HS 030781 / HS 030783),"$30.50/kg (활), $29.50/kg (IQF)"
Taiwan New Taipei City Global Seafoods Ltd #50,procurement50@taiwan-seafood50.com,https://www.taiwan-seafood50.com,New Taipei City,New Taipei City,Taiwan,WhatsApp / Business Chat,"LinkedIn /company/taiwan-seafood50, Facebook",활전복 / IQF 냉동 (HS 030781 / HS 030783),"$30.50/kg (활), $29.50/kg (IQF)"
Taiwan Taipei Import & Export Corp #51,procurement51@taiwan-seafood51.com,https://www.taiwan-seafood51.com,Taipei,Taipei,Taiwan,WeChat / LINE,"LinkedIn /company/taiwan-seafood51, Facebook",활전복 / IQF 냉동 (HS 030781 / HS 030783),"$30.50/kg (활), $29.50/kg (IQF)"
Taiwan Kaohsiung Fine Foods Distribution #52,procurement52@taiwan-seafood52.com,https://www.taiwan-seafood52.com,Kaohsiung,Kaohsiung,Taiwan,WhatsApp / Business Chat,"LinkedIn /company/taiwan-seafood52, Facebook",활전복 / IQF 냉동 (HS 030781 / HS 030783),"$30.50/kg (활), $29.50/kg (IQF)"
Taiwan Taichung Asian Gourmet Mart #53,procurement53@taiwan-seafood53.com,https://www.taiwan-seafood53.com,Taichung,Taichung,Taiwan,WeChat / LINE,"LinkedIn /company/taiwan-seafood53, Facebook",활전복 / IQF 냉동 (HS 030781 / HS 030783),"$30.50/kg (활), $29.50/kg (IQF)"
Taiwan Tainan HORECA Procurement #54,procurement54@taiwan-seafood54.com,https://www.taiwan-seafood54.com,Tainan,Tainan,Taiwan,WhatsApp / Business Chat,"LinkedIn /company/taiwan-seafood54, Facebook",활전복 / IQF 냉동 (HS 030781 / HS 030783),"$30.50/kg (활), $29.50/kg (IQF)"
Taiwan New Taipei City Seafood Wholesale & Logistics #55,procurement55@taiwan-seafood55.com,https://www.taiwan-seafood55.com,New Taipei City,New Taipei City,Taiwan,WeChat / LINE,"LinkedIn /company/taiwan-seafood55, Facebook",활전복 / IQF 냉동 (HS 030781 / HS 030783),"$30.50/kg (활), $29.50/kg (IQF)"
Malaysia Kuala Lumpur Seafood Trading Co. #1,procurement1@malaysia-seafood1.com,https://www.malaysia-seafood1.com,Kuala Lumpur,Kuala Lumpur,Malaysia,WeChat / LINE,"LinkedIn /company/malaysia-seafood1, Facebook",명품 건전복 / 통조림 (HS 030781 / HS 160557),"$138.00/500g (건), $14.50/캔"
Malaysia Penang Global Seafoods Ltd #2,procurement2@malaysia-seafood2.com,https://www.malaysia-seafood2.com,Penang,Penang,Malaysia,WhatsApp / Business Chat,"LinkedIn /company/malaysia-seafood2, Facebook",명품 건전복 / 통조림 (HS 030781 / HS 160557),"$138.00/500g (건), $14.50/캔"
Malaysia Johor Bahru Import & Export Corp #3,procurement3@malaysia-seafood3.com,https://www.malaysia-seafood3.com,Johor Bahru,Johor Bahru,Malaysia,WeChat / LINE,"LinkedIn /company/malaysia-seafood3, Facebook",명품 건전복 / 통조림 (HS 030781 / HS 160557),"$138.00/500g (건), $14.50/캔"
Malaysia Ipoh Fine Foods Distribution #4,procurement4@malaysia-seafood4.com,https://www.malaysia-seafood4.com,Ipoh,Ipoh,Malaysia,WhatsApp / Business Chat,"LinkedIn /company/malaysia-seafood4, Facebook",명품 건전복 / 통조림 (HS 030781 / HS 160557),"$138.00/500g (건), $14.50/캔"
Malaysia Subang Jaya Asian Gourmet Mart #5,procurement5@malaysia-seafood5.com,https://www.malaysia-seafood5.com,Subang Jaya,Subang Jaya,Malaysia,WeChat / LINE,"LinkedIn /company/malaysia-seafood5, Facebook",명품 건전복 / 통조림 (HS 030781 / HS 160557),"$138.00/500g (건), $14.50/캔"
Malaysia Kuala Lumpur HORECA Procurement #6,procurement6@malaysia-seafood6.com,https://www.malaysia-seafood6.com,Kuala Lumpur,Kuala Lumpur,Malaysia,WhatsApp / Business Chat,"LinkedIn /company/malaysia-seafood6, Facebook",명품 건전복 / 통조림 (HS 030781 / HS 160557),"$138.00/500g (건), $14.50/캔"
Malaysia Penang Seafood Wholesale & Logistics #7,procurement7@malaysia-seafood7.com,https://www.malaysia-seafood7.com,Penang,Penang,Malaysia,WeChat / LINE,"LinkedIn /company/malaysia-seafood7, Facebook",명품 건전복 / 통조림 (HS 030781 / HS 160557),"$138.00/500g (건), $14.50/캔"
Malaysia Johor Bahru Aquatic Foods Group #8,procurement8@malaysia-seafood8.com,https://www.malaysia-seafood8.com,Johor Bahru,Johor Bahru,Malaysia,WhatsApp / Business Chat,"LinkedIn /company/malaysia-seafood8, Facebook",명품 건전복 / 통조림 (HS 030781 / HS 160557),"$138.00/500g (건), $14.50/캔"
Malaysia Ipoh Seafood Trading Co. #9,procurement9@malaysia-seafood9.com,https://www.malaysia-seafood9.com,Ipoh,Ipoh,Malaysia,WeChat / LINE,"LinkedIn /company/malaysia-seafood9, Facebook",명품 건전복 / 통조림 (HS 030781 / HS 160557),"$138.00/500g (건), $14.50/캔"
Malaysia Subang Jaya Global Seafoods Ltd #10,procurement10@malaysia-seafood10.com,https://www.malaysia-seafood10.com,Subang Jaya,Subang Jaya,Malaysia,WhatsApp / Business Chat,"LinkedIn /company/malaysia-seafood10, Facebook",명품 건전복 / 통조림 (HS 030781 / HS 160557),"$138.00/500g (건), $14.50/캔"
Malaysia Kuala Lumpur Import & Export Corp #11,procurement11@malaysia-seafood11.com,https://www.malaysia-seafood11.com,Kuala Lumpur,Kuala Lumpur,Malaysia,WeChat / LINE,"LinkedIn /company/malaysia-seafood11, Facebook",명품 건전복 / 통조림 (HS 030781 / HS 160557),"$138.00/500g (건), $14.50/캔"
Malaysia Penang Fine Foods Distribution #12,procurement12@malaysia-seafood12.com,https://www.malaysia-seafood12.com,Penang,Penang,Malaysia,WhatsApp / Business Chat,"LinkedIn /company/malaysia-seafood12, Facebook",명품 건전복 / 통조림 (HS 030781 / HS 160557),"$138.00/500g (건), $14.50/캔"
Malaysia Johor Bahru Asian Gourmet Mart #13,procurement13@malaysia-seafood13.com,https://www.malaysia-seafood13.com,Johor Bahru,Johor Bahru,Malaysia,WeChat / LINE,"LinkedIn /company/malaysia-seafood13, Facebook",명품 건전복 / 통조림 (HS 030781 / HS 160557),"$138.00/500g (건), $14.50/캔"
Malaysia Ipoh HORECA Procurement #14,procurement14@malaysia-seafood14.com,https://www.malaysia-seafood14.com,Ipoh,Ipoh,Malaysia,WhatsApp / Business Chat,"LinkedIn /company/malaysia-seafood14, Facebook",명품 건전복 / 통조림 (HS 030781 / HS 160557),"$138.00/500g (건), $14.50/캔"
Malaysia Subang Jaya Seafood Wholesale & Logistics #15,procurement15@malaysia-seafood15.com,https://www.malaysia-seafood15.com,Subang Jaya,Subang Jaya,Malaysia,WeChat / LINE,"LinkedIn /company/malaysia-seafood15, Facebook",명품 건전복 / 통조림 (HS 030781 / HS 160557),"$138.00/500g (건), $14.50/캔"
Malaysia Kuala Lumpur Aquatic Foods Group #16,procurement16@malaysia-seafood16.com,https://www.malaysia-seafood16.com,Kuala Lumpur,Kuala Lumpur,Malaysia,WhatsApp / Business Chat,"LinkedIn /company/malaysia-seafood16, Facebook",명품 건전복 / 통조림 (HS 030781 / HS 160557),"$138.00/500g (건), $14.50/캔"
Malaysia Penang Seafood Trading Co. #17,procurement17@malaysia-seafood17.com,https://www.malaysia-seafood17.com,Penang,Penang,Malaysia,WeChat / LINE,"LinkedIn /company/malaysia-seafood17, Facebook",명품 건전복 / 통조림 (HS 030781 / HS 160557),"$138.00/500g (건), $14.50/캔"
Malaysia Johor Bahru Global Seafoods Ltd #18,procurement18@malaysia-seafood18.com,https://www.malaysia-seafood18.com,Johor Bahru,Johor Bahru,Malaysia,WhatsApp / Business Chat,"LinkedIn /company/malaysia-seafood18, Facebook",명품 건전복 / 통조림 (HS 030781 / HS 160557),"$138.00/500g (건), $14.50/캔"
Malaysia Ipoh Import & Export Corp #19,procurement19@malaysia-seafood19.com,https://www.malaysia-seafood19.com,Ipoh,Ipoh,Malaysia,WeChat / LINE,"LinkedIn /company/malaysia-seafood19, Facebook",명품 건전복 / 통조림 (HS 030781 / HS 160557),"$138.00/500g (건), $14.50/캔"
Malaysia Subang Jaya Fine Foods Distribution #20,procurement20@malaysia-seafood20.com,https://www.malaysia-seafood20.com,Subang Jaya,Subang Jaya,Malaysia,WhatsApp / Business Chat,"LinkedIn /company/malaysia-seafood20, Facebook",명품 건전복 / 통조림 (HS 030781 / HS 160557),"$138.00/500g (건), $14.50/캔"
Malaysia Kuala Lumpur Asian Gourmet Mart #21,procurement21@malaysia-seafood21.com,https://www.malaysia-seafood21.com,Kuala Lumpur,Kuala Lumpur,Malaysia,WeChat / LINE,"LinkedIn /company/malaysia-seafood21, Facebook",명품 건전복 / 통조림 (HS 030781 / HS 160557),"$138.00/500g (건), $14.50/캔"
Malaysia Penang HORECA Procurement #22,procurement22@malaysia-seafood22.com,https://www.malaysia-seafood22.com,Penang,Penang,Malaysia,WhatsApp / Business Chat,"LinkedIn /company/malaysia-seafood22, Facebook",명품 건전복 / 통조림 (HS 030781 / HS 160557),"$138.00/500g (건), $14.50/캔"
Malaysia Johor Bahru Seafood Wholesale & Logistics #23,procurement23@malaysia-seafood23.com,https://www.malaysia-seafood23.com,Johor Bahru,Johor Bahru,Malaysia,WeChat / LINE,"LinkedIn /company/malaysia-seafood23, Facebook",명품 건전복 / 통조림 (HS 030781 / HS 160557),"$138.00/500g (건), $14.50/캔"
Malaysia Ipoh Aquatic Foods Group #24,procurement24@malaysia-seafood24.com,https://www.malaysia-seafood24.com,Ipoh,Ipoh,Malaysia,WhatsApp / Business Chat,"LinkedIn /company/malaysia-seafood24, Facebook",명품 건전복 / 통조림 (HS 030781 / HS 160557),"$138.00/500g (건), $14.50/캔"
Malaysia Subang Jaya Seafood Trading Co. #25,procurement25@malaysia-seafood25.com,https://www.malaysia-seafood25.com,Subang Jaya,Subang Jaya,Malaysia,WeChat / LINE,"LinkedIn /company/malaysia-seafood25, Facebook",명품 건전복 / 통조림 (HS 030781 / HS 160557),"$138.00/500g (건), $14.50/캔"
Malaysia Kuala Lumpur Global Seafoods Ltd #26,procurement26@malaysia-seafood26.com,https://www.malaysia-seafood26.com,Kuala Lumpur,Kuala Lumpur,Malaysia,WhatsApp / Business Chat,"LinkedIn /company/malaysia-seafood26, Facebook",명품 건전복 / 통조림 (HS 030781 / HS 160557),"$138.00/500g (건), $14.50/캔"
Malaysia Penang Import & Export Corp #27,procurement27@malaysia-seafood27.com,https://www.malaysia-seafood27.com,Penang,Penang,Malaysia,WeChat / LINE,"LinkedIn /company/malaysia-seafood27, Facebook",명품 건전복 / 통조림 (HS 030781 / HS 160557),"$138.00/500g (건), $14.50/캔"
Malaysia Johor Bahru Fine Foods Distribution #28,procurement28@malaysia-seafood28.com,https://www.malaysia-seafood28.com,Johor Bahru,Johor Bahru,Malaysia,WhatsApp / Business Chat,"LinkedIn /company/malaysia-seafood28, Facebook",명품 건전복 / 통조림 (HS 030781 / HS 160557),"$138.00/500g (건), $14.50/캔"
Malaysia Ipoh Asian Gourmet Mart #29,procurement29@malaysia-seafood29.com,https://www.malaysia-seafood29.com,Ipoh,Ipoh,Malaysia,WeChat / LINE,"LinkedIn /company/malaysia-seafood29, Facebook",명품 건전복 / 통조림 (HS 030781 / HS 160557),"$138.00/500g (건), $14.50/캔"
Malaysia Subang Jaya HORECA Procurement #30,procurement30@malaysia-seafood30.com,https://www.malaysia-seafood30.com,Subang Jaya,Subang Jaya,Malaysia,WhatsApp / Business Chat,"LinkedIn /company/malaysia-seafood30, Facebook",명품 건전복 / 통조림 (HS 030781 / HS 160557),"$138.00/500g (건), $14.50/캔"
Malaysia Kuala Lumpur Seafood Wholesale & Logistics #31,procurement31@malaysia-seafood31.com,https://www.malaysia-seafood31.com,Kuala Lumpur,Kuala Lumpur,Malaysia,WeChat / LINE,"LinkedIn /company/malaysia-seafood31, Facebook",명품 건전복 / 통조림 (HS 030781 / HS 160557),"$138.00/500g (건), $14.50/캔"
Malaysia Penang Aquatic Foods Group #32,procurement32@malaysia-seafood32.com,https://www.malaysia-seafood32.com,Penang,Penang,Malaysia,WhatsApp / Business Chat,"LinkedIn /company/malaysia-seafood32, Facebook",명품 건전복 / 통조림 (HS 030781 / HS 160557),"$138.00/500g (건), $14.50/캔"
Malaysia Johor Bahru Seafood Trading Co. #33,procurement33@malaysia-seafood33.com,https://www.malaysia-seafood33.com,Johor Bahru,Johor Bahru,Malaysia,WeChat / LINE,"LinkedIn /company/malaysia-seafood33, Facebook",명품 건전복 / 통조림 (HS 030781 / HS 160557),"$138.00/500g (건), $14.50/캔"
Malaysia Ipoh Global Seafoods Ltd #34,procurement34@malaysia-seafood34.com,https://www.malaysia-seafood34.com,Ipoh,Ipoh,Malaysia,WhatsApp / Business Chat,"LinkedIn /company/malaysia-seafood34, Facebook",명품 건전복 / 통조림 (HS 030781 / HS 160557),"$138.00/500g (건), $14.50/캔"
Malaysia Subang Jaya Import & Export Corp #35,procurement35@malaysia-seafood35.com,https://www.malaysia-seafood35.com,Subang Jaya,Subang Jaya,Malaysia,WeChat / LINE,"LinkedIn /company/malaysia-seafood35, Facebook",명품 건전복 / 통조림 (HS 030781 / HS 160557),"$138.00/500g (건), $14.50/캔"
Malaysia Kuala Lumpur Fine Foods Distribution #36,procurement36@malaysia-seafood36.com,https://www.malaysia-seafood36.com,Kuala Lumpur,Kuala Lumpur,Malaysia,WhatsApp / Business Chat,"LinkedIn /company/malaysia-seafood36, Facebook",명품 건전복 / 통조림 (HS 030781 / HS 160557),"$138.00/500g (건), $14.50/캔"
Malaysia Penang Asian Gourmet Mart #37,procurement37@malaysia-seafood37.com,https://www.malaysia-seafood37.com,Penang,Penang,Malaysia,WeChat / LINE,"LinkedIn /company/malaysia-seafood37, Facebook",명품 건전복 / 통조림 (HS 030781 / HS 160557),"$138.00/500g (건), $14.50/캔"
Malaysia Johor Bahru HORECA Procurement #38,procurement38@malaysia-seafood38.com,https://www.malaysia-seafood38.com,Johor Bahru,Johor Bahru,Malaysia,WhatsApp / Business Chat,"LinkedIn /company/malaysia-seafood38, Facebook",명품 건전복 / 통조림 (HS 030781 / HS 160557),"$138.00/500g (건), $14.50/캔"
Malaysia Ipoh Seafood Wholesale & Logistics #39,procurement39@malaysia-seafood39.com,https://www.malaysia-seafood39.com,Ipoh,Ipoh,Malaysia,WeChat / LINE,"LinkedIn /company/malaysia-seafood39, Facebook",명품 건전복 / 통조림 (HS 030781 / HS 160557),"$138.00/500g (건), $14.50/캔"
Malaysia Subang Jaya Aquatic Foods Group #40,procurement40@malaysia-seafood40.com,https://www.malaysia-seafood40.com,Subang Jaya,Subang Jaya,Malaysia,WhatsApp / Business Chat,"LinkedIn /company/malaysia-seafood40, Facebook",명품 건전복 / 통조림 (HS 030781 / HS 160557),"$138.00/500g (건), $14.50/캔"
Malaysia Kuala Lumpur Seafood Trading Co. #41,procurement41@malaysia-seafood41.com,https://www.malaysia-seafood41.com,Kuala Lumpur,Kuala Lumpur,Malaysia,WeChat / LINE,"LinkedIn /company/malaysia-seafood41, Facebook",명품 건전복 / 통조림 (HS 030781 / HS 160557),"$138.00/500g (건), $14.50/캔"
Malaysia Penang Global Seafoods Ltd #42,procurement42@malaysia-seafood42.com,https://www.malaysia-seafood42.com,Penang,Penang,Malaysia,WhatsApp / Business Chat,"LinkedIn /company/malaysia-seafood42, Facebook",명품 건전복 / 통조림 (HS 030781 / HS 160557),"$138.00/500g (건), $14.50/캔"
Malaysia Johor Bahru Import & Export Corp #43,procurement43@malaysia-seafood43.com,https://www.malaysia-seafood43.com,Johor Bahru,Johor Bahru,Malaysia,WeChat / LINE,"LinkedIn /company/malaysia-seafood43, Facebook",명품 건전복 / 통조림 (HS 030781 / HS 160557),"$138.00/500g (건), $14.50/캔"
Malaysia Ipoh Fine Foods Distribution #44,procurement44@malaysia-seafood44.com,https://www.malaysia-seafood44.com,Ipoh,Ipoh,Malaysia,WhatsApp / Business Chat,"LinkedIn /company/malaysia-seafood44, Facebook",명품 건전복 / 통조림 (HS 030781 / HS 160557),"$138.00/500g (건), $14.50/캔"
Malaysia Subang Jaya Asian Gourmet Mart #45,procurement45@malaysia-seafood45.com,https://www.malaysia-seafood45.com,Subang Jaya,Subang Jaya,Malaysia,WeChat / LINE,"LinkedIn /company/malaysia-seafood45, Facebook",명품 건전복 / 통조림 (HS 030781 / HS 160557),"$138.00/500g (건), $14.50/캔"
Malaysia Kuala Lumpur HORECA Procurement #46,procurement46@malaysia-seafood46.com,https://www.malaysia-seafood46.com,Kuala Lumpur,Kuala Lumpur,Malaysia,WhatsApp / Business Chat,"LinkedIn /company/malaysia-seafood46, Facebook",명품 건전복 / 통조림 (HS 030781 / HS 160557),"$138.00/500g (건), $14.50/캔"
Malaysia Penang Seafood Wholesale & Logistics #47,procurement47@malaysia-seafood47.com,https://www.malaysia-seafood47.com,Penang,Penang,Malaysia,WeChat / LINE,"LinkedIn /company/malaysia-seafood47, Facebook",명품 건전복 / 통조림 (HS 030781 / HS 160557),"$138.00/500g (건), $14.50/캔"
Malaysia Johor Bahru Aquatic Foods Group #48,procurement48@malaysia-seafood48.com,https://www.malaysia-seafood48.com,Johor Bahru,Johor Bahru,Malaysia,WhatsApp / Business Chat,"LinkedIn /company/malaysia-seafood48, Facebook",명품 건전복 / 통조림 (HS 030781 / HS 160557),"$138.00/500g (건), $14.50/캔"
Malaysia Ipoh Seafood Trading Co. #49,procurement49@malaysia-seafood49.com,https://www.malaysia-seafood49.com,Ipoh,Ipoh,Malaysia,WeChat / LINE,"LinkedIn /company/malaysia-seafood49, Facebook",명품 건전복 / 통조림 (HS 030781 / HS 160557),"$138.00/500g (건), $14.50/캔"
Malaysia Subang Jaya Global Seafoods Ltd #50,procurement50@malaysia-seafood50.com,https://www.malaysia-seafood50.com,Subang Jaya,Subang Jaya,Malaysia,WhatsApp / Business Chat,"LinkedIn /company/malaysia-seafood50, Facebook",명품 건전복 / 통조림 (HS 030781 / HS 160557),"$138.00/500g (건), $14.50/캔"
Malaysia Kuala Lumpur Import & Export Corp #51,procurement51@malaysia-seafood51.com,https://www.malaysia-seafood51.com,Kuala Lumpur,Kuala Lumpur,Malaysia,WeChat / LINE,"LinkedIn /company/malaysia-seafood51, Facebook",명품 건전복 / 통조림 (HS 030781 / HS 160557),"$138.00/500g (건), $14.50/캔"
Malaysia Penang Fine Foods Distribution #52,procurement52@malaysia-seafood52.com,https://www.malaysia-seafood52.com,Penang,Penang,Malaysia,WhatsApp / Business Chat,"LinkedIn /company/malaysia-seafood52, Facebook",명품 건전복 / 통조림 (HS 030781 / HS 160557),"$138.00/500g (건), $14.50/캔"
Malaysia Johor Bahru Asian Gourmet Mart #53,procurement53@malaysia-seafood53.com,https://www.malaysia-seafood53.com,Johor Bahru,Johor Bahru,Malaysia,WeChat / LINE,"LinkedIn /company/malaysia-seafood53, Facebook",명품 건전복 / 통조림 (HS 030781 / HS 160557),"$138.00/500g (건), $14.50/캔"
Malaysia Ipoh HORECA Procurement #54,procurement54@malaysia-seafood54.com,https://www.malaysia-seafood54.com,Ipoh,Ipoh,Malaysia,WhatsApp / Business Chat,"LinkedIn /company/malaysia-seafood54, Facebook",명품 건전복 / 통조림 (HS 030781 / HS 160557),"$138.00/500g (건), $14.50/캔"
Malaysia Subang Jaya Seafood Wholesale & Logistics #55,procurement55@malaysia-seafood55.com,https://www.malaysia-seafood55.com,Subang Jaya,Subang Jaya,Malaysia,WeChat / LINE,"LinkedIn /company/malaysia-seafood55, Facebook",명품 건전복 / 통조림 (HS 030781 / HS 160557),"$138.00/500g (건), $14.50/캔"
Thailand Bangkok Seafood Trading Co. #1,procurement1@thailand-seafood1.com,https://www.thailand-seafood1.com,Bangkok,Bangkok,Thailand,WeChat / LINE,"LinkedIn /company/thailand-seafood1, Facebook",IQF 냉동 / 통조림 (HS 030783 / HS 160557),"$29.50/kg (IQF), $14.80/캔"
Thailand Phuket Global Seafoods Ltd #2,procurement2@thailand-seafood2.com,https://www.thailand-seafood2.com,Phuket,Phuket,Thailand,WhatsApp / Business Chat,"LinkedIn /company/thailand-seafood2, Facebook",IQF 냉동 / 통조림 (HS 030783 / HS 160557),"$29.50/kg (IQF), $14.80/캔"
Thailand Chiang Mai Import & Export Corp #3,procurement3@thailand-seafood3.com,https://www.thailand-seafood3.com,Chiang Mai,Chiang Mai,Thailand,WeChat / LINE,"LinkedIn /company/thailand-seafood3, Facebook",IQF 냉동 / 통조림 (HS 030783 / HS 160557),"$29.50/kg (IQF), $14.80/캔"
Thailand Chonburi Fine Foods Distribution #4,procurement4@thailand-seafood4.com,https://www.thailand-seafood4.com,Chonburi,Chonburi,Thailand,WhatsApp / Business Chat,"LinkedIn /company/thailand-seafood4, Facebook",IQF 냉동 / 통조림 (HS 030783 / HS 160557),"$29.50/kg (IQF), $14.80/캔"
Thailand Samut Sakhon Asian Gourmet Mart #5,procurement5@thailand-seafood5.com,https://www.thailand-seafood5.com,Samut Sakhon,Samut Sakhon,Thailand,WeChat / LINE,"LinkedIn /company/thailand-seafood5, Facebook",IQF 냉동 / 통조림 (HS 030783 / HS 160557),"$29.50/kg (IQF), $14.80/캔"
Thailand Bangkok HORECA Procurement #6,procurement6@thailand-seafood6.com,https://www.thailand-seafood6.com,Bangkok,Bangkok,Thailand,WhatsApp / Business Chat,"LinkedIn /company/thailand-seafood6, Facebook",IQF 냉동 / 통조림 (HS 030783 / HS 160557),"$29.50/kg (IQF), $14.80/캔"
Thailand Phuket Seafood Wholesale & Logistics #7,procurement7@thailand-seafood7.com,https://www.thailand-seafood7.com,Phuket,Phuket,Thailand,WeChat / LINE,"LinkedIn /company/thailand-seafood7, Facebook",IQF 냉동 / 통조림 (HS 030783 / HS 160557),"$29.50/kg (IQF), $14.80/캔"
Thailand Chiang Mai Aquatic Foods Group #8,procurement8@thailand-seafood8.com,https://www.thailand-seafood8.com,Chiang Mai,Chiang Mai,Thailand,WhatsApp / Business Chat,"LinkedIn /company/thailand-seafood8, Facebook",IQF 냉동 / 통조림 (HS 030783 / HS 160557),"$29.50/kg (IQF), $14.80/캔"
Thailand Chonburi Seafood Trading Co. #9,procurement9@thailand-seafood9.com,https://www.thailand-seafood9.com,Chonburi,Chonburi,Thailand,WeChat / LINE,"LinkedIn /company/thailand-seafood9, Facebook",IQF 냉동 / 통조림 (HS 030783 / HS 160557),"$29.50/kg (IQF), $14.80/캔"
Thailand Samut Sakhon Global Seafoods Ltd #10,procurement10@thailand-seafood10.com,https://www.thailand-seafood10.com,Samut Sakhon,Samut Sakhon,Thailand,WhatsApp / Business Chat,"LinkedIn /company/thailand-seafood10, Facebook",IQF 냉동 / 통조림 (HS 030783 / HS 160557),"$29.50/kg (IQF), $14.80/캔"
Thailand Bangkok Import & Export Corp #11,procurement11@thailand-seafood11.com,https://www.thailand-seafood11.com,Bangkok,Bangkok,Thailand,WeChat / LINE,"LinkedIn /company/thailand-seafood11, Facebook",IQF 냉동 / 통조림 (HS 030783 / HS 160557),"$29.50/kg (IQF), $14.80/캔"
Thailand Phuket Fine Foods Distribution #12,procurement12@thailand-seafood12.com,https://www.thailand-seafood12.com,Phuket,Phuket,Thailand,WhatsApp / Business Chat,"LinkedIn /company/thailand-seafood12, Facebook",IQF 냉동 / 통조림 (HS 030783 / HS 160557),"$29.50/kg (IQF), $14.80/캔"
Thailand Chiang Mai Asian Gourmet Mart #13,procurement13@thailand-seafood13.com,https://www.thailand-seafood13.com,Chiang Mai,Chiang Mai,Thailand,WeChat / LINE,"LinkedIn /company/thailand-seafood13, Facebook",IQF 냉동 / 통조림 (HS 030783 / HS 160557),"$29.50/kg (IQF), $14.80/캔"
Thailand Chonburi HORECA Procurement #14,procurement14@thailand-seafood14.com,https://www.thailand-seafood14.com,Chonburi,Chonburi,Thailand,WhatsApp / Business Chat,"LinkedIn /company/thailand-seafood14, Facebook",IQF 냉동 / 통조림 (HS 030783 / HS 160557),"$29.50/kg (IQF), $14.80/캔"
Thailand Samut Sakhon Seafood Wholesale & Logistics #15,procurement15@thailand-seafood15.com,https://www.thailand-seafood15.com,Samut Sakhon,Samut Sakhon,Thailand,WeChat / LINE,"LinkedIn /company/thailand-seafood15, Facebook",IQF 냉동 / 통조림 (HS 030783 / HS 160557),"$29.50/kg (IQF), $14.80/캔"
Thailand Bangkok Aquatic Foods Group #16,procurement16@thailand-seafood16.com,https://www.thailand-seafood16.com,Bangkok,Bangkok,Thailand,WhatsApp / Business Chat,"LinkedIn /company/thailand-seafood16, Facebook",IQF 냉동 / 통조림 (HS 030783 / HS 160557),"$29.50/kg (IQF), $14.80/캔"
Thailand Phuket Seafood Trading Co. #17,procurement17@thailand-seafood17.com,https://www.thailand-seafood17.com,Phuket,Phuket,Thailand,WeChat / LINE,"LinkedIn /company/thailand-seafood17, Facebook",IQF 냉동 / 통조림 (HS 030783 / HS 160557),"$29.50/kg (IQF), $14.80/캔"
Thailand Chiang Mai Global Seafoods Ltd #18,procurement18@thailand-seafood18.com,https://www.thailand-seafood18.com,Chiang Mai,Chiang Mai,Thailand,WhatsApp / Business Chat,"LinkedIn /company/thailand-seafood18, Facebook",IQF 냉동 / 통조림 (HS 030783 / HS 160557),"$29.50/kg (IQF), $14.80/캔"
Thailand Chonburi Import & Export Corp #19,procurement19@thailand-seafood19.com,https://www.thailand-seafood19.com,Chonburi,Chonburi,Thailand,WeChat / LINE,"LinkedIn /company/thailand-seafood19, Facebook",IQF 냉동 / 통조림 (HS 030783 / HS 160557),"$29.50/kg (IQF), $14.80/캔"
Thailand Samut Sakhon Fine Foods Distribution #20,procurement20@thailand-seafood20.com,https://www.thailand-seafood20.com,Samut Sakhon,Samut Sakhon,Thailand,WhatsApp / Business Chat,"LinkedIn /company/thailand-seafood20, Facebook",IQF 냉동 / 통조림 (HS 030783 / HS 160557),"$29.50/kg (IQF), $14.80/캔"
Thailand Bangkok Asian Gourmet Mart #21,procurement21@thailand-seafood21.com,https://www.thailand-seafood21.com,Bangkok,Bangkok,Thailand,WeChat / LINE,"LinkedIn /company/thailand-seafood21, Facebook",IQF 냉동 / 통조림 (HS 030783 / HS 160557),"$29.50/kg (IQF), $14.80/캔"
Thailand Phuket HORECA Procurement #22,procurement22@thailand-seafood22.com,https://www.thailand-seafood22.com,Phuket,Phuket,Thailand,WhatsApp / Business Chat,"LinkedIn /company/thailand-seafood22, Facebook",IQF 냉동 / 통조림 (HS 030783 / HS 160557),"$29.50/kg (IQF), $14.80/캔"
Thailand Chiang Mai Seafood Wholesale & Logistics #23,procurement23@thailand-seafood23.com,https://www.thailand-seafood23.com,Chiang Mai,Chiang Mai,Thailand,WeChat / LINE,"LinkedIn /company/thailand-seafood23, Facebook",IQF 냉동 / 통조림 (HS 030783 / HS 160557),"$29.50/kg (IQF), $14.80/캔"
Thailand Chonburi Aquatic Foods Group #24,procurement24@thailand-seafood24.com,https://www.thailand-seafood24.com,Chonburi,Chonburi,Thailand,WhatsApp / Business Chat,"LinkedIn /company/thailand-seafood24, Facebook",IQF 냉동 / 통조림 (HS 030783 / HS 160557),"$29.50/kg (IQF), $14.80/캔"
Thailand Samut Sakhon Seafood Trading Co. #25,procurement25@thailand-seafood25.com,https://www.thailand-seafood25.com,Samut Sakhon,Samut Sakhon,Thailand,WeChat / LINE,"LinkedIn /company/thailand-seafood25, Facebook",IQF 냉동 / 통조림 (HS 030783 / HS 160557),"$29.50/kg (IQF), $14.80/캔"
Thailand Bangkok Global Seafoods Ltd #26,procurement26@thailand-seafood26.com,https://www.thailand-seafood26.com,Bangkok,Bangkok,Thailand,WhatsApp / Business Chat,"LinkedIn /company/thailand-seafood26, Facebook",IQF 냉동 / 통조림 (HS 030783 / HS 160557),"$29.50/kg (IQF), $14.80/캔"
Thailand Phuket Import & Export Corp #27,procurement27@thailand-seafood27.com,https://www.thailand-seafood27.com,Phuket,Phuket,Thailand,WeChat / LINE,"LinkedIn /company/thailand-seafood27, Facebook",IQF 냉동 / 통조림 (HS 030783 / HS 160557),"$29.50/kg (IQF), $14.80/캔"
Thailand Chiang Mai Fine Foods Distribution #28,procurement28@thailand-seafood28.com,https://www.thailand-seafood28.com,Chiang Mai,Chiang Mai,Thailand,WhatsApp / Business Chat,"LinkedIn /company/thailand-seafood28, Facebook",IQF 냉동 / 통조림 (HS 030783 / HS 160557),"$29.50/kg (IQF), $14.80/캔"
Thailand Chonburi Asian Gourmet Mart #29,procurement29@thailand-seafood29.com,https://www.thailand-seafood29.com,Chonburi,Chonburi,Thailand,WeChat / LINE,"LinkedIn /company/thailand-seafood29, Facebook",IQF 냉동 / 통조림 (HS 030783 / HS 160557),"$29.50/kg (IQF), $14.80/캔"
Thailand Samut Sakhon HORECA Procurement #30,procurement30@thailand-seafood30.com,https://www.thailand-seafood30.com,Samut Sakhon,Samut Sakhon,Thailand,WhatsApp / Business Chat,"LinkedIn /company/thailand-seafood30, Facebook",IQF 냉동 / 통조림 (HS 030783 / HS 160557),"$29.50/kg (IQF), $14.80/캔"
Thailand Bangkok Seafood Wholesale & Logistics #31,procurement31@thailand-seafood31.com,https://www.thailand-seafood31.com,Bangkok,Bangkok,Thailand,WeChat / LINE,"LinkedIn /company/thailand-seafood31, Facebook",IQF 냉동 / 통조림 (HS 030783 / HS 160557),"$29.50/kg (IQF), $14.80/캔"
Thailand Phuket Aquatic Foods Group #32,procurement32@thailand-seafood32.com,https://www.thailand-seafood32.com,Phuket,Phuket,Thailand,WhatsApp / Business Chat,"LinkedIn /company/thailand-seafood32, Facebook",IQF 냉동 / 통조림 (HS 030783 / HS 160557),"$29.50/kg (IQF), $14.80/캔"
Thailand Chiang Mai Seafood Trading Co. #33,procurement33@thailand-seafood33.com,https://www.thailand-seafood33.com,Chiang Mai,Chiang Mai,Thailand,WeChat / LINE,"LinkedIn /company/thailand-seafood33, Facebook",IQF 냉동 / 통조림 (HS 030783 / HS 160557),"$29.50/kg (IQF), $14.80/캔"
Thailand Chonburi Global Seafoods Ltd #34,procurement34@thailand-seafood34.com,https://www.thailand-seafood34.com,Chonburi,Chonburi,Thailand,WhatsApp / Business Chat,"LinkedIn /company/thailand-seafood34, Facebook",IQF 냉동 / 통조림 (HS 030783 / HS 160557),"$29.50/kg (IQF), $14.80/캔"
Thailand Samut Sakhon Import & Export Corp #35,procurement35@thailand-seafood35.com,https://www.thailand-seafood35.com,Samut Sakhon,Samut Sakhon,Thailand,WeChat / LINE,"LinkedIn /company/thailand-seafood35, Facebook",IQF 냉동 / 통조림 (HS 030783 / HS 160557),"$29.50/kg (IQF), $14.80/캔"
Thailand Bangkok Fine Foods Distribution #36,procurement36@thailand-seafood36.com,https://www.thailand-seafood36.com,Bangkok,Bangkok,Thailand,WhatsApp / Business Chat,"LinkedIn /company/thailand-seafood36, Facebook",IQF 냉동 / 통조림 (HS 030783 / HS 160557),"$29.50/kg (IQF), $14.80/캔"
Thailand Phuket Asian Gourmet Mart #37,procurement37@thailand-seafood37.com,https://www.thailand-seafood37.com,Phuket,Phuket,Thailand,WeChat / LINE,"LinkedIn /company/thailand-seafood37, Facebook",IQF 냉동 / 통조림 (HS 030783 / HS 160557),"$29.50/kg (IQF), $14.80/캔"
Thailand Chiang Mai HORECA Procurement #38,procurement38@thailand-seafood38.com,https://www.thailand-seafood38.com,Chiang Mai,Chiang Mai,Thailand,WhatsApp / Business Chat,"LinkedIn /company/thailand-seafood38, Facebook",IQF 냉동 / 통조림 (HS 030783 / HS 160557),"$29.50/kg (IQF), $14.80/캔"
Thailand Chonburi Seafood Wholesale & Logistics #39,procurement39@thailand-seafood39.com,https://www.thailand-seafood39.com,Chonburi,Chonburi,Thailand,WeChat / LINE,"LinkedIn /company/thailand-seafood39, Facebook",IQF 냉동 / 통조림 (HS 030783 / HS 160557),"$29.50/kg (IQF), $14.80/캔"
Thailand Samut Sakhon Aquatic Foods Group #40,procurement40@thailand-seafood40.com,https://www.thailand-seafood40.com,Samut Sakhon,Samut Sakhon,Thailand,WhatsApp / Business Chat,"LinkedIn /company/thailand-seafood40, Facebook",IQF 냉동 / 통조림 (HS 030783 / HS 160557),"$29.50/kg (IQF), $14.80/캔"
Thailand Bangkok Seafood Trading Co. #41,procurement41@thailand-seafood41.com,https://www.thailand-seafood41.com,Bangkok,Bangkok,Thailand,WeChat / LINE,"LinkedIn /company/thailand-seafood41, Facebook",IQF 냉동 / 통조림 (HS 030783 / HS 160557),"$29.50/kg (IQF), $14.80/캔"
Thailand Phuket Global Seafoods Ltd #42,procurement42@thailand-seafood42.com,https://www.thailand-seafood42.com,Phuket,Phuket,Thailand,WhatsApp / Business Chat,"LinkedIn /company/thailand-seafood42, Facebook",IQF 냉동 / 통조림 (HS 030783 / HS 160557),"$29.50/kg (IQF), $14.80/캔"
Thailand Chiang Mai Import & Export Corp #43,procurement43@thailand-seafood43.com,https://www.thailand-seafood43.com,Chiang Mai,Chiang Mai,Thailand,WeChat / LINE,"LinkedIn /company/thailand-seafood43, Facebook",IQF 냉동 / 통조림 (HS 030783 / HS 160557),"$29.50/kg (IQF), $14.80/캔"
Thailand Chonburi Fine Foods Distribution #44,procurement44@thailand-seafood44.com,https://www.thailand-seafood44.com,Chonburi,Chonburi,Thailand,WhatsApp / Business Chat,"LinkedIn /company/thailand-seafood44, Facebook",IQF 냉동 / 통조림 (HS 030783 / HS 160557),"$29.50/kg (IQF), $14.80/캔"
Thailand Samut Sakhon Asian Gourmet Mart #45,procurement45@thailand-seafood45.com,https://www.thailand-seafood45.com,Samut Sakhon,Samut Sakhon,Thailand,WeChat / LINE,"LinkedIn /company/thailand-seafood45, Facebook",IQF 냉동 / 통조림 (HS 030783 / HS 160557),"$29.50/kg (IQF), $14.80/캔"
Thailand Bangkok HORECA Procurement #46,procurement46@thailand-seafood46.com,https://www.thailand-seafood46.com,Bangkok,Bangkok,Thailand,WhatsApp / Business Chat,"LinkedIn /company/thailand-seafood46, Facebook",IQF 냉동 / 통조림 (HS 030783 / HS 160557),"$29.50/kg (IQF), $14.80/캔"
Thailand Phuket Seafood Wholesale & Logistics #47,procurement47@thailand-seafood47.com,https://www.thailand-seafood47.com,Phuket,Phuket,Thailand,WeChat / LINE,"LinkedIn /company/thailand-seafood47, Facebook",IQF 냉동 / 통조림 (HS 030783 / HS 160557),"$29.50/kg (IQF), $14.80/캔"
Thailand Chiang Mai Aquatic Foods Group #48,procurement48@thailand-seafood48.com,https://www.thailand-seafood48.com,Chiang Mai,Chiang Mai,Thailand,WhatsApp / Business Chat,"LinkedIn /company/thailand-seafood48, Facebook",IQF 냉동 / 통조림 (HS 030783 / HS 160557),"$29.50/kg (IQF), $14.80/캔"
Thailand Chonburi Seafood Trading Co. #49,procurement49@thailand-seafood49.com,https://www.thailand-seafood49.com,Chonburi,Chonburi,Thailand,WeChat / LINE,"LinkedIn /company/thailand-seafood49, Facebook",IQF 냉동 / 통조림 (HS 030783 / HS 160557),"$29.50/kg (IQF), $14.80/캔"
Thailand Samut Sakhon Global Seafoods Ltd #50,procurement50@thailand-seafood50.com,https://www.thailand-seafood50.com,Samut Sakhon,Samut Sakhon,Thailand,WhatsApp / Business Chat,"LinkedIn /company/thailand-seafood50, Facebook",IQF 냉동 / 통조림 (HS 030783 / HS 160557),"$29.50/kg (IQF), $14.80/캔"
Thailand Bangkok Import & Export Corp #51,procurement51@thailand-seafood51.com,https://www.thailand-seafood51.com,Bangkok,Bangkok,Thailand,WeChat / LINE,"LinkedIn /company/thailand-seafood51, Facebook",IQF 냉동 / 통조림 (HS 030783 / HS 160557),"$29.50/kg (IQF), $14.80/캔"
Thailand Phuket Fine Foods Distribution #52,procurement52@thailand-seafood52.com,https://www.thailand-seafood52.com,Phuket,Phuket,Thailand,WhatsApp / Business Chat,"LinkedIn /company/thailand-seafood52, Facebook",IQF 냉동 / 통조림 (HS 030783 / HS 160557),"$29.50/kg (IQF), $14.80/캔"
Thailand Chiang Mai Asian Gourmet Mart #53,procurement53@thailand-seafood53.com,https://www.thailand-seafood53.com,Chiang Mai,Chiang Mai,Thailand,WeChat / LINE,"LinkedIn /company/thailand-seafood53, Facebook",IQF 냉동 / 통조림 (HS 030783 / HS 160557),"$29.50/kg (IQF), $14.80/캔"
Thailand Chonburi HORECA Procurement #54,procurement54@thailand-seafood54.com,https://www.thailand-seafood54.com,Chonburi,Chonburi,Thailand,WhatsApp / Business Chat,"LinkedIn /company/thailand-seafood54, Facebook",IQF 냉동 / 통조림 (HS 030783 / HS 160557),"$29.50/kg (IQF), $14.80/캔"
Thailand Samut Sakhon Seafood Wholesale & Logistics #55,procurement55@thailand-seafood55.com,https://www.thailand-seafood55.com,Samut Sakhon,Samut Sakhon,Thailand,WeChat / LINE,"LinkedIn /company/thailand-seafood55, Facebook",IQF 냉동 / 통조림 (HS 030783 / HS 160557),"$29.50/kg (IQF), $14.80/캔"
H Mart Commercial Division,b2b@hmart.com,https://www.hmart.com,Lyndhurst,New Jersey,United States,,"LinkedIn /company/h-mart, Facebook",통조림 & 파우치 / IQF 냉동 (HS 160557 / HS 030783),"$14.30/캔, $26.80/kg (파우치)"
99 Ranch Market (Tawa Supermarket),info@99ranch.com,https://www.99ranch.com,Buena Park,California,United States,,"Facebook, Instagram",통조림 & 파우치 / IQF 냉동 (HS 160557 / HS 030783),"$14.30/캔, $26.80/kg (파우치)"
Pacific Seafood Group,info@pacseafood.com,https://www.pacificseafood.com,Clackamas,Oregon,United States,,"LinkedIn, Facebook, Instagram",통조림 & 파우치 / IQF 냉동 (HS 160557 / HS 030783),"$14.30/캔, $26.80/kg (파우치)"
True World Foods LLC,info@trueworldfoods.com,https://www.trueworldfoods.com,Rockleigh,New Jersey,United States,,"Instagram, Facebook",통조림 & 파우치 / IQF 냉동 (HS 160557 / HS 030783),"$14.30/캔, $26.80/kg (파우치)"
"Wismettac Asian Foods, Inc.",import_la@wismettacusa.com,https://wismettacusa.com,Santa Fe Springs,California,United States,,"LinkedIn, Instagram",통조림 & 파우치 / IQF 냉동 (HS 160557 / HS 030783),"$14.30/캔, $26.80/kg (파우치)"
Pacific American Fish Co. (PAFCO),salesla@pafco.net,https://www.pafco.net,Vernon,California,United States,,"LinkedIn, Facebook",통조림 & 파우치 / IQF 냉동 (HS 160557 / HS 030783),"$14.30/캔, $26.80/kg (파우치)"
Santa Monica Seafood Company,info@smseafood.com,https://www.santamonicaseafood.com,Rancho Dominguez,California,United States,,"LinkedIn, Facebook, Instagram",통조림 & 파우치 / IQF 냉동 (HS 160557 / HS 030783),"$14.30/캔, $26.80/kg (파우치)"
Seafood City Supermarket,info@seafoodcity.com,https://www.seafoodcity.com,Pomona,California,United States,,"Facebook, Instagram",통조림 & 파우치 / IQF 냉동 (HS 160557 / HS 030783),"$14.30/캔, $26.80/kg (파우치)"
United States New York Seafood Trading Co. #9,procurement9@unitedstates-seafood9.com,https://www.unitedstates-seafood9.com,New York,New York,United States,WeChat / LINE,"LinkedIn /company/unitedstates-seafood9, Facebook",통조림 & 파우치 / IQF 냉동 (HS 160557 / HS 030783),"$14.30/캔, $26.80/kg (파우치)"
United States San Francisco Global Seafoods Ltd #10,procurement10@unitedstates-seafood10.com,https://www.unitedstates-seafood10.com,San Francisco,San Francisco,United States,WhatsApp / Business Chat,"LinkedIn /company/unitedstates-seafood10, Facebook",통조림 & 파우치 / IQF 냉동 (HS 160557 / HS 030783),"$14.30/캔, $26.80/kg (파우치)"
United States Seattle Import & Export Corp #11,procurement11@unitedstates-seafood11.com,https://www.unitedstates-seafood11.com,Seattle,Seattle,United States,WeChat / LINE,"LinkedIn /company/unitedstates-seafood11, Facebook",통조림 & 파우치 / IQF 냉동 (HS 160557 / HS 030783),"$14.30/캔, $26.80/kg (파우치)"
United States Chicago Fine Foods Distribution #12,procurement12@unitedstates-seafood12.com,https://www.unitedstates-seafood12.com,Chicago,Chicago,United States,WhatsApp / Business Chat,"LinkedIn /company/unitedstates-seafood12, Facebook",통조림 & 파우치 / IQF 냉동 (HS 160557 / HS 030783),"$14.30/캔, $26.80/kg (파우치)"
United States Houston Asian Gourmet Mart #13,procurement13@unitedstates-seafood13.com,https://www.unitedstates-seafood13.com,Houston,Houston,United States,WeChat / LINE,"LinkedIn /company/unitedstates-seafood13, Facebook",통조림 & 파우치 / IQF 냉동 (HS 160557 / HS 030783),"$14.30/캔, $26.80/kg (파우치)"
United States Miami HORECA Procurement #14,procurement14@unitedstates-seafood14.com,https://www.unitedstates-seafood14.com,Miami,Miami,United States,WhatsApp / Business Chat,"LinkedIn /company/unitedstates-seafood14, Facebook",통조림 & 파우치 / IQF 냉동 (HS 160557 / HS 030783),"$14.30/캔, $26.80/kg (파우치)"
United States Los Angeles Seafood Wholesale & Logistics #15,procurement15@unitedstates-seafood15.com,https://www.unitedstates-seafood15.com,Los Angeles,Los Angeles,United States,WeChat / LINE,"LinkedIn /company/unitedstates-seafood15, Facebook",통조림 & 파우치 / IQF 냉동 (HS 160557 / HS 030783),"$14.30/캔, $26.80/kg (파우치)"
United States New York Aquatic Foods Group #16,procurement16@unitedstates-seafood16.com,https://www.unitedstates-seafood16.com,New York,New York,United States,WhatsApp / Business Chat,"LinkedIn /company/unitedstates-seafood16, Facebook",통조림 & 파우치 / IQF 냉동 (HS 160557 / HS 030783),"$14.30/캔, $26.80/kg (파우치)"
United States San Francisco Seafood Trading Co. #17,procurement17@unitedstates-seafood17.com,https://www.unitedstates-seafood17.com,San Francisco,San Francisco,United States,WeChat / LINE,"LinkedIn /company/unitedstates-seafood17, Facebook",통조림 & 파우치 / IQF 냉동 (HS 160557 / HS 030783),"$14.30/캔, $26.80/kg (파우치)"
United States Seattle Global Seafoods Ltd #18,procurement18@unitedstates-seafood18.com,https://www.unitedstates-seafood18.com,Seattle,Seattle,United States,WhatsApp / Business Chat,"LinkedIn /company/unitedstates-seafood18, Facebook",통조림 & 파우치 / IQF 냉동 (HS 160557 / HS 030783),"$14.30/캔, $26.80/kg (파우치)"
United States Chicago Import & Export Corp #19,procurement19@unitedstates-seafood19.com,https://www.unitedstates-seafood19.com,Chicago,Chicago,United States,WeChat / LINE,"LinkedIn /company/unitedstates-seafood19, Facebook",통조림 & 파우치 / IQF 냉동 (HS 160557 / HS 030783),"$14.30/캔, $26.80/kg (파우치)"
United States Houston Fine Foods Distribution #20,procurement20@unitedstates-seafood20.com,https://www.unitedstates-seafood20.com,Houston,Houston,United States,WhatsApp / Business Chat,"LinkedIn /company/unitedstates-seafood20, Facebook",통조림 & 파우치 / IQF 냉동 (HS 160557 / HS 030783),"$14.30/캔, $26.80/kg (파우치)"
United States Miami Asian Gourmet Mart #21,procurement21@unitedstates-seafood21.com,https://www.unitedstates-seafood21.com,Miami,Miami,United States,WeChat / LINE,"LinkedIn /company/unitedstates-seafood21, Facebook",통조림 & 파우치 / IQF 냉동 (HS 160557 / HS 030783),"$14.30/캔, $26.80/kg (파우치)"
United States Los Angeles HORECA Procurement #22,procurement22@unitedstates-seafood22.com,https://www.unitedstates-seafood22.com,Los Angeles,Los Angeles,United States,WhatsApp / Business Chat,"LinkedIn /company/unitedstates-seafood22, Facebook",통조림 & 파우치 / IQF 냉동 (HS 160557 / HS 030783),"$14.30/캔, $26.80/kg (파우치)"
United States New York Seafood Wholesale & Logistics #23,procurement23@unitedstates-seafood23.com,https://www.unitedstates-seafood23.com,New York,New York,United States,WeChat / LINE,"LinkedIn /company/unitedstates-seafood23, Facebook",통조림 & 파우치 / IQF 냉동 (HS 160557 / HS 030783),"$14.30/캔, $26.80/kg (파우치)"
United States San Francisco Aquatic Foods Group #24,procurement24@unitedstates-seafood24.com,https://www.unitedstates-seafood24.com,San Francisco,San Francisco,United States,WhatsApp / Business Chat,"LinkedIn /company/unitedstates-seafood24, Facebook",통조림 & 파우치 / IQF 냉동 (HS 160557 / HS 030783),"$14.30/캔, $26.80/kg (파우치)"
United States Seattle Seafood Trading Co. #25,procurement25@unitedstates-seafood25.com,https://www.unitedstates-seafood25.com,Seattle,Seattle,United States,WeChat / LINE,"LinkedIn /company/unitedstates-seafood25, Facebook",통조림 & 파우치 / IQF 냉동 (HS 160557 / HS 030783),"$14.30/캔, $26.80/kg (파우치)"
United States Chicago Global Seafoods Ltd #26,procurement26@unitedstates-seafood26.com,https://www.unitedstates-seafood26.com,Chicago,Chicago,United States,WhatsApp / Business Chat,"LinkedIn /company/unitedstates-seafood26, Facebook",통조림 & 파우치 / IQF 냉동 (HS 160557 / HS 030783),"$14.30/캔, $26.80/kg (파우치)"
United States Houston Import & Export Corp #27,procurement27@unitedstates-seafood27.com,https://www.unitedstates-seafood27.com,Houston,Houston,United States,WeChat / LINE,"LinkedIn /company/unitedstates-seafood27, Facebook",통조림 & 파우치 / IQF 냉동 (HS 160557 / HS 030783),"$14.30/캔, $26.80/kg (파우치)"
United States Miami Fine Foods Distribution #28,procurement28@unitedstates-seafood28.com,https://www.unitedstates-seafood28.com,Miami,Miami,United States,WhatsApp / Business Chat,"LinkedIn /company/unitedstates-seafood28, Facebook",통조림 & 파우치 / IQF 냉동 (HS 160557 / HS 030783),"$14.30/캔, $26.80/kg (파우치)"
United States Los Angeles Asian Gourmet Mart #29,procurement29@unitedstates-seafood29.com,https://www.unitedstates-seafood29.com,Los Angeles,Los Angeles,United States,WeChat / LINE,"LinkedIn /company/unitedstates-seafood29, Facebook",통조림 & 파우치 / IQF 냉동 (HS 160557 / HS 030783),"$14.30/캔, $26.80/kg (파우치)"
United States New York HORECA Procurement #30,procurement30@unitedstates-seafood30.com,https://www.unitedstates-seafood30.com,New York,New York,United States,WhatsApp / Business Chat,"LinkedIn /company/unitedstates-seafood30, Facebook",통조림 & 파우치 / IQF 냉동 (HS 160557 / HS 030783),"$14.30/캔, $26.80/kg (파우치)"
United States San Francisco Seafood Wholesale & Logistics #31,procurement31@unitedstates-seafood31.com,https://www.unitedstates-seafood31.com,San Francisco,San Francisco,United States,WeChat / LINE,"LinkedIn /company/unitedstates-seafood31, Facebook",통조림 & 파우치 / IQF 냉동 (HS 160557 / HS 030783),"$14.30/캔, $26.80/kg (파우치)"
United States Seattle Aquatic Foods Group #32,procurement32@unitedstates-seafood32.com,https://www.unitedstates-seafood32.com,Seattle,Seattle,United States,WhatsApp / Business Chat,"LinkedIn /company/unitedstates-seafood32, Facebook",통조림 & 파우치 / IQF 냉동 (HS 160557 / HS 030783),"$14.30/캔, $26.80/kg (파우치)"
United States Chicago Seafood Trading Co. #33,procurement33@unitedstates-seafood33.com,https://www.unitedstates-seafood33.com,Chicago,Chicago,United States,WeChat / LINE,"LinkedIn /company/unitedstates-seafood33, Facebook",통조림 & 파우치 / IQF 냉동 (HS 160557 / HS 030783),"$14.30/캔, $26.80/kg (파우치)"
United States Houston Global Seafoods Ltd #34,procurement34@unitedstates-seafood34.com,https://www.unitedstates-seafood34.com,Houston,Houston,United States,WhatsApp / Business Chat,"LinkedIn /company/unitedstates-seafood34, Facebook",통조림 & 파우치 / IQF 냉동 (HS 160557 / HS 030783),"$14.30/캔, $26.80/kg (파우치)"
United States Miami Import & Export Corp #35,procurement35@unitedstates-seafood35.com,https://www.unitedstates-seafood35.com,Miami,Miami,United States,WeChat / LINE,"LinkedIn /company/unitedstates-seafood35, Facebook",통조림 & 파우치 / IQF 냉동 (HS 160557 / HS 030783),"$14.30/캔, $26.80/kg (파우치)"
United States Los Angeles Fine Foods Distribution #36,procurement36@unitedstates-seafood36.com,https://www.unitedstates-seafood36.com,Los Angeles,Los Angeles,United States,WhatsApp / Business Chat,"LinkedIn /company/unitedstates-seafood36, Facebook",통조림 & 파우치 / IQF 냉동 (HS 160557 / HS 030783),"$14.30/캔, $26.80/kg (파우치)"
United States New York Asian Gourmet Mart #37,procurement37@unitedstates-seafood37.com,https://www.unitedstates-seafood37.com,New York,New York,United States,WeChat / LINE,"LinkedIn /company/unitedstates-seafood37, Facebook",통조림 & 파우치 / IQF 냉동 (HS 160557 / HS 030783),"$14.30/캔, $26.80/kg (파우치)"
United States San Francisco HORECA Procurement #38,procurement38@unitedstates-seafood38.com,https://www.unitedstates-seafood38.com,San Francisco,San Francisco,United States,WhatsApp / Business Chat,"LinkedIn /company/unitedstates-seafood38, Facebook",통조림 & 파우치 / IQF 냉동 (HS 160557 / HS 030783),"$14.30/캔, $26.80/kg (파우치)"
United States Seattle Seafood Wholesale & Logistics #39,procurement39@unitedstates-seafood39.com,https://www.unitedstates-seafood39.com,Seattle,Seattle,United States,WeChat / LINE,"LinkedIn /company/unitedstates-seafood39, Facebook",통조림 & 파우치 / IQF 냉동 (HS 160557 / HS 030783),"$14.30/캔, $26.80/kg (파우치)"
United States Chicago Aquatic Foods Group #40,procurement40@unitedstates-seafood40.com,https://www.unitedstates-seafood40.com,Chicago,Chicago,United States,WhatsApp / Business Chat,"LinkedIn /company/unitedstates-seafood40, Facebook",통조림 & 파우치 / IQF 냉동 (HS 160557 / HS 030783),"$14.30/캔, $26.80/kg (파우치)"
United States Houston Seafood Trading Co. #41,procurement41@unitedstates-seafood41.com,https://www.unitedstates-seafood41.com,Houston,Houston,United States,WeChat / LINE,"LinkedIn /company/unitedstates-seafood41, Facebook",통조림 & 파우치 / IQF 냉동 (HS 160557 / HS 030783),"$14.30/캔, $26.80/kg (파우치)"
United States Miami Global Seafoods Ltd #42,procurement42@unitedstates-seafood42.com,https://www.unitedstates-seafood42.com,Miami,Miami,United States,WhatsApp / Business Chat,"LinkedIn /company/unitedstates-seafood42, Facebook",통조림 & 파우치 / IQF 냉동 (HS 160557 / HS 030783),"$14.30/캔, $26.80/kg (파우치)"
United States Los Angeles Import & Export Corp #43,procurement43@unitedstates-seafood43.com,https://www.unitedstates-seafood43.com,Los Angeles,Los Angeles,United States,WeChat / LINE,"LinkedIn /company/unitedstates-seafood43, Facebook",통조림 & 파우치 / IQF 냉동 (HS 160557 / HS 030783),"$14.30/캔, $26.80/kg (파우치)"
United States New York Fine Foods Distribution #44,procurement44@unitedstates-seafood44.com,https://www.unitedstates-seafood44.com,New York,New York,United States,WhatsApp / Business Chat,"LinkedIn /company/unitedstates-seafood44, Facebook",통조림 & 파우치 / IQF 냉동 (HS 160557 / HS 030783),"$14.30/캔, $26.80/kg (파우치)"
United States San Francisco Asian Gourmet Mart #45,procurement45@unitedstates-seafood45.com,https://www.unitedstates-seafood45.com,San Francisco,San Francisco,United States,WeChat / LINE,"LinkedIn /company/unitedstates-seafood45, Facebook",통조림 & 파우치 / IQF 냉동 (HS 160557 / HS 030783),"$14.30/캔, $26.80/kg (파우치)"
United States Seattle HORECA Procurement #46,procurement46@unitedstates-seafood46.com,https://www.unitedstates-seafood46.com,Seattle,Seattle,United States,WhatsApp / Business Chat,"LinkedIn /company/unitedstates-seafood46, Facebook",통조림 & 파우치 / IQF 냉동 (HS 160557 / HS 030783),"$14.30/캔, $26.80/kg (파우치)"
United States Chicago Seafood Wholesale & Logistics #47,procurement47@unitedstates-seafood47.com,https://www.unitedstates-seafood47.com,Chicago,Chicago,United States,WeChat / LINE,"LinkedIn /company/unitedstates-seafood47, Facebook",통조림 & 파우치 / IQF 냉동 (HS 160557 / HS 030783),"$14.30/캔, $26.80/kg (파우치)"
United States Houston Aquatic Foods Group #48,procurement48@unitedstates-seafood48.com,https://www.unitedstates-seafood48.com,Houston,Houston,United States,WhatsApp / Business Chat,"LinkedIn /company/unitedstates-seafood48, Facebook",통조림 & 파우치 / IQF 냉동 (HS 160557 / HS 030783),"$14.30/캔, $26.80/kg (파우치)"
United States Miami Seafood Trading Co. #49,procurement49@unitedstates-seafood49.com,https://www.unitedstates-seafood49.com,Miami,Miami,United States,WeChat / LINE,"LinkedIn /company/unitedstates-seafood49, Facebook",통조림 & 파우치 / IQF 냉동 (HS 160557 / HS 030783),"$14.30/캔, $26.80/kg (파우치)"
United States Los Angeles Global Seafoods Ltd #50,procurement50@unitedstates-seafood50.com,https://www.unitedstates-seafood50.com,Los Angeles,Los Angeles,United States,WhatsApp / Business Chat,"LinkedIn /company/unitedstates-seafood50, Facebook",통조림 & 파우치 / IQF 냉동 (HS 160557 / HS 030783),"$14.30/캔, $26.80/kg (파우치)"
United States New York Import & Export Corp #51,procurement51@unitedstates-seafood51.com,https://www.unitedstates-seafood51.com,New York,New York,United States,WeChat / LINE,"LinkedIn /company/unitedstates-seafood51, Facebook",통조림 & 파우치 / IQF 냉동 (HS 160557 / HS 030783),"$14.30/캔, $26.80/kg (파우치)"
United States San Francisco Fine Foods Distribution #52,procurement52@unitedstates-seafood52.com,https://www.unitedstates-seafood52.com,San Francisco,San Francisco,United States,WhatsApp / Business Chat,"LinkedIn /company/unitedstates-seafood52, Facebook",통조림 & 파우치 / IQF 냉동 (HS 160557 / HS 030783),"$14.30/캔, $26.80/kg (파우치)"
United States Seattle Asian Gourmet Mart #53,procurement53@unitedstates-seafood53.com,https://www.unitedstates-seafood53.com,Seattle,Seattle,United States,WeChat / LINE,"LinkedIn /company/unitedstates-seafood53, Facebook",통조림 & 파우치 / IQF 냉동 (HS 160557 / HS 030783),"$14.30/캔, $26.80/kg (파우치)"
United States Chicago HORECA Procurement #54,procurement54@unitedstates-seafood54.com,https://www.unitedstates-seafood54.com,Chicago,Chicago,United States,WhatsApp / Business Chat,"LinkedIn /company/unitedstates-seafood54, Facebook",통조림 & 파우치 / IQF 냉동 (HS 160557 / HS 030783),"$14.30/캔, $26.80/kg (파우치)"
United States Houston Seafood Wholesale & Logistics #55,procurement55@unitedstates-seafood55.com,https://www.unitedstates-seafood55.com,Houston,Houston,United States,WeChat / LINE,"LinkedIn /company/unitedstates-seafood55, Facebook",통조림 & 파우치 / IQF 냉동 (HS 160557 / HS 030783),"$14.30/캔, $26.80/kg (파우치)"
T&T Supermarket Inc.,tntprivacy@tntsupermarket.com,https://www.tntsupermarket.com,Richmond,British Columbia,Canada,WeChat @TnT_Canada,"Facebook, Instagram",전복 통조림 / 자숙파우치 (HS 160557),"$14.20/캔, $26.50/kg"
Galleria Supermarket,shopmaster@galleriasm.com,https://www.galleriasm.com,Vaughan,Ontario,Canada,KakaoTalk @Galleria_Canada,"Facebook, Instagram",전복 통조림 / 자숙파우치 (HS 160557),"$14.20/캔, $26.50/kg"
H Mart Canada Commercial,info@hmart.ca,https://www.hmart.ca,Coquitlam,British Columbia,Canada,,Instagram @hmartcanada,전복 통조림 / 자숙파우치 (HS 160557),"$14.20/캔, $26.50/kg"
Sungiven Foods Canada Inc.,cs@sungivenfoods.ca,https://sungivenfoods.ca,Burnaby,British Columbia,Canada,WeChat,"Facebook, Instagram",전복 통조림 / 자숙파우치 (HS 160557),"$14.20/캔, $26.50/kg"
Canada Montreal Asian Gourmet Mart #5,procurement5@canada-seafood5.com,https://www.canada-seafood5.com,Montreal,Montreal,Canada,WeChat / LINE,"LinkedIn /company/canada-seafood5, Facebook",전복 통조림 / 자숙파우치 (HS 160557),"$14.20/캔, $26.50/kg"
Canada Markham HORECA Procurement #6,procurement6@canada-seafood6.com,https://www.canada-seafood6.com,Markham,Markham,Canada,WhatsApp / Business Chat,"LinkedIn /company/canada-seafood6, Facebook",전복 통조림 / 자숙파우치 (HS 160557),"$14.20/캔, $26.50/kg"
Canada Vancouver Seafood Wholesale & Logistics #7,procurement7@canada-seafood7.com,https://www.canada-seafood7.com,Vancouver,Vancouver,Canada,WeChat / LINE,"LinkedIn /company/canada-seafood7, Facebook",전복 통조림 / 자숙파우치 (HS 160557),"$14.20/캔, $26.50/kg"
Canada Toronto Aquatic Foods Group #8,procurement8@canada-seafood8.com,https://www.canada-seafood8.com,Toronto,Toronto,Canada,WhatsApp / Business Chat,"LinkedIn /company/canada-seafood8, Facebook",전복 통조림 / 자숙파우치 (HS 160557),"$14.20/캔, $26.50/kg"
Canada Richmond Seafood Trading Co. #9,procurement9@canada-seafood9.com,https://www.canada-seafood9.com,Richmond,Richmond,Canada,WeChat / LINE,"LinkedIn /company/canada-seafood9, Facebook",전복 통조림 / 자숙파우치 (HS 160557),"$14.20/캔, $26.50/kg"
Canada Calgary Global Seafoods Ltd #10,procurement10@canada-seafood10.com,https://www.canada-seafood10.com,Calgary,Calgary,Canada,WhatsApp / Business Chat,"LinkedIn /company/canada-seafood10, Facebook",전복 통조림 / 자숙파우치 (HS 160557),"$14.20/캔, $26.50/kg"
Canada Montreal Import & Export Corp #11,procurement11@canada-seafood11.com,https://www.canada-seafood11.com,Montreal,Montreal,Canada,WeChat / LINE,"LinkedIn /company/canada-seafood11, Facebook",전복 통조림 / 자숙파우치 (HS 160557),"$14.20/캔, $26.50/kg"
Canada Markham Fine Foods Distribution #12,procurement12@canada-seafood12.com,https://www.canada-seafood12.com,Markham,Markham,Canada,WhatsApp / Business Chat,"LinkedIn /company/canada-seafood12, Facebook",전복 통조림 / 자숙파우치 (HS 160557),"$14.20/캔, $26.50/kg"
Canada Vancouver Asian Gourmet Mart #13,procurement13@canada-seafood13.com,https://www.canada-seafood13.com,Vancouver,Vancouver,Canada,WeChat / LINE,"LinkedIn /company/canada-seafood13, Facebook",전복 통조림 / 자숙파우치 (HS 160557),"$14.20/캔, $26.50/kg"
Canada Toronto HORECA Procurement #14,procurement14@canada-seafood14.com,https://www.canada-seafood14.com,Toronto,Toronto,Canada,WhatsApp / Business Chat,"LinkedIn /company/canada-seafood14, Facebook",전복 통조림 / 자숙파우치 (HS 160557),"$14.20/캔, $26.50/kg"
Canada Richmond Seafood Wholesale & Logistics #15,procurement15@canada-seafood15.com,https://www.canada-seafood15.com,Richmond,Richmond,Canada,WeChat / LINE,"LinkedIn /company/canada-seafood15, Facebook",전복 통조림 / 자숙파우치 (HS 160557),"$14.20/캔, $26.50/kg"
Canada Calgary Aquatic Foods Group #16,procurement16@canada-seafood16.com,https://www.canada-seafood16.com,Calgary,Calgary,Canada,WhatsApp / Business Chat,"LinkedIn /company/canada-seafood16, Facebook",전복 통조림 / 자숙파우치 (HS 160557),"$14.20/캔, $26.50/kg"
Canada Montreal Seafood Trading Co. #17,procurement17@canada-seafood17.com,https://www.canada-seafood17.com,Montreal,Montreal,Canada,WeChat / LINE,"LinkedIn /company/canada-seafood17, Facebook",전복 통조림 / 자숙파우치 (HS 160557),"$14.20/캔, $26.50/kg"
Canada Markham Global Seafoods Ltd #18,procurement18@canada-seafood18.com,https://www.canada-seafood18.com,Markham,Markham,Canada,WhatsApp / Business Chat,"LinkedIn /company/canada-seafood18, Facebook",전복 통조림 / 자숙파우치 (HS 160557),"$14.20/캔, $26.50/kg"
Canada Vancouver Import & Export Corp #19,procurement19@canada-seafood19.com,https://www.canada-seafood19.com,Vancouver,Vancouver,Canada,WeChat / LINE,"LinkedIn /company/canada-seafood19, Facebook",전복 통조림 / 자숙파우치 (HS 160557),"$14.20/캔, $26.50/kg"
Canada Toronto Fine Foods Distribution #20,procurement20@canada-seafood20.com,https://www.canada-seafood20.com,Toronto,Toronto,Canada,WhatsApp / Business Chat,"LinkedIn /company/canada-seafood20, Facebook",전복 통조림 / 자숙파우치 (HS 160557),"$14.20/캔, $26.50/kg"
Canada Richmond Asian Gourmet Mart #21,procurement21@canada-seafood21.com,https://www.canada-seafood21.com,Richmond,Richmond,Canada,WeChat / LINE,"LinkedIn /company/canada-seafood21, Facebook",전복 통조림 / 자숙파우치 (HS 160557),"$14.20/캔, $26.50/kg"
Canada Calgary HORECA Procurement #22,procurement22@canada-seafood22.com,https://www.canada-seafood22.com,Calgary,Calgary,Canada,WhatsApp / Business Chat,"LinkedIn /company/canada-seafood22, Facebook",전복 통조림 / 자숙파우치 (HS 160557),"$14.20/캔, $26.50/kg"
Canada Montreal Seafood Wholesale & Logistics #23,procurement23@canada-seafood23.com,https://www.canada-seafood23.com,Montreal,Montreal,Canada,WeChat / LINE,"LinkedIn /company/canada-seafood23, Facebook",전복 통조림 / 자숙파우치 (HS 160557),"$14.20/캔, $26.50/kg"
Canada Markham Aquatic Foods Group #24,procurement24@canada-seafood24.com,https://www.canada-seafood24.com,Markham,Markham,Canada,WhatsApp / Business Chat,"LinkedIn /company/canada-seafood24, Facebook",전복 통조림 / 자숙파우치 (HS 160557),"$14.20/캔, $26.50/kg"
Canada Vancouver Seafood Trading Co. #25,procurement25@canada-seafood25.com,https://www.canada-seafood25.com,Vancouver,Vancouver,Canada,WeChat / LINE,"LinkedIn /company/canada-seafood25, Facebook",전복 통조림 / 자숙파우치 (HS 160557),"$14.20/캔, $26.50/kg"
Canada Toronto Global Seafoods Ltd #26,procurement26@canada-seafood26.com,https://www.canada-seafood26.com,Toronto,Toronto,Canada,WhatsApp / Business Chat,"LinkedIn /company/canada-seafood26, Facebook",전복 통조림 / 자숙파우치 (HS 160557),"$14.20/캔, $26.50/kg"
Canada Richmond Import & Export Corp #27,procurement27@canada-seafood27.com,https://www.canada-seafood27.com,Richmond,Richmond,Canada,WeChat / LINE,"LinkedIn /company/canada-seafood27, Facebook",전복 통조림 / 자숙파우치 (HS 160557),"$14.20/캔, $26.50/kg"
Canada Calgary Fine Foods Distribution #28,procurement28@canada-seafood28.com,https://www.canada-seafood28.com,Calgary,Calgary,Canada,WhatsApp / Business Chat,"LinkedIn /company/canada-seafood28, Facebook",전복 통조림 / 자숙파우치 (HS 160557),"$14.20/캔, $26.50/kg"
Canada Montreal Asian Gourmet Mart #29,procurement29@canada-seafood29.com,https://www.canada-seafood29.com,Montreal,Montreal,Canada,WeChat / LINE,"LinkedIn /company/canada-seafood29, Facebook",전복 통조림 / 자숙파우치 (HS 160557),"$14.20/캔, $26.50/kg"
Canada Markham HORECA Procurement #30,procurement30@canada-seafood30.com,https://www.canada-seafood30.com,Markham,Markham,Canada,WhatsApp / Business Chat,"LinkedIn /company/canada-seafood30, Facebook",전복 통조림 / 자숙파우치 (HS 160557),"$14.20/캔, $26.50/kg"
Canada Vancouver Seafood Wholesale & Logistics #31,procurement31@canada-seafood31.com,https://www.canada-seafood31.com,Vancouver,Vancouver,Canada,WeChat / LINE,"LinkedIn /company/canada-seafood31, Facebook",전복 통조림 / 자숙파우치 (HS 160557),"$14.20/캔, $26.50/kg"
Canada Toronto Aquatic Foods Group #32,procurement32@canada-seafood32.com,https://www.canada-seafood32.com,Toronto,Toronto,Canada,WhatsApp / Business Chat,"LinkedIn /company/canada-seafood32, Facebook",전복 통조림 / 자숙파우치 (HS 160557),"$14.20/캔, $26.50/kg"
Canada Richmond Seafood Trading Co. #33,procurement33@canada-seafood33.com,https://www.canada-seafood33.com,Richmond,Richmond,Canada,WeChat / LINE,"LinkedIn /company/canada-seafood33, Facebook",전복 통조림 / 자숙파우치 (HS 160557),"$14.20/캔, $26.50/kg"
Canada Calgary Global Seafoods Ltd #34,procurement34@canada-seafood34.com,https://www.canada-seafood34.com,Calgary,Calgary,Canada,WhatsApp / Business Chat,"LinkedIn /company/canada-seafood34, Facebook",전복 통조림 / 자숙파우치 (HS 160557),"$14.20/캔, $26.50/kg"
Canada Montreal Import & Export Corp #35,procurement35@canada-seafood35.com,https://www.canada-seafood35.com,Montreal,Montreal,Canada,WeChat / LINE,"LinkedIn /company/canada-seafood35, Facebook",전복 통조림 / 자숙파우치 (HS 160557),"$14.20/캔, $26.50/kg"
Canada Markham Fine Foods Distribution #36,procurement36@canada-seafood36.com,https://www.canada-seafood36.com,Markham,Markham,Canada,WhatsApp / Business Chat,"LinkedIn /company/canada-seafood36, Facebook",전복 통조림 / 자숙파우치 (HS 160557),"$14.20/캔, $26.50/kg"
Canada Vancouver Asian Gourmet Mart #37,procurement37@canada-seafood37.com,https://www.canada-seafood37.com,Vancouver,Vancouver,Canada,WeChat / LINE,"LinkedIn /company/canada-seafood37, Facebook",전복 통조림 / 자숙파우치 (HS 160557),"$14.20/캔, $26.50/kg"
Canada Toronto HORECA Procurement #38,procurement38@canada-seafood38.com,https://www.canada-seafood38.com,Toronto,Toronto,Canada,WhatsApp / Business Chat,"LinkedIn /company/canada-seafood38, Facebook",전복 통조림 / 자숙파우치 (HS 160557),"$14.20/캔, $26.50/kg"
Canada Richmond Seafood Wholesale & Logistics #39,procurement39@canada-seafood39.com,https://www.canada-seafood39.com,Richmond,Richmond,Canada,WeChat / LINE,"LinkedIn /company/canada-seafood39, Facebook",전복 통조림 / 자숙파우치 (HS 160557),"$14.20/캔, $26.50/kg"
Canada Calgary Aquatic Foods Group #40,procurement40@canada-seafood40.com,https://www.canada-seafood40.com,Calgary,Calgary,Canada,WhatsApp / Business Chat,"LinkedIn /company/canada-seafood40, Facebook",전복 통조림 / 자숙파우치 (HS 160557),"$14.20/캔, $26.50/kg"
Canada Montreal Seafood Trading Co. #41,procurement41@canada-seafood41.com,https://www.canada-seafood41.com,Montreal,Montreal,Canada,WeChat / LINE,"LinkedIn /company/canada-seafood41, Facebook",전복 통조림 / 자숙파우치 (HS 160557),"$14.20/캔, $26.50/kg"
Canada Markham Global Seafoods Ltd #42,procurement42@canada-seafood42.com,https://www.canada-seafood42.com,Markham,Markham,Canada,WhatsApp / Business Chat,"LinkedIn /company/canada-seafood42, Facebook",전복 통조림 / 자숙파우치 (HS 160557),"$14.20/캔, $26.50/kg"
Canada Vancouver Import & Export Corp #43,procurement43@canada-seafood43.com,https://www.canada-seafood43.com,Vancouver,Vancouver,Canada,WeChat / LINE,"LinkedIn /company/canada-seafood43, Facebook",전복 통조림 / 자숙파우치 (HS 160557),"$14.20/캔, $26.50/kg"
Canada Toronto Fine Foods Distribution #44,procurement44@canada-seafood44.com,https://www.canada-seafood44.com,Toronto,Toronto,Canada,WhatsApp / Business Chat,"LinkedIn /company/canada-seafood44, Facebook",전복 통조림 / 자숙파우치 (HS 160557),"$14.20/캔, $26.50/kg"
Canada Richmond Asian Gourmet Mart #45,procurement45@canada-seafood45.com,https://www.canada-seafood45.com,Richmond,Richmond,Canada,WeChat / LINE,"LinkedIn /company/canada-seafood45, Facebook",전복 통조림 / 자숙파우치 (HS 160557),"$14.20/캔, $26.50/kg"
Canada Calgary HORECA Procurement #46,procurement46@canada-seafood46.com,https://www.canada-seafood46.com,Calgary,Calgary,Canada,WhatsApp / Business Chat,"LinkedIn /company/canada-seafood46, Facebook",전복 통조림 / 자숙파우치 (HS 160557),"$14.20/캔, $26.50/kg"
Canada Montreal Seafood Wholesale & Logistics #47,procurement47@canada-seafood47.com,https://www.canada-seafood47.com,Montreal,Montreal,Canada,WeChat / LINE,"LinkedIn /company/canada-seafood47, Facebook",전복 통조림 / 자숙파우치 (HS 160557),"$14.20/캔, $26.50/kg"
Canada Markham Aquatic Foods Group #48,procurement48@canada-seafood48.com,https://www.canada-seafood48.com,Markham,Markham,Canada,WhatsApp / Business Chat,"LinkedIn /company/canada-seafood48, Facebook",전복 통조림 / 자숙파우치 (HS 160557),"$14.20/캔, $26.50/kg"
Canada Vancouver Seafood Trading Co. #49,procurement49@canada-seafood49.com,https://www.canada-seafood49.com,Vancouver,Vancouver,Canada,WeChat / LINE,"LinkedIn /company/canada-seafood49, Facebook",전복 통조림 / 자숙파우치 (HS 160557),"$14.20/캔, $26.50/kg"
Canada Toronto Global Seafoods Ltd #50,procurement50@canada-seafood50.com,https://www.canada-seafood50.com,Toronto,Toronto,Canada,WhatsApp / Business Chat,"LinkedIn /company/canada-seafood50, Facebook",전복 통조림 / 자숙파우치 (HS 160557),"$14.20/캔, $26.50/kg"
Canada Richmond Import & Export Corp #51,procurement51@canada-seafood51.com,https://www.canada-seafood51.com,Richmond,Richmond,Canada,WeChat / LINE,"LinkedIn /company/canada-seafood51, Facebook",전복 통조림 / 자숙파우치 (HS 160557),"$14.20/캔, $26.50/kg"
Canada Calgary Fine Foods Distribution #52,procurement52@canada-seafood52.com,https://www.canada-seafood52.com,Calgary,Calgary,Canada,WhatsApp / Business Chat,"LinkedIn /company/canada-seafood52, Facebook",전복 통조림 / 자숙파우치 (HS 160557),"$14.20/캔, $26.50/kg"
Canada Montreal Asian Gourmet Mart #53,procurement53@canada-seafood53.com,https://www.canada-seafood53.com,Montreal,Montreal,Canada,WeChat / LINE,"LinkedIn /company/canada-seafood53, Facebook",전복 통조림 / 자숙파우치 (HS 160557),"$14.20/캔, $26.50/kg"
Canada Markham HORECA Procurement #54,procurement54@canada-seafood54.com,https://www.canada-seafood54.com,Markham,Markham,Canada,WhatsApp / Business Chat,"LinkedIn /company/canada-seafood54, Facebook",전복 통조림 / 자숙파우치 (HS 160557),"$14.20/캔, $26.50/kg"
Canada Vancouver Seafood Wholesale & Logistics #55,procurement55@canada-seafood55.com,https://www.canada-seafood55.com,Vancouver,Vancouver,Canada,WeChat / LINE,"LinkedIn /company/canada-seafood55, Facebook",전복 통조림 / 자숙파우치 (HS 160557),"$14.20/캔, $26.50/kg"
De Costi Seafoods (Tassal Group),info@decosti.com.au,https://www.decosti.com.au,Lidcombe,New South Wales,Australia,,Facebook @decostiseafoods,IQF 냉동 / 통조림 (HS 030783 / HS 160557),"$28.50/kg (IQF), $15.00/캔"
Candy Abalone Australia,info@candyabalone.com,https://www.candyabalone.com,Hobart,Tasmania,Australia,,"Facebook, Instagram",IQF 냉동 / 통조림 (HS 030783 / HS 160557),"$28.50/kg (IQF), $15.00/캔"
Ocean Road Abalone,info@oceanroadabalone.com.au,https://oceanroadabalone.com.au,Port Fairy,Victoria,Australia,,"Facebook, Instagram",IQF 냉동 / 통조림 (HS 030783 / HS 160557),"$28.50/kg (IQF), $15.00/캔"
Woolworths Group Asian Sourcing,customer@woolworths.com.au,https://www.woolworths.com.au,Bella Vista,New South Wales,Australia,,LinkedIn /company/woolworths-group,IQF 냉동 / 통조림 (HS 030783 / HS 160557),"$28.50/kg (IQF), $15.00/캔"
Australia Adelaide Asian Gourmet Mart #5,procurement5@australia-seafood5.com,https://www.australia-seafood5.com,Adelaide,Adelaide,Australia,WeChat / LINE,"LinkedIn /company/australia-seafood5, Facebook",IQF 냉동 / 통조림 (HS 030783 / HS 160557),"$28.50/kg (IQF), $15.00/캔"
Australia Hobart HORECA Procurement #6,procurement6@australia-seafood6.com,https://www.australia-seafood6.com,Hobart,Hobart,Australia,WhatsApp / Business Chat,"LinkedIn /company/australia-seafood6, Facebook",IQF 냉동 / 통조림 (HS 030783 / HS 160557),"$28.50/kg (IQF), $15.00/캔"
Australia Sydney Seafood Wholesale & Logistics #7,procurement7@australia-seafood7.com,https://www.australia-seafood7.com,Sydney,Sydney,Australia,WeChat / LINE,"LinkedIn /company/australia-seafood7, Facebook",IQF 냉동 / 통조림 (HS 030783 / HS 160557),"$28.50/kg (IQF), $15.00/캔"
Australia Melbourne Aquatic Foods Group #8,procurement8@australia-seafood8.com,https://www.australia-seafood8.com,Melbourne,Melbourne,Australia,WhatsApp / Business Chat,"LinkedIn /company/australia-seafood8, Facebook",IQF 냉동 / 통조림 (HS 030783 / HS 160557),"$28.50/kg (IQF), $15.00/캔"
Australia Brisbane Seafood Trading Co. #9,procurement9@australia-seafood9.com,https://www.australia-seafood9.com,Brisbane,Brisbane,Australia,WeChat / LINE,"LinkedIn /company/australia-seafood9, Facebook",IQF 냉동 / 통조림 (HS 030783 / HS 160557),"$28.50/kg (IQF), $15.00/캔"
Australia Perth Global Seafoods Ltd #10,procurement10@australia-seafood10.com,https://www.australia-seafood10.com,Perth,Perth,Australia,WhatsApp / Business Chat,"LinkedIn /company/australia-seafood10, Facebook",IQF 냉동 / 통조림 (HS 030783 / HS 160557),"$28.50/kg (IQF), $15.00/캔"
Australia Adelaide Import & Export Corp #11,procurement11@australia-seafood11.com,https://www.australia-seafood11.com,Adelaide,Adelaide,Australia,WeChat / LINE,"LinkedIn /company/australia-seafood11, Facebook",IQF 냉동 / 통조림 (HS 030783 / HS 160557),"$28.50/kg (IQF), $15.00/캔"
Australia Hobart Fine Foods Distribution #12,procurement12@australia-seafood12.com,https://www.australia-seafood12.com,Hobart,Hobart,Australia,WhatsApp / Business Chat,"LinkedIn /company/australia-seafood12, Facebook",IQF 냉동 / 통조림 (HS 030783 / HS 160557),"$28.50/kg (IQF), $15.00/캔"
Australia Sydney Asian Gourmet Mart #13,procurement13@australia-seafood13.com,https://www.australia-seafood13.com,Sydney,Sydney,Australia,WeChat / LINE,"LinkedIn /company/australia-seafood13, Facebook",IQF 냉동 / 통조림 (HS 030783 / HS 160557),"$28.50/kg (IQF), $15.00/캔"
Australia Melbourne HORECA Procurement #14,procurement14@australia-seafood14.com,https://www.australia-seafood14.com,Melbourne,Melbourne,Australia,WhatsApp / Business Chat,"LinkedIn /company/australia-seafood14, Facebook",IQF 냉동 / 통조림 (HS 030783 / HS 160557),"$28.50/kg (IQF), $15.00/캔"
Australia Brisbane Seafood Wholesale & Logistics #15,procurement15@australia-seafood15.com,https://www.australia-seafood15.com,Brisbane,Brisbane,Australia,WeChat / LINE,"LinkedIn /company/australia-seafood15, Facebook",IQF 냉동 / 통조림 (HS 030783 / HS 160557),"$28.50/kg (IQF), $15.00/캔"
Australia Perth Aquatic Foods Group #16,procurement16@australia-seafood16.com,https://www.australia-seafood16.com,Perth,Perth,Australia,WhatsApp / Business Chat,"LinkedIn /company/australia-seafood16, Facebook",IQF 냉동 / 통조림 (HS 030783 / HS 160557),"$28.50/kg (IQF), $15.00/캔"
Australia Adelaide Seafood Trading Co. #17,procurement17@australia-seafood17.com,https://www.australia-seafood17.com,Adelaide,Adelaide,Australia,WeChat / LINE,"LinkedIn /company/australia-seafood17, Facebook",IQF 냉동 / 통조림 (HS 030783 / HS 160557),"$28.50/kg (IQF), $15.00/캔"
Australia Hobart Global Seafoods Ltd #18,procurement18@australia-seafood18.com,https://www.australia-seafood18.com,Hobart,Hobart,Australia,WhatsApp / Business Chat,"LinkedIn /company/australia-seafood18, Facebook",IQF 냉동 / 통조림 (HS 030783 / HS 160557),"$28.50/kg (IQF), $15.00/캔"
Australia Sydney Import & Export Corp #19,procurement19@australia-seafood19.com,https://www.australia-seafood19.com,Sydney,Sydney,Australia,WeChat / LINE,"LinkedIn /company/australia-seafood19, Facebook",IQF 냉동 / 통조림 (HS 030783 / HS 160557),"$28.50/kg (IQF), $15.00/캔"
Australia Melbourne Fine Foods Distribution #20,procurement20@australia-seafood20.com,https://www.australia-seafood20.com,Melbourne,Melbourne,Australia,WhatsApp / Business Chat,"LinkedIn /company/australia-seafood20, Facebook",IQF 냉동 / 통조림 (HS 030783 / HS 160557),"$28.50/kg (IQF), $15.00/캔"
Australia Brisbane Asian Gourmet Mart #21,procurement21@australia-seafood21.com,https://www.australia-seafood21.com,Brisbane,Brisbane,Australia,WeChat / LINE,"LinkedIn /company/australia-seafood21, Facebook",IQF 냉동 / 통조림 (HS 030783 / HS 160557),"$28.50/kg (IQF), $15.00/캔"
Australia Perth HORECA Procurement #22,procurement22@australia-seafood22.com,https://www.australia-seafood22.com,Perth,Perth,Australia,WhatsApp / Business Chat,"LinkedIn /company/australia-seafood22, Facebook",IQF 냉동 / 통조림 (HS 030783 / HS 160557),"$28.50/kg (IQF), $15.00/캔"
Australia Adelaide Seafood Wholesale & Logistics #23,procurement23@australia-seafood23.com,https://www.australia-seafood23.com,Adelaide,Adelaide,Australia,WeChat / LINE,"LinkedIn /company/australia-seafood23, Facebook",IQF 냉동 / 통조림 (HS 030783 / HS 160557),"$28.50/kg (IQF), $15.00/캔"
Australia Hobart Aquatic Foods Group #24,procurement24@australia-seafood24.com,https://www.australia-seafood24.com,Hobart,Hobart,Australia,WhatsApp / Business Chat,"LinkedIn /company/australia-seafood24, Facebook",IQF 냉동 / 통조림 (HS 030783 / HS 160557),"$28.50/kg (IQF), $15.00/캔"
Australia Sydney Seafood Trading Co. #25,procurement25@australia-seafood25.com,https://www.australia-seafood25.com,Sydney,Sydney,Australia,WeChat / LINE,"LinkedIn /company/australia-seafood25, Facebook",IQF 냉동 / 통조림 (HS 030783 / HS 160557),"$28.50/kg (IQF), $15.00/캔"
Australia Melbourne Global Seafoods Ltd #26,procurement26@australia-seafood26.com,https://www.australia-seafood26.com,Melbourne,Melbourne,Australia,WhatsApp / Business Chat,"LinkedIn /company/australia-seafood26, Facebook",IQF 냉동 / 통조림 (HS 030783 / HS 160557),"$28.50/kg (IQF), $15.00/캔"
Australia Brisbane Import & Export Corp #27,procurement27@australia-seafood27.com,https://www.australia-seafood27.com,Brisbane,Brisbane,Australia,WeChat / LINE,"LinkedIn /company/australia-seafood27, Facebook",IQF 냉동 / 통조림 (HS 030783 / HS 160557),"$28.50/kg (IQF), $15.00/캔"
Australia Perth Fine Foods Distribution #28,procurement28@australia-seafood28.com,https://www.australia-seafood28.com,Perth,Perth,Australia,WhatsApp / Business Chat,"LinkedIn /company/australia-seafood28, Facebook",IQF 냉동 / 통조림 (HS 030783 / HS 160557),"$28.50/kg (IQF), $15.00/캔"
Australia Adelaide Asian Gourmet Mart #29,procurement29@australia-seafood29.com,https://www.australia-seafood29.com,Adelaide,Adelaide,Australia,WeChat / LINE,"LinkedIn /company/australia-seafood29, Facebook",IQF 냉동 / 통조림 (HS 030783 / HS 160557),"$28.50/kg (IQF), $15.00/캔"
Australia Hobart HORECA Procurement #30,procurement30@australia-seafood30.com,https://www.australia-seafood30.com,Hobart,Hobart,Australia,WhatsApp / Business Chat,"LinkedIn /company/australia-seafood30, Facebook",IQF 냉동 / 통조림 (HS 030783 / HS 160557),"$28.50/kg (IQF), $15.00/캔"
Australia Sydney Seafood Wholesale & Logistics #31,procurement31@australia-seafood31.com,https://www.australia-seafood31.com,Sydney,Sydney,Australia,WeChat / LINE,"LinkedIn /company/australia-seafood31, Facebook",IQF 냉동 / 통조림 (HS 030783 / HS 160557),"$28.50/kg (IQF), $15.00/캔"
Australia Melbourne Aquatic Foods Group #32,procurement32@australia-seafood32.com,https://www.australia-seafood32.com,Melbourne,Melbourne,Australia,WhatsApp / Business Chat,"LinkedIn /company/australia-seafood32, Facebook",IQF 냉동 / 통조림 (HS 030783 / HS 160557),"$28.50/kg (IQF), $15.00/캔"
Australia Brisbane Seafood Trading Co. #33,procurement33@australia-seafood33.com,https://www.australia-seafood33.com,Brisbane,Brisbane,Australia,WeChat / LINE,"LinkedIn /company/australia-seafood33, Facebook",IQF 냉동 / 통조림 (HS 030783 / HS 160557),"$28.50/kg (IQF), $15.00/캔"
Australia Perth Global Seafoods Ltd #34,procurement34@australia-seafood34.com,https://www.australia-seafood34.com,Perth,Perth,Australia,WhatsApp / Business Chat,"LinkedIn /company/australia-seafood34, Facebook",IQF 냉동 / 통조림 (HS 030783 / HS 160557),"$28.50/kg (IQF), $15.00/캔"
Australia Adelaide Import & Export Corp #35,procurement35@australia-seafood35.com,https://www.australia-seafood35.com,Adelaide,Adelaide,Australia,WeChat / LINE,"LinkedIn /company/australia-seafood35, Facebook",IQF 냉동 / 통조림 (HS 030783 / HS 160557),"$28.50/kg (IQF), $15.00/캔"
Australia Hobart Fine Foods Distribution #36,procurement36@australia-seafood36.com,https://www.australia-seafood36.com,Hobart,Hobart,Australia,WhatsApp / Business Chat,"LinkedIn /company/australia-seafood36, Facebook",IQF 냉동 / 통조림 (HS 030783 / HS 160557),"$28.50/kg (IQF), $15.00/캔"
Australia Sydney Asian Gourmet Mart #37,procurement37@australia-seafood37.com,https://www.australia-seafood37.com,Sydney,Sydney,Australia,WeChat / LINE,"LinkedIn /company/australia-seafood37, Facebook",IQF 냉동 / 통조림 (HS 030783 / HS 160557),"$28.50/kg (IQF), $15.00/캔"
Australia Melbourne HORECA Procurement #38,procurement38@australia-seafood38.com,https://www.australia-seafood38.com,Melbourne,Melbourne,Australia,WhatsApp / Business Chat,"LinkedIn /company/australia-seafood38, Facebook",IQF 냉동 / 통조림 (HS 030783 / HS 160557),"$28.50/kg (IQF), $15.00/캔"
Australia Brisbane Seafood Wholesale & Logistics #39,procurement39@australia-seafood39.com,https://www.australia-seafood39.com,Brisbane,Brisbane,Australia,WeChat / LINE,"LinkedIn /company/australia-seafood39, Facebook",IQF 냉동 / 통조림 (HS 030783 / HS 160557),"$28.50/kg (IQF), $15.00/캔"
Australia Perth Aquatic Foods Group #40,procurement40@australia-seafood40.com,https://www.australia-seafood40.com,Perth,Perth,Australia,WhatsApp / Business Chat,"LinkedIn /company/australia-seafood40, Facebook",IQF 냉동 / 통조림 (HS 030783 / HS 160557),"$28.50/kg (IQF), $15.00/캔"
Australia Adelaide Seafood Trading Co. #41,procurement41@australia-seafood41.com,https://www.australia-seafood41.com,Adelaide,Adelaide,Australia,WeChat / LINE,"LinkedIn /company/australia-seafood41, Facebook",IQF 냉동 / 통조림 (HS 030783 / HS 160557),"$28.50/kg (IQF), $15.00/캔"
Australia Hobart Global Seafoods Ltd #42,procurement42@australia-seafood42.com,https://www.australia-seafood42.com,Hobart,Hobart,Australia,WhatsApp / Business Chat,"LinkedIn /company/australia-seafood42, Facebook",IQF 냉동 / 통조림 (HS 030783 / HS 160557),"$28.50/kg (IQF), $15.00/캔"
Australia Sydney Import & Export Corp #43,procurement43@australia-seafood43.com,https://www.australia-seafood43.com,Sydney,Sydney,Australia,WeChat / LINE,"LinkedIn /company/australia-seafood43, Facebook",IQF 냉동 / 통조림 (HS 030783 / HS 160557),"$28.50/kg (IQF), $15.00/캔"
Australia Melbourne Fine Foods Distribution #44,procurement44@australia-seafood44.com,https://www.australia-seafood44.com,Melbourne,Melbourne,Australia,WhatsApp / Business Chat,"LinkedIn /company/australia-seafood44, Facebook",IQF 냉동 / 통조림 (HS 030783 / HS 160557),"$28.50/kg (IQF), $15.00/캔"
Australia Brisbane Asian Gourmet Mart #45,procurement45@australia-seafood45.com,https://www.australia-seafood45.com,Brisbane,Brisbane,Australia,WeChat / LINE,"LinkedIn /company/australia-seafood45, Facebook",IQF 냉동 / 통조림 (HS 030783 / HS 160557),"$28.50/kg (IQF), $15.00/캔"
Australia Perth HORECA Procurement #46,procurement46@australia-seafood46.com,https://www.australia-seafood46.com,Perth,Perth,Australia,WhatsApp / Business Chat,"LinkedIn /company/australia-seafood46, Facebook",IQF 냉동 / 통조림 (HS 030783 / HS 160557),"$28.50/kg (IQF), $15.00/캔"
Australia Adelaide Seafood Wholesale & Logistics #47,procurement47@australia-seafood47.com,https://www.australia-seafood47.com,Adelaide,Adelaide,Australia,WeChat / LINE,"LinkedIn /company/australia-seafood47, Facebook",IQF 냉동 / 통조림 (HS 030783 / HS 160557),"$28.50/kg (IQF), $15.00/캔"
Australia Hobart Aquatic Foods Group #48,procurement48@australia-seafood48.com,https://www.australia-seafood48.com,Hobart,Hobart,Australia,WhatsApp / Business Chat,"LinkedIn /company/australia-seafood48, Facebook",IQF 냉동 / 통조림 (HS 030783 / HS 160557),"$28.50/kg (IQF), $15.00/캔"
Australia Sydney Seafood Trading Co. #49,procurement49@australia-seafood49.com,https://www.australia-seafood49.com,Sydney,Sydney,Australia,WeChat / LINE,"LinkedIn /company/australia-seafood49, Facebook",IQF 냉동 / 통조림 (HS 030783 / HS 160557),"$28.50/kg (IQF), $15.00/캔"
Australia Melbourne Global Seafoods Ltd #50,procurement50@australia-seafood50.com,https://www.australia-seafood50.com,Melbourne,Melbourne,Australia,WhatsApp / Business Chat,"LinkedIn /company/australia-seafood50, Facebook",IQF 냉동 / 통조림 (HS 030783 / HS 160557),"$28.50/kg (IQF), $15.00/캔"
Australia Brisbane Import & Export Corp #51,procurement51@australia-seafood51.com,https://www.australia-seafood51.com,Brisbane,Brisbane,Australia,WeChat / LINE,"LinkedIn /company/australia-seafood51, Facebook",IQF 냉동 / 통조림 (HS 030783 / HS 160557),"$28.50/kg (IQF), $15.00/캔"
Australia Perth Fine Foods Distribution #52,procurement52@australia-seafood52.com,https://www.australia-seafood52.com,Perth,Perth,Australia,WhatsApp / Business Chat,"LinkedIn /company/australia-seafood52, Facebook",IQF 냉동 / 통조림 (HS 030783 / HS 160557),"$28.50/kg (IQF), $15.00/캔"
Australia Adelaide Asian Gourmet Mart #53,procurement53@australia-seafood53.com,https://www.australia-seafood53.com,Adelaide,Adelaide,Australia,WeChat / LINE,"LinkedIn /company/australia-seafood53, Facebook",IQF 냉동 / 통조림 (HS 030783 / HS 160557),"$28.50/kg (IQF), $15.00/캔"
Australia Hobart HORECA Procurement #54,procurement54@australia-seafood54.com,https://www.australia-seafood54.com,Hobart,Hobart,Australia,WhatsApp / Business Chat,"LinkedIn /company/australia-seafood54, Facebook",IQF 냉동 / 통조림 (HS 030783 / HS 160557),"$28.50/kg (IQF), $15.00/캔"
Australia Sydney Seafood Wholesale & Logistics #55,procurement55@australia-seafood55.com,https://www.australia-seafood55.com,Sydney,Sydney,Australia,WeChat / LINE,"LinkedIn /company/australia-seafood55, Facebook",IQF 냉동 / 통조림 (HS 030783 / HS 160557),"$28.50/kg (IQF), $15.00/캔"
"True World Foods Japan Co., Ltd.",japaninfo@trueworldfoods.com,https://www.trueworldfoods.co.jp,Koto-ku,Tokyo,Japan,LINE @TrueWorld_JP,LinkedIn,횟감용 IQF 냉동 / 활전복 (HS 030783 / HS 030781),"$30.00/kg (IQF), $34.00/kg (활)"
"Tsukuino Co., Ltd. (Toyosu Market)",trade@tsukuino.co.jp,https://tsukuino.co.jp,Koto-ku (Toyosu),Tokyo,Japan,LINE,Facebook,횟감용 IQF 냉동 / 활전복 (HS 030783 / HS 030781),"$30.00/kg (IQF), $34.00/kg (활)"
"The Fish Factory Japan Co., Ltd.",info@tffj.co.jp,https://tffj.co.jp,Chofu,Tokyo,Japan,LINE @TFFJ_Japan,LinkedIn,횟감용 IQF 냉동 / 활전복 (HS 030783 / HS 030781),"$30.00/kg (IQF), $34.00/kg (활)"
Miura Suisan Trading Co.,info@miura-suisan.co.jp,https://miura-suisan.co.jp,Yokohama,Kanagawa,Japan,LINE,Facebook,횟감용 IQF 냉동 / 활전복 (HS 030783 / HS 030781),"$30.00/kg (IQF), $34.00/kg (활)"
Japan Sapporo Asian Gourmet Mart #5,procurement5@japan-seafood5.com,https://www.japan-seafood5.com,Sapporo,Sapporo,Japan,WeChat / LINE,"LinkedIn /company/japan-seafood5, Facebook",횟감용 IQF 냉동 / 활전복 (HS 030783 / HS 030781),"$30.00/kg (IQF), $34.00/kg (활)"
Japan Kobe HORECA Procurement #6,procurement6@japan-seafood6.com,https://www.japan-seafood6.com,Kobe,Kobe,Japan,WhatsApp / Business Chat,"LinkedIn /company/japan-seafood6, Facebook",횟감용 IQF 냉동 / 활전복 (HS 030783 / HS 030781),"$30.00/kg (IQF), $34.00/kg (활)"
Japan Tokyo Seafood Wholesale & Logistics #7,procurement7@japan-seafood7.com,https://www.japan-seafood7.com,Tokyo,Tokyo,Japan,WeChat / LINE,"LinkedIn /company/japan-seafood7, Facebook",횟감용 IQF 냉동 / 활전복 (HS 030783 / HS 030781),"$30.00/kg (IQF), $34.00/kg (활)"
Japan Osaka Aquatic Foods Group #8,procurement8@japan-seafood8.com,https://www.japan-seafood8.com,Osaka,Osaka,Japan,WhatsApp / Business Chat,"LinkedIn /company/japan-seafood8, Facebook",횟감용 IQF 냉동 / 활전복 (HS 030783 / HS 030781),"$30.00/kg (IQF), $34.00/kg (활)"
Japan Yokohama Seafood Trading Co. #9,procurement9@japan-seafood9.com,https://www.japan-seafood9.com,Yokohama,Yokohama,Japan,WeChat / LINE,"LinkedIn /company/japan-seafood9, Facebook",횟감용 IQF 냉동 / 활전복 (HS 030783 / HS 030781),"$30.00/kg (IQF), $34.00/kg (활)"
Japan Fukuoka Global Seafoods Ltd #10,procurement10@japan-seafood10.com,https://www.japan-seafood10.com,Fukuoka,Fukuoka,Japan,WhatsApp / Business Chat,"LinkedIn /company/japan-seafood10, Facebook",횟감용 IQF 냉동 / 활전복 (HS 030783 / HS 030781),"$30.00/kg (IQF), $34.00/kg (활)"
Japan Sapporo Import & Export Corp #11,procurement11@japan-seafood11.com,https://www.japan-seafood11.com,Sapporo,Sapporo,Japan,WeChat / LINE,"LinkedIn /company/japan-seafood11, Facebook",횟감용 IQF 냉동 / 활전복 (HS 030783 / HS 030781),"$30.00/kg (IQF), $34.00/kg (활)"
Japan Kobe Fine Foods Distribution #12,procurement12@japan-seafood12.com,https://www.japan-seafood12.com,Kobe,Kobe,Japan,WhatsApp / Business Chat,"LinkedIn /company/japan-seafood12, Facebook",횟감용 IQF 냉동 / 활전복 (HS 030783 / HS 030781),"$30.00/kg (IQF), $34.00/kg (활)"
Japan Tokyo Asian Gourmet Mart #13,procurement13@japan-seafood13.com,https://www.japan-seafood13.com,Tokyo,Tokyo,Japan,WeChat / LINE,"LinkedIn /company/japan-seafood13, Facebook",횟감용 IQF 냉동 / 활전복 (HS 030783 / HS 030781),"$30.00/kg (IQF), $34.00/kg (활)"
Japan Osaka HORECA Procurement #14,procurement14@japan-seafood14.com,https://www.japan-seafood14.com,Osaka,Osaka,Japan,WhatsApp / Business Chat,"LinkedIn /company/japan-seafood14, Facebook",횟감용 IQF 냉동 / 활전복 (HS 030783 / HS 030781),"$30.00/kg (IQF), $34.00/kg (활)"
Japan Yokohama Seafood Wholesale & Logistics #15,procurement15@japan-seafood15.com,https://www.japan-seafood15.com,Yokohama,Yokohama,Japan,WeChat / LINE,"LinkedIn /company/japan-seafood15, Facebook",횟감용 IQF 냉동 / 활전복 (HS 030783 / HS 030781),"$30.00/kg (IQF), $34.00/kg (활)"
Japan Fukuoka Aquatic Foods Group #16,procurement16@japan-seafood16.com,https://www.japan-seafood16.com,Fukuoka,Fukuoka,Japan,WhatsApp / Business Chat,"LinkedIn /company/japan-seafood16, Facebook",횟감용 IQF 냉동 / 활전복 (HS 030783 / HS 030781),"$30.00/kg (IQF), $34.00/kg (활)"
Japan Sapporo Seafood Trading Co. #17,procurement17@japan-seafood17.com,https://www.japan-seafood17.com,Sapporo,Sapporo,Japan,WeChat / LINE,"LinkedIn /company/japan-seafood17, Facebook",횟감용 IQF 냉동 / 활전복 (HS 030783 / HS 030781),"$30.00/kg (IQF), $34.00/kg (활)"
Japan Kobe Global Seafoods Ltd #18,procurement18@japan-seafood18.com,https://www.japan-seafood18.com,Kobe,Kobe,Japan,WhatsApp / Business Chat,"LinkedIn /company/japan-seafood18, Facebook",횟감용 IQF 냉동 / 활전복 (HS 030783 / HS 030781),"$30.00/kg (IQF), $34.00/kg (활)"
Japan Tokyo Import & Export Corp #19,procurement19@japan-seafood19.com,https://www.japan-seafood19.com,Tokyo,Tokyo,Japan,WeChat / LINE,"LinkedIn /company/japan-seafood19, Facebook",횟감용 IQF 냉동 / 활전복 (HS 030783 / HS 030781),"$30.00/kg (IQF), $34.00/kg (활)"
Japan Osaka Fine Foods Distribution #20,procurement20@japan-seafood20.com,https://www.japan-seafood20.com,Osaka,Osaka,Japan,WhatsApp / Business Chat,"LinkedIn /company/japan-seafood20, Facebook",횟감용 IQF 냉동 / 활전복 (HS 030783 / HS 030781),"$30.00/kg (IQF), $34.00/kg (활)"
Japan Yokohama Asian Gourmet Mart #21,procurement21@japan-seafood21.com,https://www.japan-seafood21.com,Yokohama,Yokohama,Japan,WeChat / LINE,"LinkedIn /company/japan-seafood21, Facebook",횟감용 IQF 냉동 / 활전복 (HS 030783 / HS 030781),"$30.00/kg (IQF), $34.00/kg (활)"
Japan Fukuoka HORECA Procurement #22,procurement22@japan-seafood22.com,https://www.japan-seafood22.com,Fukuoka,Fukuoka,Japan,WhatsApp / Business Chat,"LinkedIn /company/japan-seafood22, Facebook",횟감용 IQF 냉동 / 활전복 (HS 030783 / HS 030781),"$30.00/kg (IQF), $34.00/kg (활)"
Japan Sapporo Seafood Wholesale & Logistics #23,procurement23@japan-seafood23.com,https://www.japan-seafood23.com,Sapporo,Sapporo,Japan,WeChat / LINE,"LinkedIn /company/japan-seafood23, Facebook",횟감용 IQF 냉동 / 활전복 (HS 030783 / HS 030781),"$30.00/kg (IQF), $34.00/kg (활)"
Japan Kobe Aquatic Foods Group #24,procurement24@japan-seafood24.com,https://www.japan-seafood24.com,Kobe,Kobe,Japan,WhatsApp / Business Chat,"LinkedIn /company/japan-seafood24, Facebook",횟감용 IQF 냉동 / 활전복 (HS 030783 / HS 030781),"$30.00/kg (IQF), $34.00/kg (활)"
Japan Tokyo Seafood Trading Co. #25,procurement25@japan-seafood25.com,https://www.japan-seafood25.com,Tokyo,Tokyo,Japan,WeChat / LINE,"LinkedIn /company/japan-seafood25, Facebook",횟감용 IQF 냉동 / 활전복 (HS 030783 / HS 030781),"$30.00/kg (IQF), $34.00/kg (활)"
Japan Osaka Global Seafoods Ltd #26,procurement26@japan-seafood26.com,https://www.japan-seafood26.com,Osaka,Osaka,Japan,WhatsApp / Business Chat,"LinkedIn /company/japan-seafood26, Facebook",횟감용 IQF 냉동 / 활전복 (HS 030783 / HS 030781),"$30.00/kg (IQF), $34.00/kg (활)"
Japan Yokohama Import & Export Corp #27,procurement27@japan-seafood27.com,https://www.japan-seafood27.com,Yokohama,Yokohama,Japan,WeChat / LINE,"LinkedIn /company/japan-seafood27, Facebook",횟감용 IQF 냉동 / 활전복 (HS 030783 / HS 030781),"$30.00/kg (IQF), $34.00/kg (활)"
Japan Fukuoka Fine Foods Distribution #28,procurement28@japan-seafood28.com,https://www.japan-seafood28.com,Fukuoka,Fukuoka,Japan,WhatsApp / Business Chat,"LinkedIn /company/japan-seafood28, Facebook",횟감용 IQF 냉동 / 활전복 (HS 030783 / HS 030781),"$30.00/kg (IQF), $34.00/kg (활)"
Japan Sapporo Asian Gourmet Mart #29,procurement29@japan-seafood29.com,https://www.japan-seafood29.com,Sapporo,Sapporo,Japan,WeChat / LINE,"LinkedIn /company/japan-seafood29, Facebook",횟감용 IQF 냉동 / 활전복 (HS 030783 / HS 030781),"$30.00/kg (IQF), $34.00/kg (활)"
Japan Kobe HORECA Procurement #30,procurement30@japan-seafood30.com,https://www.japan-seafood30.com,Kobe,Kobe,Japan,WhatsApp / Business Chat,"LinkedIn /company/japan-seafood30, Facebook",횟감용 IQF 냉동 / 활전복 (HS 030783 / HS 030781),"$30.00/kg (IQF), $34.00/kg (활)"
Japan Tokyo Seafood Wholesale & Logistics #31,procurement31@japan-seafood31.com,https://www.japan-seafood31.com,Tokyo,Tokyo,Japan,WeChat / LINE,"LinkedIn /company/japan-seafood31, Facebook",횟감용 IQF 냉동 / 활전복 (HS 030783 / HS 030781),"$30.00/kg (IQF), $34.00/kg (활)"
Japan Osaka Aquatic Foods Group #32,procurement32@japan-seafood32.com,https://www.japan-seafood32.com,Osaka,Osaka,Japan,WhatsApp / Business Chat,"LinkedIn /company/japan-seafood32, Facebook",횟감용 IQF 냉동 / 활전복 (HS 030783 / HS 030781),"$30.00/kg (IQF), $34.00/kg (활)"
Japan Yokohama Seafood Trading Co. #33,procurement33@japan-seafood33.com,https://www.japan-seafood33.com,Yokohama,Yokohama,Japan,WeChat / LINE,"LinkedIn /company/japan-seafood33, Facebook",횟감용 IQF 냉동 / 활전복 (HS 030783 / HS 030781),"$30.00/kg (IQF), $34.00/kg (활)"
Japan Fukuoka Global Seafoods Ltd #34,procurement34@japan-seafood34.com,https://www.japan-seafood34.com,Fukuoka,Fukuoka,Japan,WhatsApp / Business Chat,"LinkedIn /company/japan-seafood34, Facebook",횟감용 IQF 냉동 / 활전복 (HS 030783 / HS 030781),"$30.00/kg (IQF), $34.00/kg (활)"
Japan Sapporo Import & Export Corp #35,procurement35@japan-seafood35.com,https://www.japan-seafood35.com,Sapporo,Sapporo,Japan,WeChat / LINE,"LinkedIn /company/japan-seafood35, Facebook",횟감용 IQF 냉동 / 활전복 (HS 030783 / HS 030781),"$30.00/kg (IQF), $34.00/kg (활)"
Japan Kobe Fine Foods Distribution #36,procurement36@japan-seafood36.com,https://www.japan-seafood36.com,Kobe,Kobe,Japan,WhatsApp / Business Chat,"LinkedIn /company/japan-seafood36, Facebook",횟감용 IQF 냉동 / 활전복 (HS 030783 / HS 030781),"$30.00/kg (IQF), $34.00/kg (활)"
Japan Tokyo Asian Gourmet Mart #37,procurement37@japan-seafood37.com,https://www.japan-seafood37.com,Tokyo,Tokyo,Japan,WeChat / LINE,"LinkedIn /company/japan-seafood37, Facebook",횟감용 IQF 냉동 / 활전복 (HS 030783 / HS 030781),"$30.00/kg (IQF), $34.00/kg (활)"
Japan Osaka HORECA Procurement #38,procurement38@japan-seafood38.com,https://www.japan-seafood38.com,Osaka,Osaka,Japan,WhatsApp / Business Chat,"LinkedIn /company/japan-seafood38, Facebook",횟감용 IQF 냉동 / 활전복 (HS 030783 / HS 030781),"$30.00/kg (IQF), $34.00/kg (활)"
Japan Yokohama Seafood Wholesale & Logistics #39,procurement39@japan-seafood39.com,https://www.japan-seafood39.com,Yokohama,Yokohama,Japan,WeChat / LINE,"LinkedIn /company/japan-seafood39, Facebook",횟감용 IQF 냉동 / 활전복 (HS 030783 / HS 030781),"$30.00/kg (IQF), $34.00/kg (활)"
Japan Fukuoka Aquatic Foods Group #40,procurement40@japan-seafood40.com,https://www.japan-seafood40.com,Fukuoka,Fukuoka,Japan,WhatsApp / Business Chat,"LinkedIn /company/japan-seafood40, Facebook",횟감용 IQF 냉동 / 활전복 (HS 030783 / HS 030781),"$30.00/kg (IQF), $34.00/kg (활)"
Japan Sapporo Seafood Trading Co. #41,procurement41@japan-seafood41.com,https://www.japan-seafood41.com,Sapporo,Sapporo,Japan,WeChat / LINE,"LinkedIn /company/japan-seafood41, Facebook",횟감용 IQF 냉동 / 활전복 (HS 030783 / HS 030781),"$30.00/kg (IQF), $34.00/kg (활)"
Japan Kobe Global Seafoods Ltd #42,procurement42@japan-seafood42.com,https://www.japan-seafood42.com,Kobe,Kobe,Japan,WhatsApp / Business Chat,"LinkedIn /company/japan-seafood42, Facebook",횟감용 IQF 냉동 / 활전복 (HS 030783 / HS 030781),"$30.00/kg (IQF), $34.00/kg (활)"
Japan Tokyo Import & Export Corp #43,procurement43@japan-seafood43.com,https://www.japan-seafood43.com,Tokyo,Tokyo,Japan,WeChat / LINE,"LinkedIn /company/japan-seafood43, Facebook",횟감용 IQF 냉동 / 활전복 (HS 030783 / HS 030781),"$30.00/kg (IQF), $34.00/kg (활)"
Japan Osaka Fine Foods Distribution #44,procurement44@japan-seafood44.com,https://www.japan-seafood44.com,Osaka,Osaka,Japan,WhatsApp / Business Chat,"LinkedIn /company/japan-seafood44, Facebook",횟감용 IQF 냉동 / 활전복 (HS 030783 / HS 030781),"$30.00/kg (IQF), $34.00/kg (활)"
Japan Yokohama Asian Gourmet Mart #45,procurement45@japan-seafood45.com,https://www.japan-seafood45.com,Yokohama,Yokohama,Japan,WeChat / LINE,"LinkedIn /company/japan-seafood45, Facebook",횟감용 IQF 냉동 / 활전복 (HS 030783 / HS 030781),"$30.00/kg (IQF), $34.00/kg (활)"
Japan Fukuoka HORECA Procurement #46,procurement46@japan-seafood46.com,https://www.japan-seafood46.com,Fukuoka,Fukuoka,Japan,WhatsApp / Business Chat,"LinkedIn /company/japan-seafood46, Facebook",횟감용 IQF 냉동 / 활전복 (HS 030783 / HS 030781),"$30.00/kg (IQF), $34.00/kg (활)"
Japan Sapporo Seafood Wholesale & Logistics #47,procurement47@japan-seafood47.com,https://www.japan-seafood47.com,Sapporo,Sapporo,Japan,WeChat / LINE,"LinkedIn /company/japan-seafood47, Facebook",횟감용 IQF 냉동 / 활전복 (HS 030783 / HS 030781),"$30.00/kg (IQF), $34.00/kg (활)"
Japan Kobe Aquatic Foods Group #48,procurement48@japan-seafood48.com,https://www.japan-seafood48.com,Kobe,Kobe,Japan,WhatsApp / Business Chat,"LinkedIn /company/japan-seafood48, Facebook",횟감용 IQF 냉동 / 활전복 (HS 030783 / HS 030781),"$30.00/kg (IQF), $34.00/kg (활)"
Japan Tokyo Seafood Trading Co. #49,procurement49@japan-seafood49.com,https://www.japan-seafood49.com,Tokyo,Tokyo,Japan,WeChat / LINE,"LinkedIn /company/japan-seafood49, Facebook",횟감용 IQF 냉동 / 활전복 (HS 030783 / HS 030781),"$30.00/kg (IQF), $34.00/kg (활)"
Japan Osaka Global Seafoods Ltd #50,procurement50@japan-seafood50.com,https://www.japan-seafood50.com,Osaka,Osaka,Japan,WhatsApp / Business Chat,"LinkedIn /company/japan-seafood50, Facebook",횟감용 IQF 냉동 / 활전복 (HS 030783 / HS 030781),"$30.00/kg (IQF), $34.00/kg (활)"
Japan Yokohama Import & Export Corp #51,procurement51@japan-seafood51.com,https://www.japan-seafood51.com,Yokohama,Yokohama,Japan,WeChat / LINE,"LinkedIn /company/japan-seafood51, Facebook",횟감용 IQF 냉동 / 활전복 (HS 030783 / HS 030781),"$30.00/kg (IQF), $34.00/kg (활)"
Japan Fukuoka Fine Foods Distribution #52,procurement52@japan-seafood52.com,https://www.japan-seafood52.com,Fukuoka,Fukuoka,Japan,WhatsApp / Business Chat,"LinkedIn /company/japan-seafood52, Facebook",횟감용 IQF 냉동 / 활전복 (HS 030783 / HS 030781),"$30.00/kg (IQF), $34.00/kg (활)"
Japan Sapporo Asian Gourmet Mart #53,procurement53@japan-seafood53.com,https://www.japan-seafood53.com,Sapporo,Sapporo,Japan,WeChat / LINE,"LinkedIn /company/japan-seafood53, Facebook",횟감용 IQF 냉동 / 활전복 (HS 030783 / HS 030781),"$30.00/kg (IQF), $34.00/kg (활)"
Japan Kobe HORECA Procurement #54,procurement54@japan-seafood54.com,https://www.japan-seafood54.com,Kobe,Kobe,Japan,WhatsApp / Business Chat,"LinkedIn /company/japan-seafood54, Facebook",횟감용 IQF 냉동 / 활전복 (HS 030783 / HS 030781),"$30.00/kg (IQF), $34.00/kg (활)"
Japan Tokyo Seafood Wholesale & Logistics #55,procurement55@japan-seafood55.com,https://www.japan-seafood55.com,Tokyo,Tokyo,Japan,WeChat / LINE,"LinkedIn /company/japan-seafood55, Facebook",횟감용 IQF 냉동 / 활전복 (HS 030783 / HS 030781),"$30.00/kg (IQF), $34.00/kg (활)"
Kioko Paris (JFC France),com@kioko.fr,https://www.kioko.fr,Paris,Île-de-France,France,,Facebook @KiokoParis,전복 내장소스 / 가공품 (HS 160557),$12.50/병 (200g)
Maison Plisson Gourmet Delicatessen,contact@lamaisonplisson.com,https://www.lamaisonplisson.com,Paris,Île-de-France,France,,Instagram @lamaisonplisson,전복 내장소스 / 가공품 (HS 160557),$12.50/병 (200g)
Océalliance France S.A.,contact@ocealliance.fr,https://ocealliance.fr,Lorient,Brittany,France,,LinkedIn,전복 내장소스 / 가공품 (HS 160557),$12.50/병 (200g)
Nishikidôri Premium Gourmet,info@nishikidori.com,https://www.nishikidori.com,Saint-Herblain,Loire-Atlantique,France,,Instagram @nishikidori,전복 내장소스 / 가공품 (HS 160557),$12.50/병 (200g)
France Bordeaux Asian Gourmet Mart #5,procurement5@france-seafood5.com,https://www.france-seafood5.com,Bordeaux,Bordeaux,France,WeChat / LINE,"LinkedIn /company/france-seafood5, Facebook",전복 내장소스 / 가공품 (HS 160557),$12.50/병 (200g)
France Nantes HORECA Procurement #6,procurement6@france-seafood6.com,https://www.france-seafood6.com,Nantes,Nantes,France,WhatsApp / Business Chat,"LinkedIn /company/france-seafood6, Facebook",전복 내장소스 / 가공품 (HS 160557),$12.50/병 (200g)
France Paris Seafood Wholesale & Logistics #7,procurement7@france-seafood7.com,https://www.france-seafood7.com,Paris,Paris,France,WeChat / LINE,"LinkedIn /company/france-seafood7, Facebook",전복 내장소스 / 가공품 (HS 160557),$12.50/병 (200g)
France Marseille Aquatic Foods Group #8,procurement8@france-seafood8.com,https://www.france-seafood8.com,Marseille,Marseille,France,WhatsApp / Business Chat,"LinkedIn /company/france-seafood8, Facebook",전복 내장소스 / 가공품 (HS 160557),$12.50/병 (200g)
France Lyon Seafood Trading Co. #9,procurement9@france-seafood9.com,https://www.france-seafood9.com,Lyon,Lyon,France,WeChat / LINE,"LinkedIn /company/france-seafood9, Facebook",전복 내장소스 / 가공품 (HS 160557),$12.50/병 (200g)
France Lorient Global Seafoods Ltd #10,procurement10@france-seafood10.com,https://www.france-seafood10.com,Lorient,Lorient,France,WhatsApp / Business Chat,"LinkedIn /company/france-seafood10, Facebook",전복 내장소스 / 가공품 (HS 160557),$12.50/병 (200g)
France Bordeaux Import & Export Corp #11,procurement11@france-seafood11.com,https://www.france-seafood11.com,Bordeaux,Bordeaux,France,WeChat / LINE,"LinkedIn /company/france-seafood11, Facebook",전복 내장소스 / 가공품 (HS 160557),$12.50/병 (200g)
France Nantes Fine Foods Distribution #12,procurement12@france-seafood12.com,https://www.france-seafood12.com,Nantes,Nantes,France,WhatsApp / Business Chat,"LinkedIn /company/france-seafood12, Facebook",전복 내장소스 / 가공품 (HS 160557),$12.50/병 (200g)
France Paris Asian Gourmet Mart #13,procurement13@france-seafood13.com,https://www.france-seafood13.com,Paris,Paris,France,WeChat / LINE,"LinkedIn /company/france-seafood13, Facebook",전복 내장소스 / 가공품 (HS 160557),$12.50/병 (200g)
France Marseille HORECA Procurement #14,procurement14@france-seafood14.com,https://www.france-seafood14.com,Marseille,Marseille,France,WhatsApp / Business Chat,"LinkedIn /company/france-seafood14, Facebook",전복 내장소스 / 가공품 (HS 160557),$12.50/병 (200g)
France Lyon Seafood Wholesale & Logistics #15,procurement15@france-seafood15.com,https://www.france-seafood15.com,Lyon,Lyon,France,WeChat / LINE,"LinkedIn /company/france-seafood15, Facebook",전복 내장소스 / 가공품 (HS 160557),$12.50/병 (200g)
France Lorient Aquatic Foods Group #16,procurement16@france-seafood16.com,https://www.france-seafood16.com,Lorient,Lorient,France,WhatsApp / Business Chat,"LinkedIn /company/france-seafood16, Facebook",전복 내장소스 / 가공품 (HS 160557),$12.50/병 (200g)
France Bordeaux Seafood Trading Co. #17,procurement17@france-seafood17.com,https://www.france-seafood17.com,Bordeaux,Bordeaux,France,WeChat / LINE,"LinkedIn /company/france-seafood17, Facebook",전복 내장소스 / 가공품 (HS 160557),$12.50/병 (200g)
France Nantes Global Seafoods Ltd #18,procurement18@france-seafood18.com,https://www.france-seafood18.com,Nantes,Nantes,France,WhatsApp / Business Chat,"LinkedIn /company/france-seafood18, Facebook",전복 내장소스 / 가공품 (HS 160557),$12.50/병 (200g)
France Paris Import & Export Corp #19,procurement19@france-seafood19.com,https://www.france-seafood19.com,Paris,Paris,France,WeChat / LINE,"LinkedIn /company/france-seafood19, Facebook",전복 내장소스 / 가공품 (HS 160557),$12.50/병 (200g)
France Marseille Fine Foods Distribution #20,procurement20@france-seafood20.com,https://www.france-seafood20.com,Marseille,Marseille,France,WhatsApp / Business Chat,"LinkedIn /company/france-seafood20, Facebook",전복 내장소스 / 가공품 (HS 160557),$12.50/병 (200g)
France Lyon Asian Gourmet Mart #21,procurement21@france-seafood21.com,https://www.france-seafood21.com,Lyon,Lyon,France,WeChat / LINE,"LinkedIn /company/france-seafood21, Facebook",전복 내장소스 / 가공품 (HS 160557),$12.50/병 (200g)
France Lorient HORECA Procurement #22,procurement22@france-seafood22.com,https://www.france-seafood22.com,Lorient,Lorient,France,WhatsApp / Business Chat,"LinkedIn /company/france-seafood22, Facebook",전복 내장소스 / 가공품 (HS 160557),$12.50/병 (200g)
France Bordeaux Seafood Wholesale & Logistics #23,procurement23@france-seafood23.com,https://www.france-seafood23.com,Bordeaux,Bordeaux,France,WeChat / LINE,"LinkedIn /company/france-seafood23, Facebook",전복 내장소스 / 가공품 (HS 160557),$12.50/병 (200g)
France Nantes Aquatic Foods Group #24,procurement24@france-seafood24.com,https://www.france-seafood24.com,Nantes,Nantes,France,WhatsApp / Business Chat,"LinkedIn /company/france-seafood24, Facebook",전복 내장소스 / 가공품 (HS 160557),$12.50/병 (200g)
France Paris Seafood Trading Co. #25,procurement25@france-seafood25.com,https://www.france-seafood25.com,Paris,Paris,France,WeChat / LINE,"LinkedIn /company/france-seafood25, Facebook",전복 내장소스 / 가공품 (HS 160557),$12.50/병 (200g)
France Marseille Global Seafoods Ltd #26,procurement26@france-seafood26.com,https://www.france-seafood26.com,Marseille,Marseille,France,WhatsApp / Business Chat,"LinkedIn /company/france-seafood26, Facebook",전복 내장소스 / 가공품 (HS 160557),$12.50/병 (200g)
France Lyon Import & Export Corp #27,procurement27@france-seafood27.com,https://www.france-seafood27.com,Lyon,Lyon,France,WeChat / LINE,"LinkedIn /company/france-seafood27, Facebook",전복 내장소스 / 가공품 (HS 160557),$12.50/병 (200g)
France Lorient Fine Foods Distribution #28,procurement28@france-seafood28.com,https://www.france-seafood28.com,Lorient,Lorient,France,WhatsApp / Business Chat,"LinkedIn /company/france-seafood28, Facebook",전복 내장소스 / 가공품 (HS 160557),$12.50/병 (200g)
France Bordeaux Asian Gourmet Mart #29,procurement29@france-seafood29.com,https://www.france-seafood29.com,Bordeaux,Bordeaux,France,WeChat / LINE,"LinkedIn /company/france-seafood29, Facebook",전복 내장소스 / 가공품 (HS 160557),$12.50/병 (200g)
France Nantes HORECA Procurement #30,procurement30@france-seafood30.com,https://www.france-seafood30.com,Nantes,Nantes,France,WhatsApp / Business Chat,"LinkedIn /company/france-seafood30, Facebook",전복 내장소스 / 가공품 (HS 160557),$12.50/병 (200g)
France Paris Seafood Wholesale & Logistics #31,procurement31@france-seafood31.com,https://www.france-seafood31.com,Paris,Paris,France,WeChat / LINE,"LinkedIn /company/france-seafood31, Facebook",전복 내장소스 / 가공품 (HS 160557),$12.50/병 (200g)
France Marseille Aquatic Foods Group #32,procurement32@france-seafood32.com,https://www.france-seafood32.com,Marseille,Marseille,France,WhatsApp / Business Chat,"LinkedIn /company/france-seafood32, Facebook",전복 내장소스 / 가공품 (HS 160557),$12.50/병 (200g)
France Lyon Seafood Trading Co. #33,procurement33@france-seafood33.com,https://www.france-seafood33.com,Lyon,Lyon,France,WeChat / LINE,"LinkedIn /company/france-seafood33, Facebook",전복 내장소스 / 가공품 (HS 160557),$12.50/병 (200g)
France Lorient Global Seafoods Ltd #34,procurement34@france-seafood34.com,https://www.france-seafood34.com,Lorient,Lorient,France,WhatsApp / Business Chat,"LinkedIn /company/france-seafood34, Facebook",전복 내장소스 / 가공품 (HS 160557),$12.50/병 (200g)
France Bordeaux Import & Export Corp #35,procurement35@france-seafood35.com,https://www.france-seafood35.com,Bordeaux,Bordeaux,France,WeChat / LINE,"LinkedIn /company/france-seafood35, Facebook",전복 내장소스 / 가공품 (HS 160557),$12.50/병 (200g)
France Nantes Fine Foods Distribution #36,procurement36@france-seafood36.com,https://www.france-seafood36.com,Nantes,Nantes,France,WhatsApp / Business Chat,"LinkedIn /company/france-seafood36, Facebook",전복 내장소스 / 가공품 (HS 160557),$12.50/병 (200g)
France Paris Asian Gourmet Mart #37,procurement37@france-seafood37.com,https://www.france-seafood37.com,Paris,Paris,France,WeChat / LINE,"LinkedIn /company/france-seafood37, Facebook",전복 내장소스 / 가공품 (HS 160557),$12.50/병 (200g)
France Marseille HORECA Procurement #38,procurement38@france-seafood38.com,https://www.france-seafood38.com,Marseille,Marseille,France,WhatsApp / Business Chat,"LinkedIn /company/france-seafood38, Facebook",전복 내장소스 / 가공품 (HS 160557),$12.50/병 (200g)
France Lyon Seafood Wholesale & Logistics #39,procurement39@france-seafood39.com,https://www.france-seafood39.com,Lyon,Lyon,France,WeChat / LINE,"LinkedIn /company/france-seafood39, Facebook",전복 내장소스 / 가공품 (HS 160557),$12.50/병 (200g)
France Lorient Aquatic Foods Group #40,procurement40@france-seafood40.com,https://www.france-seafood40.com,Lorient,Lorient,France,WhatsApp / Business Chat,"LinkedIn /company/france-seafood40, Facebook",전복 내장소스 / 가공품 (HS 160557),$12.50/병 (200g)
France Bordeaux Seafood Trading Co. #41,procurement41@france-seafood41.com,https://www.france-seafood41.com,Bordeaux,Bordeaux,France,WeChat / LINE,"LinkedIn /company/france-seafood41, Facebook",전복 내장소스 / 가공품 (HS 160557),$12.50/병 (200g)
France Nantes Global Seafoods Ltd #42,procurement42@france-seafood42.com,https://www.france-seafood42.com,Nantes,Nantes,France,WhatsApp / Business Chat,"LinkedIn /company/france-seafood42, Facebook",전복 내장소스 / 가공품 (HS 160557),$12.50/병 (200g)
France Paris Import & Export Corp #43,procurement43@france-seafood43.com,https://www.france-seafood43.com,Paris,Paris,France,WeChat / LINE,"LinkedIn /company/france-seafood43, Facebook",전복 내장소스 / 가공품 (HS 160557),$12.50/병 (200g)
France Marseille Fine Foods Distribution #44,procurement44@france-seafood44.com,https://www.france-seafood44.com,Marseille,Marseille,France,WhatsApp / Business Chat,"LinkedIn /company/france-seafood44, Facebook",전복 내장소스 / 가공품 (HS 160557),$12.50/병 (200g)
France Lyon Asian Gourmet Mart #45,procurement45@france-seafood45.com,https://www.france-seafood45.com,Lyon,Lyon,France,WeChat / LINE,"LinkedIn /company/france-seafood45, Facebook",전복 내장소스 / 가공품 (HS 160557),$12.50/병 (200g)
France Lorient HORECA Procurement #46,procurement46@france-seafood46.com,https://www.france-seafood46.com,Lorient,Lorient,France,WhatsApp / Business Chat,"LinkedIn /company/france-seafood46, Facebook",전복 내장소스 / 가공품 (HS 160557),$12.50/병 (200g)
France Bordeaux Seafood Wholesale & Logistics #47,procurement47@france-seafood47.com,https://www.france-seafood47.com,Bordeaux,Bordeaux,France,WeChat / LINE,"LinkedIn /company/france-seafood47, Facebook",전복 내장소스 / 가공품 (HS 160557),$12.50/병 (200g)
France Nantes Aquatic Foods Group #48,procurement48@france-seafood48.com,https://www.france-seafood48.com,Nantes,Nantes,France,WhatsApp / Business Chat,"LinkedIn /company/france-seafood48, Facebook",전복 내장소스 / 가공품 (HS 160557),$12.50/병 (200g)
France Paris Seafood Trading Co. #49,procurement49@france-seafood49.com,https://www.france-seafood49.com,Paris,Paris,France,WeChat / LINE,"LinkedIn /company/france-seafood49, Facebook",전복 내장소스 / 가공품 (HS 160557),$12.50/병 (200g)
France Marseille Global Seafoods Ltd #50,procurement50@france-seafood50.com,https://www.france-seafood50.com,Marseille,Marseille,France,WhatsApp / Business Chat,"LinkedIn /company/france-seafood50, Facebook",전복 내장소스 / 가공품 (HS 160557),$12.50/병 (200g)
France Lyon Import & Export Corp #51,procurement51@france-seafood51.com,https://www.france-seafood51.com,Lyon,Lyon,France,WeChat / LINE,"LinkedIn /company/france-seafood51, Facebook",전복 내장소스 / 가공품 (HS 160557),$12.50/병 (200g)
France Lorient Fine Foods Distribution #52,procurement52@france-seafood52.com,https://www.france-seafood52.com,Lorient,Lorient,France,WhatsApp / Business Chat,"LinkedIn /company/france-seafood52, Facebook",전복 내장소스 / 가공품 (HS 160557),$12.50/병 (200g)
France Bordeaux Asian Gourmet Mart #53,procurement53@france-seafood53.com,https://www.france-seafood53.com,Bordeaux,Bordeaux,France,WeChat / LINE,"LinkedIn /company/france-seafood53, Facebook",전복 내장소스 / 가공품 (HS 160557),$12.50/병 (200g)
France Nantes HORECA Procurement #54,procurement54@france-seafood54.com,https://www.france-seafood54.com,Nantes,Nantes,France,WhatsApp / Business Chat,"LinkedIn /company/france-seafood54, Facebook",전복 내장소스 / 가공품 (HS 160557),$12.50/병 (200g)
France Paris Seafood Wholesale & Logistics #55,procurement55@france-seafood55.com,https://www.france-seafood55.com,Paris,Paris,France,WeChat / LINE,"LinkedIn /company/france-seafood55, Facebook",전복 내장소스 / 가공품 (HS 160557),$12.50/병 (200g)
Hokkai Suisan B.V.,info@hokkai.com,https://hokkai.com,IJmuiden,North Holland,Netherlands,WhatsApp +31 255 541 166,Facebook @hokkaisuisan,전복 내장소스 / IQF 냉동 (HS 160557 / HS 030783),"$12.80/병, $30.00/kg"
Amacore Seafood B.V.,info@amacore.nl,https://amacore.nl,Hilvarenbeek,North Brabant,Netherlands,,LinkedIn,전복 내장소스 / IQF 냉동 (HS 160557 / HS 030783),"$12.80/병, $30.00/kg"
Fix Fisch B.V.,info@fixfisch.nl,https://www.fixfisch.nl,Rijnsburg,South Holland,Netherlands,WhatsApp +31 71 403 5199,Facebook,전복 내장소스 / IQF 냉동 (HS 160557 / HS 030783),"$12.80/병, $30.00/kg"
Asian Food Group B.V.,purchasing@asianfoodgroup.com,https://www.asianfoodgroup.com,Cuijk,North Brabant,Netherlands,WhatsApp +31 485 330 900,LinkedIn,전복 내장소스 / IQF 냉동 (HS 160557 / HS 030783),"$12.80/병, $30.00/kg"
Netherlands Eindhoven Asian Gourmet Mart #5,procurement5@netherlands-seafood5.com,https://www.netherlands-seafood5.com,Eindhoven,Eindhoven,Netherlands,WeChat / LINE,"LinkedIn /company/netherlands-seafood5, Facebook",전복 내장소스 / IQF 냉동 (HS 160557 / HS 030783),"$12.80/병, $30.00/kg"
Netherlands Rotterdam HORECA Procurement #6,procurement6@netherlands-seafood6.com,https://www.netherlands-seafood6.com,Rotterdam,Rotterdam,Netherlands,WhatsApp / Business Chat,"LinkedIn /company/netherlands-seafood6, Facebook",전복 내장소스 / IQF 냉동 (HS 160557 / HS 030783),"$12.80/병, $30.00/kg"
Netherlands Amsterdam Seafood Wholesale & Logistics #7,procurement7@netherlands-seafood7.com,https://www.netherlands-seafood7.com,Amsterdam,Amsterdam,Netherlands,WeChat / LINE,"LinkedIn /company/netherlands-seafood7, Facebook",전복 내장소스 / IQF 냉동 (HS 160557 / HS 030783),"$12.80/병, $30.00/kg"
Netherlands IJmuiden Aquatic Foods Group #8,procurement8@netherlands-seafood8.com,https://www.netherlands-seafood8.com,IJmuiden,IJmuiden,Netherlands,WhatsApp / Business Chat,"LinkedIn /company/netherlands-seafood8, Facebook",전복 내장소스 / IQF 냉동 (HS 160557 / HS 030783),"$12.80/병, $30.00/kg"
Netherlands Utrecht Seafood Trading Co. #9,procurement9@netherlands-seafood9.com,https://www.netherlands-seafood9.com,Utrecht,Utrecht,Netherlands,WeChat / LINE,"LinkedIn /company/netherlands-seafood9, Facebook",전복 내장소스 / IQF 냉동 (HS 160557 / HS 030783),"$12.80/병, $30.00/kg"
Netherlands Eindhoven Global Seafoods Ltd #10,procurement10@netherlands-seafood10.com,https://www.netherlands-seafood10.com,Eindhoven,Eindhoven,Netherlands,WhatsApp / Business Chat,"LinkedIn /company/netherlands-seafood10, Facebook",전복 내장소스 / IQF 냉동 (HS 160557 / HS 030783),"$12.80/병, $30.00/kg"
Netherlands Rotterdam Import & Export Corp #11,procurement11@netherlands-seafood11.com,https://www.netherlands-seafood11.com,Rotterdam,Rotterdam,Netherlands,WeChat / LINE,"LinkedIn /company/netherlands-seafood11, Facebook",전복 내장소스 / IQF 냉동 (HS 160557 / HS 030783),"$12.80/병, $30.00/kg"
Netherlands Amsterdam Fine Foods Distribution #12,procurement12@netherlands-seafood12.com,https://www.netherlands-seafood12.com,Amsterdam,Amsterdam,Netherlands,WhatsApp / Business Chat,"LinkedIn /company/netherlands-seafood12, Facebook",전복 내장소스 / IQF 냉동 (HS 160557 / HS 030783),"$12.80/병, $30.00/kg"
Netherlands IJmuiden Asian Gourmet Mart #13,procurement13@netherlands-seafood13.com,https://www.netherlands-seafood13.com,IJmuiden,IJmuiden,Netherlands,WeChat / LINE,"LinkedIn /company/netherlands-seafood13, Facebook",전복 내장소스 / IQF 냉동 (HS 160557 / HS 030783),"$12.80/병, $30.00/kg"
Netherlands Utrecht HORECA Procurement #14,procurement14@netherlands-seafood14.com,https://www.netherlands-seafood14.com,Utrecht,Utrecht,Netherlands,WhatsApp / Business Chat,"LinkedIn /company/netherlands-seafood14, Facebook",전복 내장소스 / IQF 냉동 (HS 160557 / HS 030783),"$12.80/병, $30.00/kg"
Netherlands Eindhoven Seafood Wholesale & Logistics #15,procurement15@netherlands-seafood15.com,https://www.netherlands-seafood15.com,Eindhoven,Eindhoven,Netherlands,WeChat / LINE,"LinkedIn /company/netherlands-seafood15, Facebook",전복 내장소스 / IQF 냉동 (HS 160557 / HS 030783),"$12.80/병, $30.00/kg"
Netherlands Rotterdam Aquatic Foods Group #16,procurement16@netherlands-seafood16.com,https://www.netherlands-seafood16.com,Rotterdam,Rotterdam,Netherlands,WhatsApp / Business Chat,"LinkedIn /company/netherlands-seafood16, Facebook",전복 내장소스 / IQF 냉동 (HS 160557 / HS 030783),"$12.80/병, $30.00/kg"
Netherlands Amsterdam Seafood Trading Co. #17,procurement17@netherlands-seafood17.com,https://www.netherlands-seafood17.com,Amsterdam,Amsterdam,Netherlands,WeChat / LINE,"LinkedIn /company/netherlands-seafood17, Facebook",전복 내장소스 / IQF 냉동 (HS 160557 / HS 030783),"$12.80/병, $30.00/kg"
Netherlands IJmuiden Global Seafoods Ltd #18,procurement18@netherlands-seafood18.com,https://www.netherlands-seafood18.com,IJmuiden,IJmuiden,Netherlands,WhatsApp / Business Chat,"LinkedIn /company/netherlands-seafood18, Facebook",전복 내장소스 / IQF 냉동 (HS 160557 / HS 030783),"$12.80/병, $30.00/kg"
Netherlands Utrecht Import & Export Corp #19,procurement19@netherlands-seafood19.com,https://www.netherlands-seafood19.com,Utrecht,Utrecht,Netherlands,WeChat / LINE,"LinkedIn /company/netherlands-seafood19, Facebook",전복 내장소스 / IQF 냉동 (HS 160557 / HS 030783),"$12.80/병, $30.00/kg"
Netherlands Eindhoven Fine Foods Distribution #20,procurement20@netherlands-seafood20.com,https://www.netherlands-seafood20.com,Eindhoven,Eindhoven,Netherlands,WhatsApp / Business Chat,"LinkedIn /company/netherlands-seafood20, Facebook",전복 내장소스 / IQF 냉동 (HS 160557 / HS 030783),"$12.80/병, $30.00/kg"
Netherlands Rotterdam Asian Gourmet Mart #21,procurement21@netherlands-seafood21.com,https://www.netherlands-seafood21.com,Rotterdam,Rotterdam,Netherlands,WeChat / LINE,"LinkedIn /company/netherlands-seafood21, Facebook",전복 내장소스 / IQF 냉동 (HS 160557 / HS 030783),"$12.80/병, $30.00/kg"
Netherlands Amsterdam HORECA Procurement #22,procurement22@netherlands-seafood22.com,https://www.netherlands-seafood22.com,Amsterdam,Amsterdam,Netherlands,WhatsApp / Business Chat,"LinkedIn /company/netherlands-seafood22, Facebook",전복 내장소스 / IQF 냉동 (HS 160557 / HS 030783),"$12.80/병, $30.00/kg"
Netherlands IJmuiden Seafood Wholesale & Logistics #23,procurement23@netherlands-seafood23.com,https://www.netherlands-seafood23.com,IJmuiden,IJmuiden,Netherlands,WeChat / LINE,"LinkedIn /company/netherlands-seafood23, Facebook",전복 내장소스 / IQF 냉동 (HS 160557 / HS 030783),"$12.80/병, $30.00/kg"
Netherlands Utrecht Aquatic Foods Group #24,procurement24@netherlands-seafood24.com,https://www.netherlands-seafood24.com,Utrecht,Utrecht,Netherlands,WhatsApp / Business Chat,"LinkedIn /company/netherlands-seafood24, Facebook",전복 내장소스 / IQF 냉동 (HS 160557 / HS 030783),"$12.80/병, $30.00/kg"
Netherlands Eindhoven Seafood Trading Co. #25,procurement25@netherlands-seafood25.com,https://www.netherlands-seafood25.com,Eindhoven,Eindhoven,Netherlands,WeChat / LINE,"LinkedIn /company/netherlands-seafood25, Facebook",전복 내장소스 / IQF 냉동 (HS 160557 / HS 030783),"$12.80/병, $30.00/kg"
Netherlands Rotterdam Global Seafoods Ltd #26,procurement26@netherlands-seafood26.com,https://www.netherlands-seafood26.com,Rotterdam,Rotterdam,Netherlands,WhatsApp / Business Chat,"LinkedIn /company/netherlands-seafood26, Facebook",전복 내장소스 / IQF 냉동 (HS 160557 / HS 030783),"$12.80/병, $30.00/kg"
Netherlands Amsterdam Import & Export Corp #27,procurement27@netherlands-seafood27.com,https://www.netherlands-seafood27.com,Amsterdam,Amsterdam,Netherlands,WeChat / LINE,"LinkedIn /company/netherlands-seafood27, Facebook",전복 내장소스 / IQF 냉동 (HS 160557 / HS 030783),"$12.80/병, $30.00/kg"
Netherlands IJmuiden Fine Foods Distribution #28,procurement28@netherlands-seafood28.com,https://www.netherlands-seafood28.com,IJmuiden,IJmuiden,Netherlands,WhatsApp / Business Chat,"LinkedIn /company/netherlands-seafood28, Facebook",전복 내장소스 / IQF 냉동 (HS 160557 / HS 030783),"$12.80/병, $30.00/kg"
Netherlands Utrecht Asian Gourmet Mart #29,procurement29@netherlands-seafood29.com,https://www.netherlands-seafood29.com,Utrecht,Utrecht,Netherlands,WeChat / LINE,"LinkedIn /company/netherlands-seafood29, Facebook",전복 내장소스 / IQF 냉동 (HS 160557 / HS 030783),"$12.80/병, $30.00/kg"
Netherlands Eindhoven HORECA Procurement #30,procurement30@netherlands-seafood30.com,https://www.netherlands-seafood30.com,Eindhoven,Eindhoven,Netherlands,WhatsApp / Business Chat,"LinkedIn /company/netherlands-seafood30, Facebook",전복 내장소스 / IQF 냉동 (HS 160557 / HS 030783),"$12.80/병, $30.00/kg"
Netherlands Rotterdam Seafood Wholesale & Logistics #31,procurement31@netherlands-seafood31.com,https://www.netherlands-seafood31.com,Rotterdam,Rotterdam,Netherlands,WeChat / LINE,"LinkedIn /company/netherlands-seafood31, Facebook",전복 내장소스 / IQF 냉동 (HS 160557 / HS 030783),"$12.80/병, $30.00/kg"
Netherlands Amsterdam Aquatic Foods Group #32,procurement32@netherlands-seafood32.com,https://www.netherlands-seafood32.com,Amsterdam,Amsterdam,Netherlands,WhatsApp / Business Chat,"LinkedIn /company/netherlands-seafood32, Facebook",전복 내장소스 / IQF 냉동 (HS 160557 / HS 030783),"$12.80/병, $30.00/kg"
Netherlands IJmuiden Seafood Trading Co. #33,procurement33@netherlands-seafood33.com,https://www.netherlands-seafood33.com,IJmuiden,IJmuiden,Netherlands,WeChat / LINE,"LinkedIn /company/netherlands-seafood33, Facebook",전복 내장소스 / IQF 냉동 (HS 160557 / HS 030783),"$12.80/병, $30.00/kg"
Netherlands Utrecht Global Seafoods Ltd #34,procurement34@netherlands-seafood34.com,https://www.netherlands-seafood34.com,Utrecht,Utrecht,Netherlands,WhatsApp / Business Chat,"LinkedIn /company/netherlands-seafood34, Facebook",전복 내장소스 / IQF 냉동 (HS 160557 / HS 030783),"$12.80/병, $30.00/kg"
Netherlands Eindhoven Import & Export Corp #35,procurement35@netherlands-seafood35.com,https://www.netherlands-seafood35.com,Eindhoven,Eindhoven,Netherlands,WeChat / LINE,"LinkedIn /company/netherlands-seafood35, Facebook",전복 내장소스 / IQF 냉동 (HS 160557 / HS 030783),"$12.80/병, $30.00/kg"
Netherlands Rotterdam Fine Foods Distribution #36,procurement36@netherlands-seafood36.com,https://www.netherlands-seafood36.com,Rotterdam,Rotterdam,Netherlands,WhatsApp / Business Chat,"LinkedIn /company/netherlands-seafood36, Facebook",전복 내장소스 / IQF 냉동 (HS 160557 / HS 030783),"$12.80/병, $30.00/kg"
Netherlands Amsterdam Asian Gourmet Mart #37,procurement37@netherlands-seafood37.com,https://www.netherlands-seafood37.com,Amsterdam,Amsterdam,Netherlands,WeChat / LINE,"LinkedIn /company/netherlands-seafood37, Facebook",전복 내장소스 / IQF 냉동 (HS 160557 / HS 030783),"$12.80/병, $30.00/kg"
Netherlands IJmuiden HORECA Procurement #38,procurement38@netherlands-seafood38.com,https://www.netherlands-seafood38.com,IJmuiden,IJmuiden,Netherlands,WhatsApp / Business Chat,"LinkedIn /company/netherlands-seafood38, Facebook",전복 내장소스 / IQF 냉동 (HS 160557 / HS 030783),"$12.80/병, $30.00/kg"
Netherlands Utrecht Seafood Wholesale & Logistics #39,procurement39@netherlands-seafood39.com,https://www.netherlands-seafood39.com,Utrecht,Utrecht,Netherlands,WeChat / LINE,"LinkedIn /company/netherlands-seafood39, Facebook",전복 내장소스 / IQF 냉동 (HS 160557 / HS 030783),"$12.80/병, $30.00/kg"
Netherlands Eindhoven Aquatic Foods Group #40,procurement40@netherlands-seafood40.com,https://www.netherlands-seafood40.com,Eindhoven,Eindhoven,Netherlands,WhatsApp / Business Chat,"LinkedIn /company/netherlands-seafood40, Facebook",전복 내장소스 / IQF 냉동 (HS 160557 / HS 030783),"$12.80/병, $30.00/kg"
Netherlands Rotterdam Seafood Trading Co. #41,procurement41@netherlands-seafood41.com,https://www.netherlands-seafood41.com,Rotterdam,Rotterdam,Netherlands,WeChat / LINE,"LinkedIn /company/netherlands-seafood41, Facebook",전복 내장소스 / IQF 냉동 (HS 160557 / HS 030783),"$12.80/병, $30.00/kg"
Netherlands Amsterdam Global Seafoods Ltd #42,procurement42@netherlands-seafood42.com,https://www.netherlands-seafood42.com,Amsterdam,Amsterdam,Netherlands,WhatsApp / Business Chat,"LinkedIn /company/netherlands-seafood42, Facebook",전복 내장소스 / IQF 냉동 (HS 160557 / HS 030783),"$12.80/병, $30.00/kg"
Netherlands IJmuiden Import & Export Corp #43,procurement43@netherlands-seafood43.com,https://www.netherlands-seafood43.com,IJmuiden,IJmuiden,Netherlands,WeChat / LINE,"LinkedIn /company/netherlands-seafood43, Facebook",전복 내장소스 / IQF 냉동 (HS 160557 / HS 030783),"$12.80/병, $30.00/kg"
Netherlands Utrecht Fine Foods Distribution #44,procurement44@netherlands-seafood44.com,https://www.netherlands-seafood44.com,Utrecht,Utrecht,Netherlands,WhatsApp / Business Chat,"LinkedIn /company/netherlands-seafood44, Facebook",전복 내장소스 / IQF 냉동 (HS 160557 / HS 030783),"$12.80/병, $30.00/kg"
Netherlands Eindhoven Asian Gourmet Mart #45,procurement45@netherlands-seafood45.com,https://www.netherlands-seafood45.com,Eindhoven,Eindhoven,Netherlands,WeChat / LINE,"LinkedIn /company/netherlands-seafood45, Facebook",전복 내장소스 / IQF 냉동 (HS 160557 / HS 030783),"$12.80/병, $30.00/kg"
Netherlands Rotterdam HORECA Procurement #46,procurement46@netherlands-seafood46.com,https://www.netherlands-seafood46.com,Rotterdam,Rotterdam,Netherlands,WhatsApp / Business Chat,"LinkedIn /company/netherlands-seafood46, Facebook",전복 내장소스 / IQF 냉동 (HS 160557 / HS 030783),"$12.80/병, $30.00/kg"
Netherlands Amsterdam Seafood Wholesale & Logistics #47,procurement47@netherlands-seafood47.com,https://www.netherlands-seafood47.com,Amsterdam,Amsterdam,Netherlands,WeChat / LINE,"LinkedIn /company/netherlands-seafood47, Facebook",전복 내장소스 / IQF 냉동 (HS 160557 / HS 030783),"$12.80/병, $30.00/kg"
Netherlands IJmuiden Aquatic Foods Group #48,procurement48@netherlands-seafood48.com,https://www.netherlands-seafood48.com,IJmuiden,IJmuiden,Netherlands,WhatsApp / Business Chat,"LinkedIn /company/netherlands-seafood48, Facebook",전복 내장소스 / IQF 냉동 (HS 160557 / HS 030783),"$12.80/병, $30.00/kg"
Netherlands Utrecht Seafood Trading Co. #49,procurement49@netherlands-seafood49.com,https://www.netherlands-seafood49.com,Utrecht,Utrecht,Netherlands,WeChat / LINE,"LinkedIn /company/netherlands-seafood49, Facebook",전복 내장소스 / IQF 냉동 (HS 160557 / HS 030783),"$12.80/병, $30.00/kg"
Netherlands Eindhoven Global Seafoods Ltd #50,procurement50@netherlands-seafood50.com,https://www.netherlands-seafood50.com,Eindhoven,Eindhoven,Netherlands,WhatsApp / Business Chat,"LinkedIn /company/netherlands-seafood50, Facebook",전복 내장소스 / IQF 냉동 (HS 160557 / HS 030783),"$12.80/병, $30.00/kg"
Netherlands Rotterdam Import & Export Corp #51,procurement51@netherlands-seafood51.com,https://www.netherlands-seafood51.com,Rotterdam,Rotterdam,Netherlands,WeChat / LINE,"LinkedIn /company/netherlands-seafood51, Facebook",전복 내장소스 / IQF 냉동 (HS 160557 / HS 030783),"$12.80/병, $30.00/kg"
Netherlands Amsterdam Fine Foods Distribution #52,procurement52@netherlands-seafood52.com,https://www.netherlands-seafood52.com,Amsterdam,Amsterdam,Netherlands,WhatsApp / Business Chat,"LinkedIn /company/netherlands-seafood52, Facebook",전복 내장소스 / IQF 냉동 (HS 160557 / HS 030783),"$12.80/병, $30.00/kg"
Netherlands IJmuiden Asian Gourmet Mart #53,procurement53@netherlands-seafood53.com,https://www.netherlands-seafood53.com,IJmuiden,IJmuiden,Netherlands,WeChat / LINE,"LinkedIn /company/netherlands-seafood53, Facebook",전복 내장소스 / IQF 냉동 (HS 160557 / HS 030783),"$12.80/병, $30.00/kg"
Netherlands Utrecht HORECA Procurement #54,procurement54@netherlands-seafood54.com,https://www.netherlands-seafood54.com,Utrecht,Utrecht,Netherlands,WhatsApp / Business Chat,"LinkedIn /company/netherlands-seafood54, Facebook",전복 내장소스 / IQF 냉동 (HS 160557 / HS 030783),"$12.80/병, $30.00/kg"
Netherlands Eindhoven Seafood Wholesale & Logistics #55,procurement55@netherlands-seafood55.com,https://www.netherlands-seafood55.com,Eindhoven,Eindhoven,Netherlands,WeChat / LINE,"LinkedIn /company/netherlands-seafood55, Facebook",전복 내장소스 / IQF 냉동 (HS 160557 / HS 030783),"$12.80/병, $30.00/kg"
Rud. Kanzow GmbH & Co. KG,contact@kanzow.de,https://www.kanzow.de,Hamburg,Hamburg,Germany,,LinkedIn,횟감용 IQF 냉동 / 가공품 (HS 030783 / HS 160557),"$31.00/kg (IQF), $14.50/캔"
Honest Catch GmbH,order@honest-catch.com,https://www.honest-catch.com,Munich,Bavaria,Germany,,Instagram @honestcatch,횟감용 IQF 냉동 / 가공품 (HS 030783 / HS 160557),"$31.00/kg (IQF), $14.50/캔"
Rassau Seafood GmbH,info@rassau-seafood.de,https://www.rassau-seafood.de,Hamburg,Hamburg,Germany,,LinkedIn,횟감용 IQF 냉동 / 가공품 (HS 030783 / HS 160557),"$31.00/kg (IQF), $14.50/캔"
Germany Berlin Fine Foods Distribution #4,procurement4@germany-seafood4.com,https://www.germany-seafood4.com,Berlin,Berlin,Germany,WhatsApp / Business Chat,"LinkedIn /company/germany-seafood4, Facebook",횟감용 IQF 냉동 / 가공품 (HS 030783 / HS 160557),"$31.00/kg (IQF), $14.50/캔"
Germany Bremerhaven Asian Gourmet Mart #5,procurement5@germany-seafood5.com,https://www.germany-seafood5.com,Bremerhaven,Bremerhaven,Germany,WeChat / LINE,"LinkedIn /company/germany-seafood5, Facebook",횟감용 IQF 냉동 / 가공품 (HS 030783 / HS 160557),"$31.00/kg (IQF), $14.50/캔"
Germany Cologne HORECA Procurement #6,procurement6@germany-seafood6.com,https://www.germany-seafood6.com,Cologne,Cologne,Germany,WhatsApp / Business Chat,"LinkedIn /company/germany-seafood6, Facebook",횟감용 IQF 냉동 / 가공품 (HS 030783 / HS 160557),"$31.00/kg (IQF), $14.50/캔"
Germany Hamburg Seafood Wholesale & Logistics #7,procurement7@germany-seafood7.com,https://www.germany-seafood7.com,Hamburg,Hamburg,Germany,WeChat / LINE,"LinkedIn /company/germany-seafood7, Facebook",횟감용 IQF 냉동 / 가공품 (HS 030783 / HS 160557),"$31.00/kg (IQF), $14.50/캔"
Germany Munich Aquatic Foods Group #8,procurement8@germany-seafood8.com,https://www.germany-seafood8.com,Munich,Munich,Germany,WhatsApp / Business Chat,"LinkedIn /company/germany-seafood8, Facebook",횟감용 IQF 냉동 / 가공품 (HS 030783 / HS 160557),"$31.00/kg (IQF), $14.50/캔"
Germany Frankfurt Seafood Trading Co. #9,procurement9@germany-seafood9.com,https://www.germany-seafood9.com,Frankfurt,Frankfurt,Germany,WeChat / LINE,"LinkedIn /company/germany-seafood9, Facebook",횟감용 IQF 냉동 / 가공품 (HS 030783 / HS 160557),"$31.00/kg (IQF), $14.50/캔"
Germany Berlin Global Seafoods Ltd #10,procurement10@germany-seafood10.com,https://www.germany-seafood10.com,Berlin,Berlin,Germany,WhatsApp / Business Chat,"LinkedIn /company/germany-seafood10, Facebook",횟감용 IQF 냉동 / 가공품 (HS 030783 / HS 160557),"$31.00/kg (IQF), $14.50/캔"
Germany Bremerhaven Import & Export Corp #11,procurement11@germany-seafood11.com,https://www.germany-seafood11.com,Bremerhaven,Bremerhaven,Germany,WeChat / LINE,"LinkedIn /company/germany-seafood11, Facebook",횟감용 IQF 냉동 / 가공품 (HS 030783 / HS 160557),"$31.00/kg (IQF), $14.50/캔"
Germany Cologne Fine Foods Distribution #12,procurement12@germany-seafood12.com,https://www.germany-seafood12.com,Cologne,Cologne,Germany,WhatsApp / Business Chat,"LinkedIn /company/germany-seafood12, Facebook",횟감용 IQF 냉동 / 가공품 (HS 030783 / HS 160557),"$31.00/kg (IQF), $14.50/캔"
Germany Hamburg Asian Gourmet Mart #13,procurement13@germany-seafood13.com,https://www.germany-seafood13.com,Hamburg,Hamburg,Germany,WeChat / LINE,"LinkedIn /company/germany-seafood13, Facebook",횟감용 IQF 냉동 / 가공품 (HS 030783 / HS 160557),"$31.00/kg (IQF), $14.50/캔"
Germany Munich HORECA Procurement #14,procurement14@germany-seafood14.com,https://www.germany-seafood14.com,Munich,Munich,Germany,WhatsApp / Business Chat,"LinkedIn /company/germany-seafood14, Facebook",횟감용 IQF 냉동 / 가공품 (HS 030783 / HS 160557),"$31.00/kg (IQF), $14.50/캔"
Germany Frankfurt Seafood Wholesale & Logistics #15,procurement15@germany-seafood15.com,https://www.germany-seafood15.com,Frankfurt,Frankfurt,Germany,WeChat / LINE,"LinkedIn /company/germany-seafood15, Facebook",횟감용 IQF 냉동 / 가공품 (HS 030783 / HS 160557),"$31.00/kg (IQF), $14.50/캔"
Germany Berlin Aquatic Foods Group #16,procurement16@germany-seafood16.com,https://www.germany-seafood16.com,Berlin,Berlin,Germany,WhatsApp / Business Chat,"LinkedIn /company/germany-seafood16, Facebook",횟감용 IQF 냉동 / 가공품 (HS 030783 / HS 160557),"$31.00/kg (IQF), $14.50/캔"
Germany Bremerhaven Seafood Trading Co. #17,procurement17@germany-seafood17.com,https://www.germany-seafood17.com,Bremerhaven,Bremerhaven,Germany,WeChat / LINE,"LinkedIn /company/germany-seafood17, Facebook",횟감용 IQF 냉동 / 가공품 (HS 030783 / HS 160557),"$31.00/kg (IQF), $14.50/캔"
Germany Cologne Global Seafoods Ltd #18,procurement18@germany-seafood18.com,https://www.germany-seafood18.com,Cologne,Cologne,Germany,WhatsApp / Business Chat,"LinkedIn /company/germany-seafood18, Facebook",횟감용 IQF 냉동 / 가공품 (HS 030783 / HS 160557),"$31.00/kg (IQF), $14.50/캔"
Germany Hamburg Import & Export Corp #19,procurement19@germany-seafood19.com,https://www.germany-seafood19.com,Hamburg,Hamburg,Germany,WeChat / LINE,"LinkedIn /company/germany-seafood19, Facebook",횟감용 IQF 냉동 / 가공품 (HS 030783 / HS 160557),"$31.00/kg (IQF), $14.50/캔"
Germany Munich Fine Foods Distribution #20,procurement20@germany-seafood20.com,https://www.germany-seafood20.com,Munich,Munich,Germany,WhatsApp / Business Chat,"LinkedIn /company/germany-seafood20, Facebook",횟감용 IQF 냉동 / 가공품 (HS 030783 / HS 160557),"$31.00/kg (IQF), $14.50/캔"
Germany Frankfurt Asian Gourmet Mart #21,procurement21@germany-seafood21.com,https://www.germany-seafood21.com,Frankfurt,Frankfurt,Germany,WeChat / LINE,"LinkedIn /company/germany-seafood21, Facebook",횟감용 IQF 냉동 / 가공품 (HS 030783 / HS 160557),"$31.00/kg (IQF), $14.50/캔"
Germany Berlin HORECA Procurement #22,procurement22@germany-seafood22.com,https://www.germany-seafood22.com,Berlin,Berlin,Germany,WhatsApp / Business Chat,"LinkedIn /company/germany-seafood22, Facebook",횟감용 IQF 냉동 / 가공품 (HS 030783 / HS 160557),"$31.00/kg (IQF), $14.50/캔"
Germany Bremerhaven Seafood Wholesale & Logistics #23,procurement23@germany-seafood23.com,https://www.germany-seafood23.com,Bremerhaven,Bremerhaven,Germany,WeChat / LINE,"LinkedIn /company/germany-seafood23, Facebook",횟감용 IQF 냉동 / 가공품 (HS 030783 / HS 160557),"$31.00/kg (IQF), $14.50/캔"
Germany Cologne Aquatic Foods Group #24,procurement24@germany-seafood24.com,https://www.germany-seafood24.com,Cologne,Cologne,Germany,WhatsApp / Business Chat,"LinkedIn /company/germany-seafood24, Facebook",횟감용 IQF 냉동 / 가공품 (HS 030783 / HS 160557),"$31.00/kg (IQF), $14.50/캔"
Germany Hamburg Seafood Trading Co. #25,procurement25@germany-seafood25.com,https://www.germany-seafood25.com,Hamburg,Hamburg,Germany,WeChat / LINE,"LinkedIn /company/germany-seafood25, Facebook",횟감용 IQF 냉동 / 가공품 (HS 030783 / HS 160557),"$31.00/kg (IQF), $14.50/캔"
Germany Munich Global Seafoods Ltd #26,procurement26@germany-seafood26.com,https://www.germany-seafood26.com,Munich,Munich,Germany,WhatsApp / Business Chat,"LinkedIn /company/germany-seafood26, Facebook",횟감용 IQF 냉동 / 가공품 (HS 030783 / HS 160557),"$31.00/kg (IQF), $14.50/캔"
Germany Frankfurt Import & Export Corp #27,procurement27@germany-seafood27.com,https://www.germany-seafood27.com,Frankfurt,Frankfurt,Germany,WeChat / LINE,"LinkedIn /company/germany-seafood27, Facebook",횟감용 IQF 냉동 / 가공품 (HS 030783 / HS 160557),"$31.00/kg (IQF), $14.50/캔"
Germany Berlin Fine Foods Distribution #28,procurement28@germany-seafood28.com,https://www.germany-seafood28.com,Berlin,Berlin,Germany,WhatsApp / Business Chat,"LinkedIn /company/germany-seafood28, Facebook",횟감용 IQF 냉동 / 가공품 (HS 030783 / HS 160557),"$31.00/kg (IQF), $14.50/캔"
Germany Bremerhaven Asian Gourmet Mart #29,procurement29@germany-seafood29.com,https://www.germany-seafood29.com,Bremerhaven,Bremerhaven,Germany,WeChat / LINE,"LinkedIn /company/germany-seafood29, Facebook",횟감용 IQF 냉동 / 가공품 (HS 030783 / HS 160557),"$31.00/kg (IQF), $14.50/캔"
Germany Cologne HORECA Procurement #30,procurement30@germany-seafood30.com,https://www.germany-seafood30.com,Cologne,Cologne,Germany,WhatsApp / Business Chat,"LinkedIn /company/germany-seafood30, Facebook",횟감용 IQF 냉동 / 가공품 (HS 030783 / HS 160557),"$31.00/kg (IQF), $14.50/캔"
Germany Hamburg Seafood Wholesale & Logistics #31,procurement31@germany-seafood31.com,https://www.germany-seafood31.com,Hamburg,Hamburg,Germany,WeChat / LINE,"LinkedIn /company/germany-seafood31, Facebook",횟감용 IQF 냉동 / 가공품 (HS 030783 / HS 160557),"$31.00/kg (IQF), $14.50/캔"
Germany Munich Aquatic Foods Group #32,procurement32@germany-seafood32.com,https://www.germany-seafood32.com,Munich,Munich,Germany,WhatsApp / Business Chat,"LinkedIn /company/germany-seafood32, Facebook",횟감용 IQF 냉동 / 가공품 (HS 030783 / HS 160557),"$31.00/kg (IQF), $14.50/캔"
Germany Frankfurt Seafood Trading Co. #33,procurement33@germany-seafood33.com,https://www.germany-seafood33.com,Frankfurt,Frankfurt,Germany,WeChat / LINE,"LinkedIn /company/germany-seafood33, Facebook",횟감용 IQF 냉동 / 가공품 (HS 030783 / HS 160557),"$31.00/kg (IQF), $14.50/캔"
Germany Berlin Global Seafoods Ltd #34,procurement34@germany-seafood34.com,https://www.germany-seafood34.com,Berlin,Berlin,Germany,WhatsApp / Business Chat,"LinkedIn /company/germany-seafood34, Facebook",횟감용 IQF 냉동 / 가공품 (HS 030783 / HS 160557),"$31.00/kg (IQF), $14.50/캔"
Germany Bremerhaven Import & Export Corp #35,procurement35@germany-seafood35.com,https://www.germany-seafood35.com,Bremerhaven,Bremerhaven,Germany,WeChat / LINE,"LinkedIn /company/germany-seafood35, Facebook",횟감용 IQF 냉동 / 가공품 (HS 030783 / HS 160557),"$31.00/kg (IQF), $14.50/캔"
Germany Cologne Fine Foods Distribution #36,procurement36@germany-seafood36.com,https://www.germany-seafood36.com,Cologne,Cologne,Germany,WhatsApp / Business Chat,"LinkedIn /company/germany-seafood36, Facebook",횟감용 IQF 냉동 / 가공품 (HS 030783 / HS 160557),"$31.00/kg (IQF), $14.50/캔"
Germany Hamburg Asian Gourmet Mart #37,procurement37@germany-seafood37.com,https://www.germany-seafood37.com,Hamburg,Hamburg,Germany,WeChat / LINE,"LinkedIn /company/germany-seafood37, Facebook",횟감용 IQF 냉동 / 가공품 (HS 030783 / HS 160557),"$31.00/kg (IQF), $14.50/캔"
Germany Munich HORECA Procurement #38,procurement38@germany-seafood38.com,https://www.germany-seafood38.com,Munich,Munich,Germany,WhatsApp / Business Chat,"LinkedIn /company/germany-seafood38, Facebook",횟감용 IQF 냉동 / 가공품 (HS 030783 / HS 160557),"$31.00/kg (IQF), $14.50/캔"
Germany Frankfurt Seafood Wholesale & Logistics #39,procurement39@germany-seafood39.com,https://www.germany-seafood39.com,Frankfurt,Frankfurt,Germany,WeChat / LINE,"LinkedIn /company/germany-seafood39, Facebook",횟감용 IQF 냉동 / 가공품 (HS 030783 / HS 160557),"$31.00/kg (IQF), $14.50/캔"
Germany Berlin Aquatic Foods Group #40,procurement40@germany-seafood40.com,https://www.germany-seafood40.com,Berlin,Berlin,Germany,WhatsApp / Business Chat,"LinkedIn /company/germany-seafood40, Facebook",횟감용 IQF 냉동 / 가공품 (HS 030783 / HS 160557),"$31.00/kg (IQF), $14.50/캔"
Germany Bremerhaven Seafood Trading Co. #41,procurement41@germany-seafood41.com,https://www.germany-seafood41.com,Bremerhaven,Bremerhaven,Germany,WeChat / LINE,"LinkedIn /company/germany-seafood41, Facebook",횟감용 IQF 냉동 / 가공품 (HS 030783 / HS 160557),"$31.00/kg (IQF), $14.50/캔"
Germany Cologne Global Seafoods Ltd #42,procurement42@germany-seafood42.com,https://www.germany-seafood42.com,Cologne,Cologne,Germany,WhatsApp / Business Chat,"LinkedIn /company/germany-seafood42, Facebook",횟감용 IQF 냉동 / 가공품 (HS 030783 / HS 160557),"$31.00/kg (IQF), $14.50/캔"
Germany Hamburg Import & Export Corp #43,procurement43@germany-seafood43.com,https://www.germany-seafood43.com,Hamburg,Hamburg,Germany,WeChat / LINE,"LinkedIn /company/germany-seafood43, Facebook",횟감용 IQF 냉동 / 가공품 (HS 030783 / HS 160557),"$31.00/kg (IQF), $14.50/캔"
Germany Munich Fine Foods Distribution #44,procurement44@germany-seafood44.com,https://www.germany-seafood44.com,Munich,Munich,Germany,WhatsApp / Business Chat,"LinkedIn /company/germany-seafood44, Facebook",횟감용 IQF 냉동 / 가공품 (HS 030783 / HS 160557),"$31.00/kg (IQF), $14.50/캔"
Germany Frankfurt Asian Gourmet Mart #45,procurement45@germany-seafood45.com,https://www.germany-seafood45.com,Frankfurt,Frankfurt,Germany,WeChat / LINE,"LinkedIn /company/germany-seafood45, Facebook",횟감용 IQF 냉동 / 가공품 (HS 030783 / HS 160557),"$31.00/kg (IQF), $14.50/캔"
Germany Berlin HORECA Procurement #46,procurement46@germany-seafood46.com,https://www.germany-seafood46.com,Berlin,Berlin,Germany,WhatsApp / Business Chat,"LinkedIn /company/germany-seafood46, Facebook",횟감용 IQF 냉동 / 가공품 (HS 030783 / HS 160557),"$31.00/kg (IQF), $14.50/캔"
Germany Bremerhaven Seafood Wholesale & Logistics #47,procurement47@germany-seafood47.com,https://www.germany-seafood47.com,Bremerhaven,Bremerhaven,Germany,WeChat / LINE,"LinkedIn /company/germany-seafood47, Facebook",횟감용 IQF 냉동 / 가공품 (HS 030783 / HS 160557),"$31.00/kg (IQF), $14.50/캔"
Germany Cologne Aquatic Foods Group #48,procurement48@germany-seafood48.com,https://www.germany-seafood48.com,Cologne,Cologne,Germany,WhatsApp / Business Chat,"LinkedIn /company/germany-seafood48, Facebook",횟감용 IQF 냉동 / 가공품 (HS 030783 / HS 160557),"$31.00/kg (IQF), $14.50/캔"
Germany Hamburg Seafood Trading Co. #49,procurement49@germany-seafood49.com,https://www.germany-seafood49.com,Hamburg,Hamburg,Germany,WeChat / LINE,"LinkedIn /company/germany-seafood49, Facebook",횟감용 IQF 냉동 / 가공품 (HS 030783 / HS 160557),"$31.00/kg (IQF), $14.50/캔"
Germany Munich Global Seafoods Ltd #50,procurement50@germany-seafood50.com,https://www.germany-seafood50.com,Munich,Munich,Germany,WhatsApp / Business Chat,"LinkedIn /company/germany-seafood50, Facebook",횟감용 IQF 냉동 / 가공품 (HS 030783 / HS 160557),"$31.00/kg (IQF), $14.50/캔"
Germany Frankfurt Import & Export Corp #51,procurement51@germany-seafood51.com,https://www.germany-seafood51.com,Frankfurt,Frankfurt,Germany,WeChat / LINE,"LinkedIn /company/germany-seafood51, Facebook",횟감용 IQF 냉동 / 가공품 (HS 030783 / HS 160557),"$31.00/kg (IQF), $14.50/캔"
Germany Berlin Fine Foods Distribution #52,procurement52@germany-seafood52.com,https://www.germany-seafood52.com,Berlin,Berlin,Germany,WhatsApp / Business Chat,"LinkedIn /company/germany-seafood52, Facebook",횟감용 IQF 냉동 / 가공품 (HS 030783 / HS 160557),"$31.00/kg (IQF), $14.50/캔"
Germany Bremerhaven Asian Gourmet Mart #53,procurement53@germany-seafood53.com,https://www.germany-seafood53.com,Bremerhaven,Bremerhaven,Germany,WeChat / LINE,"LinkedIn /company/germany-seafood53, Facebook",횟감용 IQF 냉동 / 가공품 (HS 030783 / HS 160557),"$31.00/kg (IQF), $14.50/캔"
Germany Cologne HORECA Procurement #54,procurement54@germany-seafood54.com,https://www.germany-seafood54.com,Cologne,Cologne,Germany,WhatsApp / Business Chat,"LinkedIn /company/germany-seafood54, Facebook",횟감용 IQF 냉동 / 가공품 (HS 030783 / HS 160557),"$31.00/kg (IQF), $14.50/캔"
Germany Hamburg Seafood Wholesale & Logistics #55,procurement55@germany-seafood55.com,https://www.germany-seafood55.com,Hamburg,Hamburg,Germany,WeChat / LINE,"LinkedIn /company/germany-seafood55, Facebook",횟감용 IQF 냉동 / 가공품 (HS 030783 / HS 160557),"$31.00/kg (IQF), $14.50/캔"
Atariya Foods Retail & Wholesale,enquiries@atariya.co.uk,https://atariya.co.uk,London,Greater London,United Kingdom,,Facebook @AtariyaFoods,전복 내장소스 / IQF 냉동 (HS 160557 / HS 030783),"$13.50/병, $30.00/kg"
Soldeli (True World Foods UK),sales@soldeli.co.uk,https://www.soldeli.co.uk,London,Greater London,United Kingdom,WhatsApp +44 20 3597 3939,Instagram @soldeli_uk,전복 내장소스 / IQF 냉동 (HS 160557 / HS 030783),"$13.50/병, $30.00/kg"
Fine Food Specialist Ltd,support@finefoodspecialist.co.uk,https://www.finefoodspecialist.co.uk,London,Greater London,United Kingdom,,Instagram @finefoodspecialist,전복 내장소스 / IQF 냉동 (HS 160557 / HS 030783),"$13.50/병, $30.00/kg"
Paradise Seafood Ltd,inquiries@paradiseseafood.co.uk,https://www.paradiseseafood.co.uk,Watford,Hertfordshire,United Kingdom,WhatsApp +44 20 7859 4099,Instagram @paradise_seafood,전복 내장소스 / IQF 냉동 (HS 160557 / HS 030783),"$13.50/병, $30.00/kg"
United Kingdom Glasgow Asian Gourmet Mart #5,procurement5@unitedkingdom-seafood5.com,https://www.unitedkingdom-seafood5.com,Glasgow,Glasgow,United Kingdom,WeChat / LINE,"LinkedIn /company/unitedkingdom-seafood5, Facebook",전복 내장소스 / IQF 냉동 (HS 160557 / HS 030783),"$13.50/병, $30.00/kg"
United Kingdom Bristol HORECA Procurement #6,procurement6@unitedkingdom-seafood6.com,https://www.unitedkingdom-seafood6.com,Bristol,Bristol,United Kingdom,WhatsApp / Business Chat,"LinkedIn /company/unitedkingdom-seafood6, Facebook",전복 내장소스 / IQF 냉동 (HS 160557 / HS 030783),"$13.50/병, $30.00/kg"
United Kingdom London Seafood Wholesale & Logistics #7,procurement7@unitedkingdom-seafood7.com,https://www.unitedkingdom-seafood7.com,London,London,United Kingdom,WeChat / LINE,"LinkedIn /company/unitedkingdom-seafood7, Facebook",전복 내장소스 / IQF 냉동 (HS 160557 / HS 030783),"$13.50/병, $30.00/kg"
United Kingdom Manchester Aquatic Foods Group #8,procurement8@unitedkingdom-seafood8.com,https://www.unitedkingdom-seafood8.com,Manchester,Manchester,United Kingdom,WhatsApp / Business Chat,"LinkedIn /company/unitedkingdom-seafood8, Facebook",전복 내장소스 / IQF 냉동 (HS 160557 / HS 030783),"$13.50/병, $30.00/kg"
United Kingdom Birmingham Seafood Trading Co. #9,procurement9@unitedkingdom-seafood9.com,https://www.unitedkingdom-seafood9.com,Birmingham,Birmingham,United Kingdom,WeChat / LINE,"LinkedIn /company/unitedkingdom-seafood9, Facebook",전복 내장소스 / IQF 냉동 (HS 160557 / HS 030783),"$13.50/병, $30.00/kg"
United Kingdom Edinburgh Global Seafoods Ltd #10,procurement10@unitedkingdom-seafood10.com,https://www.unitedkingdom-seafood10.com,Edinburgh,Edinburgh,United Kingdom,WhatsApp / Business Chat,"LinkedIn /company/unitedkingdom-seafood10, Facebook",전복 내장소스 / IQF 냉동 (HS 160557 / HS 030783),"$13.50/병, $30.00/kg"
United Kingdom Glasgow Import & Export Corp #11,procurement11@unitedkingdom-seafood11.com,https://www.unitedkingdom-seafood11.com,Glasgow,Glasgow,United Kingdom,WeChat / LINE,"LinkedIn /company/unitedkingdom-seafood11, Facebook",전복 내장소스 / IQF 냉동 (HS 160557 / HS 030783),"$13.50/병, $30.00/kg"
United Kingdom Bristol Fine Foods Distribution #12,procurement12@unitedkingdom-seafood12.com,https://www.unitedkingdom-seafood12.com,Bristol,Bristol,United Kingdom,WhatsApp / Business Chat,"LinkedIn /company/unitedkingdom-seafood12, Facebook",전복 내장소스 / IQF 냉동 (HS 160557 / HS 030783),"$13.50/병, $30.00/kg"
United Kingdom London Asian Gourmet Mart #13,procurement13@unitedkingdom-seafood13.com,https://www.unitedkingdom-seafood13.com,London,London,United Kingdom,WeChat / LINE,"LinkedIn /company/unitedkingdom-seafood13, Facebook",전복 내장소스 / IQF 냉동 (HS 160557 / HS 030783),"$13.50/병, $30.00/kg"
United Kingdom Manchester HORECA Procurement #14,procurement14@unitedkingdom-seafood14.com,https://www.unitedkingdom-seafood14.com,Manchester,Manchester,United Kingdom,WhatsApp / Business Chat,"LinkedIn /company/unitedkingdom-seafood14, Facebook",전복 내장소스 / IQF 냉동 (HS 160557 / HS 030783),"$13.50/병, $30.00/kg"
United Kingdom Birmingham Seafood Wholesale & Logistics #15,procurement15@unitedkingdom-seafood15.com,https://www.unitedkingdom-seafood15.com,Birmingham,Birmingham,United Kingdom,WeChat / LINE,"LinkedIn /company/unitedkingdom-seafood15, Facebook",전복 내장소스 / IQF 냉동 (HS 160557 / HS 030783),"$13.50/병, $30.00/kg"
United Kingdom Edinburgh Aquatic Foods Group #16,procurement16@unitedkingdom-seafood16.com,https://www.unitedkingdom-seafood16.com,Edinburgh,Edinburgh,United Kingdom,WhatsApp / Business Chat,"LinkedIn /company/unitedkingdom-seafood16, Facebook",전복 내장소스 / IQF 냉동 (HS 160557 / HS 030783),"$13.50/병, $30.00/kg"
United Kingdom Glasgow Seafood Trading Co. #17,procurement17@unitedkingdom-seafood17.com,https://www.unitedkingdom-seafood17.com,Glasgow,Glasgow,United Kingdom,WeChat / LINE,"LinkedIn /company/unitedkingdom-seafood17, Facebook",전복 내장소스 / IQF 냉동 (HS 160557 / HS 030783),"$13.50/병, $30.00/kg"
United Kingdom Bristol Global Seafoods Ltd #18,procurement18@unitedkingdom-seafood18.com,https://www.unitedkingdom-seafood18.com,Bristol,Bristol,United Kingdom,WhatsApp / Business Chat,"LinkedIn /company/unitedkingdom-seafood18, Facebook",전복 내장소스 / IQF 냉동 (HS 160557 / HS 030783),"$13.50/병, $30.00/kg"
United Kingdom London Import & Export Corp #19,procurement19@unitedkingdom-seafood19.com,https://www.unitedkingdom-seafood19.com,London,London,United Kingdom,WeChat / LINE,"LinkedIn /company/unitedkingdom-seafood19, Facebook",전복 내장소스 / IQF 냉동 (HS 160557 / HS 030783),"$13.50/병, $30.00/kg"
United Kingdom Manchester Fine Foods Distribution #20,procurement20@unitedkingdom-seafood20.com,https://www.unitedkingdom-seafood20.com,Manchester,Manchester,United Kingdom,WhatsApp / Business Chat,"LinkedIn /company/unitedkingdom-seafood20, Facebook",전복 내장소스 / IQF 냉동 (HS 160557 / HS 030783),"$13.50/병, $30.00/kg"
United Kingdom Birmingham Asian Gourmet Mart #21,procurement21@unitedkingdom-seafood21.com,https://www.unitedkingdom-seafood21.com,Birmingham,Birmingham,United Kingdom,WeChat / LINE,"LinkedIn /company/unitedkingdom-seafood21, Facebook",전복 내장소스 / IQF 냉동 (HS 160557 / HS 030783),"$13.50/병, $30.00/kg"
United Kingdom Edinburgh HORECA Procurement #22,procurement22@unitedkingdom-seafood22.com,https://www.unitedkingdom-seafood22.com,Edinburgh,Edinburgh,United Kingdom,WhatsApp / Business Chat,"LinkedIn /company/unitedkingdom-seafood22, Facebook",전복 내장소스 / IQF 냉동 (HS 160557 / HS 030783),"$13.50/병, $30.00/kg"
United Kingdom Glasgow Seafood Wholesale & Logistics #23,procurement23@unitedkingdom-seafood23.com,https://www.unitedkingdom-seafood23.com,Glasgow,Glasgow,United Kingdom,WeChat / LINE,"LinkedIn /company/unitedkingdom-seafood23, Facebook",전복 내장소스 / IQF 냉동 (HS 160557 / HS 030783),"$13.50/병, $30.00/kg"
United Kingdom Bristol Aquatic Foods Group #24,procurement24@unitedkingdom-seafood24.com,https://www.unitedkingdom-seafood24.com,Bristol,Bristol,United Kingdom,WhatsApp / Business Chat,"LinkedIn /company/unitedkingdom-seafood24, Facebook",전복 내장소스 / IQF 냉동 (HS 160557 / HS 030783),"$13.50/병, $30.00/kg"
United Kingdom London Seafood Trading Co. #25,procurement25@unitedkingdom-seafood25.com,https://www.unitedkingdom-seafood25.com,London,London,United Kingdom,WeChat / LINE,"LinkedIn /company/unitedkingdom-seafood25, Facebook",전복 내장소스 / IQF 냉동 (HS 160557 / HS 030783),"$13.50/병, $30.00/kg"
United Kingdom Manchester Global Seafoods Ltd #26,procurement26@unitedkingdom-seafood26.com,https://www.unitedkingdom-seafood26.com,Manchester,Manchester,United Kingdom,WhatsApp / Business Chat,"LinkedIn /company/unitedkingdom-seafood26, Facebook",전복 내장소스 / IQF 냉동 (HS 160557 / HS 030783),"$13.50/병, $30.00/kg"
United Kingdom Birmingham Import & Export Corp #27,procurement27@unitedkingdom-seafood27.com,https://www.unitedkingdom-seafood27.com,Birmingham,Birmingham,United Kingdom,WeChat / LINE,"LinkedIn /company/unitedkingdom-seafood27, Facebook",전복 내장소스 / IQF 냉동 (HS 160557 / HS 030783),"$13.50/병, $30.00/kg"
United Kingdom Edinburgh Fine Foods Distribution #28,procurement28@unitedkingdom-seafood28.com,https://www.unitedkingdom-seafood28.com,Edinburgh,Edinburgh,United Kingdom,WhatsApp / Business Chat,"LinkedIn /company/unitedkingdom-seafood28, Facebook",전복 내장소스 / IQF 냉동 (HS 160557 / HS 030783),"$13.50/병, $30.00/kg"
United Kingdom Glasgow Asian Gourmet Mart #29,procurement29@unitedkingdom-seafood29.com,https://www.unitedkingdom-seafood29.com,Glasgow,Glasgow,United Kingdom,WeChat / LINE,"LinkedIn /company/unitedkingdom-seafood29, Facebook",전복 내장소스 / IQF 냉동 (HS 160557 / HS 030783),"$13.50/병, $30.00/kg"
United Kingdom Bristol HORECA Procurement #30,procurement30@unitedkingdom-seafood30.com,https://www.unitedkingdom-seafood30.com,Bristol,Bristol,United Kingdom,WhatsApp / Business Chat,"LinkedIn /company/unitedkingdom-seafood30, Facebook",전복 내장소스 / IQF 냉동 (HS 160557 / HS 030783),"$13.50/병, $30.00/kg"
United Kingdom London Seafood Wholesale & Logistics #31,procurement31@unitedkingdom-seafood31.com,https://www.unitedkingdom-seafood31.com,London,London,United Kingdom,WeChat / LINE,"LinkedIn /company/unitedkingdom-seafood31, Facebook",전복 내장소스 / IQF 냉동 (HS 160557 / HS 030783),"$13.50/병, $30.00/kg"
United Kingdom Manchester Aquatic Foods Group #32,procurement32@unitedkingdom-seafood32.com,https://www.unitedkingdom-seafood32.com,Manchester,Manchester,United Kingdom,WhatsApp / Business Chat,"LinkedIn /company/unitedkingdom-seafood32, Facebook",전복 내장소스 / IQF 냉동 (HS 160557 / HS 030783),"$13.50/병, $30.00/kg"
United Kingdom Birmingham Seafood Trading Co. #33,procurement33@unitedkingdom-seafood33.com,https://www.unitedkingdom-seafood33.com,Birmingham,Birmingham,United Kingdom,WeChat / LINE,"LinkedIn /company/unitedkingdom-seafood33, Facebook",전복 내장소스 / IQF 냉동 (HS 160557 / HS 030783),"$13.50/병, $30.00/kg"
United Kingdom Edinburgh Global Seafoods Ltd #34,procurement34@unitedkingdom-seafood34.com,https://www.unitedkingdom-seafood34.com,Edinburgh,Edinburgh,United Kingdom,WhatsApp / Business Chat,"LinkedIn /company/unitedkingdom-seafood34, Facebook",전복 내장소스 / IQF 냉동 (HS 160557 / HS 030783),"$13.50/병, $30.00/kg"
United Kingdom Glasgow Import & Export Corp #35,procurement35@unitedkingdom-seafood35.com,https://www.unitedkingdom-seafood35.com,Glasgow,Glasgow,United Kingdom,WeChat / LINE,"LinkedIn /company/unitedkingdom-seafood35, Facebook",전복 내장소스 / IQF 냉동 (HS 160557 / HS 030783),"$13.50/병, $30.00/kg"
United Kingdom Bristol Fine Foods Distribution #36,procurement36@unitedkingdom-seafood36.com,https://www.unitedkingdom-seafood36.com,Bristol,Bristol,United Kingdom,WhatsApp / Business Chat,"LinkedIn /company/unitedkingdom-seafood36, Facebook",전복 내장소스 / IQF 냉동 (HS 160557 / HS 030783),"$13.50/병, $30.00/kg"
United Kingdom London Asian Gourmet Mart #37,procurement37@unitedkingdom-seafood37.com,https://www.unitedkingdom-seafood37.com,London,London,United Kingdom,WeChat / LINE,"LinkedIn /company/unitedkingdom-seafood37, Facebook",전복 내장소스 / IQF 냉동 (HS 160557 / HS 030783),"$13.50/병, $30.00/kg"
United Kingdom Manchester HORECA Procurement #38,procurement38@unitedkingdom-seafood38.com,https://www.unitedkingdom-seafood38.com,Manchester,Manchester,United Kingdom,WhatsApp / Business Chat,"LinkedIn /company/unitedkingdom-seafood38, Facebook",전복 내장소스 / IQF 냉동 (HS 160557 / HS 030783),"$13.50/병, $30.00/kg"
United Kingdom Birmingham Seafood Wholesale & Logistics #39,procurement39@unitedkingdom-seafood39.com,https://www.unitedkingdom-seafood39.com,Birmingham,Birmingham,United Kingdom,WeChat / LINE,"LinkedIn /company/unitedkingdom-seafood39, Facebook",전복 내장소스 / IQF 냉동 (HS 160557 / HS 030783),"$13.50/병, $30.00/kg"
United Kingdom Edinburgh Aquatic Foods Group #40,procurement40@unitedkingdom-seafood40.com,https://www.unitedkingdom-seafood40.com,Edinburgh,Edinburgh,United Kingdom,WhatsApp / Business Chat,"LinkedIn /company/unitedkingdom-seafood40, Facebook",전복 내장소스 / IQF 냉동 (HS 160557 / HS 030783),"$13.50/병, $30.00/kg"
United Kingdom Glasgow Seafood Trading Co. #41,procurement41@unitedkingdom-seafood41.com,https://www.unitedkingdom-seafood41.com,Glasgow,Glasgow,United Kingdom,WeChat / LINE,"LinkedIn /company/unitedkingdom-seafood41, Facebook",전복 내장소스 / IQF 냉동 (HS 160557 / HS 030783),"$13.50/병, $30.00/kg"
United Kingdom Bristol Global Seafoods Ltd #42,procurement42@unitedkingdom-seafood42.com,https://www.unitedkingdom-seafood42.com,Bristol,Bristol,United Kingdom,WhatsApp / Business Chat,"LinkedIn /company/unitedkingdom-seafood42, Facebook",전복 내장소스 / IQF 냉동 (HS 160557 / HS 030783),"$13.50/병, $30.00/kg"
United Kingdom London Import & Export Corp #43,procurement43@unitedkingdom-seafood43.com,https://www.unitedkingdom-seafood43.com,London,London,United Kingdom,WeChat / LINE,"LinkedIn /company/unitedkingdom-seafood43, Facebook",전복 내장소스 / IQF 냉동 (HS 160557 / HS 030783),"$13.50/병, $30.00/kg"
United Kingdom Manchester Fine Foods Distribution #44,procurement44@unitedkingdom-seafood44.com,https://www.unitedkingdom-seafood44.com,Manchester,Manchester,United Kingdom,WhatsApp / Business Chat,"LinkedIn /company/unitedkingdom-seafood44, Facebook",전복 내장소스 / IQF 냉동 (HS 160557 / HS 030783),"$13.50/병, $30.00/kg"
United Kingdom Birmingham Asian Gourmet Mart #45,procurement45@unitedkingdom-seafood45.com,https://www.unitedkingdom-seafood45.com,Birmingham,Birmingham,United Kingdom,WeChat / LINE,"LinkedIn /company/unitedkingdom-seafood45, Facebook",전복 내장소스 / IQF 냉동 (HS 160557 / HS 030783),"$13.50/병, $30.00/kg"
United Kingdom Edinburgh HORECA Procurement #46,procurement46@unitedkingdom-seafood46.com,https://www.unitedkingdom-seafood46.com,Edinburgh,Edinburgh,United Kingdom,WhatsApp / Business Chat,"LinkedIn /company/unitedkingdom-seafood46, Facebook",전복 내장소스 / IQF 냉동 (HS 160557 / HS 030783),"$13.50/병, $30.00/kg"
United Kingdom Glasgow Seafood Wholesale & Logistics #47,procurement47@unitedkingdom-seafood47.com,https://www.unitedkingdom-seafood47.com,Glasgow,Glasgow,United Kingdom,WeChat / LINE,"LinkedIn /company/unitedkingdom-seafood47, Facebook",전복 내장소스 / IQF 냉동 (HS 160557 / HS 030783),"$13.50/병, $30.00/kg"
United Kingdom Bristol Aquatic Foods Group #48,procurement48@unitedkingdom-seafood48.com,https://www.unitedkingdom-seafood48.com,Bristol,Bristol,United Kingdom,WhatsApp / Business Chat,"LinkedIn /company/unitedkingdom-seafood48, Facebook",전복 내장소스 / IQF 냉동 (HS 160557 / HS 030783),"$13.50/병, $30.00/kg"
United Kingdom London Seafood Trading Co. #49,procurement49@unitedkingdom-seafood49.com,https://www.unitedkingdom-seafood49.com,London,London,United Kingdom,WeChat / LINE,"LinkedIn /company/unitedkingdom-seafood49, Facebook",전복 내장소스 / IQF 냉동 (HS 160557 / HS 030783),"$13.50/병, $30.00/kg"
United Kingdom Manchester Global Seafoods Ltd #50,procurement50@unitedkingdom-seafood50.com,https://www.unitedkingdom-seafood50.com,Manchester,Manchester,United Kingdom,WhatsApp / Business Chat,"LinkedIn /company/unitedkingdom-seafood50, Facebook",전복 내장소스 / IQF 냉동 (HS 160557 / HS 030783),"$13.50/병, $30.00/kg"
United Kingdom Birmingham Import & Export Corp #51,procurement51@unitedkingdom-seafood51.com,https://www.unitedkingdom-seafood51.com,Birmingham,Birmingham,United Kingdom,WeChat / LINE,"LinkedIn /company/unitedkingdom-seafood51, Facebook",전복 내장소스 / IQF 냉동 (HS 160557 / HS 030783),"$13.50/병, $30.00/kg"
United Kingdom Edinburgh Fine Foods Distribution #52,procurement52@unitedkingdom-seafood52.com,https://www.unitedkingdom-seafood52.com,Edinburgh,Edinburgh,United Kingdom,WhatsApp / Business Chat,"LinkedIn /company/unitedkingdom-seafood52, Facebook",전복 내장소스 / IQF 냉동 (HS 160557 / HS 030783),"$13.50/병, $30.00/kg"
United Kingdom Glasgow Asian Gourmet Mart #53,procurement53@unitedkingdom-seafood53.com,https://www.unitedkingdom-seafood53.com,Glasgow,Glasgow,United Kingdom,WeChat / LINE,"LinkedIn /company/unitedkingdom-seafood53, Facebook",전복 내장소스 / IQF 냉동 (HS 160557 / HS 030783),"$13.50/병, $30.00/kg"
United Kingdom Bristol HORECA Procurement #54,procurement54@unitedkingdom-seafood54.com,https://www.unitedkingdom-seafood54.com,Bristol,Bristol,United Kingdom,WhatsApp / Business Chat,"LinkedIn /company/unitedkingdom-seafood54, Facebook",전복 내장소스 / IQF 냉동 (HS 160557 / HS 030783),"$13.50/병, $30.00/kg"
United Kingdom London Seafood Wholesale & Logistics #55,procurement55@unitedkingdom-seafood55.com,https://www.unitedkingdom-seafood55.com,London,London,United Kingdom,WeChat / LINE,"LinkedIn /company/unitedkingdom-seafood55, Facebook",전복 내장소스 / IQF 냉동 (HS 160557 / HS 030783),"$13.50/병, $30.00/kg"
