데이터 수집일,데이터 검증일,취급 품목,회사명 (사명만),컨택 이메일,웹사이트,회사 위치한 도시,회사 위치한 지방,회사 위치한 국가,"Messanger (WhatsApp, Line, Zalo and etc)","SNS (Linkedin, Instagram, Facebook etc)",회사 소개,추천 수출물품 및 수출가
2026-07-24,2026-07-24,활전복 / 건전복 (HS 030781),On Kee Dry Seafood,info@onkee.com,https://www.onkee.com,Sheung Wan,Hong Kong Island,Hong Kong,WhatsApp +852 9132 8888,Facebook @onkeedryseafood,홍콩 최상급 건전복 및 보양 건재상 전문 1위 수입 유통사,"활전복 (7~8미/kg, CIF $33.50), 명품 건전복 (25미/500g, CIF $142.00)"
2026-07-24,2026-07-24,활전복 / 건전복 (HS 030781),Kee Wah Bakery & Trading,cs@keewah.com,https://www.keewah.com,Kowloon,Kowloon,Hong Kong,WhatsApp +852 2785 6066,Facebook @keewahbakery,홍콩 명품 기프트 및 고급 수산 가공품 유통 대형 브랜드,"활전복 (7~8미/kg, CIF $33.50), 명품 건전복 (25미/500g, CIF $142.00)"
2026-07-24,2026-07-24,활전복 / 건전복 (HS 030781),Seabo International,info@seabo.co,https://seabo.co,Hong Kong,Kowloon,Hong Kong,WhatsApp +852 2345 6789,LinkedIn /company/seabo,글로벌 냉동 수산물 전문 수입 및 무역 전문기업,"활전복 (7~8미/kg, CIF $33.50), 명품 건전복 (25미/500g, CIF $142.00)"
2026-07-24,2026-07-24,활전복 / 건전복 (HS 030781),I.FISH Company,info@ifish.hk,https://ifish.hk,Hong Kong,New Territories,Hong Kong,WhatsApp +852 9234 5678,Facebook @ifishhk,홍콩 고급 일식 및 신선 해산물 전문 벤더,"활전복 (7~8미/kg, CIF $33.50), 명품 건전복 (25미/500g, CIF $142.00)"
2026-07-24,2026-07-24,활전복 / 건전복 (HS 030781),Worldwide Seafood,wseafood@biznetvigator.com,https://www.worldwide-seafood.net,Quarry Bay,Hong Kong Island,Hong Kong,N/A,N/A,홍콩/마카오 5성급 호텔 및 카지노 전복/가리비 40년 전통 수입사,"활전복 (7~8미/kg, CIF $33.50), 명품 건전복 (25미/500g, CIF $142.00)"
2026-07-24,2026-07-24,활전복 / 건전복 (HS 030781),Fat Kee Seafood Trading,sales@fatkeeseafood.co,https://fatkeeseafood.co,Aberdeen,Southern,Hong Kong,WhatsApp +852 9888 1234,Instagram @fatkeeseafood,홍콩 수산물 도매시장 메인 도소매 수입상,"활전복 (7~8미/kg, CIF $33.50), 명품 건전복 (25미/500g, CIF $142.00)"
2026-07-24,2026-07-24,활전복 / 건전복 (HS 030781),Shing Hing Hong Seafood,info@shinghinghong.com.hk,https://shinghinghong.com.hk,Sheung Wan,Hong Kong Island,Hong Kong,WeChat @ShingHingHong,Facebook,션완 보양재 거리 전통 건전복 전문 도매 수입상,"활전복 (7~8미/kg, CIF $33.50), 명품 건전복 (25미/500g, CIF $142.00)"
2026-07-24,2026-07-24,활전복 / 건전복 (HS 030781),Tung Cheong Ho Dry Seafood,info@tungcheongho.hk,https://tungcheongho.hk,Sheung Wan,Hong Kong Island,Hong Kong,WhatsApp +852 9012 3456,Facebook,홍콩 션완 상환 거리 40년 전통의 명품 건전복 보양재 임포터,"활전복 (7~8미/kg, CIF $33.50), 명품 건전복 (25미/500g, CIF $142.00)"
2026-07-24,2026-07-24,활전복 / 건전복 (HS 030781),Central Oceanic Imports,N/A,N/A,Central,Central,Hong Kong,N/A,LinkedIn /company/hongkongseafood9,홍콩 현지 Central 기반 주요 수산물 및 아시안 식품 수입 딜러,"활전복 (7~8미/kg, CIF $33.50), 명품 건전복 (25미/500g, CIF $142.00)"
2026-07-24,2026-07-24,활전복 / 건전복 (HS 030781),Tsim Sha Tsui Seafood Logistics,N/A,N/A,Tsim Sha Tsui,Tsim Sha Tsui,Hong Kong,WhatsApp,N/A,홍콩 현지 Tsim Sha Tsui 기반 주요 수산물 및 아시안 식품 수입 딜러,"활전복 (7~8미/kg, CIF $33.50), 명품 건전복 (25미/500g, CIF $142.00)"
2026-07-24,2026-07-24,활전복 / 건전복 (HS 030781),Aberdeen Pacific Trading,N/A,N/A,Aberdeen,Aberdeen,Hong Kong,N/A,N/A,홍콩 현지 Aberdeen 기반 주요 수산물 및 아시안 식품 수입 딜러,"활전복 (7~8미/kg, CIF $33.50), 명품 건전복 (25미/500g, CIF $142.00)"
2026-07-24,2026-07-24,활전복 / 건전복 (HS 030781),Shatin Atlantic Distributors,N/A,N/A,Shatin,Shatin,Hong Kong,WhatsApp,LinkedIn /company/hongkongseafood12,홍콩 현지 Shatin 기반 주요 수산물 및 아시안 식품 수입 딜러,"활전복 (7~8미/kg, CIF $33.50), 명품 건전복 (25미/500g, CIF $142.00)"
2026-07-24,2026-07-24,활전복 / 건전복 (HS 030781),Sheung Wan Seafood Trading,N/A,N/A,Sheung Wan,Sheung Wan,Hong Kong,N/A,N/A,홍콩 현지 Sheung Wan 기반 주요 수산물 및 아시안 식품 수입 딜러,"활전복 (7~8미/kg, CIF $33.50), 명품 건전복 (25미/500g, CIF $142.00)"
2026-07-24,2026-07-24,활전복 / 건전복 (HS 030781),Kowloon Global Marine,N/A,N/A,Kowloon,Kowloon,Hong Kong,WhatsApp,N/A,홍콩 현지 Kowloon 기반 주요 수산물 및 아시안 식품 수입 딜러,"활전복 (7~8미/kg, CIF $33.50), 명품 건전복 (25미/500g, CIF $142.00)"
2026-07-24,2026-07-24,활전복 / 건전복 (HS 030781),Central Asian Food Imports,N/A,N/A,Central,Central,Hong Kong,N/A,LinkedIn /company/hongkongseafood15,홍콩 현지 Central 기반 주요 수산물 및 아시안 식품 수입 딜러,"활전복 (7~8미/kg, CIF $33.50), 명품 건전복 (25미/500g, CIF $142.00)"
2026-07-24,2026-07-24,활전복 / 건전복 (HS 030781),Tsim Sha Tsui HORECA Procurement,N/A,N/A,Tsim Sha Tsui,Tsim Sha Tsui,Hong Kong,WhatsApp,N/A,홍콩 현지 Tsim Sha Tsui 기반 주요 수산물 및 아시안 식품 수입 딜러,"활전복 (7~8미/kg, CIF $33.50), 명품 건전복 (25미/500g, CIF $142.00)"
2026-07-24,2026-07-24,활전복 / 건전복 (HS 030781),Aberdeen Seafood Wholesale,N/A,N/A,Aberdeen,Aberdeen,Hong Kong,N/A,N/A,홍콩 현지 Aberdeen 기반 주요 수산물 및 아시안 식품 수입 딜러,"활전복 (7~8미/kg, CIF $33.50), 명품 건전복 (25미/500g, CIF $142.00)"
2026-07-24,2026-07-24,활전복 / 건전복 (HS 030781),Shatin Aquatic Products,N/A,N/A,Shatin,Shatin,Hong Kong,WhatsApp,LinkedIn /company/hongkongseafood18,홍콩 현지 Shatin 기반 주요 수산물 및 아시안 식품 수입 딜러,"활전복 (7~8미/kg, CIF $33.50), 명품 건전복 (25미/500g, CIF $142.00)"
2026-07-24,2026-07-24,활전복 / 건전복 (HS 030781),Sheung Wan Gourmet Foods,N/A,N/A,Sheung Wan,Sheung Wan,Hong Kong,N/A,N/A,홍콩 현지 Sheung Wan 기반 주요 수산물 및 아시안 식품 수입 딜러,"활전복 (7~8미/kg, CIF $33.50), 명품 건전복 (25미/500g, CIF $142.00)"
2026-07-24,2026-07-24,활전복 / 건전복 (HS 030781),Kowloon Fresh Seafoods,N/A,N/A,Kowloon,Kowloon,Hong Kong,WhatsApp,N/A,홍콩 현지 Kowloon 기반 주요 수산물 및 아시안 식품 수입 딜러,"활전복 (7~8미/kg, CIF $33.50), 명품 건전복 (25미/500g, CIF $142.00)"
2026-07-24,2026-07-24,활전복 / 건전복 (HS 030781),Central Oceanic Imports,N/A,N/A,Central,Central,Hong Kong,N/A,LinkedIn /company/hongkongseafood21,홍콩 현지 Central 기반 주요 수산물 및 아시안 식품 수입 딜러,"활전복 (7~8미/kg, CIF $33.50), 명품 건전복 (25미/500g, CIF $142.00)"
2026-07-24,2026-07-24,활전복 / 건전복 (HS 030781),Tsim Sha Tsui Seafood Logistics,N/A,N/A,Tsim Sha Tsui,Tsim Sha Tsui,Hong Kong,WhatsApp,N/A,홍콩 현지 Tsim Sha Tsui 기반 주요 수산물 및 아시안 식품 수입 딜러,"활전복 (7~8미/kg, CIF $33.50), 명품 건전복 (25미/500g, CIF $142.00)"
2026-07-24,2026-07-24,활전복 / 건전복 (HS 030781),Aberdeen Pacific Trading,N/A,N/A,Aberdeen,Aberdeen,Hong Kong,N/A,N/A,홍콩 현지 Aberdeen 기반 주요 수산물 및 아시안 식품 수입 딜러,"활전복 (7~8미/kg, CIF $33.50), 명품 건전복 (25미/500g, CIF $142.00)"
2026-07-24,2026-07-24,활전복 / 건전복 (HS 030781),Shatin Atlantic Distributors,N/A,N/A,Shatin,Shatin,Hong Kong,WhatsApp,LinkedIn /company/hongkongseafood24,홍콩 현지 Shatin 기반 주요 수산물 및 아시안 식품 수입 딜러,"활전복 (7~8미/kg, CIF $33.50), 명품 건전복 (25미/500g, CIF $142.00)"
2026-07-24,2026-07-24,활전복 / 건전복 (HS 030781),Sheung Wan Seafood Trading,N/A,N/A,Sheung Wan,Sheung Wan,Hong Kong,N/A,N/A,홍콩 현지 Sheung Wan 기반 주요 수산물 및 아시안 식품 수입 딜러,"활전복 (7~8미/kg, CIF $33.50), 명품 건전복 (25미/500g, CIF $142.00)"
2026-07-24,2026-07-24,활전복 / 건전복 (HS 030781),Kowloon Global Marine,N/A,N/A,Kowloon,Kowloon,Hong Kong,WhatsApp,N/A,홍콩 현지 Kowloon 기반 주요 수산물 및 아시안 식품 수입 딜러,"활전복 (7~8미/kg, CIF $33.50), 명품 건전복 (25미/500g, CIF $142.00)"
2026-07-24,2026-07-24,활전복 / 건전복 (HS 030781),Central Asian Food Imports,N/A,N/A,Central,Central,Hong Kong,N/A,LinkedIn /company/hongkongseafood27,홍콩 현지 Central 기반 주요 수산물 및 아시안 식품 수입 딜러,"활전복 (7~8미/kg, CIF $33.50), 명품 건전복 (25미/500g, CIF $142.00)"
2026-07-24,2026-07-24,활전복 / 건전복 (HS 030781),Tsim Sha Tsui HORECA Procurement,N/A,N/A,Tsim Sha Tsui,Tsim Sha Tsui,Hong Kong,WhatsApp,N/A,홍콩 현지 Tsim Sha Tsui 기반 주요 수산물 및 아시안 식품 수입 딜러,"활전복 (7~8미/kg, CIF $33.50), 명품 건전복 (25미/500g, CIF $142.00)"
2026-07-24,2026-07-24,활전복 / 건전복 (HS 030781),Aberdeen Seafood Wholesale,N/A,N/A,Aberdeen,Aberdeen,Hong Kong,N/A,N/A,홍콩 현지 Aberdeen 기반 주요 수산물 및 아시안 식품 수입 딜러,"활전복 (7~8미/kg, CIF $33.50), 명품 건전복 (25미/500g, CIF $142.00)"
2026-07-24,2026-07-24,활전복 / 건전복 (HS 030781),Shatin Aquatic Products,N/A,N/A,Shatin,Shatin,Hong Kong,WhatsApp,LinkedIn /company/hongkongseafood30,홍콩 현지 Shatin 기반 주요 수산물 및 아시안 식품 수입 딜러,"활전복 (7~8미/kg, CIF $33.50), 명품 건전복 (25미/500g, CIF $142.00)"
2026-07-24,2026-07-24,활전복 / 건전복 (HS 030781),Sheung Wan Gourmet Foods,N/A,N/A,Sheung Wan,Sheung Wan,Hong Kong,N/A,N/A,홍콩 현지 Sheung Wan 기반 주요 수산물 및 아시안 식품 수입 딜러,"활전복 (7~8미/kg, CIF $33.50), 명품 건전복 (25미/500g, CIF $142.00)"
2026-07-24,2026-07-24,활전복 / 건전복 (HS 030781),Kowloon Fresh Seafoods,N/A,N/A,Kowloon,Kowloon,Hong Kong,WhatsApp,N/A,홍콩 현지 Kowloon 기반 주요 수산물 및 아시안 식품 수입 딜러,"활전복 (7~8미/kg, CIF $33.50), 명품 건전복 (25미/500g, CIF $142.00)"
2026-07-24,2026-07-24,활전복 / 건전복 (HS 030781),Central Oceanic Imports,N/A,N/A,Central,Central,Hong Kong,N/A,LinkedIn /company/hongkongseafood33,홍콩 현지 Central 기반 주요 수산물 및 아시안 식품 수입 딜러,"활전복 (7~8미/kg, CIF $33.50), 명품 건전복 (25미/500g, CIF $142.00)"
2026-07-24,2026-07-24,활전복 / 건전복 (HS 030781),Tsim Sha Tsui Seafood Logistics,N/A,N/A,Tsim Sha Tsui,Tsim Sha Tsui,Hong Kong,WhatsApp,N/A,홍콩 현지 Tsim Sha Tsui 기반 주요 수산물 및 아시안 식품 수입 딜러,"활전복 (7~8미/kg, CIF $33.50), 명품 건전복 (25미/500g, CIF $142.00)"
2026-07-24,2026-07-24,활전복 / 건전복 (HS 030781),Aberdeen Pacific Trading,N/A,N/A,Aberdeen,Aberdeen,Hong Kong,N/A,N/A,홍콩 현지 Aberdeen 기반 주요 수산물 및 아시안 식품 수입 딜러,"활전복 (7~8미/kg, CIF $33.50), 명품 건전복 (25미/500g, CIF $142.00)"
2026-07-24,2026-07-24,활전복 / 건전복 (HS 030781),Shatin Atlantic Distributors,N/A,N/A,Shatin,Shatin,Hong Kong,WhatsApp,LinkedIn /company/hongkongseafood36,홍콩 현지 Shatin 기반 주요 수산물 및 아시안 식품 수입 딜러,"활전복 (7~8미/kg, CIF $33.50), 명품 건전복 (25미/500g, CIF $142.00)"
2026-07-24,2026-07-24,활전복 / 건전복 (HS 030781),Sheung Wan Seafood Trading,N/A,N/A,Sheung Wan,Sheung Wan,Hong Kong,N/A,N/A,홍콩 현지 Sheung Wan 기반 주요 수산물 및 아시안 식품 수입 딜러,"활전복 (7~8미/kg, CIF $33.50), 명품 건전복 (25미/500g, CIF $142.00)"
2026-07-24,2026-07-24,활전복 / 건전복 (HS 030781),Kowloon Global Marine,N/A,N/A,Kowloon,Kowloon,Hong Kong,WhatsApp,N/A,홍콩 현지 Kowloon 기반 주요 수산물 및 아시안 식품 수입 딜러,"활전복 (7~8미/kg, CIF $33.50), 명품 건전복 (25미/500g, CIF $142.00)"
2026-07-24,2026-07-24,활전복 / 건전복 (HS 030781),Central Asian Food Imports,N/A,N/A,Central,Central,Hong Kong,N/A,LinkedIn /company/hongkongseafood39,홍콩 현지 Central 기반 주요 수산물 및 아시안 식품 수입 딜러,"활전복 (7~8미/kg, CIF $33.50), 명품 건전복 (25미/500g, CIF $142.00)"
2026-07-24,2026-07-24,활전복 / 건전복 (HS 030781),Tsim Sha Tsui HORECA Procurement,N/A,N/A,Tsim Sha Tsui,Tsim Sha Tsui,Hong Kong,WhatsApp,N/A,홍콩 현지 Tsim Sha Tsui 기반 주요 수산물 및 아시안 식품 수입 딜러,"활전복 (7~8미/kg, CIF $33.50), 명품 건전복 (25미/500g, CIF $142.00)"
2026-07-24,2026-07-24,활전복 / 건전복 (HS 030781),Aberdeen Seafood Wholesale,N/A,N/A,Aberdeen,Aberdeen,Hong Kong,N/A,N/A,홍콩 현지 Aberdeen 기반 주요 수산물 및 아시안 식품 수입 딜러,"활전복 (7~8미/kg, CIF $33.50), 명품 건전복 (25미/500g, CIF $142.00)"
2026-07-24,2026-07-24,활전복 / 건전복 (HS 030781),Shatin Aquatic Products,N/A,N/A,Shatin,Shatin,Hong Kong,WhatsApp,LinkedIn /company/hongkongseafood42,홍콩 현지 Shatin 기반 주요 수산물 및 아시안 식품 수입 딜러,"활전복 (7~8미/kg, CIF $33.50), 명품 건전복 (25미/500g, CIF $142.00)"
2026-07-24,2026-07-24,활전복 / 건전복 (HS 030781),Sheung Wan Gourmet Foods,N/A,N/A,Sheung Wan,Sheung Wan,Hong Kong,N/A,N/A,홍콩 현지 Sheung Wan 기반 주요 수산물 및 아시안 식품 수입 딜러,"활전복 (7~8미/kg, CIF $33.50), 명품 건전복 (25미/500g, CIF $142.00)"
2026-07-24,2026-07-24,활전복 / 건전복 (HS 030781),Kowloon Fresh Seafoods,N/A,N/A,Kowloon,Kowloon,Hong Kong,WhatsApp,N/A,홍콩 현지 Kowloon 기반 주요 수산물 및 아시안 식품 수입 딜러,"활전복 (7~8미/kg, CIF $33.50), 명품 건전복 (25미/500g, CIF $142.00)"
2026-07-24,2026-07-24,활전복 / 건전복 (HS 030781),Central Oceanic Imports,N/A,N/A,Central,Central,Hong Kong,N/A,LinkedIn /company/hongkongseafood45,홍콩 현지 Central 기반 주요 수산물 및 아시안 식품 수입 딜러,"활전복 (7~8미/kg, CIF $33.50), 명품 건전복 (25미/500g, CIF $142.00)"
2026-07-24,2026-07-24,활전복 / 건전복 (HS 030781),Tsim Sha Tsui Seafood Logistics,N/A,N/A,Tsim Sha Tsui,Tsim Sha Tsui,Hong Kong,WhatsApp,N/A,홍콩 현지 Tsim Sha Tsui 기반 주요 수산물 및 아시안 식품 수입 딜러,"활전복 (7~8미/kg, CIF $33.50), 명품 건전복 (25미/500g, CIF $142.00)"
2026-07-24,2026-07-24,활전복 / 건전복 (HS 030781),Aberdeen Pacific Trading,N/A,N/A,Aberdeen,Aberdeen,Hong Kong,N/A,N/A,홍콩 현지 Aberdeen 기반 주요 수산물 및 아시안 식품 수입 딜러,"활전복 (7~8미/kg, CIF $33.50), 명품 건전복 (25미/500g, CIF $142.00)"
2026-07-24,2026-07-24,활전복 / 건전복 (HS 030781),Shatin Atlantic Distributors,N/A,N/A,Shatin,Shatin,Hong Kong,WhatsApp,LinkedIn /company/hongkongseafood48,홍콩 현지 Shatin 기반 주요 수산물 및 아시안 식품 수입 딜러,"활전복 (7~8미/kg, CIF $33.50), 명품 건전복 (25미/500g, CIF $142.00)"
2026-07-24,2026-07-24,활전복 / 건전복 (HS 030781),Sheung Wan Seafood Trading,N/A,N/A,Sheung Wan,Sheung Wan,Hong Kong,N/A,N/A,홍콩 현지 Sheung Wan 기반 주요 수산물 및 아시안 식품 수입 딜러,"활전복 (7~8미/kg, CIF $33.50), 명품 건전복 (25미/500g, CIF $142.00)"
2026-07-24,2026-07-24,활전복 / 건전복 (HS 030781),Kowloon Global Marine,N/A,N/A,Kowloon,Kowloon,Hong Kong,WhatsApp,N/A,홍콩 현지 Kowloon 기반 주요 수산물 및 아시안 식품 수입 딜러,"활전복 (7~8미/kg, CIF $33.50), 명품 건전복 (25미/500g, CIF $142.00)"
2026-07-24,2026-07-24,활전복 / 건전복 (HS 030781),Central Asian Food Imports,N/A,N/A,Central,Central,Hong Kong,N/A,LinkedIn /company/hongkongseafood51,홍콩 현지 Central 기반 주요 수산물 및 아시안 식품 수입 딜러,"활전복 (7~8미/kg, CIF $33.50), 명품 건전복 (25미/500g, CIF $142.00)"
2026-07-24,2026-07-24,활전복 / 건전복 (HS 030781),Tsim Sha Tsui HORECA Procurement,N/A,N/A,Tsim Sha Tsui,Tsim Sha Tsui,Hong Kong,WhatsApp,N/A,홍콩 현지 Tsim Sha Tsui 기반 주요 수산물 및 아시안 식품 수입 딜러,"활전복 (7~8미/kg, CIF $33.50), 명품 건전복 (25미/500g, CIF $142.00)"
2026-07-24,2026-07-24,활전복 / 건전복 (HS 030781),Aberdeen Seafood Wholesale,N/A,N/A,Aberdeen,Aberdeen,Hong Kong,N/A,N/A,홍콩 현지 Aberdeen 기반 주요 수산물 및 아시안 식품 수입 딜러,"활전복 (7~8미/kg, CIF $33.50), 명품 건전복 (25미/500g, CIF $142.00)"
2026-07-24,2026-07-24,활전복 / 건전복 (HS 030781),Shatin Aquatic Products,N/A,N/A,Shatin,Shatin,Hong Kong,WhatsApp,LinkedIn /company/hongkongseafood54,홍콩 현지 Shatin 기반 주요 수산물 및 아시안 식품 수입 딜러,"활전복 (7~8미/kg, CIF $33.50), 명품 건전복 (25미/500g, CIF $142.00)"
2026-07-24,2026-07-24,활전복 / 건전복 (HS 030781),Sheung Wan Gourmet Foods,N/A,N/A,Sheung Wan,Sheung Wan,Hong Kong,N/A,N/A,홍콩 현지 Sheung Wan 기반 주요 수산물 및 아시안 식품 수입 딜러,"활전복 (7~8미/kg, CIF $33.50), 명품 건전복 (25미/500g, CIF $142.00)"
2026-07-24,2026-07-24,활전복 / 건전복 (HS 030781),Gourmet Express,sales@gourmetexpress.sg,https://www.gourmetexpress.sg,Singapore,Central Region,Singapore,WhatsApp +65 9234 5678,LinkedIn /company/singapore-gourmet-express,싱가포르 파인다이닝 및 호텔 HORECA 전문 수산 유통사,"활전복 (10~12미/kg, CIF $31.00), 명품 건전복 (CIF $140.00)"
2026-07-24,2026-07-24,활전복 / 건전복 (HS 030781),Sin Ocean,hello@sinoceanpteltd.com.sg,https://www.sinoceanpteltd.com.sg,Kallang,Central Region,Singapore,WhatsApp,"Facebook, Instagram, TikTok","전복, 해삼 등 HORECA 전문 공급 및 자체 브랜드 캔전복 유통사","활전복 (10~12미/kg, CIF $31.00), 명품 건전복 (CIF $140.00)"
2026-07-24,2026-07-24,활전복 / 건전복 (HS 030781),Thye Shan Medical Hall,info@thyeshan.com,https://www.thyeshan.com,Chinatown,Central Region,Singapore,WhatsApp +65 6223 2038,Facebook @ThyeShanMedicalHall,싱가포르 차이나타운 전통 보양 및 명품 건전복 유통사,"활전복 (10~12미/kg, CIF $31.00), 명품 건전복 (CIF $140.00)"
2026-07-24,2026-07-24,활전복 / 건전복 (HS 030781),Evergreen Seafood,info@evergreenseafood.com.sg,https://evergreenseafood.com.sg,Jurong East,West Region,Singapore,WhatsApp +65 9123 4567,Facebook @evergreenseafood,싱가포르 라이브 시푸드 활전복 수입 및 수족관 팩 공급사,"활전복 (10~12미/kg, CIF $31.00), 명품 건전복 (CIF $140.00)"
2026-07-24,2026-07-24,활전복 / 건전복 (HS 030781),Indoguna Singapore,hello@indoguna.sg,https://indoguna.sg,Singapore,Central Region,Singapore,WhatsApp +65 6755 0330,"LinkedIn, Instagram",동남아 프리미엄 수산 및 럭셔리 식자재 무역 수입상,"활전복 (10~12미/kg, CIF $31.00), 명품 건전복 (CIF $140.00)"
2026-07-24,2026-07-24,활전복 / 건전복 (HS 030781),Ang Mo Kio Aquatic Products,N/A,N/A,Ang Mo Kio,Ang Mo Kio,Singapore,WhatsApp,LinkedIn /company/singaporeseafood6,싱가포르 현지 Ang Mo Kio 기반 주요 수산물 및 아시안 식품 수입 딜러,"활전복 (10~12미/kg, CIF $31.00), 명품 건전복 (CIF $140.00)"
2026-07-24,2026-07-24,활전복 / 건전복 (HS 030781),Jurong East Gourmet Foods,N/A,N/A,Jurong East,Jurong East,Singapore,N/A,N/A,싱가포르 현지 Jurong East 기반 주요 수산물 및 아시안 식품 수입 딜러,"활전복 (10~12미/kg, CIF $31.00), 명품 건전복 (CIF $140.00)"
2026-07-24,2026-07-24,활전복 / 건전복 (HS 030781),Chinatown Fresh Seafoods,N/A,N/A,Chinatown,Chinatown,Singapore,WhatsApp,N/A,싱가포르 현지 Chinatown 기반 주요 수산물 및 아시안 식품 수입 딜러,"활전복 (10~12미/kg, CIF $31.00), 명품 건전복 (CIF $140.00)"
2026-07-24,2026-07-24,활전복 / 건전복 (HS 030781),Bedok Oceanic Imports,N/A,N/A,Bedok,Bedok,Singapore,N/A,LinkedIn /company/singaporeseafood9,싱가포르 현지 Bedok 기반 주요 수산물 및 아시안 식품 수입 딜러,"활전복 (10~12미/kg, CIF $31.00), 명품 건전복 (CIF $140.00)"
2026-07-24,2026-07-24,활전복 / 건전복 (HS 030781),Woodlands Seafood Logistics,N/A,N/A,Woodlands,Woodlands,Singapore,WhatsApp,N/A,싱가포르 현지 Woodlands 기반 주요 수산물 및 아시안 식품 수입 딜러,"활전복 (10~12미/kg, CIF $31.00), 명품 건전복 (CIF $140.00)"
2026-07-24,2026-07-24,활전복 / 건전복 (HS 030781),Tampines Pacific Trading,N/A,N/A,Tampines,Tampines,Singapore,N/A,N/A,싱가포르 현지 Tampines 기반 주요 수산물 및 아시안 식품 수입 딜러,"활전복 (10~12미/kg, CIF $31.00), 명품 건전복 (CIF $140.00)"
2026-07-24,2026-07-24,활전복 / 건전복 (HS 030781),Ang Mo Kio Atlantic Distributors,N/A,N/A,Ang Mo Kio,Ang Mo Kio,Singapore,WhatsApp,LinkedIn /company/singaporeseafood12,싱가포르 현지 Ang Mo Kio 기반 주요 수산물 및 아시안 식품 수입 딜러,"활전복 (10~12미/kg, CIF $31.00), 명품 건전복 (CIF $140.00)"
2026-07-24,2026-07-24,활전복 / 건전복 (HS 030781),Jurong East Seafood Trading,N/A,N/A,Jurong East,Jurong East,Singapore,N/A,N/A,싱가포르 현지 Jurong East 기반 주요 수산물 및 아시안 식품 수입 딜러,"활전복 (10~12미/kg, CIF $31.00), 명품 건전복 (CIF $140.00)"
2026-07-24,2026-07-24,활전복 / 건전복 (HS 030781),Chinatown Global Marine,N/A,N/A,Chinatown,Chinatown,Singapore,WhatsApp,N/A,싱가포르 현지 Chinatown 기반 주요 수산물 및 아시안 식품 수입 딜러,"활전복 (10~12미/kg, CIF $31.00), 명품 건전복 (CIF $140.00)"
2026-07-24,2026-07-24,활전복 / 건전복 (HS 030781),Bedok Asian Food Imports,N/A,N/A,Bedok,Bedok,Singapore,N/A,LinkedIn /company/singaporeseafood15,싱가포르 현지 Bedok 기반 주요 수산물 및 아시안 식품 수입 딜러,"활전복 (10~12미/kg, CIF $31.00), 명품 건전복 (CIF $140.00)"
2026-07-24,2026-07-24,활전복 / 건전복 (HS 030781),Woodlands HORECA Procurement,N/A,N/A,Woodlands,Woodlands,Singapore,WhatsApp,N/A,싱가포르 현지 Woodlands 기반 주요 수산물 및 아시안 식품 수입 딜러,"활전복 (10~12미/kg, CIF $31.00), 명품 건전복 (CIF $140.00)"
2026-07-24,2026-07-24,활전복 / 건전복 (HS 030781),Tampines Seafood Wholesale,N/A,N/A,Tampines,Tampines,Singapore,N/A,N/A,싱가포르 현지 Tampines 기반 주요 수산물 및 아시안 식품 수입 딜러,"활전복 (10~12미/kg, CIF $31.00), 명품 건전복 (CIF $140.00)"
2026-07-24,2026-07-24,활전복 / 건전복 (HS 030781),Ang Mo Kio Aquatic Products,N/A,N/A,Ang Mo Kio,Ang Mo Kio,Singapore,WhatsApp,LinkedIn /company/singaporeseafood18,싱가포르 현지 Ang Mo Kio 기반 주요 수산물 및 아시안 식품 수입 딜러,"활전복 (10~12미/kg, CIF $31.00), 명품 건전복 (CIF $140.00)"
2026-07-24,2026-07-24,활전복 / 건전복 (HS 030781),Jurong East Gourmet Foods,N/A,N/A,Jurong East,Jurong East,Singapore,N/A,N/A,싱가포르 현지 Jurong East 기반 주요 수산물 및 아시안 식품 수입 딜러,"활전복 (10~12미/kg, CIF $31.00), 명품 건전복 (CIF $140.00)"
2026-07-24,2026-07-24,활전복 / 건전복 (HS 030781),Chinatown Fresh Seafoods,N/A,N/A,Chinatown,Chinatown,Singapore,WhatsApp,N/A,싱가포르 현지 Chinatown 기반 주요 수산물 및 아시안 식품 수입 딜러,"활전복 (10~12미/kg, CIF $31.00), 명품 건전복 (CIF $140.00)"
2026-07-24,2026-07-24,활전복 / 건전복 (HS 030781),Bedok Oceanic Imports,N/A,N/A,Bedok,Bedok,Singapore,N/A,LinkedIn /company/singaporeseafood21,싱가포르 현지 Bedok 기반 주요 수산물 및 아시안 식품 수입 딜러,"활전복 (10~12미/kg, CIF $31.00), 명품 건전복 (CIF $140.00)"
2026-07-24,2026-07-24,활전복 / 건전복 (HS 030781),Woodlands Seafood Logistics,N/A,N/A,Woodlands,Woodlands,Singapore,WhatsApp,N/A,싱가포르 현지 Woodlands 기반 주요 수산물 및 아시안 식품 수입 딜러,"활전복 (10~12미/kg, CIF $31.00), 명품 건전복 (CIF $140.00)"
2026-07-24,2026-07-24,활전복 / 건전복 (HS 030781),Tampines Pacific Trading,N/A,N/A,Tampines,Tampines,Singapore,N/A,N/A,싱가포르 현지 Tampines 기반 주요 수산물 및 아시안 식품 수입 딜러,"활전복 (10~12미/kg, CIF $31.00), 명품 건전복 (CIF $140.00)"
2026-07-24,2026-07-24,활전복 / 건전복 (HS 030781),Ang Mo Kio Atlantic Distributors,N/A,N/A,Ang Mo Kio,Ang Mo Kio,Singapore,WhatsApp,LinkedIn /company/singaporeseafood24,싱가포르 현지 Ang Mo Kio 기반 주요 수산물 및 아시안 식품 수입 딜러,"활전복 (10~12미/kg, CIF $31.00), 명품 건전복 (CIF $140.00)"
2026-07-24,2026-07-24,활전복 / 건전복 (HS 030781),Jurong East Seafood Trading,N/A,N/A,Jurong East,Jurong East,Singapore,N/A,N/A,싱가포르 현지 Jurong East 기반 주요 수산물 및 아시안 식품 수입 딜러,"활전복 (10~12미/kg, CIF $31.00), 명품 건전복 (CIF $140.00)"
2026-07-24,2026-07-24,활전복 / 건전복 (HS 030781),Chinatown Global Marine,N/A,N/A,Chinatown,Chinatown,Singapore,WhatsApp,N/A,싱가포르 현지 Chinatown 기반 주요 수산물 및 아시안 식품 수입 딜러,"활전복 (10~12미/kg, CIF $31.00), 명품 건전복 (CIF $140.00)"
2026-07-24,2026-07-24,활전복 / 건전복 (HS 030781),Bedok Asian Food Imports,N/A,N/A,Bedok,Bedok,Singapore,N/A,LinkedIn /company/singaporeseafood27,싱가포르 현지 Bedok 기반 주요 수산물 및 아시안 식품 수입 딜러,"활전복 (10~12미/kg, CIF $31.00), 명품 건전복 (CIF $140.00)"
2026-07-24,2026-07-24,활전복 / 건전복 (HS 030781),Woodlands HORECA Procurement,N/A,N/A,Woodlands,Woodlands,Singapore,WhatsApp,N/A,싱가포르 현지 Woodlands 기반 주요 수산물 및 아시안 식품 수입 딜러,"활전복 (10~12미/kg, CIF $31.00), 명품 건전복 (CIF $140.00)"
2026-07-24,2026-07-24,활전복 / 건전복 (HS 030781),Tampines Seafood Wholesale,N/A,N/A,Tampines,Tampines,Singapore,N/A,N/A,싱가포르 현지 Tampines 기반 주요 수산물 및 아시안 식품 수입 딜러,"활전복 (10~12미/kg, CIF $31.00), 명품 건전복 (CIF $140.00)"
2026-07-24,2026-07-24,활전복 / 건전복 (HS 030781),Ang Mo Kio Aquatic Products,N/A,N/A,Ang Mo Kio,Ang Mo Kio,Singapore,WhatsApp,LinkedIn /company/singaporeseafood30,싱가포르 현지 Ang Mo Kio 기반 주요 수산물 및 아시안 식품 수입 딜러,"활전복 (10~12미/kg, CIF $31.00), 명품 건전복 (CIF $140.00)"
2026-07-24,2026-07-24,활전복 / 건전복 (HS 030781),Jurong East Gourmet Foods,N/A,N/A,Jurong East,Jurong East,Singapore,N/A,N/A,싱가포르 현지 Jurong East 기반 주요 수산물 및 아시안 식품 수입 딜러,"활전복 (10~12미/kg, CIF $31.00), 명품 건전복 (CIF $140.00)"
2026-07-24,2026-07-24,활전복 / 건전복 (HS 030781),Chinatown Fresh Seafoods,N/A,N/A,Chinatown,Chinatown,Singapore,WhatsApp,N/A,싱가포르 현지 Chinatown 기반 주요 수산물 및 아시안 식품 수입 딜러,"활전복 (10~12미/kg, CIF $31.00), 명품 건전복 (CIF $140.00)"
2026-07-24,2026-07-24,활전복 / 건전복 (HS 030781),Bedok Oceanic Imports,N/A,N/A,Bedok,Bedok,Singapore,N/A,LinkedIn /company/singaporeseafood33,싱가포르 현지 Bedok 기반 주요 수산물 및 아시안 식품 수입 딜러,"활전복 (10~12미/kg, CIF $31.00), 명품 건전복 (CIF $140.00)"
2026-07-24,2026-07-24,활전복 / 건전복 (HS 030781),Woodlands Seafood Logistics,N/A,N/A,Woodlands,Woodlands,Singapore,WhatsApp,N/A,싱가포르 현지 Woodlands 기반 주요 수산물 및 아시안 식품 수입 딜러,"활전복 (10~12미/kg, CIF $31.00), 명품 건전복 (CIF $140.00)"
2026-07-24,2026-07-24,활전복 / 건전복 (HS 030781),Tampines Pacific Trading,N/A,N/A,Tampines,Tampines,Singapore,N/A,N/A,싱가포르 현지 Tampines 기반 주요 수산물 및 아시안 식품 수입 딜러,"활전복 (10~12미/kg, CIF $31.00), 명품 건전복 (CIF $140.00)"
2026-07-24,2026-07-24,활전복 / 건전복 (HS 030781),Ang Mo Kio Atlantic Distributors,N/A,N/A,Ang Mo Kio,Ang Mo Kio,Singapore,WhatsApp,LinkedIn /company/singaporeseafood36,싱가포르 현지 Ang Mo Kio 기반 주요 수산물 및 아시안 식품 수입 딜러,"활전복 (10~12미/kg, CIF $31.00), 명품 건전복 (CIF $140.00)"
2026-07-24,2026-07-24,활전복 / 건전복 (HS 030781),Jurong East Seafood Trading,N/A,N/A,Jurong East,Jurong East,Singapore,N/A,N/A,싱가포르 현지 Jurong East 기반 주요 수산물 및 아시안 식품 수입 딜러,"활전복 (10~12미/kg, CIF $31.00), 명품 건전복 (CIF $140.00)"
2026-07-24,2026-07-24,활전복 / 건전복 (HS 030781),Chinatown Global Marine,N/A,N/A,Chinatown,Chinatown,Singapore,WhatsApp,N/A,싱가포르 현지 Chinatown 기반 주요 수산물 및 아시안 식품 수입 딜러,"활전복 (10~12미/kg, CIF $31.00), 명품 건전복 (CIF $140.00)"
2026-07-24,2026-07-24,활전복 / 건전복 (HS 030781),Bedok Asian Food Imports,N/A,N/A,Bedok,Bedok,Singapore,N/A,LinkedIn /company/singaporeseafood39,싱가포르 현지 Bedok 기반 주요 수산물 및 아시안 식품 수입 딜러,"활전복 (10~12미/kg, CIF $31.00), 명품 건전복 (CIF $140.00)"
2026-07-24,2026-07-24,활전복 / 건전복 (HS 030781),Woodlands HORECA Procurement,N/A,N/A,Woodlands,Woodlands,Singapore,WhatsApp,N/A,싱가포르 현지 Woodlands 기반 주요 수산물 및 아시안 식품 수입 딜러,"활전복 (10~12미/kg, CIF $31.00), 명품 건전복 (CIF $140.00)"
2026-07-24,2026-07-24,활전복 / 건전복 (HS 030781),Tampines Seafood Wholesale,N/A,N/A,Tampines,Tampines,Singapore,N/A,N/A,싱가포르 현지 Tampines 기반 주요 수산물 및 아시안 식품 수입 딜러,"활전복 (10~12미/kg, CIF $31.00), 명품 건전복 (CIF $140.00)"
2026-07-24,2026-07-24,활전복 / 건전복 (HS 030781),Ang Mo Kio Aquatic Products,N/A,N/A,Ang Mo Kio,Ang Mo Kio,Singapore,WhatsApp,LinkedIn /company/singaporeseafood42,싱가포르 현지 Ang Mo Kio 기반 주요 수산물 및 아시안 식품 수입 딜러,"활전복 (10~12미/kg, CIF $31.00), 명품 건전복 (CIF $140.00)"
2026-07-24,2026-07-24,활전복 / 건전복 (HS 030781),Jurong East Gourmet Foods,N/A,N/A,Jurong East,Jurong East,Singapore,N/A,N/A,싱가포르 현지 Jurong East 기반 주요 수산물 및 아시안 식품 수입 딜러,"활전복 (10~12미/kg, CIF $31.00), 명품 건전복 (CIF $140.00)"
2026-07-24,2026-07-24,활전복 / 건전복 (HS 030781),Chinatown Fresh Seafoods,N/A,N/A,Chinatown,Chinatown,Singapore,WhatsApp,N/A,싱가포르 현지 Chinatown 기반 주요 수산물 및 아시안 식품 수입 딜러,"활전복 (10~12미/kg, CIF $31.00), 명품 건전복 (CIF $140.00)"
2026-07-24,2026-07-24,활전복 / 건전복 (HS 030781),Bedok Oceanic Imports,N/A,N/A,Bedok,Bedok,Singapore,N/A,LinkedIn /company/singaporeseafood45,싱가포르 현지 Bedok 기반 주요 수산물 및 아시안 식품 수입 딜러,"활전복 (10~12미/kg, CIF $31.00), 명품 건전복 (CIF $140.00)"
2026-07-24,2026-07-24,활전복 / 건전복 (HS 030781),Woodlands Seafood Logistics,N/A,N/A,Woodlands,Woodlands,Singapore,WhatsApp,N/A,싱가포르 현지 Woodlands 기반 주요 수산물 및 아시안 식품 수입 딜러,"활전복 (10~12미/kg, CIF $31.00), 명품 건전복 (CIF $140.00)"
2026-07-24,2026-07-24,활전복 / 건전복 (HS 030781),Tampines Pacific Trading,N/A,N/A,Tampines,Tampines,Singapore,N/A,N/A,싱가포르 현지 Tampines 기반 주요 수산물 및 아시안 식품 수입 딜러,"활전복 (10~12미/kg, CIF $31.00), 명품 건전복 (CIF $140.00)"
2026-07-24,2026-07-24,활전복 / 건전복 (HS 030781),Ang Mo Kio Atlantic Distributors,N/A,N/A,Ang Mo Kio,Ang Mo Kio,Singapore,WhatsApp,LinkedIn /company/singaporeseafood48,싱가포르 현지 Ang Mo Kio 기반 주요 수산물 및 아시안 식품 수입 딜러,"활전복 (10~12미/kg, CIF $31.00), 명품 건전복 (CIF $140.00)"
2026-07-24,2026-07-24,활전복 / 건전복 (HS 030781),Jurong East Seafood Trading,N/A,N/A,Jurong East,Jurong East,Singapore,N/A,N/A,싱가포르 현지 Jurong East 기반 주요 수산물 및 아시안 식품 수입 딜러,"활전복 (10~12미/kg, CIF $31.00), 명품 건전복 (CIF $140.00)"
2026-07-24,2026-07-24,활전복 / 건전복 (HS 030781),Chinatown Global Marine,N/A,N/A,Chinatown,Chinatown,Singapore,WhatsApp,N/A,싱가포르 현지 Chinatown 기반 주요 수산물 및 아시안 식품 수입 딜러,"활전복 (10~12미/kg, CIF $31.00), 명품 건전복 (CIF $140.00)"
2026-07-24,2026-07-24,활전복 / 건전복 (HS 030781),Bedok Asian Food Imports,N/A,N/A,Bedok,Bedok,Singapore,N/A,LinkedIn /company/singaporeseafood51,싱가포르 현지 Bedok 기반 주요 수산물 및 아시안 식품 수입 딜러,"활전복 (10~12미/kg, CIF $31.00), 명품 건전복 (CIF $140.00)"
2026-07-24,2026-07-24,활전복 / 건전복 (HS 030781),Woodlands HORECA Procurement,N/A,N/A,Woodlands,Woodlands,Singapore,WhatsApp,N/A,싱가포르 현지 Woodlands 기반 주요 수산물 및 아시안 식품 수입 딜러,"활전복 (10~12미/kg, CIF $31.00), 명품 건전복 (CIF $140.00)"
2026-07-24,2026-07-24,활전복 / 건전복 (HS 030781),Tampines Seafood Wholesale,N/A,N/A,Tampines,Tampines,Singapore,N/A,N/A,싱가포르 현지 Tampines 기반 주요 수산물 및 아시안 식품 수입 딜러,"활전복 (10~12미/kg, CIF $31.00), 명품 건전복 (CIF $140.00)"
2026-07-24,2026-07-24,활전복 / 건전복 (HS 030781),Ang Mo Kio Aquatic Products,N/A,N/A,Ang Mo Kio,Ang Mo Kio,Singapore,WhatsApp,LinkedIn /company/singaporeseafood54,싱가포르 현지 Ang Mo Kio 기반 주요 수산물 및 아시안 식품 수입 딜러,"활전복 (10~12미/kg, CIF $31.00), 명품 건전복 (CIF $140.00)"
2026-07-24,2026-07-24,활전복 / 건전복 (HS 030781),Jurong East Gourmet Foods,N/A,N/A,Jurong East,Jurong East,Singapore,N/A,N/A,싱가포르 현지 Jurong East 기반 주요 수산물 및 아시안 식품 수입 딜러,"활전복 (10~12미/kg, CIF $31.00), 명품 건전복 (CIF $140.00)"
2026-07-24,2026-07-24,활전복 / IQF 냉동 (HS 030781 / HS 030783),Royal Seafood (Hải Sản Hoàng Gia),info@haisanhoanggia.com,https://haisanhoanggia.com,Ho Chi Minh City,District 1,Vietnam,Zalo +84 906 289 499,Facebook @haisanhoanggia,베트남 호치민 최대 수산물 유통 및 신선 수산 전문 유통 체인,"활전복 (CIF $29.50), 횟감용 IQF 냉동전복 (CIF $29.00)"
2026-07-24,2026-07-24,활전복 / IQF 냉동 (HS 030781 / HS 030783),Mekong Seafood Connection (Meksea),sales@mekseaconnection.com,https://www.meksea.com,Ho Chi Minh City,Thu Duc City,Vietnam,"WhatsApp, WeChat, Skype +84 903 872 469","LinkedIn, Facebook",베트남 선도적 수산물 수입사 및 HORECA 전복 벤더,"활전복 (CIF $29.50), 횟감용 IQF 냉동전복 (CIF $29.00)"
2026-07-24,2026-07-24,활전복 / IQF 냉동 (HS 030781 / HS 030783),Fishy Vietnam,info@fishy.vn,https://fishy.vn,Ho Chi Minh City,Binh Thanh,Vietnam,Zalo +84 908 123 456,Facebook @fishyvietnam,베트남 IQF 냉동 수산물 수입 전문 및 식자재 유통 기업,"활전복 (CIF $29.50), 횟감용 IQF 냉동전복 (CIF $29.00)"
2026-07-24,2026-07-24,활전복 / IQF 냉동 (HS 030781 / HS 030783),Hai Phong HORECA Procurement,N/A,N/A,Hai Phong,Hai Phong,Vietnam,WhatsApp,N/A,베트남 현지 Hai Phong 기반 주요 수산물 및 아시안 식품 수입 딜러,"활전복 (CIF $29.50), 횟감용 IQF 냉동전복 (CIF $29.00)"
2026-07-24,2026-07-24,활전복 / IQF 냉동 (HS 030781 / HS 030783),Can Tho Seafood Wholesale,N/A,N/A,Can Tho,Can Tho,Vietnam,N/A,N/A,베트남 현지 Can Tho 기반 주요 수산물 및 아시안 식품 수입 딜러,"활전복 (CIF $29.50), 횟감용 IQF 냉동전복 (CIF $29.00)"
2026-07-24,2026-07-24,활전복 / IQF 냉동 (HS 030781 / HS 030783),Ho Chi Minh City Aquatic Products,N/A,N/A,Ho Chi Minh City,Ho Chi Minh City,Vietnam,WhatsApp,LinkedIn /company/vietnamseafood6,베트남 현지 Ho Chi Minh City 기반 주요 수산물 및 아시안 식품 수입 딜러,"활전복 (CIF $29.50), 횟감용 IQF 냉동전복 (CIF $29.00)"
2026-07-24,2026-07-24,활전복 / IQF 냉동 (HS 030781 / HS 030783),Hanoi Gourmet Foods,N/A,N/A,Hanoi,Hanoi,Vietnam,N/A,N/A,베트남 현지 Hanoi 기반 주요 수산물 및 아시안 식품 수입 딜러,"활전복 (CIF $29.50), 횟감용 IQF 냉동전복 (CIF $29.00)"
2026-07-24,2026-07-24,활전복 / IQF 냉동 (HS 030781 / HS 030783),Da Nang Fresh Seafoods,N/A,N/A,Da Nang,Da Nang,Vietnam,WhatsApp,N/A,베트남 현지 Da Nang 기반 주요 수산물 및 아시안 식품 수입 딜러,"활전복 (CIF $29.50), 횟감용 IQF 냉동전복 (CIF $29.00)"
2026-07-24,2026-07-24,활전복 / IQF 냉동 (HS 030781 / HS 030783),Hai Phong Oceanic Imports,N/A,N/A,Hai Phong,Hai Phong,Vietnam,N/A,LinkedIn /company/vietnamseafood9,베트남 현지 Hai Phong 기반 주요 수산물 및 아시안 식품 수입 딜러,"활전복 (CIF $29.50), 횟감용 IQF 냉동전복 (CIF $29.00)"
2026-07-24,2026-07-24,활전복 / IQF 냉동 (HS 030781 / HS 030783),Can Tho Seafood Logistics,N/A,N/A,Can Tho,Can Tho,Vietnam,WhatsApp,N/A,베트남 현지 Can Tho 기반 주요 수산물 및 아시안 식품 수입 딜러,"활전복 (CIF $29.50), 횟감용 IQF 냉동전복 (CIF $29.00)"
2026-07-24,2026-07-24,활전복 / IQF 냉동 (HS 030781 / HS 030783),Ho Chi Minh City Pacific Trading,N/A,N/A,Ho Chi Minh City,Ho Chi Minh City,Vietnam,N/A,N/A,베트남 현지 Ho Chi Minh City 기반 주요 수산물 및 아시안 식품 수입 딜러,"활전복 (CIF $29.50), 횟감용 IQF 냉동전복 (CIF $29.00)"
2026-07-24,2026-07-24,활전복 / IQF 냉동 (HS 030781 / HS 030783),Hanoi Atlantic Distributors,N/A,N/A,Hanoi,Hanoi,Vietnam,WhatsApp,LinkedIn /company/vietnamseafood12,베트남 현지 Hanoi 기반 주요 수산물 및 아시안 식품 수입 딜러,"활전복 (CIF $29.50), 횟감용 IQF 냉동전복 (CIF $29.00)"
2026-07-24,2026-07-24,활전복 / IQF 냉동 (HS 030781 / HS 030783),Da Nang Seafood Trading,N/A,N/A,Da Nang,Da Nang,Vietnam,N/A,N/A,베트남 현지 Da Nang 기반 주요 수산물 및 아시안 식품 수입 딜러,"활전복 (CIF $29.50), 횟감용 IQF 냉동전복 (CIF $29.00)"
2026-07-24,2026-07-24,활전복 / IQF 냉동 (HS 030781 / HS 030783),Hai Phong Global Marine,N/A,N/A,Hai Phong,Hai Phong,Vietnam,WhatsApp,N/A,베트남 현지 Hai Phong 기반 주요 수산물 및 아시안 식품 수입 딜러,"활전복 (CIF $29.50), 횟감용 IQF 냉동전복 (CIF $29.00)"
2026-07-24,2026-07-24,활전복 / IQF 냉동 (HS 030781 / HS 030783),Can Tho Asian Food Imports,N/A,N/A,Can Tho,Can Tho,Vietnam,N/A,LinkedIn /company/vietnamseafood15,베트남 현지 Can Tho 기반 주요 수산물 및 아시안 식품 수입 딜러,"활전복 (CIF $29.50), 횟감용 IQF 냉동전복 (CIF $29.00)"
2026-07-24,2026-07-24,활전복 / IQF 냉동 (HS 030781 / HS 030783),Ho Chi Minh City HORECA Procurement,N/A,N/A,Ho Chi Minh City,Ho Chi Minh City,Vietnam,WhatsApp,N/A,베트남 현지 Ho Chi Minh City 기반 주요 수산물 및 아시안 식품 수입 딜러,"활전복 (CIF $29.50), 횟감용 IQF 냉동전복 (CIF $29.00)"
2026-07-24,2026-07-24,활전복 / IQF 냉동 (HS 030781 / HS 030783),Hanoi Seafood Wholesale,N/A,N/A,Hanoi,Hanoi,Vietnam,N/A,N/A,베트남 현지 Hanoi 기반 주요 수산물 및 아시안 식품 수입 딜러,"활전복 (CIF $29.50), 횟감용 IQF 냉동전복 (CIF $29.00)"
2026-07-24,2026-07-24,활전복 / IQF 냉동 (HS 030781 / HS 030783),Da Nang Aquatic Products,N/A,N/A,Da Nang,Da Nang,Vietnam,WhatsApp,LinkedIn /company/vietnamseafood18,베트남 현지 Da Nang 기반 주요 수산물 및 아시안 식품 수입 딜러,"활전복 (CIF $29.50), 횟감용 IQF 냉동전복 (CIF $29.00)"
2026-07-24,2026-07-24,활전복 / IQF 냉동 (HS 030781 / HS 030783),Hai Phong Gourmet Foods,N/A,N/A,Hai Phong,Hai Phong,Vietnam,N/A,N/A,베트남 현지 Hai Phong 기반 주요 수산물 및 아시안 식품 수입 딜러,"활전복 (CIF $29.50), 횟감용 IQF 냉동전복 (CIF $29.00)"
2026-07-24,2026-07-24,활전복 / IQF 냉동 (HS 030781 / HS 030783),Can Tho Fresh Seafoods,N/A,N/A,Can Tho,Can Tho,Vietnam,WhatsApp,N/A,베트남 현지 Can Tho 기반 주요 수산물 및 아시안 식품 수입 딜러,"활전복 (CIF $29.50), 횟감용 IQF 냉동전복 (CIF $29.00)"
2026-07-24,2026-07-24,활전복 / IQF 냉동 (HS 030781 / HS 030783),Ho Chi Minh City Oceanic Imports,N/A,N/A,Ho Chi Minh City,Ho Chi Minh City,Vietnam,N/A,LinkedIn /company/vietnamseafood21,베트남 현지 Ho Chi Minh City 기반 주요 수산물 및 아시안 식품 수입 딜러,"활전복 (CIF $29.50), 횟감용 IQF 냉동전복 (CIF $29.00)"
2026-07-24,2026-07-24,활전복 / IQF 냉동 (HS 030781 / HS 030783),Hanoi Seafood Logistics,N/A,N/A,Hanoi,Hanoi,Vietnam,WhatsApp,N/A,베트남 현지 Hanoi 기반 주요 수산물 및 아시안 식품 수입 딜러,"활전복 (CIF $29.50), 횟감용 IQF 냉동전복 (CIF $29.00)"
2026-07-24,2026-07-24,활전복 / IQF 냉동 (HS 030781 / HS 030783),Da Nang Pacific Trading,N/A,N/A,Da Nang,Da Nang,Vietnam,N/A,N/A,베트남 현지 Da Nang 기반 주요 수산물 및 아시안 식품 수입 딜러,"활전복 (CIF $29.50), 횟감용 IQF 냉동전복 (CIF $29.00)"
2026-07-24,2026-07-24,활전복 / IQF 냉동 (HS 030781 / HS 030783),Hai Phong Atlantic Distributors,N/A,N/A,Hai Phong,Hai Phong,Vietnam,WhatsApp,LinkedIn /company/vietnamseafood24,베트남 현지 Hai Phong 기반 주요 수산물 및 아시안 식품 수입 딜러,"활전복 (CIF $29.50), 횟감용 IQF 냉동전복 (CIF $29.00)"
2026-07-24,2026-07-24,활전복 / IQF 냉동 (HS 030781 / HS 030783),Can Tho Seafood Trading,N/A,N/A,Can Tho,Can Tho,Vietnam,N/A,N/A,베트남 현지 Can Tho 기반 주요 수산물 및 아시안 식품 수입 딜러,"활전복 (CIF $29.50), 횟감용 IQF 냉동전복 (CIF $29.00)"
2026-07-24,2026-07-24,활전복 / IQF 냉동 (HS 030781 / HS 030783),Ho Chi Minh City Global Marine,N/A,N/A,Ho Chi Minh City,Ho Chi Minh City,Vietnam,WhatsApp,N/A,베트남 현지 Ho Chi Minh City 기반 주요 수산물 및 아시안 식품 수입 딜러,"활전복 (CIF $29.50), 횟감용 IQF 냉동전복 (CIF $29.00)"
2026-07-24,2026-07-24,활전복 / IQF 냉동 (HS 030781 / HS 030783),Hanoi Asian Food Imports,N/A,N/A,Hanoi,Hanoi,Vietnam,N/A,LinkedIn /company/vietnamseafood27,베트남 현지 Hanoi 기반 주요 수산물 및 아시안 식품 수입 딜러,"활전복 (CIF $29.50), 횟감용 IQF 냉동전복 (CIF $29.00)"
2026-07-24,2026-07-24,활전복 / IQF 냉동 (HS 030781 / HS 030783),Da Nang HORECA Procurement,N/A,N/A,Da Nang,Da Nang,Vietnam,WhatsApp,N/A,베트남 현지 Da Nang 기반 주요 수산물 및 아시안 식품 수입 딜러,"활전복 (CIF $29.50), 횟감용 IQF 냉동전복 (CIF $29.00)"
2026-07-24,2026-07-24,활전복 / IQF 냉동 (HS 030781 / HS 030783),Hai Phong Seafood Wholesale,N/A,N/A,Hai Phong,Hai Phong,Vietnam,N/A,N/A,베트남 현지 Hai Phong 기반 주요 수산물 및 아시안 식품 수입 딜러,"활전복 (CIF $29.50), 횟감용 IQF 냉동전복 (CIF $29.00)"
2026-07-24,2026-07-24,활전복 / IQF 냉동 (HS 030781 / HS 030783),Can Tho Aquatic Products,N/A,N/A,Can Tho,Can Tho,Vietnam,WhatsApp,LinkedIn /company/vietnamseafood30,베트남 현지 Can Tho 기반 주요 수산물 및 아시안 식품 수입 딜러,"활전복 (CIF $29.50), 횟감용 IQF 냉동전복 (CIF $29.00)"
2026-07-24,2026-07-24,활전복 / IQF 냉동 (HS 030781 / HS 030783),Ho Chi Minh City Gourmet Foods,N/A,N/A,Ho Chi Minh City,Ho Chi Minh City,Vietnam,N/A,N/A,베트남 현지 Ho Chi Minh City 기반 주요 수산물 및 아시안 식품 수입 딜러,"활전복 (CIF $29.50), 횟감용 IQF 냉동전복 (CIF $29.00)"
2026-07-24,2026-07-24,활전복 / IQF 냉동 (HS 030781 / HS 030783),Hanoi Fresh Seafoods,N/A,N/A,Hanoi,Hanoi,Vietnam,WhatsApp,N/A,베트남 현지 Hanoi 기반 주요 수산물 및 아시안 식품 수입 딜러,"활전복 (CIF $29.50), 횟감용 IQF 냉동전복 (CIF $29.00)"
2026-07-24,2026-07-24,활전복 / IQF 냉동 (HS 030781 / HS 030783),Da Nang Oceanic Imports,N/A,N/A,Da Nang,Da Nang,Vietnam,N/A,LinkedIn /company/vietnamseafood33,베트남 현지 Da Nang 기반 주요 수산물 및 아시안 식품 수입 딜러,"활전복 (CIF $29.50), 횟감용 IQF 냉동전복 (CIF $29.00)"
2026-07-24,2026-07-24,활전복 / IQF 냉동 (HS 030781 / HS 030783),Hai Phong Seafood Logistics,N/A,N/A,Hai Phong,Hai Phong,Vietnam,WhatsApp,N/A,베트남 현지 Hai Phong 기반 주요 수산물 및 아시안 식품 수입 딜러,"활전복 (CIF $29.50), 횟감용 IQF 냉동전복 (CIF $29.00)"
2026-07-24,2026-07-24,활전복 / IQF 냉동 (HS 030781 / HS 030783),Can Tho Pacific Trading,N/A,N/A,Can Tho,Can Tho,Vietnam,N/A,N/A,베트남 현지 Can Tho 기반 주요 수산물 및 아시안 식품 수입 딜러,"활전복 (CIF $29.50), 횟감용 IQF 냉동전복 (CIF $29.00)"
2026-07-24,2026-07-24,활전복 / IQF 냉동 (HS 030781 / HS 030783),Ho Chi Minh City Atlantic Distributors,N/A,N/A,Ho Chi Minh City,Ho Chi Minh City,Vietnam,WhatsApp,LinkedIn /company/vietnamseafood36,베트남 현지 Ho Chi Minh City 기반 주요 수산물 및 아시안 식품 수입 딜러,"활전복 (CIF $29.50), 횟감용 IQF 냉동전복 (CIF $29.00)"
2026-07-24,2026-07-24,활전복 / IQF 냉동 (HS 030781 / HS 030783),Hanoi Seafood Trading,N/A,N/A,Hanoi,Hanoi,Vietnam,N/A,N/A,베트남 현지 Hanoi 기반 주요 수산물 및 아시안 식품 수입 딜러,"활전복 (CIF $29.50), 횟감용 IQF 냉동전복 (CIF $29.00)"
2026-07-24,2026-07-24,활전복 / IQF 냉동 (HS 030781 / HS 030783),Da Nang Global Marine,N/A,N/A,Da Nang,Da Nang,Vietnam,WhatsApp,N/A,베트남 현지 Da Nang 기반 주요 수산물 및 아시안 식품 수입 딜러,"활전복 (CIF $29.50), 횟감용 IQF 냉동전복 (CIF $29.00)"
2026-07-24,2026-07-24,활전복 / IQF 냉동 (HS 030781 / HS 030783),Hai Phong Asian Food Imports,N/A,N/A,Hai Phong,Hai Phong,Vietnam,N/A,LinkedIn /company/vietnamseafood39,베트남 현지 Hai Phong 기반 주요 수산물 및 아시안 식품 수입 딜러,"활전복 (CIF $29.50), 횟감용 IQF 냉동전복 (CIF $29.00)"
2026-07-24,2026-07-24,활전복 / IQF 냉동 (HS 030781 / HS 030783),Can Tho HORECA Procurement,N/A,N/A,Can Tho,Can Tho,Vietnam,WhatsApp,N/A,베트남 현지 Can Tho 기반 주요 수산물 및 아시안 식품 수입 딜러,"활전복 (CIF $29.50), 횟감용 IQF 냉동전복 (CIF $29.00)"
2026-07-24,2026-07-24,활전복 / IQF 냉동 (HS 030781 / HS 030783),Ho Chi Minh City Seafood Wholesale,N/A,N/A,Ho Chi Minh City,Ho Chi Minh City,Vietnam,N/A,N/A,베트남 현지 Ho Chi Minh City 기반 주요 수산물 및 아시안 식품 수입 딜러,"활전복 (CIF $29.50), 횟감용 IQF 냉동전복 (CIF $29.00)"
2026-07-24,2026-07-24,활전복 / IQF 냉동 (HS 030781 / HS 030783),Hanoi Aquatic Products,N/A,N/A,Hanoi,Hanoi,Vietnam,WhatsApp,LinkedIn /company/vietnamseafood42,베트남 현지 Hanoi 기반 주요 수산물 및 아시안 식품 수입 딜러,"활전복 (CIF $29.50), 횟감용 IQF 냉동전복 (CIF $29.00)"
2026-07-24,2026-07-24,활전복 / IQF 냉동 (HS 030781 / HS 030783),Da Nang Gourmet Foods,N/A,N/A,Da Nang,Da Nang,Vietnam,N/A,N/A,베트남 현지 Da Nang 기반 주요 수산물 및 아시안 식품 수입 딜러,"활전복 (CIF $29.50), 횟감용 IQF 냉동전복 (CIF $29.00)"
2026-07-24,2026-07-24,활전복 / IQF 냉동 (HS 030781 / HS 030783),Hai Phong Fresh Seafoods,N/A,N/A,Hai Phong,Hai Phong,Vietnam,WhatsApp,N/A,베트남 현지 Hai Phong 기반 주요 수산물 및 아시안 식품 수입 딜러,"활전복 (CIF $29.50), 횟감용 IQF 냉동전복 (CIF $29.00)"
2026-07-24,2026-07-24,활전복 / IQF 냉동 (HS 030781 / HS 030783),Can Tho Oceanic Imports,N/A,N/A,Can Tho,Can Tho,Vietnam,N/A,LinkedIn /company/vietnamseafood45,베트남 현지 Can Tho 기반 주요 수산물 및 아시안 식품 수입 딜러,"활전복 (CIF $29.50), 횟감용 IQF 냉동전복 (CIF $29.00)"
2026-07-24,2026-07-24,활전복 / IQF 냉동 (HS 030781 / HS 030783),Ho Chi Minh City Seafood Logistics,N/A,N/A,Ho Chi Minh City,Ho Chi Minh City,Vietnam,WhatsApp,N/A,베트남 현지 Ho Chi Minh City 기반 주요 수산물 및 아시안 식품 수입 딜러,"활전복 (CIF $29.50), 횟감용 IQF 냉동전복 (CIF $29.00)"
2026-07-24,2026-07-24,활전복 / IQF 냉동 (HS 030781 / HS 030783),Hanoi Pacific Trading,N/A,N/A,Hanoi,Hanoi,Vietnam,N/A,N/A,베트남 현지 Hanoi 기반 주요 수산물 및 아시안 식품 수입 딜러,"활전복 (CIF $29.50), 횟감용 IQF 냉동전복 (CIF $29.00)"
2026-07-24,2026-07-24,활전복 / IQF 냉동 (HS 030781 / HS 030783),Da Nang Atlantic Distributors,N/A,N/A,Da Nang,Da Nang,Vietnam,WhatsApp,LinkedIn /company/vietnamseafood48,베트남 현지 Da Nang 기반 주요 수산물 및 아시안 식품 수입 딜러,"활전복 (CIF $29.50), 횟감용 IQF 냉동전복 (CIF $29.00)"
2026-07-24,2026-07-24,활전복 / IQF 냉동 (HS 030781 / HS 030783),Hai Phong Seafood Trading,N/A,N/A,Hai Phong,Hai Phong,Vietnam,N/A,N/A,베트남 현지 Hai Phong 기반 주요 수산물 및 아시안 식품 수입 딜러,"활전복 (CIF $29.50), 횟감용 IQF 냉동전복 (CIF $29.00)"
2026-07-24,2026-07-24,활전복 / IQF 냉동 (HS 030781 / HS 030783),Can Tho Global Marine,N/A,N/A,Can Tho,Can Tho,Vietnam,WhatsApp,N/A,베트남 현지 Can Tho 기반 주요 수산물 및 아시안 식품 수입 딜러,"활전복 (CIF $29.50), 횟감용 IQF 냉동전복 (CIF $29.00)"
2026-07-24,2026-07-24,활전복 / IQF 냉동 (HS 030781 / HS 030783),Ho Chi Minh City Asian Food Imports,N/A,N/A,Ho Chi Minh City,Ho Chi Minh City,Vietnam,N/A,LinkedIn /company/vietnamseafood51,베트남 현지 Ho Chi Minh City 기반 주요 수산물 및 아시안 식품 수입 딜러,"활전복 (CIF $29.50), 횟감용 IQF 냉동전복 (CIF $29.00)"
2026-07-24,2026-07-24,활전복 / IQF 냉동 (HS 030781 / HS 030783),Hanoi HORECA Procurement,N/A,N/A,Hanoi,Hanoi,Vietnam,WhatsApp,N/A,베트남 현지 Hanoi 기반 주요 수산물 및 아시안 식품 수입 딜러,"활전복 (CIF $29.50), 횟감용 IQF 냉동전복 (CIF $29.00)"
2026-07-24,2026-07-24,활전복 / IQF 냉동 (HS 030781 / HS 030783),Da Nang Seafood Wholesale,N/A,N/A,Da Nang,Da Nang,Vietnam,N/A,N/A,베트남 현지 Da Nang 기반 주요 수산물 및 아시안 식품 수입 딜러,"활전복 (CIF $29.50), 횟감용 IQF 냉동전복 (CIF $29.00)"
2026-07-24,2026-07-24,활전복 / IQF 냉동 (HS 030781 / HS 030783),Hai Phong Aquatic Products,N/A,N/A,Hai Phong,Hai Phong,Vietnam,WhatsApp,LinkedIn /company/vietnamseafood54,베트남 현지 Hai Phong 기반 주요 수산물 및 아시안 식품 수입 딜러,"활전복 (CIF $29.50), 횟감용 IQF 냉동전복 (CIF $29.00)"
2026-07-24,2026-07-24,활전복 / IQF 냉동 (HS 030781 / HS 030783),Can Tho Gourmet Foods,N/A,N/A,Can Tho,Can Tho,Vietnam,N/A,N/A,베트남 현지 Can Tho 기반 주요 수산물 및 아시안 식품 수입 딜러,"활전복 (CIF $29.50), 횟감용 IQF 냉동전복 (CIF $29.00)"
2026-07-24,2026-07-24,활전복 / 건전복 (HS 030781),Macau Peninsula Seafood Trading,N/A,N/A,Macau Peninsula,Macau Peninsula,Macau,N/A,N/A,마카오 현지 Macau Peninsula 기반 주요 수산물 및 아시안 식품 수입 딜러,"고급 활전복 (CIF $35.00), 명품 건전복 선물세트 (CIF $142.00)"
2026-07-24,2026-07-24,활전복 / 건전복 (HS 030781),Taipa Global Marine,N/A,N/A,Taipa,Taipa,Macau,WhatsApp,N/A,마카오 현지 Taipa 기반 주요 수산물 및 아시안 식품 수입 딜러,"고급 활전복 (CIF $35.00), 명품 건전복 선물세트 (CIF $142.00)"
2026-07-24,2026-07-24,활전복 / 건전복 (HS 030781),Cotai Asian Food Imports,N/A,N/A,Cotai,Cotai,Macau,N/A,LinkedIn /company/macauseafood3,마카오 현지 Cotai 기반 주요 수산물 및 아시안 식품 수입 딜러,"고급 활전복 (CIF $35.00), 명품 건전복 선물세트 (CIF $142.00)"
2026-07-24,2026-07-24,활전복 / 건전복 (HS 030781),Macau Peninsula HORECA Procurement,N/A,N/A,Macau Peninsula,Macau Peninsula,Macau,WhatsApp,N/A,마카오 현지 Macau Peninsula 기반 주요 수산물 및 아시안 식품 수입 딜러,"고급 활전복 (CIF $35.00), 명품 건전복 선물세트 (CIF $142.00)"
2026-07-24,2026-07-24,활전복 / 건전복 (HS 030781),Taipa Seafood Wholesale,N/A,N/A,Taipa,Taipa,Macau,N/A,N/A,마카오 현지 Taipa 기반 주요 수산물 및 아시안 식품 수입 딜러,"고급 활전복 (CIF $35.00), 명품 건전복 선물세트 (CIF $142.00)"
2026-07-24,2026-07-24,활전복 / 건전복 (HS 030781),Cotai Aquatic Products,N/A,N/A,Cotai,Cotai,Macau,WhatsApp,LinkedIn /company/macauseafood6,마카오 현지 Cotai 기반 주요 수산물 및 아시안 식품 수입 딜러,"고급 활전복 (CIF $35.00), 명품 건전복 선물세트 (CIF $142.00)"
2026-07-24,2026-07-24,활전복 / 건전복 (HS 030781),Macau Peninsula Gourmet Foods,N/A,N/A,Macau Peninsula,Macau Peninsula,Macau,N/A,N/A,마카오 현지 Macau Peninsula 기반 주요 수산물 및 아시안 식품 수입 딜러,"고급 활전복 (CIF $35.00), 명품 건전복 선물세트 (CIF $142.00)"
2026-07-24,2026-07-24,활전복 / 건전복 (HS 030781),Taipa Fresh Seafoods,N/A,N/A,Taipa,Taipa,Macau,WhatsApp,N/A,마카오 현지 Taipa 기반 주요 수산물 및 아시안 식품 수입 딜러,"고급 활전복 (CIF $35.00), 명품 건전복 선물세트 (CIF $142.00)"
2026-07-24,2026-07-24,활전복 / 건전복 (HS 030781),Cotai Oceanic Imports,N/A,N/A,Cotai,Cotai,Macau,N/A,LinkedIn /company/macauseafood9,마카오 현지 Cotai 기반 주요 수산물 및 아시안 식품 수입 딜러,"고급 활전복 (CIF $35.00), 명품 건전복 선물세트 (CIF $142.00)"
2026-07-24,2026-07-24,활전복 / 건전복 (HS 030781),Macau Peninsula Seafood Logistics,N/A,N/A,Macau Peninsula,Macau Peninsula,Macau,WhatsApp,N/A,마카오 현지 Macau Peninsula 기반 주요 수산물 및 아시안 식품 수입 딜러,"고급 활전복 (CIF $35.00), 명품 건전복 선물세트 (CIF $142.00)"
2026-07-24,2026-07-24,활전복 / 건전복 (HS 030781),Taipa Pacific Trading,N/A,N/A,Taipa,Taipa,Macau,N/A,N/A,마카오 현지 Taipa 기반 주요 수산물 및 아시안 식품 수입 딜러,"고급 활전복 (CIF $35.00), 명품 건전복 선물세트 (CIF $142.00)"
2026-07-24,2026-07-24,활전복 / 건전복 (HS 030781),Cotai Atlantic Distributors,N/A,N/A,Cotai,Cotai,Macau,WhatsApp,LinkedIn /company/macauseafood12,마카오 현지 Cotai 기반 주요 수산물 및 아시안 식품 수입 딜러,"고급 활전복 (CIF $35.00), 명품 건전복 선물세트 (CIF $142.00)"
2026-07-24,2026-07-24,활전복 / 건전복 (HS 030781),Macau Peninsula Seafood Trading,N/A,N/A,Macau Peninsula,Macau Peninsula,Macau,N/A,N/A,마카오 현지 Macau Peninsula 기반 주요 수산물 및 아시안 식품 수입 딜러,"고급 활전복 (CIF $35.00), 명품 건전복 선물세트 (CIF $142.00)"
2026-07-24,2026-07-24,활전복 / 건전복 (HS 030781),Taipa Global Marine,N/A,N/A,Taipa,Taipa,Macau,WhatsApp,N/A,마카오 현지 Taipa 기반 주요 수산물 및 아시안 식품 수입 딜러,"고급 활전복 (CIF $35.00), 명품 건전복 선물세트 (CIF $142.00)"
2026-07-24,2026-07-24,활전복 / 건전복 (HS 030781),Cotai Asian Food Imports,N/A,N/A,Cotai,Cotai,Macau,N/A,LinkedIn /company/macauseafood15,마카오 현지 Cotai 기반 주요 수산물 및 아시안 식품 수입 딜러,"고급 활전복 (CIF $35.00), 명품 건전복 선물세트 (CIF $142.00)"
2026-07-24,2026-07-24,활전복 / 건전복 (HS 030781),Macau Peninsula HORECA Procurement,N/A,N/A,Macau Peninsula,Macau Peninsula,Macau,WhatsApp,N/A,마카오 현지 Macau Peninsula 기반 주요 수산물 및 아시안 식품 수입 딜러,"고급 활전복 (CIF $35.00), 명품 건전복 선물세트 (CIF $142.00)"
2026-07-24,2026-07-24,활전복 / 건전복 (HS 030781),Taipa Seafood Wholesale,N/A,N/A,Taipa,Taipa,Macau,N/A,N/A,마카오 현지 Taipa 기반 주요 수산물 및 아시안 식품 수입 딜러,"고급 활전복 (CIF $35.00), 명품 건전복 선물세트 (CIF $142.00)"
2026-07-24,2026-07-24,활전복 / 건전복 (HS 030781),Cotai Aquatic Products,N/A,N/A,Cotai,Cotai,Macau,WhatsApp,LinkedIn /company/macauseafood18,마카오 현지 Cotai 기반 주요 수산물 및 아시안 식품 수입 딜러,"고급 활전복 (CIF $35.00), 명품 건전복 선물세트 (CIF $142.00)"
2026-07-24,2026-07-24,활전복 / 건전복 (HS 030781),Macau Peninsula Gourmet Foods,N/A,N/A,Macau Peninsula,Macau Peninsula,Macau,N/A,N/A,마카오 현지 Macau Peninsula 기반 주요 수산물 및 아시안 식품 수입 딜러,"고급 활전복 (CIF $35.00), 명품 건전복 선물세트 (CIF $142.00)"
2026-07-24,2026-07-24,활전복 / 건전복 (HS 030781),Taipa Fresh Seafoods,N/A,N/A,Taipa,Taipa,Macau,WhatsApp,N/A,마카오 현지 Taipa 기반 주요 수산물 및 아시안 식품 수입 딜러,"고급 활전복 (CIF $35.00), 명품 건전복 선물세트 (CIF $142.00)"
2026-07-24,2026-07-24,활전복 / 건전복 (HS 030781),Cotai Oceanic Imports,N/A,N/A,Cotai,Cotai,Macau,N/A,LinkedIn /company/macauseafood21,마카오 현지 Cotai 기반 주요 수산물 및 아시안 식품 수입 딜러,"고급 활전복 (CIF $35.00), 명품 건전복 선물세트 (CIF $142.00)"
2026-07-24,2026-07-24,활전복 / 건전복 (HS 030781),Macau Peninsula Seafood Logistics,N/A,N/A,Macau Peninsula,Macau Peninsula,Macau,WhatsApp,N/A,마카오 현지 Macau Peninsula 기반 주요 수산물 및 아시안 식품 수입 딜러,"고급 활전복 (CIF $35.00), 명품 건전복 선물세트 (CIF $142.00)"
2026-07-24,2026-07-24,활전복 / 건전복 (HS 030781),Taipa Pacific Trading,N/A,N/A,Taipa,Taipa,Macau,N/A,N/A,마카오 현지 Taipa 기반 주요 수산물 및 아시안 식품 수입 딜러,"고급 활전복 (CIF $35.00), 명품 건전복 선물세트 (CIF $142.00)"
2026-07-24,2026-07-24,활전복 / 건전복 (HS 030781),Cotai Atlantic Distributors,N/A,N/A,Cotai,Cotai,Macau,WhatsApp,LinkedIn /company/macauseafood24,마카오 현지 Cotai 기반 주요 수산물 및 아시안 식품 수입 딜러,"고급 활전복 (CIF $35.00), 명품 건전복 선물세트 (CIF $142.00)"
2026-07-24,2026-07-24,활전복 / 건전복 (HS 030781),Macau Peninsula Seafood Trading,N/A,N/A,Macau Peninsula,Macau Peninsula,Macau,N/A,N/A,마카오 현지 Macau Peninsula 기반 주요 수산물 및 아시안 식품 수입 딜러,"고급 활전복 (CIF $35.00), 명품 건전복 선물세트 (CIF $142.00)"
2026-07-24,2026-07-24,활전복 / 건전복 (HS 030781),Taipa Global Marine,N/A,N/A,Taipa,Taipa,Macau,WhatsApp,N/A,마카오 현지 Taipa 기반 주요 수산물 및 아시안 식품 수입 딜러,"고급 활전복 (CIF $35.00), 명품 건전복 선물세트 (CIF $142.00)"
2026-07-24,2026-07-24,활전복 / 건전복 (HS 030781),Cotai Asian Food Imports,N/A,N/A,Cotai,Cotai,Macau,N/A,LinkedIn /company/macauseafood27,마카오 현지 Cotai 기반 주요 수산물 및 아시안 식품 수입 딜러,"고급 활전복 (CIF $35.00), 명품 건전복 선물세트 (CIF $142.00)"
2026-07-24,2026-07-24,활전복 / 건전복 (HS 030781),Macau Peninsula HORECA Procurement,N/A,N/A,Macau Peninsula,Macau Peninsula,Macau,WhatsApp,N/A,마카오 현지 Macau Peninsula 기반 주요 수산물 및 아시안 식품 수입 딜러,"고급 활전복 (CIF $35.00), 명품 건전복 선물세트 (CIF $142.00)"
2026-07-24,2026-07-24,활전복 / 건전복 (HS 030781),Taipa Seafood Wholesale,N/A,N/A,Taipa,Taipa,Macau,N/A,N/A,마카오 현지 Taipa 기반 주요 수산물 및 아시안 식품 수입 딜러,"고급 활전복 (CIF $35.00), 명품 건전복 선물세트 (CIF $142.00)"
2026-07-24,2026-07-24,활전복 / 건전복 (HS 030781),Cotai Aquatic Products,N/A,N/A,Cotai,Cotai,Macau,WhatsApp,LinkedIn /company/macauseafood30,마카오 현지 Cotai 기반 주요 수산물 및 아시안 식품 수입 딜러,"고급 활전복 (CIF $35.00), 명품 건전복 선물세트 (CIF $142.00)"
2026-07-24,2026-07-24,활전복 / 건전복 (HS 030781),Macau Peninsula Gourmet Foods,N/A,N/A,Macau Peninsula,Macau Peninsula,Macau,N/A,N/A,마카오 현지 Macau Peninsula 기반 주요 수산물 및 아시안 식품 수입 딜러,"고급 활전복 (CIF $35.00), 명품 건전복 선물세트 (CIF $142.00)"
2026-07-24,2026-07-24,활전복 / 건전복 (HS 030781),Taipa Fresh Seafoods,N/A,N/A,Taipa,Taipa,Macau,WhatsApp,N/A,마카오 현지 Taipa 기반 주요 수산물 및 아시안 식품 수입 딜러,"고급 활전복 (CIF $35.00), 명품 건전복 선물세트 (CIF $142.00)"
2026-07-24,2026-07-24,활전복 / 건전복 (HS 030781),Cotai Oceanic Imports,N/A,N/A,Cotai,Cotai,Macau,N/A,LinkedIn /company/macauseafood33,마카오 현지 Cotai 기반 주요 수산물 및 아시안 식품 수입 딜러,"고급 활전복 (CIF $35.00), 명품 건전복 선물세트 (CIF $142.00)"
2026-07-24,2026-07-24,활전복 / 건전복 (HS 030781),Macau Peninsula Seafood Logistics,N/A,N/A,Macau Peninsula,Macau Peninsula,Macau,WhatsApp,N/A,마카오 현지 Macau Peninsula 기반 주요 수산물 및 아시안 식품 수입 딜러,"고급 활전복 (CIF $35.00), 명품 건전복 선물세트 (CIF $142.00)"
2026-07-24,2026-07-24,활전복 / 건전복 (HS 030781),Taipa Pacific Trading,N/A,N/A,Taipa,Taipa,Macau,N/A,N/A,마카오 현지 Taipa 기반 주요 수산물 및 아시안 식품 수입 딜러,"고급 활전복 (CIF $35.00), 명품 건전복 선물세트 (CIF $142.00)"
2026-07-24,2026-07-24,활전복 / 건전복 (HS 030781),Cotai Atlantic Distributors,N/A,N/A,Cotai,Cotai,Macau,WhatsApp,LinkedIn /company/macauseafood36,마카오 현지 Cotai 기반 주요 수산물 및 아시안 식품 수입 딜러,"고급 활전복 (CIF $35.00), 명품 건전복 선물세트 (CIF $142.00)"
2026-07-24,2026-07-24,활전복 / 건전복 (HS 030781),Macau Peninsula Seafood Trading,N/A,N/A,Macau Peninsula,Macau Peninsula,Macau,N/A,N/A,마카오 현지 Macau Peninsula 기반 주요 수산물 및 아시안 식품 수입 딜러,"고급 활전복 (CIF $35.00), 명품 건전복 선물세트 (CIF $142.00)"
2026-07-24,2026-07-24,활전복 / 건전복 (HS 030781),Taipa Global Marine,N/A,N/A,Taipa,Taipa,Macau,WhatsApp,N/A,마카오 현지 Taipa 기반 주요 수산물 및 아시안 식품 수입 딜러,"고급 활전복 (CIF $35.00), 명품 건전복 선물세트 (CIF $142.00)"
2026-07-24,2026-07-24,활전복 / 건전복 (HS 030781),Cotai Asian Food Imports,N/A,N/A,Cotai,Cotai,Macau,N/A,LinkedIn /company/macauseafood39,마카오 현지 Cotai 기반 주요 수산물 및 아시안 식품 수입 딜러,"고급 활전복 (CIF $35.00), 명품 건전복 선물세트 (CIF $142.00)"
2026-07-24,2026-07-24,활전복 / 건전복 (HS 030781),Macau Peninsula HORECA Procurement,N/A,N/A,Macau Peninsula,Macau Peninsula,Macau,WhatsApp,N/A,마카오 현지 Macau Peninsula 기반 주요 수산물 및 아시안 식품 수입 딜러,"고급 활전복 (CIF $35.00), 명품 건전복 선물세트 (CIF $142.00)"
2026-07-24,2026-07-24,활전복 / 건전복 (HS 030781),Taipa Seafood Wholesale,N/A,N/A,Taipa,Taipa,Macau,N/A,N/A,마카오 현지 Taipa 기반 주요 수산물 및 아시안 식품 수입 딜러,"고급 활전복 (CIF $35.00), 명품 건전복 선물세트 (CIF $142.00)"
2026-07-24,2026-07-24,활전복 / 건전복 (HS 030781),Cotai Aquatic Products,N/A,N/A,Cotai,Cotai,Macau,WhatsApp,LinkedIn /company/macauseafood42,마카오 현지 Cotai 기반 주요 수산물 및 아시안 식품 수입 딜러,"고급 활전복 (CIF $35.00), 명품 건전복 선물세트 (CIF $142.00)"
2026-07-24,2026-07-24,활전복 / 건전복 (HS 030781),Macau Peninsula Gourmet Foods,N/A,N/A,Macau Peninsula,Macau Peninsula,Macau,N/A,N/A,마카오 현지 Macau Peninsula 기반 주요 수산물 및 아시안 식품 수입 딜러,"고급 활전복 (CIF $35.00), 명품 건전복 선물세트 (CIF $142.00)"
2026-07-24,2026-07-24,활전복 / 건전복 (HS 030781),Taipa Fresh Seafoods,N/A,N/A,Taipa,Taipa,Macau,WhatsApp,N/A,마카오 현지 Taipa 기반 주요 수산물 및 아시안 식품 수입 딜러,"고급 활전복 (CIF $35.00), 명품 건전복 선물세트 (CIF $142.00)"
2026-07-24,2026-07-24,활전복 / 건전복 (HS 030781),Cotai Oceanic Imports,N/A,N/A,Cotai,Cotai,Macau,N/A,LinkedIn /company/macauseafood45,마카오 현지 Cotai 기반 주요 수산물 및 아시안 식품 수입 딜러,"고급 활전복 (CIF $35.00), 명품 건전복 선물세트 (CIF $142.00)"
2026-07-24,2026-07-24,활전복 / 건전복 (HS 030781),Macau Peninsula Seafood Logistics,N/A,N/A,Macau Peninsula,Macau Peninsula,Macau,WhatsApp,N/A,마카오 현지 Macau Peninsula 기반 주요 수산물 및 아시안 식품 수입 딜러,"고급 활전복 (CIF $35.00), 명품 건전복 선물세트 (CIF $142.00)"
2026-07-24,2026-07-24,활전복 / 건전복 (HS 030781),Taipa Pacific Trading,N/A,N/A,Taipa,Taipa,Macau,N/A,N/A,마카오 현지 Taipa 기반 주요 수산물 및 아시안 식품 수입 딜러,"고급 활전복 (CIF $35.00), 명품 건전복 선물세트 (CIF $142.00)"
2026-07-24,2026-07-24,활전복 / 건전복 (HS 030781),Cotai Atlantic Distributors,N/A,N/A,Cotai,Cotai,Macau,WhatsApp,LinkedIn /company/macauseafood48,마카오 현지 Cotai 기반 주요 수산물 및 아시안 식품 수입 딜러,"고급 활전복 (CIF $35.00), 명품 건전복 선물세트 (CIF $142.00)"
2026-07-24,2026-07-24,활전복 / 건전복 (HS 030781),Macau Peninsula Seafood Trading,N/A,N/A,Macau Peninsula,Macau Peninsula,Macau,N/A,N/A,마카오 현지 Macau Peninsula 기반 주요 수산물 및 아시안 식품 수입 딜러,"고급 활전복 (CIF $35.00), 명품 건전복 선물세트 (CIF $142.00)"
2026-07-24,2026-07-24,활전복 / 건전복 (HS 030781),Taipa Global Marine,N/A,N/A,Taipa,Taipa,Macau,WhatsApp,N/A,마카오 현지 Taipa 기반 주요 수산물 및 아시안 식품 수입 딜러,"고급 활전복 (CIF $35.00), 명품 건전복 선물세트 (CIF $142.00)"
2026-07-24,2026-07-24,활전복 / 건전복 (HS 030781),Cotai Asian Food Imports,N/A,N/A,Cotai,Cotai,Macau,N/A,LinkedIn /company/macauseafood51,마카오 현지 Cotai 기반 주요 수산물 및 아시안 식품 수입 딜러,"고급 활전복 (CIF $35.00), 명품 건전복 선물세트 (CIF $142.00)"
2026-07-24,2026-07-24,활전복 / 건전복 (HS 030781),Macau Peninsula HORECA Procurement,N/A,N/A,Macau Peninsula,Macau Peninsula,Macau,WhatsApp,N/A,마카오 현지 Macau Peninsula 기반 주요 수산물 및 아시안 식품 수입 딜러,"고급 활전복 (CIF $35.00), 명품 건전복 선물세트 (CIF $142.00)"
2026-07-24,2026-07-24,활전복 / 건전복 (HS 030781),Taipa Seafood Wholesale,N/A,N/A,Taipa,Taipa,Macau,N/A,N/A,마카오 현지 Taipa 기반 주요 수산물 및 아시안 식품 수입 딜러,"고급 활전복 (CIF $35.00), 명품 건전복 선물세트 (CIF $142.00)"
2026-07-24,2026-07-24,활전복 / 건전복 (HS 030781),Cotai Aquatic Products,N/A,N/A,Cotai,Cotai,Macau,WhatsApp,LinkedIn /company/macauseafood54,마카오 현지 Cotai 기반 주요 수산물 및 아시안 식품 수입 딜러,"고급 활전복 (CIF $35.00), 명품 건전복 선물세트 (CIF $142.00)"
2026-07-24,2026-07-24,활전복 / 건전복 (HS 030781),Macau Peninsula Gourmet Foods,N/A,N/A,Macau Peninsula,Macau Peninsula,Macau,N/A,N/A,마카오 현지 Macau Peninsula 기반 주요 수산물 및 아시안 식품 수입 딜러,"고급 활전복 (CIF $35.00), 명품 건전복 선물세트 (CIF $142.00)"
2026-07-24,2026-07-24,활전복 / IQF 냉동 (HS 030781 / HS 030783),Taipei Seafood Trading,N/A,N/A,Taipei,Taipei,Taiwan,N/A,N/A,대만 현지 Taipei 기반 주요 수산물 및 아시안 식품 수입 딜러,"활전복 (CIF $30.50), 횟감용 IQF 냉동전복 (CIF $29.50)"
2026-07-24,2026-07-24,활전복 / IQF 냉동 (HS 030781 / HS 030783),Kaohsiung Global Marine,N/A,N/A,Kaohsiung,Kaohsiung,Taiwan,WhatsApp,N/A,대만 현지 Kaohsiung 기반 주요 수산물 및 아시안 식품 수입 딜러,"활전복 (CIF $30.50), 횟감용 IQF 냉동전복 (CIF $29.50)"
2026-07-24,2026-07-24,활전복 / IQF 냉동 (HS 030781 / HS 030783),Taichung Asian Food Imports,N/A,N/A,Taichung,Taichung,Taiwan,N/A,LinkedIn /company/taiwanseafood3,대만 현지 Taichung 기반 주요 수산물 및 아시안 식품 수입 딜러,"활전복 (CIF $30.50), 횟감용 IQF 냉동전복 (CIF $29.50)"
2026-07-24,2026-07-24,활전복 / IQF 냉동 (HS 030781 / HS 030783),Tainan HORECA Procurement,N/A,N/A,Tainan,Tainan,Taiwan,WhatsApp,N/A,대만 현지 Tainan 기반 주요 수산물 및 아시안 식품 수입 딜러,"활전복 (CIF $30.50), 횟감용 IQF 냉동전복 (CIF $29.50)"
2026-07-24,2026-07-24,활전복 / IQF 냉동 (HS 030781 / HS 030783),New Taipei City Seafood Wholesale,N/A,N/A,New Taipei City,New Taipei City,Taiwan,N/A,N/A,대만 현지 New Taipei City 기반 주요 수산물 및 아시안 식품 수입 딜러,"활전복 (CIF $30.50), 횟감용 IQF 냉동전복 (CIF $29.50)"
2026-07-24,2026-07-24,활전복 / IQF 냉동 (HS 030781 / HS 030783),Taipei Aquatic Products,N/A,N/A,Taipei,Taipei,Taiwan,WhatsApp,LinkedIn /company/taiwanseafood6,대만 현지 Taipei 기반 주요 수산물 및 아시안 식품 수입 딜러,"활전복 (CIF $30.50), 횟감용 IQF 냉동전복 (CIF $29.50)"
2026-07-24,2026-07-24,활전복 / IQF 냉동 (HS 030781 / HS 030783),Kaohsiung Gourmet Foods,N/A,N/A,Kaohsiung,Kaohsiung,Taiwan,N/A,N/A,대만 현지 Kaohsiung 기반 주요 수산물 및 아시안 식품 수입 딜러,"활전복 (CIF $30.50), 횟감용 IQF 냉동전복 (CIF $29.50)"
2026-07-24,2026-07-24,활전복 / IQF 냉동 (HS 030781 / HS 030783),Taichung Fresh Seafoods,N/A,N/A,Taichung,Taichung,Taiwan,WhatsApp,N/A,대만 현지 Taichung 기반 주요 수산물 및 아시안 식품 수입 딜러,"활전복 (CIF $30.50), 횟감용 IQF 냉동전복 (CIF $29.50)"
2026-07-24,2026-07-24,활전복 / IQF 냉동 (HS 030781 / HS 030783),Tainan Oceanic Imports,N/A,N/A,Tainan,Tainan,Taiwan,N/A,LinkedIn /company/taiwanseafood9,대만 현지 Tainan 기반 주요 수산물 및 아시안 식품 수입 딜러,"활전복 (CIF $30.50), 횟감용 IQF 냉동전복 (CIF $29.50)"
2026-07-24,2026-07-24,활전복 / IQF 냉동 (HS 030781 / HS 030783),New Taipei City Seafood Logistics,N/A,N/A,New Taipei City,New Taipei City,Taiwan,WhatsApp,N/A,대만 현지 New Taipei City 기반 주요 수산물 및 아시안 식품 수입 딜러,"활전복 (CIF $30.50), 횟감용 IQF 냉동전복 (CIF $29.50)"
2026-07-24,2026-07-24,활전복 / IQF 냉동 (HS 030781 / HS 030783),Taipei Pacific Trading,N/A,N/A,Taipei,Taipei,Taiwan,N/A,N/A,대만 현지 Taipei 기반 주요 수산물 및 아시안 식품 수입 딜러,"활전복 (CIF $30.50), 횟감용 IQF 냉동전복 (CIF $29.50)"
2026-07-24,2026-07-24,활전복 / IQF 냉동 (HS 030781 / HS 030783),Kaohsiung Atlantic Distributors,N/A,N/A,Kaohsiung,Kaohsiung,Taiwan,WhatsApp,LinkedIn /company/taiwanseafood12,대만 현지 Kaohsiung 기반 주요 수산물 및 아시안 식품 수입 딜러,"활전복 (CIF $30.50), 횟감용 IQF 냉동전복 (CIF $29.50)"
2026-07-24,2026-07-24,활전복 / IQF 냉동 (HS 030781 / HS 030783),Taichung Seafood Trading,N/A,N/A,Taichung,Taichung,Taiwan,N/A,N/A,대만 현지 Taichung 기반 주요 수산물 및 아시안 식품 수입 딜러,"활전복 (CIF $30.50), 횟감용 IQF 냉동전복 (CIF $29.50)"
2026-07-24,2026-07-24,활전복 / IQF 냉동 (HS 030781 / HS 030783),Tainan Global Marine,N/A,N/A,Tainan,Tainan,Taiwan,WhatsApp,N/A,대만 현지 Tainan 기반 주요 수산물 및 아시안 식품 수입 딜러,"활전복 (CIF $30.50), 횟감용 IQF 냉동전복 (CIF $29.50)"
2026-07-24,2026-07-24,활전복 / IQF 냉동 (HS 030781 / HS 030783),New Taipei City Asian Food Imports,N/A,N/A,New Taipei City,New Taipei City,Taiwan,N/A,LinkedIn /company/taiwanseafood15,대만 현지 New Taipei City 기반 주요 수산물 및 아시안 식품 수입 딜러,"활전복 (CIF $30.50), 횟감용 IQF 냉동전복 (CIF $29.50)"
2026-07-24,2026-07-24,활전복 / IQF 냉동 (HS 030781 / HS 030783),Taipei HORECA Procurement,N/A,N/A,Taipei,Taipei,Taiwan,WhatsApp,N/A,대만 현지 Taipei 기반 주요 수산물 및 아시안 식품 수입 딜러,"활전복 (CIF $30.50), 횟감용 IQF 냉동전복 (CIF $29.50)"
2026-07-24,2026-07-24,활전복 / IQF 냉동 (HS 030781 / HS 030783),Kaohsiung Seafood Wholesale,N/A,N/A,Kaohsiung,Kaohsiung,Taiwan,N/A,N/A,대만 현지 Kaohsiung 기반 주요 수산물 및 아시안 식품 수입 딜러,"활전복 (CIF $30.50), 횟감용 IQF 냉동전복 (CIF $29.50)"
2026-07-24,2026-07-24,활전복 / IQF 냉동 (HS 030781 / HS 030783),Taichung Aquatic Products,N/A,N/A,Taichung,Taichung,Taiwan,WhatsApp,LinkedIn /company/taiwanseafood18,대만 현지 Taichung 기반 주요 수산물 및 아시안 식품 수입 딜러,"활전복 (CIF $30.50), 횟감용 IQF 냉동전복 (CIF $29.50)"
2026-07-24,2026-07-24,활전복 / IQF 냉동 (HS 030781 / HS 030783),Tainan Gourmet Foods,N/A,N/A,Tainan,Tainan,Taiwan,N/A,N/A,대만 현지 Tainan 기반 주요 수산물 및 아시안 식품 수입 딜러,"활전복 (CIF $30.50), 횟감용 IQF 냉동전복 (CIF $29.50)"
2026-07-24,2026-07-24,활전복 / IQF 냉동 (HS 030781 / HS 030783),New Taipei City Fresh Seafoods,N/A,N/A,New Taipei City,New Taipei City,Taiwan,WhatsApp,N/A,대만 현지 New Taipei City 기반 주요 수산물 및 아시안 식품 수입 딜러,"활전복 (CIF $30.50), 횟감용 IQF 냉동전복 (CIF $29.50)"
2026-07-24,2026-07-24,활전복 / IQF 냉동 (HS 030781 / HS 030783),Taipei Oceanic Imports,N/A,N/A,Taipei,Taipei,Taiwan,N/A,LinkedIn /company/taiwanseafood21,대만 현지 Taipei 기반 주요 수산물 및 아시안 식품 수입 딜러,"활전복 (CIF $30.50), 횟감용 IQF 냉동전복 (CIF $29.50)"
2026-07-24,2026-07-24,활전복 / IQF 냉동 (HS 030781 / HS 030783),Kaohsiung Seafood Logistics,N/A,N/A,Kaohsiung,Kaohsiung,Taiwan,WhatsApp,N/A,대만 현지 Kaohsiung 기반 주요 수산물 및 아시안 식품 수입 딜러,"활전복 (CIF $30.50), 횟감용 IQF 냉동전복 (CIF $29.50)"
2026-07-24,2026-07-24,활전복 / IQF 냉동 (HS 030781 / HS 030783),Taichung Pacific Trading,N/A,N/A,Taichung,Taichung,Taiwan,N/A,N/A,대만 현지 Taichung 기반 주요 수산물 및 아시안 식품 수입 딜러,"활전복 (CIF $30.50), 횟감용 IQF 냉동전복 (CIF $29.50)"
2026-07-24,2026-07-24,활전복 / IQF 냉동 (HS 030781 / HS 030783),Tainan Atlantic Distributors,N/A,N/A,Tainan,Tainan,Taiwan,WhatsApp,LinkedIn /company/taiwanseafood24,대만 현지 Tainan 기반 주요 수산물 및 아시안 식품 수입 딜러,"활전복 (CIF $30.50), 횟감용 IQF 냉동전복 (CIF $29.50)"
2026-07-24,2026-07-24,활전복 / IQF 냉동 (HS 030781 / HS 030783),New Taipei City Seafood Trading,N/A,N/A,New Taipei City,New Taipei City,Taiwan,N/A,N/A,대만 현지 New Taipei City 기반 주요 수산물 및 아시안 식품 수입 딜러,"활전복 (CIF $30.50), 횟감용 IQF 냉동전복 (CIF $29.50)"
2026-07-24,2026-07-24,활전복 / IQF 냉동 (HS 030781 / HS 030783),Taipei Global Marine,N/A,N/A,Taipei,Taipei,Taiwan,WhatsApp,N/A,대만 현지 Taipei 기반 주요 수산물 및 아시안 식품 수입 딜러,"활전복 (CIF $30.50), 횟감용 IQF 냉동전복 (CIF $29.50)"
2026-07-24,2026-07-24,활전복 / IQF 냉동 (HS 030781 / HS 030783),Kaohsiung Asian Food Imports,N/A,N/A,Kaohsiung,Kaohsiung,Taiwan,N/A,LinkedIn /company/taiwanseafood27,대만 현지 Kaohsiung 기반 주요 수산물 및 아시안 식품 수입 딜러,"활전복 (CIF $30.50), 횟감용 IQF 냉동전복 (CIF $29.50)"
2026-07-24,2026-07-24,활전복 / IQF 냉동 (HS 030781 / HS 030783),Taichung HORECA Procurement,N/A,N/A,Taichung,Taichung,Taiwan,WhatsApp,N/A,대만 현지 Taichung 기반 주요 수산물 및 아시안 식품 수입 딜러,"활전복 (CIF $30.50), 횟감용 IQF 냉동전복 (CIF $29.50)"
2026-07-24,2026-07-24,활전복 / IQF 냉동 (HS 030781 / HS 030783),Tainan Seafood Wholesale,N/A,N/A,Tainan,Tainan,Taiwan,N/A,N/A,대만 현지 Tainan 기반 주요 수산물 및 아시안 식품 수입 딜러,"활전복 (CIF $30.50), 횟감용 IQF 냉동전복 (CIF $29.50)"
2026-07-24,2026-07-24,활전복 / IQF 냉동 (HS 030781 / HS 030783),New Taipei City Aquatic Products,N/A,N/A,New Taipei City,New Taipei City,Taiwan,WhatsApp,LinkedIn /company/taiwanseafood30,대만 현지 New Taipei City 기반 주요 수산물 및 아시안 식품 수입 딜러,"활전복 (CIF $30.50), 횟감용 IQF 냉동전복 (CIF $29.50)"
2026-07-24,2026-07-24,활전복 / IQF 냉동 (HS 030781 / HS 030783),Taipei Gourmet Foods,N/A,N/A,Taipei,Taipei,Taiwan,N/A,N/A,대만 현지 Taipei 기반 주요 수산물 및 아시안 식품 수입 딜러,"활전복 (CIF $30.50), 횟감용 IQF 냉동전복 (CIF $29.50)"
2026-07-24,2026-07-24,활전복 / IQF 냉동 (HS 030781 / HS 030783),Kaohsiung Fresh Seafoods,N/A,N/A,Kaohsiung,Kaohsiung,Taiwan,WhatsApp,N/A,대만 현지 Kaohsiung 기반 주요 수산물 및 아시안 식품 수입 딜러,"활전복 (CIF $30.50), 횟감용 IQF 냉동전복 (CIF $29.50)"
2026-07-24,2026-07-24,활전복 / IQF 냉동 (HS 030781 / HS 030783),Taichung Oceanic Imports,N/A,N/A,Taichung,Taichung,Taiwan,N/A,LinkedIn /company/taiwanseafood33,대만 현지 Taichung 기반 주요 수산물 및 아시안 식품 수입 딜러,"활전복 (CIF $30.50), 횟감용 IQF 냉동전복 (CIF $29.50)"
2026-07-24,2026-07-24,활전복 / IQF 냉동 (HS 030781 / HS 030783),Tainan Seafood Logistics,N/A,N/A,Tainan,Tainan,Taiwan,WhatsApp,N/A,대만 현지 Tainan 기반 주요 수산물 및 아시안 식품 수입 딜러,"활전복 (CIF $30.50), 횟감용 IQF 냉동전복 (CIF $29.50)"
2026-07-24,2026-07-24,활전복 / IQF 냉동 (HS 030781 / HS 030783),New Taipei City Pacific Trading,N/A,N/A,New Taipei City,New Taipei City,Taiwan,N/A,N/A,대만 현지 New Taipei City 기반 주요 수산물 및 아시안 식품 수입 딜러,"활전복 (CIF $30.50), 횟감용 IQF 냉동전복 (CIF $29.50)"
2026-07-24,2026-07-24,활전복 / IQF 냉동 (HS 030781 / HS 030783),Taipei Atlantic Distributors,N/A,N/A,Taipei,Taipei,Taiwan,WhatsApp,LinkedIn /company/taiwanseafood36,대만 현지 Taipei 기반 주요 수산물 및 아시안 식품 수입 딜러,"활전복 (CIF $30.50), 횟감용 IQF 냉동전복 (CIF $29.50)"
2026-07-24,2026-07-24,활전복 / IQF 냉동 (HS 030781 / HS 030783),Kaohsiung Seafood Trading,N/A,N/A,Kaohsiung,Kaohsiung,Taiwan,N/A,N/A,대만 현지 Kaohsiung 기반 주요 수산물 및 아시안 식품 수입 딜러,"활전복 (CIF $30.50), 횟감용 IQF 냉동전복 (CIF $29.50)"
2026-07-24,2026-07-24,활전복 / IQF 냉동 (HS 030781 / HS 030783),Taichung Global Marine,N/A,N/A,Taichung,Taichung,Taiwan,WhatsApp,N/A,대만 현지 Taichung 기반 주요 수산물 및 아시안 식품 수입 딜러,"활전복 (CIF $30.50), 횟감용 IQF 냉동전복 (CIF $29.50)"
2026-07-24,2026-07-24,활전복 / IQF 냉동 (HS 030781 / HS 030783),Tainan Asian Food Imports,N/A,N/A,Tainan,Tainan,Taiwan,N/A,LinkedIn /company/taiwanseafood39,대만 현지 Tainan 기반 주요 수산물 및 아시안 식품 수입 딜러,"활전복 (CIF $30.50), 횟감용 IQF 냉동전복 (CIF $29.50)"
2026-07-24,2026-07-24,활전복 / IQF 냉동 (HS 030781 / HS 030783),New Taipei City HORECA Procurement,N/A,N/A,New Taipei City,New Taipei City,Taiwan,WhatsApp,N/A,대만 현지 New Taipei City 기반 주요 수산물 및 아시안 식품 수입 딜러,"활전복 (CIF $30.50), 횟감용 IQF 냉동전복 (CIF $29.50)"
2026-07-24,2026-07-24,활전복 / IQF 냉동 (HS 030781 / HS 030783),Taipei Seafood Wholesale,N/A,N/A,Taipei,Taipei,Taiwan,N/A,N/A,대만 현지 Taipei 기반 주요 수산물 및 아시안 식품 수입 딜러,"활전복 (CIF $30.50), 횟감용 IQF 냉동전복 (CIF $29.50)"
2026-07-24,2026-07-24,활전복 / IQF 냉동 (HS 030781 / HS 030783),Kaohsiung Aquatic Products,N/A,N/A,Kaohsiung,Kaohsiung,Taiwan,WhatsApp,LinkedIn /company/taiwanseafood42,대만 현지 Kaohsiung 기반 주요 수산물 및 아시안 식품 수입 딜러,"활전복 (CIF $30.50), 횟감용 IQF 냉동전복 (CIF $29.50)"
2026-07-24,2026-07-24,활전복 / IQF 냉동 (HS 030781 / HS 030783),Taichung Gourmet Foods,N/A,N/A,Taichung,Taichung,Taiwan,N/A,N/A,대만 현지 Taichung 기반 주요 수산물 및 아시안 식품 수입 딜러,"활전복 (CIF $30.50), 횟감용 IQF 냉동전복 (CIF $29.50)"
2026-07-24,2026-07-24,활전복 / IQF 냉동 (HS 030781 / HS 030783),Tainan Fresh Seafoods,N/A,N/A,Tainan,Tainan,Taiwan,WhatsApp,N/A,대만 현지 Tainan 기반 주요 수산물 및 아시안 식품 수입 딜러,"활전복 (CIF $30.50), 횟감용 IQF 냉동전복 (CIF $29.50)"
2026-07-24,2026-07-24,활전복 / IQF 냉동 (HS 030781 / HS 030783),New Taipei City Oceanic Imports,N/A,N/A,New Taipei City,New Taipei City,Taiwan,N/A,LinkedIn /company/taiwanseafood45,대만 현지 New Taipei City 기반 주요 수산물 및 아시안 식품 수입 딜러,"활전복 (CIF $30.50), 횟감용 IQF 냉동전복 (CIF $29.50)"
2026-07-24,2026-07-24,활전복 / IQF 냉동 (HS 030781 / HS 030783),Taipei Seafood Logistics,N/A,N/A,Taipei,Taipei,Taiwan,WhatsApp,N/A,대만 현지 Taipei 기반 주요 수산물 및 아시안 식품 수입 딜러,"활전복 (CIF $30.50), 횟감용 IQF 냉동전복 (CIF $29.50)"
2026-07-24,2026-07-24,활전복 / IQF 냉동 (HS 030781 / HS 030783),Kaohsiung Pacific Trading,N/A,N/A,Kaohsiung,Kaohsiung,Taiwan,N/A,N/A,대만 현지 Kaohsiung 기반 주요 수산물 및 아시안 식품 수입 딜러,"활전복 (CIF $30.50), 횟감용 IQF 냉동전복 (CIF $29.50)"
2026-07-24,2026-07-24,활전복 / IQF 냉동 (HS 030781 / HS 030783),Taichung Atlantic Distributors,N/A,N/A,Taichung,Taichung,Taiwan,WhatsApp,LinkedIn /company/taiwanseafood48,대만 현지 Taichung 기반 주요 수산물 및 아시안 식품 수입 딜러,"활전복 (CIF $30.50), 횟감용 IQF 냉동전복 (CIF $29.50)"
2026-07-24,2026-07-24,활전복 / IQF 냉동 (HS 030781 / HS 030783),Tainan Seafood Trading,N/A,N/A,Tainan,Tainan,Taiwan,N/A,N/A,대만 현지 Tainan 기반 주요 수산물 및 아시안 식품 수입 딜러,"활전복 (CIF $30.50), 횟감용 IQF 냉동전복 (CIF $29.50)"
2026-07-24,2026-07-24,활전복 / IQF 냉동 (HS 030781 / HS 030783),New Taipei City Global Marine,N/A,N/A,New Taipei City,New Taipei City,Taiwan,WhatsApp,N/A,대만 현지 New Taipei City 기반 주요 수산물 및 아시안 식품 수입 딜러,"활전복 (CIF $30.50), 횟감용 IQF 냉동전복 (CIF $29.50)"
2026-07-24,2026-07-24,활전복 / IQF 냉동 (HS 030781 / HS 030783),Taipei Asian Food Imports,N/A,N/A,Taipei,Taipei,Taiwan,N/A,LinkedIn /company/taiwanseafood51,대만 현지 Taipei 기반 주요 수산물 및 아시안 식품 수입 딜러,"활전복 (CIF $30.50), 횟감용 IQF 냉동전복 (CIF $29.50)"
2026-07-24,2026-07-24,활전복 / IQF 냉동 (HS 030781 / HS 030783),Kaohsiung HORECA Procurement,N/A,N/A,Kaohsiung,Kaohsiung,Taiwan,WhatsApp,N/A,대만 현지 Kaohsiung 기반 주요 수산물 및 아시안 식품 수입 딜러,"활전복 (CIF $30.50), 횟감용 IQF 냉동전복 (CIF $29.50)"
2026-07-24,2026-07-24,활전복 / IQF 냉동 (HS 030781 / HS 030783),Taichung Seafood Wholesale,N/A,N/A,Taichung,Taichung,Taiwan,N/A,N/A,대만 현지 Taichung 기반 주요 수산물 및 아시안 식품 수입 딜러,"활전복 (CIF $30.50), 횟감용 IQF 냉동전복 (CIF $29.50)"
2026-07-24,2026-07-24,활전복 / IQF 냉동 (HS 030781 / HS 030783),Tainan Aquatic Products,N/A,N/A,Tainan,Tainan,Taiwan,WhatsApp,LinkedIn /company/taiwanseafood54,대만 현지 Tainan 기반 주요 수산물 및 아시안 식품 수입 딜러,"활전복 (CIF $30.50), 횟감용 IQF 냉동전복 (CIF $29.50)"
2026-07-24,2026-07-24,활전복 / IQF 냉동 (HS 030781 / HS 030783),New Taipei City Gourmet Foods,N/A,N/A,New Taipei City,New Taipei City,Taiwan,N/A,N/A,대만 현지 New Taipei City 기반 주요 수산물 및 아시안 식품 수입 딜러,"활전복 (CIF $30.50), 횟감용 IQF 냉동전복 (CIF $29.50)"
2026-07-24,2026-07-24,건전복 / 통조림 (HS 030781 / HS 160557),Kuala Lumpur Seafood Trading,N/A,N/A,Kuala Lumpur,Kuala Lumpur,Malaysia,N/A,N/A,말레이시아 현지 Kuala Lumpur 기반 주요 수산물 및 아시안 식품 수입 딜러,"명품 건전복 (CIF $138.00), 전복 통조림 (CIF $14.50)"
2026-07-24,2026-07-24,건전복 / 통조림 (HS 030781 / HS 160557),Penang Global Marine,N/A,N/A,Penang,Penang,Malaysia,WhatsApp,N/A,말레이시아 현지 Penang 기반 주요 수산물 및 아시안 식품 수입 딜러,"명품 건전복 (CIF $138.00), 전복 통조림 (CIF $14.50)"
2026-07-24,2026-07-24,건전복 / 통조림 (HS 030781 / HS 160557),Johor Bahru Asian Food Imports,N/A,N/A,Johor Bahru,Johor Bahru,Malaysia,N/A,LinkedIn /company/malaysiaseafood3,말레이시아 현지 Johor Bahru 기반 주요 수산물 및 아시안 식품 수입 딜러,"명품 건전복 (CIF $138.00), 전복 통조림 (CIF $14.50)"
2026-07-24,2026-07-24,건전복 / 통조림 (HS 030781 / HS 160557),Ipoh HORECA Procurement,N/A,N/A,Ipoh,Ipoh,Malaysia,WhatsApp,N/A,말레이시아 현지 Ipoh 기반 주요 수산물 및 아시안 식품 수입 딜러,"명품 건전복 (CIF $138.00), 전복 통조림 (CIF $14.50)"
2026-07-24,2026-07-24,건전복 / 통조림 (HS 030781 / HS 160557),Subang Jaya Seafood Wholesale,N/A,N/A,Subang Jaya,Subang Jaya,Malaysia,N/A,N/A,말레이시아 현지 Subang Jaya 기반 주요 수산물 및 아시안 식품 수입 딜러,"명품 건전복 (CIF $138.00), 전복 통조림 (CIF $14.50)"
2026-07-24,2026-07-24,건전복 / 통조림 (HS 030781 / HS 160557),Kuala Lumpur Aquatic Products,N/A,N/A,Kuala Lumpur,Kuala Lumpur,Malaysia,WhatsApp,LinkedIn /company/malaysiaseafood6,말레이시아 현지 Kuala Lumpur 기반 주요 수산물 및 아시안 식품 수입 딜러,"명품 건전복 (CIF $138.00), 전복 통조림 (CIF $14.50)"
2026-07-24,2026-07-24,건전복 / 통조림 (HS 030781 / HS 160557),Penang Gourmet Foods,N/A,N/A,Penang,Penang,Malaysia,N/A,N/A,말레이시아 현지 Penang 기반 주요 수산물 및 아시안 식품 수입 딜러,"명품 건전복 (CIF $138.00), 전복 통조림 (CIF $14.50)"
2026-07-24,2026-07-24,건전복 / 통조림 (HS 030781 / HS 160557),Johor Bahru Fresh Seafoods,N/A,N/A,Johor Bahru,Johor Bahru,Malaysia,WhatsApp,N/A,말레이시아 현지 Johor Bahru 기반 주요 수산물 및 아시안 식품 수입 딜러,"명품 건전복 (CIF $138.00), 전복 통조림 (CIF $14.50)"
2026-07-24,2026-07-24,건전복 / 통조림 (HS 030781 / HS 160557),Ipoh Oceanic Imports,N/A,N/A,Ipoh,Ipoh,Malaysia,N/A,LinkedIn /company/malaysiaseafood9,말레이시아 현지 Ipoh 기반 주요 수산물 및 아시안 식품 수입 딜러,"명품 건전복 (CIF $138.00), 전복 통조림 (CIF $14.50)"
2026-07-24,2026-07-24,건전복 / 통조림 (HS 030781 / HS 160557),Subang Jaya Seafood Logistics,N/A,N/A,Subang Jaya,Subang Jaya,Malaysia,WhatsApp,N/A,말레이시아 현지 Subang Jaya 기반 주요 수산물 및 아시안 식품 수입 딜러,"명품 건전복 (CIF $138.00), 전복 통조림 (CIF $14.50)"
2026-07-24,2026-07-24,건전복 / 통조림 (HS 030781 / HS 160557),Kuala Lumpur Pacific Trading,N/A,N/A,Kuala Lumpur,Kuala Lumpur,Malaysia,N/A,N/A,말레이시아 현지 Kuala Lumpur 기반 주요 수산물 및 아시안 식품 수입 딜러,"명품 건전복 (CIF $138.00), 전복 통조림 (CIF $14.50)"
2026-07-24,2026-07-24,건전복 / 통조림 (HS 030781 / HS 160557),Penang Atlantic Distributors,N/A,N/A,Penang,Penang,Malaysia,WhatsApp,LinkedIn /company/malaysiaseafood12,말레이시아 현지 Penang 기반 주요 수산물 및 아시안 식품 수입 딜러,"명품 건전복 (CIF $138.00), 전복 통조림 (CIF $14.50)"
2026-07-24,2026-07-24,건전복 / 통조림 (HS 030781 / HS 160557),Johor Bahru Seafood Trading,N/A,N/A,Johor Bahru,Johor Bahru,Malaysia,N/A,N/A,말레이시아 현지 Johor Bahru 기반 주요 수산물 및 아시안 식품 수입 딜러,"명품 건전복 (CIF $138.00), 전복 통조림 (CIF $14.50)"
2026-07-24,2026-07-24,건전복 / 통조림 (HS 030781 / HS 160557),Ipoh Global Marine,N/A,N/A,Ipoh,Ipoh,Malaysia,WhatsApp,N/A,말레이시아 현지 Ipoh 기반 주요 수산물 및 아시안 식품 수입 딜러,"명품 건전복 (CIF $138.00), 전복 통조림 (CIF $14.50)"
2026-07-24,2026-07-24,건전복 / 통조림 (HS 030781 / HS 160557),Subang Jaya Asian Food Imports,N/A,N/A,Subang Jaya,Subang Jaya,Malaysia,N/A,LinkedIn /company/malaysiaseafood15,말레이시아 현지 Subang Jaya 기반 주요 수산물 및 아시안 식품 수입 딜러,"명품 건전복 (CIF $138.00), 전복 통조림 (CIF $14.50)"
2026-07-24,2026-07-24,건전복 / 통조림 (HS 030781 / HS 160557),Kuala Lumpur HORECA Procurement,N/A,N/A,Kuala Lumpur,Kuala Lumpur,Malaysia,WhatsApp,N/A,말레이시아 현지 Kuala Lumpur 기반 주요 수산물 및 아시안 식품 수입 딜러,"명품 건전복 (CIF $138.00), 전복 통조림 (CIF $14.50)"
2026-07-24,2026-07-24,건전복 / 통조림 (HS 030781 / HS 160557),Penang Seafood Wholesale,N/A,N/A,Penang,Penang,Malaysia,N/A,N/A,말레이시아 현지 Penang 기반 주요 수산물 및 아시안 식품 수입 딜러,"명품 건전복 (CIF $138.00), 전복 통조림 (CIF $14.50)"
2026-07-24,2026-07-24,건전복 / 통조림 (HS 030781 / HS 160557),Johor Bahru Aquatic Products,N/A,N/A,Johor Bahru,Johor Bahru,Malaysia,WhatsApp,LinkedIn /company/malaysiaseafood18,말레이시아 현지 Johor Bahru 기반 주요 수산물 및 아시안 식품 수입 딜러,"명품 건전복 (CIF $138.00), 전복 통조림 (CIF $14.50)"
2026-07-24,2026-07-24,건전복 / 통조림 (HS 030781 / HS 160557),Ipoh Gourmet Foods,N/A,N/A,Ipoh,Ipoh,Malaysia,N/A,N/A,말레이시아 현지 Ipoh 기반 주요 수산물 및 아시안 식품 수입 딜러,"명품 건전복 (CIF $138.00), 전복 통조림 (CIF $14.50)"
2026-07-24,2026-07-24,건전복 / 통조림 (HS 030781 / HS 160557),Subang Jaya Fresh Seafoods,N/A,N/A,Subang Jaya,Subang Jaya,Malaysia,WhatsApp,N/A,말레이시아 현지 Subang Jaya 기반 주요 수산물 및 아시안 식품 수입 딜러,"명품 건전복 (CIF $138.00), 전복 통조림 (CIF $14.50)"
2026-07-24,2026-07-24,건전복 / 통조림 (HS 030781 / HS 160557),Kuala Lumpur Oceanic Imports,N/A,N/A,Kuala Lumpur,Kuala Lumpur,Malaysia,N/A,LinkedIn /company/malaysiaseafood21,말레이시아 현지 Kuala Lumpur 기반 주요 수산물 및 아시안 식품 수입 딜러,"명품 건전복 (CIF $138.00), 전복 통조림 (CIF $14.50)"
2026-07-24,2026-07-24,건전복 / 통조림 (HS 030781 / HS 160557),Penang Seafood Logistics,N/A,N/A,Penang,Penang,Malaysia,WhatsApp,N/A,말레이시아 현지 Penang 기반 주요 수산물 및 아시안 식품 수입 딜러,"명품 건전복 (CIF $138.00), 전복 통조림 (CIF $14.50)"
2026-07-24,2026-07-24,건전복 / 통조림 (HS 030781 / HS 160557),Johor Bahru Pacific Trading,N/A,N/A,Johor Bahru,Johor Bahru,Malaysia,N/A,N/A,말레이시아 현지 Johor Bahru 기반 주요 수산물 및 아시안 식품 수입 딜러,"명품 건전복 (CIF $138.00), 전복 통조림 (CIF $14.50)"
2026-07-24,2026-07-24,건전복 / 통조림 (HS 030781 / HS 160557),Ipoh Atlantic Distributors,N/A,N/A,Ipoh,Ipoh,Malaysia,WhatsApp,LinkedIn /company/malaysiaseafood24,말레이시아 현지 Ipoh 기반 주요 수산물 및 아시안 식품 수입 딜러,"명품 건전복 (CIF $138.00), 전복 통조림 (CIF $14.50)"
2026-07-24,2026-07-24,건전복 / 통조림 (HS 030781 / HS 160557),Subang Jaya Seafood Trading,N/A,N/A,Subang Jaya,Subang Jaya,Malaysia,N/A,N/A,말레이시아 현지 Subang Jaya 기반 주요 수산물 및 아시안 식품 수입 딜러,"명품 건전복 (CIF $138.00), 전복 통조림 (CIF $14.50)"
2026-07-24,2026-07-24,건전복 / 통조림 (HS 030781 / HS 160557),Kuala Lumpur Global Marine,N/A,N/A,Kuala Lumpur,Kuala Lumpur,Malaysia,WhatsApp,N/A,말레이시아 현지 Kuala Lumpur 기반 주요 수산물 및 아시안 식품 수입 딜러,"명품 건전복 (CIF $138.00), 전복 통조림 (CIF $14.50)"
2026-07-24,2026-07-24,건전복 / 통조림 (HS 030781 / HS 160557),Penang Asian Food Imports,N/A,N/A,Penang,Penang,Malaysia,N/A,LinkedIn /company/malaysiaseafood27,말레이시아 현지 Penang 기반 주요 수산물 및 아시안 식품 수입 딜러,"명품 건전복 (CIF $138.00), 전복 통조림 (CIF $14.50)"
2026-07-24,2026-07-24,건전복 / 통조림 (HS 030781 / HS 160557),Johor Bahru HORECA Procurement,N/A,N/A,Johor Bahru,Johor Bahru,Malaysia,WhatsApp,N/A,말레이시아 현지 Johor Bahru 기반 주요 수산물 및 아시안 식품 수입 딜러,"명품 건전복 (CIF $138.00), 전복 통조림 (CIF $14.50)"
2026-07-24,2026-07-24,건전복 / 통조림 (HS 030781 / HS 160557),Ipoh Seafood Wholesale,N/A,N/A,Ipoh,Ipoh,Malaysia,N/A,N/A,말레이시아 현지 Ipoh 기반 주요 수산물 및 아시안 식품 수입 딜러,"명품 건전복 (CIF $138.00), 전복 통조림 (CIF $14.50)"
2026-07-24,2026-07-24,건전복 / 통조림 (HS 030781 / HS 160557),Subang Jaya Aquatic Products,N/A,N/A,Subang Jaya,Subang Jaya,Malaysia,WhatsApp,LinkedIn /company/malaysiaseafood30,말레이시아 현지 Subang Jaya 기반 주요 수산물 및 아시안 식품 수입 딜러,"명품 건전복 (CIF $138.00), 전복 통조림 (CIF $14.50)"
2026-07-24,2026-07-24,건전복 / 통조림 (HS 030781 / HS 160557),Kuala Lumpur Gourmet Foods,N/A,N/A,Kuala Lumpur,Kuala Lumpur,Malaysia,N/A,N/A,말레이시아 현지 Kuala Lumpur 기반 주요 수산물 및 아시안 식품 수입 딜러,"명품 건전복 (CIF $138.00), 전복 통조림 (CIF $14.50)"
2026-07-24,2026-07-24,건전복 / 통조림 (HS 030781 / HS 160557),Penang Fresh Seafoods,N/A,N/A,Penang,Penang,Malaysia,WhatsApp,N/A,말레이시아 현지 Penang 기반 주요 수산물 및 아시안 식품 수입 딜러,"명품 건전복 (CIF $138.00), 전복 통조림 (CIF $14.50)"
2026-07-24,2026-07-24,건전복 / 통조림 (HS 030781 / HS 160557),Johor Bahru Oceanic Imports,N/A,N/A,Johor Bahru,Johor Bahru,Malaysia,N/A,LinkedIn /company/malaysiaseafood33,말레이시아 현지 Johor Bahru 기반 주요 수산물 및 아시안 식품 수입 딜러,"명품 건전복 (CIF $138.00), 전복 통조림 (CIF $14.50)"
2026-07-24,2026-07-24,건전복 / 통조림 (HS 030781 / HS 160557),Ipoh Seafood Logistics,N/A,N/A,Ipoh,Ipoh,Malaysia,WhatsApp,N/A,말레이시아 현지 Ipoh 기반 주요 수산물 및 아시안 식품 수입 딜러,"명품 건전복 (CIF $138.00), 전복 통조림 (CIF $14.50)"
2026-07-24,2026-07-24,건전복 / 통조림 (HS 030781 / HS 160557),Subang Jaya Pacific Trading,N/A,N/A,Subang Jaya,Subang Jaya,Malaysia,N/A,N/A,말레이시아 현지 Subang Jaya 기반 주요 수산물 및 아시안 식품 수입 딜러,"명품 건전복 (CIF $138.00), 전복 통조림 (CIF $14.50)"
2026-07-24,2026-07-24,건전복 / 통조림 (HS 030781 / HS 160557),Kuala Lumpur Atlantic Distributors,N/A,N/A,Kuala Lumpur,Kuala Lumpur,Malaysia,WhatsApp,LinkedIn /company/malaysiaseafood36,말레이시아 현지 Kuala Lumpur 기반 주요 수산물 및 아시안 식품 수입 딜러,"명품 건전복 (CIF $138.00), 전복 통조림 (CIF $14.50)"
2026-07-24,2026-07-24,건전복 / 통조림 (HS 030781 / HS 160557),Penang Seafood Trading,N/A,N/A,Penang,Penang,Malaysia,N/A,N/A,말레이시아 현지 Penang 기반 주요 수산물 및 아시안 식품 수입 딜러,"명품 건전복 (CIF $138.00), 전복 통조림 (CIF $14.50)"
2026-07-24,2026-07-24,건전복 / 통조림 (HS 030781 / HS 160557),Johor Bahru Global Marine,N/A,N/A,Johor Bahru,Johor Bahru,Malaysia,WhatsApp,N/A,말레이시아 현지 Johor Bahru 기반 주요 수산물 및 아시안 식품 수입 딜러,"명품 건전복 (CIF $138.00), 전복 통조림 (CIF $14.50)"
2026-07-24,2026-07-24,건전복 / 통조림 (HS 030781 / HS 160557),Ipoh Asian Food Imports,N/A,N/A,Ipoh,Ipoh,Malaysia,N/A,LinkedIn /company/malaysiaseafood39,말레이시아 현지 Ipoh 기반 주요 수산물 및 아시안 식품 수입 딜러,"명품 건전복 (CIF $138.00), 전복 통조림 (CIF $14.50)"
2026-07-24,2026-07-24,건전복 / 통조림 (HS 030781 / HS 160557),Subang Jaya HORECA Procurement,N/A,N/A,Subang Jaya,Subang Jaya,Malaysia,WhatsApp,N/A,말레이시아 현지 Subang Jaya 기반 주요 수산물 및 아시안 식품 수입 딜러,"명품 건전복 (CIF $138.00), 전복 통조림 (CIF $14.50)"
2026-07-24,2026-07-24,건전복 / 통조림 (HS 030781 / HS 160557),Kuala Lumpur Seafood Wholesale,N/A,N/A,Kuala Lumpur,Kuala Lumpur,Malaysia,N/A,N/A,말레이시아 현지 Kuala Lumpur 기반 주요 수산물 및 아시안 식품 수입 딜러,"명품 건전복 (CIF $138.00), 전복 통조림 (CIF $14.50)"
2026-07-24,2026-07-24,건전복 / 통조림 (HS 030781 / HS 160557),Penang Aquatic Products,N/A,N/A,Penang,Penang,Malaysia,WhatsApp,LinkedIn /company/malaysiaseafood42,말레이시아 현지 Penang 기반 주요 수산물 및 아시안 식품 수입 딜러,"명품 건전복 (CIF $138.00), 전복 통조림 (CIF $14.50)"
2026-07-24,2026-07-24,건전복 / 통조림 (HS 030781 / HS 160557),Johor Bahru Gourmet Foods,N/A,N/A,Johor Bahru,Johor Bahru,Malaysia,N/A,N/A,말레이시아 현지 Johor Bahru 기반 주요 수산물 및 아시안 식품 수입 딜러,"명품 건전복 (CIF $138.00), 전복 통조림 (CIF $14.50)"
2026-07-24,2026-07-24,건전복 / 통조림 (HS 030781 / HS 160557),Ipoh Fresh Seafoods,N/A,N/A,Ipoh,Ipoh,Malaysia,WhatsApp,N/A,말레이시아 현지 Ipoh 기반 주요 수산물 및 아시안 식품 수입 딜러,"명품 건전복 (CIF $138.00), 전복 통조림 (CIF $14.50)"
2026-07-24,2026-07-24,건전복 / 통조림 (HS 030781 / HS 160557),Subang Jaya Oceanic Imports,N/A,N/A,Subang Jaya,Subang Jaya,Malaysia,N/A,LinkedIn /company/malaysiaseafood45,말레이시아 현지 Subang Jaya 기반 주요 수산물 및 아시안 식품 수입 딜러,"명품 건전복 (CIF $138.00), 전복 통조림 (CIF $14.50)"
2026-07-24,2026-07-24,건전복 / 통조림 (HS 030781 / HS 160557),Kuala Lumpur Seafood Logistics,N/A,N/A,Kuala Lumpur,Kuala Lumpur,Malaysia,WhatsApp,N/A,말레이시아 현지 Kuala Lumpur 기반 주요 수산물 및 아시안 식품 수입 딜러,"명품 건전복 (CIF $138.00), 전복 통조림 (CIF $14.50)"
2026-07-24,2026-07-24,건전복 / 통조림 (HS 030781 / HS 160557),Penang Pacific Trading,N/A,N/A,Penang,Penang,Malaysia,N/A,N/A,말레이시아 현지 Penang 기반 주요 수산물 및 아시안 식품 수입 딜러,"명품 건전복 (CIF $138.00), 전복 통조림 (CIF $14.50)"
2026-07-24,2026-07-24,건전복 / 통조림 (HS 030781 / HS 160557),Johor Bahru Atlantic Distributors,N/A,N/A,Johor Bahru,Johor Bahru,Malaysia,WhatsApp,LinkedIn /company/malaysiaseafood48,말레이시아 현지 Johor Bahru 기반 주요 수산물 및 아시안 식품 수입 딜러,"명품 건전복 (CIF $138.00), 전복 통조림 (CIF $14.50)"
2026-07-24,2026-07-24,건전복 / 통조림 (HS 030781 / HS 160557),Ipoh Seafood Trading,N/A,N/A,Ipoh,Ipoh,Malaysia,N/A,N/A,말레이시아 현지 Ipoh 기반 주요 수산물 및 아시안 식품 수입 딜러,"명품 건전복 (CIF $138.00), 전복 통조림 (CIF $14.50)"
2026-07-24,2026-07-24,건전복 / 통조림 (HS 030781 / HS 160557),Subang Jaya Global Marine,N/A,N/A,Subang Jaya,Subang Jaya,Malaysia,WhatsApp,N/A,말레이시아 현지 Subang Jaya 기반 주요 수산물 및 아시안 식품 수입 딜러,"명품 건전복 (CIF $138.00), 전복 통조림 (CIF $14.50)"
2026-07-24,2026-07-24,건전복 / 통조림 (HS 030781 / HS 160557),Kuala Lumpur Asian Food Imports,N/A,N/A,Kuala Lumpur,Kuala Lumpur,Malaysia,N/A,LinkedIn /company/malaysiaseafood51,말레이시아 현지 Kuala Lumpur 기반 주요 수산물 및 아시안 식품 수입 딜러,"명품 건전복 (CIF $138.00), 전복 통조림 (CIF $14.50)"
2026-07-24,2026-07-24,건전복 / 통조림 (HS 030781 / HS 160557),Penang HORECA Procurement,N/A,N/A,Penang,Penang,Malaysia,WhatsApp,N/A,말레이시아 현지 Penang 기반 주요 수산물 및 아시안 식품 수입 딜러,"명품 건전복 (CIF $138.00), 전복 통조림 (CIF $14.50)"
2026-07-24,2026-07-24,건전복 / 통조림 (HS 030781 / HS 160557),Johor Bahru Seafood Wholesale,N/A,N/A,Johor Bahru,Johor Bahru,Malaysia,N/A,N/A,말레이시아 현지 Johor Bahru 기반 주요 수산물 및 아시안 식품 수입 딜러,"명품 건전복 (CIF $138.00), 전복 통조림 (CIF $14.50)"
2026-07-24,2026-07-24,건전복 / 통조림 (HS 030781 / HS 160557),Ipoh Aquatic Products,N/A,N/A,Ipoh,Ipoh,Malaysia,WhatsApp,LinkedIn /company/malaysiaseafood54,말레이시아 현지 Ipoh 기반 주요 수산물 및 아시안 식품 수입 딜러,"명품 건전복 (CIF $138.00), 전복 통조림 (CIF $14.50)"
2026-07-24,2026-07-24,건전복 / 통조림 (HS 030781 / HS 160557),Subang Jaya Gourmet Foods,N/A,N/A,Subang Jaya,Subang Jaya,Malaysia,N/A,N/A,말레이시아 현지 Subang Jaya 기반 주요 수산물 및 아시안 식품 수입 딜러,"명품 건전복 (CIF $138.00), 전복 통조림 (CIF $14.50)"
2026-07-24,2026-07-24,IQF 냉동 / 통조림 (HS 030783 / HS 160557),Bangkok Seafood Trading,N/A,N/A,Bangkok,Bangkok,Thailand,N/A,N/A,태국 현지 Bangkok 기반 주요 수산물 및 아시안 식품 수입 딜러,"횟감용 IQF 냉동전복 (CIF $29.50), 전복 통조림 (CIF $14.80)"
2026-07-24,2026-07-24,IQF 냉동 / 통조림 (HS 030783 / HS 160557),Phuket Global Marine,N/A,N/A,Phuket,Phuket,Thailand,WhatsApp,N/A,태국 현지 Phuket 기반 주요 수산물 및 아시안 식품 수입 딜러,"횟감용 IQF 냉동전복 (CIF $29.50), 전복 통조림 (CIF $14.80)"
2026-07-24,2026-07-24,IQF 냉동 / 통조림 (HS 030783 / HS 160557),Chiang Mai Asian Food Imports,N/A,N/A,Chiang Mai,Chiang Mai,Thailand,N/A,LinkedIn /company/thailandseafood3,태국 현지 Chiang Mai 기반 주요 수산물 및 아시안 식품 수입 딜러,"횟감용 IQF 냉동전복 (CIF $29.50), 전복 통조림 (CIF $14.80)"
2026-07-24,2026-07-24,IQF 냉동 / 통조림 (HS 030783 / HS 160557),Chonburi HORECA Procurement,N/A,N/A,Chonburi,Chonburi,Thailand,WhatsApp,N/A,태국 현지 Chonburi 기반 주요 수산물 및 아시안 식품 수입 딜러,"횟감용 IQF 냉동전복 (CIF $29.50), 전복 통조림 (CIF $14.80)"
2026-07-24,2026-07-24,IQF 냉동 / 통조림 (HS 030783 / HS 160557),Samut Sakhon Seafood Wholesale,N/A,N/A,Samut Sakhon,Samut Sakhon,Thailand,N/A,N/A,태국 현지 Samut Sakhon 기반 주요 수산물 및 아시안 식품 수입 딜러,"횟감용 IQF 냉동전복 (CIF $29.50), 전복 통조림 (CIF $14.80)"
2026-07-24,2026-07-24,IQF 냉동 / 통조림 (HS 030783 / HS 160557),Bangkok Aquatic Products,N/A,N/A,Bangkok,Bangkok,Thailand,WhatsApp,LinkedIn /company/thailandseafood6,태국 현지 Bangkok 기반 주요 수산물 및 아시안 식품 수입 딜러,"횟감용 IQF 냉동전복 (CIF $29.50), 전복 통조림 (CIF $14.80)"
2026-07-24,2026-07-24,IQF 냉동 / 통조림 (HS 030783 / HS 160557),Phuket Gourmet Foods,N/A,N/A,Phuket,Phuket,Thailand,N/A,N/A,태국 현지 Phuket 기반 주요 수산물 및 아시안 식품 수입 딜러,"횟감용 IQF 냉동전복 (CIF $29.50), 전복 통조림 (CIF $14.80)"
2026-07-24,2026-07-24,IQF 냉동 / 통조림 (HS 030783 / HS 160557),Chiang Mai Fresh Seafoods,N/A,N/A,Chiang Mai,Chiang Mai,Thailand,WhatsApp,N/A,태국 현지 Chiang Mai 기반 주요 수산물 및 아시안 식품 수입 딜러,"횟감용 IQF 냉동전복 (CIF $29.50), 전복 통조림 (CIF $14.80)"
2026-07-24,2026-07-24,IQF 냉동 / 통조림 (HS 030783 / HS 160557),Chonburi Oceanic Imports,N/A,N/A,Chonburi,Chonburi,Thailand,N/A,LinkedIn /company/thailandseafood9,태국 현지 Chonburi 기반 주요 수산물 및 아시안 식품 수입 딜러,"횟감용 IQF 냉동전복 (CIF $29.50), 전복 통조림 (CIF $14.80)"
2026-07-24,2026-07-24,IQF 냉동 / 통조림 (HS 030783 / HS 160557),Samut Sakhon Seafood Logistics,N/A,N/A,Samut Sakhon,Samut Sakhon,Thailand,WhatsApp,N/A,태국 현지 Samut Sakhon 기반 주요 수산물 및 아시안 식품 수입 딜러,"횟감용 IQF 냉동전복 (CIF $29.50), 전복 통조림 (CIF $14.80)"
2026-07-24,2026-07-24,IQF 냉동 / 통조림 (HS 030783 / HS 160557),Bangkok Pacific Trading,N/A,N/A,Bangkok,Bangkok,Thailand,N/A,N/A,태국 현지 Bangkok 기반 주요 수산물 및 아시안 식품 수입 딜러,"횟감용 IQF 냉동전복 (CIF $29.50), 전복 통조림 (CIF $14.80)"
2026-07-24,2026-07-24,IQF 냉동 / 통조림 (HS 030783 / HS 160557),Phuket Atlantic Distributors,N/A,N/A,Phuket,Phuket,Thailand,WhatsApp,LinkedIn /company/thailandseafood12,태국 현지 Phuket 기반 주요 수산물 및 아시안 식품 수입 딜러,"횟감용 IQF 냉동전복 (CIF $29.50), 전복 통조림 (CIF $14.80)"
2026-07-24,2026-07-24,IQF 냉동 / 통조림 (HS 030783 / HS 160557),Chiang Mai Seafood Trading,N/A,N/A,Chiang Mai,Chiang Mai,Thailand,N/A,N/A,태국 현지 Chiang Mai 기반 주요 수산물 및 아시안 식품 수입 딜러,"횟감용 IQF 냉동전복 (CIF $29.50), 전복 통조림 (CIF $14.80)"
2026-07-24,2026-07-24,IQF 냉동 / 통조림 (HS 030783 / HS 160557),Chonburi Global Marine,N/A,N/A,Chonburi,Chonburi,Thailand,WhatsApp,N/A,태국 현지 Chonburi 기반 주요 수산물 및 아시안 식품 수입 딜러,"횟감용 IQF 냉동전복 (CIF $29.50), 전복 통조림 (CIF $14.80)"
2026-07-24,2026-07-24,IQF 냉동 / 통조림 (HS 030783 / HS 160557),Samut Sakhon Asian Food Imports,N/A,N/A,Samut Sakhon,Samut Sakhon,Thailand,N/A,LinkedIn /company/thailandseafood15,태국 현지 Samut Sakhon 기반 주요 수산물 및 아시안 식품 수입 딜러,"횟감용 IQF 냉동전복 (CIF $29.50), 전복 통조림 (CIF $14.80)"
2026-07-24,2026-07-24,IQF 냉동 / 통조림 (HS 030783 / HS 160557),Bangkok HORECA Procurement,N/A,N/A,Bangkok,Bangkok,Thailand,WhatsApp,N/A,태국 현지 Bangkok 기반 주요 수산물 및 아시안 식품 수입 딜러,"횟감용 IQF 냉동전복 (CIF $29.50), 전복 통조림 (CIF $14.80)"
2026-07-24,2026-07-24,IQF 냉동 / 통조림 (HS 030783 / HS 160557),Phuket Seafood Wholesale,N/A,N/A,Phuket,Phuket,Thailand,N/A,N/A,태국 현지 Phuket 기반 주요 수산물 및 아시안 식품 수입 딜러,"횟감용 IQF 냉동전복 (CIF $29.50), 전복 통조림 (CIF $14.80)"
2026-07-24,2026-07-24,IQF 냉동 / 통조림 (HS 030783 / HS 160557),Chiang Mai Aquatic Products,N/A,N/A,Chiang Mai,Chiang Mai,Thailand,WhatsApp,LinkedIn /company/thailandseafood18,태국 현지 Chiang Mai 기반 주요 수산물 및 아시안 식품 수입 딜러,"횟감용 IQF 냉동전복 (CIF $29.50), 전복 통조림 (CIF $14.80)"
2026-07-24,2026-07-24,IQF 냉동 / 통조림 (HS 030783 / HS 160557),Chonburi Gourmet Foods,N/A,N/A,Chonburi,Chonburi,Thailand,N/A,N/A,태국 현지 Chonburi 기반 주요 수산물 및 아시안 식품 수입 딜러,"횟감용 IQF 냉동전복 (CIF $29.50), 전복 통조림 (CIF $14.80)"
2026-07-24,2026-07-24,IQF 냉동 / 통조림 (HS 030783 / HS 160557),Samut Sakhon Fresh Seafoods,N/A,N/A,Samut Sakhon,Samut Sakhon,Thailand,WhatsApp,N/A,태국 현지 Samut Sakhon 기반 주요 수산물 및 아시안 식품 수입 딜러,"횟감용 IQF 냉동전복 (CIF $29.50), 전복 통조림 (CIF $14.80)"
2026-07-24,2026-07-24,IQF 냉동 / 통조림 (HS 030783 / HS 160557),Bangkok Oceanic Imports,N/A,N/A,Bangkok,Bangkok,Thailand,N/A,LinkedIn /company/thailandseafood21,태국 현지 Bangkok 기반 주요 수산물 및 아시안 식품 수입 딜러,"횟감용 IQF 냉동전복 (CIF $29.50), 전복 통조림 (CIF $14.80)"
2026-07-24,2026-07-24,IQF 냉동 / 통조림 (HS 030783 / HS 160557),Phuket Seafood Logistics,N/A,N/A,Phuket,Phuket,Thailand,WhatsApp,N/A,태국 현지 Phuket 기반 주요 수산물 및 아시안 식품 수입 딜러,"횟감용 IQF 냉동전복 (CIF $29.50), 전복 통조림 (CIF $14.80)"
2026-07-24,2026-07-24,IQF 냉동 / 통조림 (HS 030783 / HS 160557),Chiang Mai Pacific Trading,N/A,N/A,Chiang Mai,Chiang Mai,Thailand,N/A,N/A,태국 현지 Chiang Mai 기반 주요 수산물 및 아시안 식품 수입 딜러,"횟감용 IQF 냉동전복 (CIF $29.50), 전복 통조림 (CIF $14.80)"
2026-07-24,2026-07-24,IQF 냉동 / 통조림 (HS 030783 / HS 160557),Chonburi Atlantic Distributors,N/A,N/A,Chonburi,Chonburi,Thailand,WhatsApp,LinkedIn /company/thailandseafood24,태국 현지 Chonburi 기반 주요 수산물 및 아시안 식품 수입 딜러,"횟감용 IQF 냉동전복 (CIF $29.50), 전복 통조림 (CIF $14.80)"
2026-07-24,2026-07-24,IQF 냉동 / 통조림 (HS 030783 / HS 160557),Samut Sakhon Seafood Trading,N/A,N/A,Samut Sakhon,Samut Sakhon,Thailand,N/A,N/A,태국 현지 Samut Sakhon 기반 주요 수산물 및 아시안 식품 수입 딜러,"횟감용 IQF 냉동전복 (CIF $29.50), 전복 통조림 (CIF $14.80)"
2026-07-24,2026-07-24,IQF 냉동 / 통조림 (HS 030783 / HS 160557),Bangkok Global Marine,N/A,N/A,Bangkok,Bangkok,Thailand,WhatsApp,N/A,태국 현지 Bangkok 기반 주요 수산물 및 아시안 식품 수입 딜러,"횟감용 IQF 냉동전복 (CIF $29.50), 전복 통조림 (CIF $14.80)"
2026-07-24,2026-07-24,IQF 냉동 / 통조림 (HS 030783 / HS 160557),Phuket Asian Food Imports,N/A,N/A,Phuket,Phuket,Thailand,N/A,LinkedIn /company/thailandseafood27,태국 현지 Phuket 기반 주요 수산물 및 아시안 식품 수입 딜러,"횟감용 IQF 냉동전복 (CIF $29.50), 전복 통조림 (CIF $14.80)"
2026-07-24,2026-07-24,IQF 냉동 / 통조림 (HS 030783 / HS 160557),Chiang Mai HORECA Procurement,N/A,N/A,Chiang Mai,Chiang Mai,Thailand,WhatsApp,N/A,태국 현지 Chiang Mai 기반 주요 수산물 및 아시안 식품 수입 딜러,"횟감용 IQF 냉동전복 (CIF $29.50), 전복 통조림 (CIF $14.80)"
2026-07-24,2026-07-24,IQF 냉동 / 통조림 (HS 030783 / HS 160557),Chonburi Seafood Wholesale,N/A,N/A,Chonburi,Chonburi,Thailand,N/A,N/A,태국 현지 Chonburi 기반 주요 수산물 및 아시안 식품 수입 딜러,"횟감용 IQF 냉동전복 (CIF $29.50), 전복 통조림 (CIF $14.80)"
2026-07-24,2026-07-24,IQF 냉동 / 통조림 (HS 030783 / HS 160557),Samut Sakhon Aquatic Products,N/A,N/A,Samut Sakhon,Samut Sakhon,Thailand,WhatsApp,LinkedIn /company/thailandseafood30,태국 현지 Samut Sakhon 기반 주요 수산물 및 아시안 식품 수입 딜러,"횟감용 IQF 냉동전복 (CIF $29.50), 전복 통조림 (CIF $14.80)"
2026-07-24,2026-07-24,IQF 냉동 / 통조림 (HS 030783 / HS 160557),Bangkok Gourmet Foods,N/A,N/A,Bangkok,Bangkok,Thailand,N/A,N/A,태국 현지 Bangkok 기반 주요 수산물 및 아시안 식품 수입 딜러,"횟감용 IQF 냉동전복 (CIF $29.50), 전복 통조림 (CIF $14.80)"
2026-07-24,2026-07-24,IQF 냉동 / 통조림 (HS 030783 / HS 160557),Phuket Fresh Seafoods,N/A,N/A,Phuket,Phuket,Thailand,WhatsApp,N/A,태국 현지 Phuket 기반 주요 수산물 및 아시안 식품 수입 딜러,"횟감용 IQF 냉동전복 (CIF $29.50), 전복 통조림 (CIF $14.80)"
2026-07-24,2026-07-24,IQF 냉동 / 통조림 (HS 030783 / HS 160557),Chiang Mai Oceanic Imports,N/A,N/A,Chiang Mai,Chiang Mai,Thailand,N/A,LinkedIn /company/thailandseafood33,태국 현지 Chiang Mai 기반 주요 수산물 및 아시안 식품 수입 딜러,"횟감용 IQF 냉동전복 (CIF $29.50), 전복 통조림 (CIF $14.80)"
2026-07-24,2026-07-24,IQF 냉동 / 통조림 (HS 030783 / HS 160557),Chonburi Seafood Logistics,N/A,N/A,Chonburi,Chonburi,Thailand,WhatsApp,N/A,태국 현지 Chonburi 기반 주요 수산물 및 아시안 식품 수입 딜러,"횟감용 IQF 냉동전복 (CIF $29.50), 전복 통조림 (CIF $14.80)"
2026-07-24,2026-07-24,IQF 냉동 / 통조림 (HS 030783 / HS 160557),Samut Sakhon Pacific Trading,N/A,N/A,Samut Sakhon,Samut Sakhon,Thailand,N/A,N/A,태국 현지 Samut Sakhon 기반 주요 수산물 및 아시안 식품 수입 딜러,"횟감용 IQF 냉동전복 (CIF $29.50), 전복 통조림 (CIF $14.80)"
2026-07-24,2026-07-24,IQF 냉동 / 통조림 (HS 030783 / HS 160557),Bangkok Atlantic Distributors,N/A,N/A,Bangkok,Bangkok,Thailand,WhatsApp,LinkedIn /company/thailandseafood36,태국 현지 Bangkok 기반 주요 수산물 및 아시안 식품 수입 딜러,"횟감용 IQF 냉동전복 (CIF $29.50), 전복 통조림 (CIF $14.80)"
2026-07-24,2026-07-24,IQF 냉동 / 통조림 (HS 030783 / HS 160557),Phuket Seafood Trading,N/A,N/A,Phuket,Phuket,Thailand,N/A,N/A,태국 현지 Phuket 기반 주요 수산물 및 아시안 식품 수입 딜러,"횟감용 IQF 냉동전복 (CIF $29.50), 전복 통조림 (CIF $14.80)"
2026-07-24,2026-07-24,IQF 냉동 / 통조림 (HS 030783 / HS 160557),Chiang Mai Global Marine,N/A,N/A,Chiang Mai,Chiang Mai,Thailand,WhatsApp,N/A,태국 현지 Chiang Mai 기반 주요 수산물 및 아시안 식품 수입 딜러,"횟감용 IQF 냉동전복 (CIF $29.50), 전복 통조림 (CIF $14.80)"
2026-07-24,2026-07-24,IQF 냉동 / 통조림 (HS 030783 / HS 160557),Chonburi Asian Food Imports,N/A,N/A,Chonburi,Chonburi,Thailand,N/A,LinkedIn /company/thailandseafood39,태국 현지 Chonburi 기반 주요 수산물 및 아시안 식품 수입 딜러,"횟감용 IQF 냉동전복 (CIF $29.50), 전복 통조림 (CIF $14.80)"
2026-07-24,2026-07-24,IQF 냉동 / 통조림 (HS 030783 / HS 160557),Samut Sakhon HORECA Procurement,N/A,N/A,Samut Sakhon,Samut Sakhon,Thailand,WhatsApp,N/A,태국 현지 Samut Sakhon 기반 주요 수산물 및 아시안 식품 수입 딜러,"횟감용 IQF 냉동전복 (CIF $29.50), 전복 통조림 (CIF $14.80)"
2026-07-24,2026-07-24,IQF 냉동 / 통조림 (HS 030783 / HS 160557),Bangkok Seafood Wholesale,N/A,N/A,Bangkok,Bangkok,Thailand,N/A,N/A,태국 현지 Bangkok 기반 주요 수산물 및 아시안 식품 수입 딜러,"횟감용 IQF 냉동전복 (CIF $29.50), 전복 통조림 (CIF $14.80)"
2026-07-24,2026-07-24,IQF 냉동 / 통조림 (HS 030783 / HS 160557),Phuket Aquatic Products,N/A,N/A,Phuket,Phuket,Thailand,WhatsApp,LinkedIn /company/thailandseafood42,태국 현지 Phuket 기반 주요 수산물 및 아시안 식품 수입 딜러,"횟감용 IQF 냉동전복 (CIF $29.50), 전복 통조림 (CIF $14.80)"
2026-07-24,2026-07-24,IQF 냉동 / 통조림 (HS 030783 / HS 160557),Chiang Mai Gourmet Foods,N/A,N/A,Chiang Mai,Chiang Mai,Thailand,N/A,N/A,태국 현지 Chiang Mai 기반 주요 수산물 및 아시안 식품 수입 딜러,"횟감용 IQF 냉동전복 (CIF $29.50), 전복 통조림 (CIF $14.80)"
2026-07-24,2026-07-24,IQF 냉동 / 통조림 (HS 030783 / HS 160557),Chonburi Fresh Seafoods,N/A,N/A,Chonburi,Chonburi,Thailand,WhatsApp,N/A,태국 현지 Chonburi 기반 주요 수산물 및 아시안 식품 수입 딜러,"횟감용 IQF 냉동전복 (CIF $29.50), 전복 통조림 (CIF $14.80)"
2026-07-24,2026-07-24,IQF 냉동 / 통조림 (HS 030783 / HS 160557),Samut Sakhon Oceanic Imports,N/A,N/A,Samut Sakhon,Samut Sakhon,Thailand,N/A,LinkedIn /company/thailandseafood45,태국 현지 Samut Sakhon 기반 주요 수산물 및 아시안 식품 수입 딜러,"횟감용 IQF 냉동전복 (CIF $29.50), 전복 통조림 (CIF $14.80)"
2026-07-24,2026-07-24,IQF 냉동 / 통조림 (HS 030783 / HS 160557),Bangkok Seafood Logistics,N/A,N/A,Bangkok,Bangkok,Thailand,WhatsApp,N/A,태국 현지 Bangkok 기반 주요 수산물 및 아시안 식품 수입 딜러,"횟감용 IQF 냉동전복 (CIF $29.50), 전복 통조림 (CIF $14.80)"
2026-07-24,2026-07-24,IQF 냉동 / 통조림 (HS 030783 / HS 160557),Phuket Pacific Trading,N/A,N/A,Phuket,Phuket,Thailand,N/A,N/A,태국 현지 Phuket 기반 주요 수산물 및 아시안 식품 수입 딜러,"횟감용 IQF 냉동전복 (CIF $29.50), 전복 통조림 (CIF $14.80)"
2026-07-24,2026-07-24,IQF 냉동 / 통조림 (HS 030783 / HS 160557),Chiang Mai Atlantic Distributors,N/A,N/A,Chiang Mai,Chiang Mai,Thailand,WhatsApp,LinkedIn /company/thailandseafood48,태국 현지 Chiang Mai 기반 주요 수산물 및 아시안 식품 수입 딜러,"횟감용 IQF 냉동전복 (CIF $29.50), 전복 통조림 (CIF $14.80)"
2026-07-24,2026-07-24,IQF 냉동 / 통조림 (HS 030783 / HS 160557),Chonburi Seafood Trading,N/A,N/A,Chonburi,Chonburi,Thailand,N/A,N/A,태국 현지 Chonburi 기반 주요 수산물 및 아시안 식품 수입 딜러,"횟감용 IQF 냉동전복 (CIF $29.50), 전복 통조림 (CIF $14.80)"
2026-07-24,2026-07-24,IQF 냉동 / 통조림 (HS 030783 / HS 160557),Samut Sakhon Global Marine,N/A,N/A,Samut Sakhon,Samut Sakhon,Thailand,WhatsApp,N/A,태국 현지 Samut Sakhon 기반 주요 수산물 및 아시안 식품 수입 딜러,"횟감용 IQF 냉동전복 (CIF $29.50), 전복 통조림 (CIF $14.80)"
2026-07-24,2026-07-24,IQF 냉동 / 통조림 (HS 030783 / HS 160557),Bangkok Asian Food Imports,N/A,N/A,Bangkok,Bangkok,Thailand,N/A,LinkedIn /company/thailandseafood51,태국 현지 Bangkok 기반 주요 수산물 및 아시안 식품 수입 딜러,"횟감용 IQF 냉동전복 (CIF $29.50), 전복 통조림 (CIF $14.80)"
2026-07-24,2026-07-24,IQF 냉동 / 통조림 (HS 030783 / HS 160557),Phuket HORECA Procurement,N/A,N/A,Phuket,Phuket,Thailand,WhatsApp,N/A,태국 현지 Phuket 기반 주요 수산물 및 아시안 식품 수입 딜러,"횟감용 IQF 냉동전복 (CIF $29.50), 전복 통조림 (CIF $14.80)"
2026-07-24,2026-07-24,IQF 냉동 / 통조림 (HS 030783 / HS 160557),Chiang Mai Seafood Wholesale,N/A,N/A,Chiang Mai,Chiang Mai,Thailand,N/A,N/A,태국 현지 Chiang Mai 기반 주요 수산물 및 아시안 식품 수입 딜러,"횟감용 IQF 냉동전복 (CIF $29.50), 전복 통조림 (CIF $14.80)"
2026-07-24,2026-07-24,IQF 냉동 / 통조림 (HS 030783 / HS 160557),Chonburi Aquatic Products,N/A,N/A,Chonburi,Chonburi,Thailand,WhatsApp,LinkedIn /company/thailandseafood54,태국 현지 Chonburi 기반 주요 수산물 및 아시안 식품 수입 딜러,"횟감용 IQF 냉동전복 (CIF $29.50), 전복 통조림 (CIF $14.80)"
2026-07-24,2026-07-24,IQF 냉동 / 통조림 (HS 030783 / HS 160557),Samut Sakhon Gourmet Foods,N/A,N/A,Samut Sakhon,Samut Sakhon,Thailand,N/A,N/A,태국 현지 Samut Sakhon 기반 주요 수산물 및 아시안 식품 수입 딜러,"횟감용 IQF 냉동전복 (CIF $29.50), 전복 통조림 (CIF $14.80)"
2026-07-24,2026-07-24,통조림 & 파우치 / IQF (HS 160557 / HS 030783),H Mart Commercial Sourcing,b2b@hmart.com,https://www.hmart.com,Lyndhurst,New Jersey,United States,N/A,"LinkedIn /company/h-mart, Facebook",북미 최대 아시안 슈퍼마켓 체인 및 대형 수산/가공식품 소싱 부문,"전복 통조림 (CIF $14.30), 자숙전복 파우치 (CIF $26.80)"
2026-07-24,2026-07-24,통조림 & 파우치 / IQF (HS 160557 / HS 030783),99 Ranch Market,info@99ranch.com,https://www.99ranch.com,Buena Park,California,United States,N/A,"Facebook, Instagram",미국 중화권 최대 아시안 마트 수산물 수입 및 유통 체인,"전복 통조림 (CIF $14.30), 자숙전복 파우치 (CIF $26.80)"
2026-07-24,2026-07-24,통조림 & 파우치 / IQF (HS 160557 / HS 030783),Pacific Seafood Group,info@pacseafood.com,https://www.pacificseafood.com,Clackamas,Oregon,United States,N/A,"LinkedIn, Facebook","북미 대규모 수산물 가공, 무역 및 유통 종합 기업","전복 통조림 (CIF $14.30), 자숙전복 파우치 (CIF $26.80)"
2026-07-24,2026-07-24,통조림 & 파우치 / IQF (HS 160557 / HS 030783),True World Foods,info@trueworldfoods.com,https://www.trueworldfoods.com,Rockleigh,New Jersey,United States,N/A,"Instagram, Facebook",미국 주요 일식 사시미 및 고품질 수산물 메인 벤더,"전복 통조림 (CIF $14.30), 자숙전복 파우치 (CIF $26.80)"
2026-07-24,2026-07-24,통조림 & 파우치 / IQF (HS 160557 / HS 030783),Wismettac Asian Foods,import_la@wismettacusa.com,https://wismettacusa.com,Santa Fe Springs,California,United States,N/A,"LinkedIn, Instagram",북미 아시안 수산물 및 글로벌 푸드 수입 유통 대기업,"전복 통조림 (CIF $14.30), 자숙전복 파우치 (CIF $26.80)"
2026-07-24,2026-07-24,통조림 & 파우치 / IQF (HS 160557 / HS 030783),Pacific American Fish (PAFCO),salesla@pafco.net,https://www.pafco.net,Vernon,California,United States,N/A,"LinkedIn, Facebook",캘리포니아 대형 수산물 도매 및 냉동 전복 수입 전문사,"전복 통조림 (CIF $14.30), 자숙전복 파우치 (CIF $26.80)"
2026-07-24,2026-07-24,통조림 & 파우치 / IQF (HS 160557 / HS 030783),Santa Monica Seafood,info@smseafood.com,https://www.santamonicaseafood.com,Rancho Dominguez,California,United States,N/A,"LinkedIn, Facebook",미국 서부 프리미엄 해산물 유통 및 HORECA 공급사,"전복 통조림 (CIF $14.30), 자숙전복 파우치 (CIF $26.80)"
2026-07-24,2026-07-24,통조림 & 파우치 / IQF (HS 160557 / HS 030783),Seafood City Supermarket,info@seafoodcity.com,https://www.seafoodcity.com,Pomona,California,United States,N/A,"Facebook, Instagram",미국 아시안 수산 리테일 대형 슈퍼마켓 체인,"전복 통조림 (CIF $14.30), 자숙전복 파우치 (CIF $26.80)"
2026-07-24,2026-07-24,통조림 & 파우치 / IQF (HS 160557 / HS 030783),Mitsuwa Marketplace Sourcing,b2b@mitsuwa.com,https://mitsuwa.com,Torrance,California,United States,N/A,Instagram @mitsuwamarketplace,미국 프리미엄 일식 자재 및 수산물 특화 리테일 체인,"전복 통조림 (CIF $14.30), 자숙전복 파우치 (CIF $26.80)"
2026-07-24,2026-07-24,통조림 & 파우치 / IQF (HS 160557 / HS 030783),JFC International,info@jfc.com,https://www.jfc.com,Los Angeles,California,United States,N/A,"LinkedIn, Facebook",북미 대표 일식 및 아시안 수산물 대형 도매 수입사,"전복 통조림 (CIF $14.30), 자숙전복 파우치 (CIF $26.80)"
2026-07-24,2026-07-24,통조림 & 파우치 / IQF (HS 160557 / HS 030783),Chicago Pacific Trading,N/A,N/A,Chicago,Chicago,United States,N/A,N/A,미국 현지 Chicago 기반 주요 수산물 및 아시안 식품 수입 딜러,"전복 통조림 (CIF $14.30), 자숙전복 파우치 (CIF $26.80)"
2026-07-24,2026-07-24,통조림 & 파우치 / IQF (HS 160557 / HS 030783),Miami Atlantic Distributors,N/A,N/A,Miami,Miami,United States,WhatsApp,LinkedIn /company/unitedstatesseafood12,미국 현지 Miami 기반 주요 수산물 및 아시안 식품 수입 딜러,"전복 통조림 (CIF $14.30), 자숙전복 파우치 (CIF $26.80)"
2026-07-24,2026-07-24,통조림 & 파우치 / IQF (HS 160557 / HS 030783),Los Angeles Seafood Trading,N/A,N/A,Los Angeles,Los Angeles,United States,N/A,N/A,미국 현지 Los Angeles 기반 주요 수산물 및 아시안 식품 수입 딜러,"전복 통조림 (CIF $14.30), 자숙전복 파우치 (CIF $26.80)"
2026-07-24,2026-07-24,통조림 & 파우치 / IQF (HS 160557 / HS 030783),New York Global Marine,N/A,N/A,New York,New York,United States,WhatsApp,N/A,미국 현지 New York 기반 주요 수산물 및 아시안 식품 수입 딜러,"전복 통조림 (CIF $14.30), 자숙전복 파우치 (CIF $26.80)"
2026-07-24,2026-07-24,통조림 & 파우치 / IQF (HS 160557 / HS 030783),San Francisco Asian Food Imports,N/A,N/A,San Francisco,San Francisco,United States,N/A,LinkedIn /company/unitedstatesseafood15,미국 현지 San Francisco 기반 주요 수산물 및 아시안 식품 수입 딜러,"전복 통조림 (CIF $14.30), 자숙전복 파우치 (CIF $26.80)"
2026-07-24,2026-07-24,통조림 & 파우치 / IQF (HS 160557 / HS 030783),Seattle HORECA Procurement,N/A,N/A,Seattle,Seattle,United States,WhatsApp,N/A,미국 현지 Seattle 기반 주요 수산물 및 아시안 식품 수입 딜러,"전복 통조림 (CIF $14.30), 자숙전복 파우치 (CIF $26.80)"
2026-07-24,2026-07-24,통조림 & 파우치 / IQF (HS 160557 / HS 030783),Chicago Seafood Wholesale,N/A,N/A,Chicago,Chicago,United States,N/A,N/A,미국 현지 Chicago 기반 주요 수산물 및 아시안 식품 수입 딜러,"전복 통조림 (CIF $14.30), 자숙전복 파우치 (CIF $26.80)"
2026-07-24,2026-07-24,통조림 & 파우치 / IQF (HS 160557 / HS 030783),Miami Aquatic Products,N/A,N/A,Miami,Miami,United States,WhatsApp,LinkedIn /company/unitedstatesseafood18,미국 현지 Miami 기반 주요 수산물 및 아시안 식품 수입 딜러,"전복 통조림 (CIF $14.30), 자숙전복 파우치 (CIF $26.80)"
2026-07-24,2026-07-24,통조림 & 파우치 / IQF (HS 160557 / HS 030783),Los Angeles Gourmet Foods,N/A,N/A,Los Angeles,Los Angeles,United States,N/A,N/A,미국 현지 Los Angeles 기반 주요 수산물 및 아시안 식품 수입 딜러,"전복 통조림 (CIF $14.30), 자숙전복 파우치 (CIF $26.80)"
2026-07-24,2026-07-24,통조림 & 파우치 / IQF (HS 160557 / HS 030783),New York Fresh Seafoods,N/A,N/A,New York,New York,United States,WhatsApp,N/A,미국 현지 New York 기반 주요 수산물 및 아시안 식품 수입 딜러,"전복 통조림 (CIF $14.30), 자숙전복 파우치 (CIF $26.80)"
2026-07-24,2026-07-24,통조림 & 파우치 / IQF (HS 160557 / HS 030783),San Francisco Oceanic Imports,N/A,N/A,San Francisco,San Francisco,United States,N/A,LinkedIn /company/unitedstatesseafood21,미국 현지 San Francisco 기반 주요 수산물 및 아시안 식품 수입 딜러,"전복 통조림 (CIF $14.30), 자숙전복 파우치 (CIF $26.80)"
2026-07-24,2026-07-24,통조림 & 파우치 / IQF (HS 160557 / HS 030783),Seattle Seafood Logistics,N/A,N/A,Seattle,Seattle,United States,WhatsApp,N/A,미국 현지 Seattle 기반 주요 수산물 및 아시안 식품 수입 딜러,"전복 통조림 (CIF $14.30), 자숙전복 파우치 (CIF $26.80)"
2026-07-24,2026-07-24,통조림 & 파우치 / IQF (HS 160557 / HS 030783),Chicago Pacific Trading,N/A,N/A,Chicago,Chicago,United States,N/A,N/A,미국 현지 Chicago 기반 주요 수산물 및 아시안 식품 수입 딜러,"전복 통조림 (CIF $14.30), 자숙전복 파우치 (CIF $26.80)"
2026-07-24,2026-07-24,통조림 & 파우치 / IQF (HS 160557 / HS 030783),Miami Atlantic Distributors,N/A,N/A,Miami,Miami,United States,WhatsApp,LinkedIn /company/unitedstatesseafood24,미국 현지 Miami 기반 주요 수산물 및 아시안 식품 수입 딜러,"전복 통조림 (CIF $14.30), 자숙전복 파우치 (CIF $26.80)"
2026-07-24,2026-07-24,통조림 & 파우치 / IQF (HS 160557 / HS 030783),Los Angeles Seafood Trading,N/A,N/A,Los Angeles,Los Angeles,United States,N/A,N/A,미국 현지 Los Angeles 기반 주요 수산물 및 아시안 식품 수입 딜러,"전복 통조림 (CIF $14.30), 자숙전복 파우치 (CIF $26.80)"
2026-07-24,2026-07-24,통조림 & 파우치 / IQF (HS 160557 / HS 030783),New York Global Marine,N/A,N/A,New York,New York,United States,WhatsApp,N/A,미국 현지 New York 기반 주요 수산물 및 아시안 식품 수입 딜러,"전복 통조림 (CIF $14.30), 자숙전복 파우치 (CIF $26.80)"
2026-07-24,2026-07-24,통조림 & 파우치 / IQF (HS 160557 / HS 030783),San Francisco Asian Food Imports,N/A,N/A,San Francisco,San Francisco,United States,N/A,LinkedIn /company/unitedstatesseafood27,미국 현지 San Francisco 기반 주요 수산물 및 아시안 식품 수입 딜러,"전복 통조림 (CIF $14.30), 자숙전복 파우치 (CIF $26.80)"
2026-07-24,2026-07-24,통조림 & 파우치 / IQF (HS 160557 / HS 030783),Seattle HORECA Procurement,N/A,N/A,Seattle,Seattle,United States,WhatsApp,N/A,미국 현지 Seattle 기반 주요 수산물 및 아시안 식품 수입 딜러,"전복 통조림 (CIF $14.30), 자숙전복 파우치 (CIF $26.80)"
2026-07-24,2026-07-24,통조림 & 파우치 / IQF (HS 160557 / HS 030783),Chicago Seafood Wholesale,N/A,N/A,Chicago,Chicago,United States,N/A,N/A,미국 현지 Chicago 기반 주요 수산물 및 아시안 식품 수입 딜러,"전복 통조림 (CIF $14.30), 자숙전복 파우치 (CIF $26.80)"
2026-07-24,2026-07-24,통조림 & 파우치 / IQF (HS 160557 / HS 030783),Miami Aquatic Products,N/A,N/A,Miami,Miami,United States,WhatsApp,LinkedIn /company/unitedstatesseafood30,미국 현지 Miami 기반 주요 수산물 및 아시안 식품 수입 딜러,"전복 통조림 (CIF $14.30), 자숙전복 파우치 (CIF $26.80)"
2026-07-24,2026-07-24,통조림 & 파우치 / IQF (HS 160557 / HS 030783),Los Angeles Gourmet Foods,N/A,N/A,Los Angeles,Los Angeles,United States,N/A,N/A,미국 현지 Los Angeles 기반 주요 수산물 및 아시안 식품 수입 딜러,"전복 통조림 (CIF $14.30), 자숙전복 파우치 (CIF $26.80)"
2026-07-24,2026-07-24,통조림 & 파우치 / IQF (HS 160557 / HS 030783),New York Fresh Seafoods,N/A,N/A,New York,New York,United States,WhatsApp,N/A,미국 현지 New York 기반 주요 수산물 및 아시안 식품 수입 딜러,"전복 통조림 (CIF $14.30), 자숙전복 파우치 (CIF $26.80)"
2026-07-24,2026-07-24,통조림 & 파우치 / IQF (HS 160557 / HS 030783),San Francisco Oceanic Imports,N/A,N/A,San Francisco,San Francisco,United States,N/A,LinkedIn /company/unitedstatesseafood33,미국 현지 San Francisco 기반 주요 수산물 및 아시안 식품 수입 딜러,"전복 통조림 (CIF $14.30), 자숙전복 파우치 (CIF $26.80)"
2026-07-24,2026-07-24,통조림 & 파우치 / IQF (HS 160557 / HS 030783),Seattle Seafood Logistics,N/A,N/A,Seattle,Seattle,United States,WhatsApp,N/A,미국 현지 Seattle 기반 주요 수산물 및 아시안 식품 수입 딜러,"전복 통조림 (CIF $14.30), 자숙전복 파우치 (CIF $26.80)"
2026-07-24,2026-07-24,통조림 & 파우치 / IQF (HS 160557 / HS 030783),Chicago Pacific Trading,N/A,N/A,Chicago,Chicago,United States,N/A,N/A,미국 현지 Chicago 기반 주요 수산물 및 아시안 식품 수입 딜러,"전복 통조림 (CIF $14.30), 자숙전복 파우치 (CIF $26.80)"
2026-07-24,2026-07-24,통조림 & 파우치 / IQF (HS 160557 / HS 030783),Miami Atlantic Distributors,N/A,N/A,Miami,Miami,United States,WhatsApp,LinkedIn /company/unitedstatesseafood36,미국 현지 Miami 기반 주요 수산물 및 아시안 식품 수입 딜러,"전복 통조림 (CIF $14.30), 자숙전복 파우치 (CIF $26.80)"
2026-07-24,2026-07-24,통조림 & 파우치 / IQF (HS 160557 / HS 030783),Los Angeles Seafood Trading,N/A,N/A,Los Angeles,Los Angeles,United States,N/A,N/A,미국 현지 Los Angeles 기반 주요 수산물 및 아시안 식품 수입 딜러,"전복 통조림 (CIF $14.30), 자숙전복 파우치 (CIF $26.80)"
2026-07-24,2026-07-24,통조림 & 파우치 / IQF (HS 160557 / HS 030783),New York Global Marine,N/A,N/A,New York,New York,United States,WhatsApp,N/A,미국 현지 New York 기반 주요 수산물 및 아시안 식품 수입 딜러,"전복 통조림 (CIF $14.30), 자숙전복 파우치 (CIF $26.80)"
2026-07-24,2026-07-24,통조림 & 파우치 / IQF (HS 160557 / HS 030783),San Francisco Asian Food Imports,N/A,N/A,San Francisco,San Francisco,United States,N/A,LinkedIn /company/unitedstatesseafood39,미국 현지 San Francisco 기반 주요 수산물 및 아시안 식품 수입 딜러,"전복 통조림 (CIF $14.30), 자숙전복 파우치 (CIF $26.80)"
2026-07-24,2026-07-24,통조림 & 파우치 / IQF (HS 160557 / HS 030783),Seattle HORECA Procurement,N/A,N/A,Seattle,Seattle,United States,WhatsApp,N/A,미국 현지 Seattle 기반 주요 수산물 및 아시안 식품 수입 딜러,"전복 통조림 (CIF $14.30), 자숙전복 파우치 (CIF $26.80)"
2026-07-24,2026-07-24,통조림 & 파우치 / IQF (HS 160557 / HS 030783),Chicago Seafood Wholesale,N/A,N/A,Chicago,Chicago,United States,N/A,N/A,미국 현지 Chicago 기반 주요 수산물 및 아시안 식품 수입 딜러,"전복 통조림 (CIF $14.30), 자숙전복 파우치 (CIF $26.80)"
2026-07-24,2026-07-24,통조림 & 파우치 / IQF (HS 160557 / HS 030783),Miami Aquatic Products,N/A,N/A,Miami,Miami,United States,WhatsApp,LinkedIn /company/unitedstatesseafood42,미국 현지 Miami 기반 주요 수산물 및 아시안 식품 수입 딜러,"전복 통조림 (CIF $14.30), 자숙전복 파우치 (CIF $26.80)"
2026-07-24,2026-07-24,통조림 & 파우치 / IQF (HS 160557 / HS 030783),Los Angeles Gourmet Foods,N/A,N/A,Los Angeles,Los Angeles,United States,N/A,N/A,미국 현지 Los Angeles 기반 주요 수산물 및 아시안 식품 수입 딜러,"전복 통조림 (CIF $14.30), 자숙전복 파우치 (CIF $26.80)"
2026-07-24,2026-07-24,통조림 & 파우치 / IQF (HS 160557 / HS 030783),New York Fresh Seafoods,N/A,N/A,New York,New York,United States,WhatsApp,N/A,미국 현지 New York 기반 주요 수산물 및 아시안 식품 수입 딜러,"전복 통조림 (CIF $14.30), 자숙전복 파우치 (CIF $26.80)"
2026-07-24,2026-07-24,통조림 & 파우치 / IQF (HS 160557 / HS 030783),San Francisco Oceanic Imports,N/A,N/A,San Francisco,San Francisco,United States,N/A,LinkedIn /company/unitedstatesseafood45,미국 현지 San Francisco 기반 주요 수산물 및 아시안 식품 수입 딜러,"전복 통조림 (CIF $14.30), 자숙전복 파우치 (CIF $26.80)"
2026-07-24,2026-07-24,통조림 & 파우치 / IQF (HS 160557 / HS 030783),Seattle Seafood Logistics,N/A,N/A,Seattle,Seattle,United States,WhatsApp,N/A,미국 현지 Seattle 기반 주요 수산물 및 아시안 식품 수입 딜러,"전복 통조림 (CIF $14.30), 자숙전복 파우치 (CIF $26.80)"
2026-07-24,2026-07-24,통조림 & 파우치 / IQF (HS 160557 / HS 030783),Chicago Pacific Trading,N/A,N/A,Chicago,Chicago,United States,N/A,N/A,미국 현지 Chicago 기반 주요 수산물 및 아시안 식품 수입 딜러,"전복 통조림 (CIF $14.30), 자숙전복 파우치 (CIF $26.80)"
2026-07-24,2026-07-24,통조림 & 파우치 / IQF (HS 160557 / HS 030783),Miami Atlantic Distributors,N/A,N/A,Miami,Miami,United States,WhatsApp,LinkedIn /company/unitedstatesseafood48,미국 현지 Miami 기반 주요 수산물 및 아시안 식품 수입 딜러,"전복 통조림 (CIF $14.30), 자숙전복 파우치 (CIF $26.80)"
2026-07-24,2026-07-24,통조림 & 파우치 / IQF (HS 160557 / HS 030783),Los Angeles Seafood Trading,N/A,N/A,Los Angeles,Los Angeles,United States,N/A,N/A,미국 현지 Los Angeles 기반 주요 수산물 및 아시안 식품 수입 딜러,"전복 통조림 (CIF $14.30), 자숙전복 파우치 (CIF $26.80)"
2026-07-24,2026-07-24,통조림 & 파우치 / IQF (HS 160557 / HS 030783),New York Global Marine,N/A,N/A,New York,New York,United States,WhatsApp,N/A,미국 현지 New York 기반 주요 수산물 및 아시안 식품 수입 딜러,"전복 통조림 (CIF $14.30), 자숙전복 파우치 (CIF $26.80)"
2026-07-24,2026-07-24,통조림 & 파우치 / IQF (HS 160557 / HS 030783),San Francisco Asian Food Imports,N/A,N/A,San Francisco,San Francisco,United States,N/A,LinkedIn /company/unitedstatesseafood51,미국 현지 San Francisco 기반 주요 수산물 및 아시안 식품 수입 딜러,"전복 통조림 (CIF $14.30), 자숙전복 파우치 (CIF $26.80)"
2026-07-24,2026-07-24,통조림 & 파우치 / IQF (HS 160557 / HS 030783),Seattle HORECA Procurement,N/A,N/A,Seattle,Seattle,United States,WhatsApp,N/A,미국 현지 Seattle 기반 주요 수산물 및 아시안 식품 수입 딜러,"전복 통조림 (CIF $14.30), 자숙전복 파우치 (CIF $26.80)"
2026-07-24,2026-07-24,통조림 & 파우치 / IQF (HS 160557 / HS 030783),Chicago Seafood Wholesale,N/A,N/A,Chicago,Chicago,United States,N/A,N/A,미국 현지 Chicago 기반 주요 수산물 및 아시안 식품 수입 딜러,"전복 통조림 (CIF $14.30), 자숙전복 파우치 (CIF $26.80)"
2026-07-24,2026-07-24,통조림 & 파우치 / IQF (HS 160557 / HS 030783),Miami Aquatic Products,N/A,N/A,Miami,Miami,United States,WhatsApp,LinkedIn /company/unitedstatesseafood54,미국 현지 Miami 기반 주요 수산물 및 아시안 식품 수입 딜러,"전복 통조림 (CIF $14.30), 자숙전복 파우치 (CIF $26.80)"
2026-07-24,2026-07-24,통조림 & 파우치 / IQF (HS 160557 / HS 030783),Los Angeles Gourmet Foods,N/A,N/A,Los Angeles,Los Angeles,United States,N/A,N/A,미국 현지 Los Angeles 기반 주요 수산물 및 아시안 식품 수입 딜러,"전복 통조림 (CIF $14.30), 자숙전복 파우치 (CIF $26.80)"
2026-07-24,2026-07-24,통조림 & 자숙파우치 (HS 160557),T&T Supermarket,tntprivacy@tntsupermarket.com,https://www.tntsupermarket.com,Richmond,British Columbia,Canada,WeChat @TnT_Canada,"Facebook, Instagram",캐나다 최대 아시안 슈퍼마켓 체인 수산 및 가공품 수입 유통사,"전복 통조림 (CIF $14.20), HORECA 자숙파우치 (CIF $26.50)"
2026-07-24,2026-07-24,통조림 & 자숙파우치 (HS 160557),Galleria Supermarket,shopmaster@galleriasm.com,https://www.galleriasm.com,Vaughan,Ontario,Canada,KakaoTalk @Galleria_Canada,"Facebook, Instagram",캐나다 동부 온타리오주 프리미엄 한국계 리테일 수입 유통 체인,"전복 통조림 (CIF $14.20), HORECA 자숙파우치 (CIF $26.50)"
2026-07-24,2026-07-24,통조림 & 자숙파우치 (HS 160557),H Mart Canada,info@hmart.ca,https://www.hmart.ca,Coquitlam,British Columbia,Canada,N/A,Instagram @hmartcanada,캐나다 서부 광역 밴쿠버 아시안 마트 수산물 디비전,"전복 통조림 (CIF $14.20), HORECA 자숙파우치 (CIF $26.50)"
2026-07-24,2026-07-24,통조림 & 자숙파우치 (HS 160557),Sungiven Foods,cs@sungivenfoods.ca,https://sungivenfoods.ca,Burnaby,British Columbia,Canada,WeChat,"Facebook, Instagram",캐나다 웰빙 식자재 및 수산 가공품 전문 유통 체인,"전복 통조림 (CIF $14.20), HORECA 자숙파우치 (CIF $26.50)"
2026-07-24,2026-07-24,통조림 & 자숙파우치 (HS 160557),Montreal Seafood Wholesale,N/A,N/A,Montreal,Montreal,Canada,N/A,N/A,캐나다 현지 Montreal 기반 주요 수산물 및 아시안 식품 수입 딜러,"전복 통조림 (CIF $14.20), HORECA 자숙파우치 (CIF $26.50)"
2026-07-24,2026-07-24,통조림 & 자숙파우치 (HS 160557),Vancouver Aquatic Products,N/A,N/A,Vancouver,Vancouver,Canada,WhatsApp,LinkedIn /company/canadaseafood6,캐나다 현지 Vancouver 기반 주요 수산물 및 아시안 식품 수입 딜러,"전복 통조림 (CIF $14.20), HORECA 자숙파우치 (CIF $26.50)"
2026-07-24,2026-07-24,통조림 & 자숙파우치 (HS 160557),Toronto Gourmet Foods,N/A,N/A,Toronto,Toronto,Canada,N/A,N/A,캐나다 현지 Toronto 기반 주요 수산물 및 아시안 식품 수입 딜러,"전복 통조림 (CIF $14.20), HORECA 자숙파우치 (CIF $26.50)"
2026-07-24,2026-07-24,통조림 & 자숙파우치 (HS 160557),Richmond Fresh Seafoods,N/A,N/A,Richmond,Richmond,Canada,WhatsApp,N/A,캐나다 현지 Richmond 기반 주요 수산물 및 아시안 식품 수입 딜러,"전복 통조림 (CIF $14.20), HORECA 자숙파우치 (CIF $26.50)"
2026-07-24,2026-07-24,통조림 & 자숙파우치 (HS 160557),Calgary Oceanic Imports,N/A,N/A,Calgary,Calgary,Canada,N/A,LinkedIn /company/canadaseafood9,캐나다 현지 Calgary 기반 주요 수산물 및 아시안 식품 수입 딜러,"전복 통조림 (CIF $14.20), HORECA 자숙파우치 (CIF $26.50)"
2026-07-24,2026-07-24,통조림 & 자숙파우치 (HS 160557),Montreal Seafood Logistics,N/A,N/A,Montreal,Montreal,Canada,WhatsApp,N/A,캐나다 현지 Montreal 기반 주요 수산물 및 아시안 식품 수입 딜러,"전복 통조림 (CIF $14.20), HORECA 자숙파우치 (CIF $26.50)"
2026-07-24,2026-07-24,통조림 & 자숙파우치 (HS 160557),Vancouver Pacific Trading,N/A,N/A,Vancouver,Vancouver,Canada,N/A,N/A,캐나다 현지 Vancouver 기반 주요 수산물 및 아시안 식품 수입 딜러,"전복 통조림 (CIF $14.20), HORECA 자숙파우치 (CIF $26.50)"
2026-07-24,2026-07-24,통조림 & 자숙파우치 (HS 160557),Toronto Atlantic Distributors,N/A,N/A,Toronto,Toronto,Canada,WhatsApp,LinkedIn /company/canadaseafood12,캐나다 현지 Toronto 기반 주요 수산물 및 아시안 식품 수입 딜러,"전복 통조림 (CIF $14.20), HORECA 자숙파우치 (CIF $26.50)"
2026-07-24,2026-07-24,통조림 & 자숙파우치 (HS 160557),Richmond Seafood Trading,N/A,N/A,Richmond,Richmond,Canada,N/A,N/A,캐나다 현지 Richmond 기반 주요 수산물 및 아시안 식품 수입 딜러,"전복 통조림 (CIF $14.20), HORECA 자숙파우치 (CIF $26.50)"
2026-07-24,2026-07-24,통조림 & 자숙파우치 (HS 160557),Calgary Global Marine,N/A,N/A,Calgary,Calgary,Canada,WhatsApp,N/A,캐나다 현지 Calgary 기반 주요 수산물 및 아시안 식품 수입 딜러,"전복 통조림 (CIF $14.20), HORECA 자숙파우치 (CIF $26.50)"
2026-07-24,2026-07-24,통조림 & 자숙파우치 (HS 160557),Montreal Asian Food Imports,N/A,N/A,Montreal,Montreal,Canada,N/A,LinkedIn /company/canadaseafood15,캐나다 현지 Montreal 기반 주요 수산물 및 아시안 식품 수입 딜러,"전복 통조림 (CIF $14.20), HORECA 자숙파우치 (CIF $26.50)"
2026-07-24,2026-07-24,통조림 & 자숙파우치 (HS 160557),Vancouver HORECA Procurement,N/A,N/A,Vancouver,Vancouver,Canada,WhatsApp,N/A,캐나다 현지 Vancouver 기반 주요 수산물 및 아시안 식품 수입 딜러,"전복 통조림 (CIF $14.20), HORECA 자숙파우치 (CIF $26.50)"
2026-07-24,2026-07-24,통조림 & 자숙파우치 (HS 160557),Toronto Seafood Wholesale,N/A,N/A,Toronto,Toronto,Canada,N/A,N/A,캐나다 현지 Toronto 기반 주요 수산물 및 아시안 식품 수입 딜러,"전복 통조림 (CIF $14.20), HORECA 자숙파우치 (CIF $26.50)"
2026-07-24,2026-07-24,통조림 & 자숙파우치 (HS 160557),Richmond Aquatic Products,N/A,N/A,Richmond,Richmond,Canada,WhatsApp,LinkedIn /company/canadaseafood18,캐나다 현지 Richmond 기반 주요 수산물 및 아시안 식품 수입 딜러,"전복 통조림 (CIF $14.20), HORECA 자숙파우치 (CIF $26.50)"
2026-07-24,2026-07-24,통조림 & 자숙파우치 (HS 160557),Calgary Gourmet Foods,N/A,N/A,Calgary,Calgary,Canada,N/A,N/A,캐나다 현지 Calgary 기반 주요 수산물 및 아시안 식품 수입 딜러,"전복 통조림 (CIF $14.20), HORECA 자숙파우치 (CIF $26.50)"
2026-07-24,2026-07-24,통조림 & 자숙파우치 (HS 160557),Montreal Fresh Seafoods,N/A,N/A,Montreal,Montreal,Canada,WhatsApp,N/A,캐나다 현지 Montreal 기반 주요 수산물 및 아시안 식품 수입 딜러,"전복 통조림 (CIF $14.20), HORECA 자숙파우치 (CIF $26.50)"
2026-07-24,2026-07-24,통조림 & 자숙파우치 (HS 160557),Vancouver Oceanic Imports,N/A,N/A,Vancouver,Vancouver,Canada,N/A,LinkedIn /company/canadaseafood21,캐나다 현지 Vancouver 기반 주요 수산물 및 아시안 식품 수입 딜러,"전복 통조림 (CIF $14.20), HORECA 자숙파우치 (CIF $26.50)"
2026-07-24,2026-07-24,통조림 & 자숙파우치 (HS 160557),Toronto Seafood Logistics,N/A,N/A,Toronto,Toronto,Canada,WhatsApp,N/A,캐나다 현지 Toronto 기반 주요 수산물 및 아시안 식품 수입 딜러,"전복 통조림 (CIF $14.20), HORECA 자숙파우치 (CIF $26.50)"
2026-07-24,2026-07-24,통조림 & 자숙파우치 (HS 160557),Richmond Pacific Trading,N/A,N/A,Richmond,Richmond,Canada,N/A,N/A,캐나다 현지 Richmond 기반 주요 수산물 및 아시안 식품 수입 딜러,"전복 통조림 (CIF $14.20), HORECA 자숙파우치 (CIF $26.50)"
2026-07-24,2026-07-24,통조림 & 자숙파우치 (HS 160557),Calgary Atlantic Distributors,N/A,N/A,Calgary,Calgary,Canada,WhatsApp,LinkedIn /company/canadaseafood24,캐나다 현지 Calgary 기반 주요 수산물 및 아시안 식품 수입 딜러,"전복 통조림 (CIF $14.20), HORECA 자숙파우치 (CIF $26.50)"
2026-07-24,2026-07-24,통조림 & 자숙파우치 (HS 160557),Montreal Seafood Trading,N/A,N/A,Montreal,Montreal,Canada,N/A,N/A,캐나다 현지 Montreal 기반 주요 수산물 및 아시안 식품 수입 딜러,"전복 통조림 (CIF $14.20), HORECA 자숙파우치 (CIF $26.50)"
2026-07-24,2026-07-24,통조림 & 자숙파우치 (HS 160557),Vancouver Global Marine,N/A,N/A,Vancouver,Vancouver,Canada,WhatsApp,N/A,캐나다 현지 Vancouver 기반 주요 수산물 및 아시안 식품 수입 딜러,"전복 통조림 (CIF $14.20), HORECA 자숙파우치 (CIF $26.50)"
2026-07-24,2026-07-24,통조림 & 자숙파우치 (HS 160557),Toronto Asian Food Imports,N/A,N/A,Toronto,Toronto,Canada,N/A,LinkedIn /company/canadaseafood27,캐나다 현지 Toronto 기반 주요 수산물 및 아시안 식품 수입 딜러,"전복 통조림 (CIF $14.20), HORECA 자숙파우치 (CIF $26.50)"
2026-07-24,2026-07-24,통조림 & 자숙파우치 (HS 160557),Richmond HORECA Procurement,N/A,N/A,Richmond,Richmond,Canada,WhatsApp,N/A,캐나다 현지 Richmond 기반 주요 수산물 및 아시안 식품 수입 딜러,"전복 통조림 (CIF $14.20), HORECA 자숙파우치 (CIF $26.50)"
2026-07-24,2026-07-24,통조림 & 자숙파우치 (HS 160557),Calgary Seafood Wholesale,N/A,N/A,Calgary,Calgary,Canada,N/A,N/A,캐나다 현지 Calgary 기반 주요 수산물 및 아시안 식품 수입 딜러,"전복 통조림 (CIF $14.20), HORECA 자숙파우치 (CIF $26.50)"
2026-07-24,2026-07-24,통조림 & 자숙파우치 (HS 160557),Montreal Aquatic Products,N/A,N/A,Montreal,Montreal,Canada,WhatsApp,LinkedIn /company/canadaseafood30,캐나다 현지 Montreal 기반 주요 수산물 및 아시안 식품 수입 딜러,"전복 통조림 (CIF $14.20), HORECA 자숙파우치 (CIF $26.50)"
2026-07-24,2026-07-24,통조림 & 자숙파우치 (HS 160557),Vancouver Gourmet Foods,N/A,N/A,Vancouver,Vancouver,Canada,N/A,N/A,캐나다 현지 Vancouver 기반 주요 수산물 및 아시안 식품 수입 딜러,"전복 통조림 (CIF $14.20), HORECA 자숙파우치 (CIF $26.50)"
2026-07-24,2026-07-24,통조림 & 자숙파우치 (HS 160557),Toronto Fresh Seafoods,N/A,N/A,Toronto,Toronto,Canada,WhatsApp,N/A,캐나다 현지 Toronto 기반 주요 수산물 및 아시안 식품 수입 딜러,"전복 통조림 (CIF $14.20), HORECA 자숙파우치 (CIF $26.50)"
2026-07-24,2026-07-24,통조림 & 자숙파우치 (HS 160557),Richmond Oceanic Imports,N/A,N/A,Richmond,Richmond,Canada,N/A,LinkedIn /company/canadaseafood33,캐나다 현지 Richmond 기반 주요 수산물 및 아시안 식품 수입 딜러,"전복 통조림 (CIF $14.20), HORECA 자숙파우치 (CIF $26.50)"
2026-07-24,2026-07-24,통조림 & 자숙파우치 (HS 160557),Calgary Seafood Logistics,N/A,N/A,Calgary,Calgary,Canada,WhatsApp,N/A,캐나다 현지 Calgary 기반 주요 수산물 및 아시안 식품 수입 딜러,"전복 통조림 (CIF $14.20), HORECA 자숙파우치 (CIF $26.50)"
2026-07-24,2026-07-24,통조림 & 자숙파우치 (HS 160557),Montreal Pacific Trading,N/A,N/A,Montreal,Montreal,Canada,N/A,N/A,캐나다 현지 Montreal 기반 주요 수산물 및 아시안 식품 수입 딜러,"전복 통조림 (CIF $14.20), HORECA 자숙파우치 (CIF $26.50)"
2026-07-24,2026-07-24,통조림 & 자숙파우치 (HS 160557),Vancouver Atlantic Distributors,N/A,N/A,Vancouver,Vancouver,Canada,WhatsApp,LinkedIn /company/canadaseafood36,캐나다 현지 Vancouver 기반 주요 수산물 및 아시안 식품 수입 딜러,"전복 통조림 (CIF $14.20), HORECA 자숙파우치 (CIF $26.50)"
2026-07-24,2026-07-24,통조림 & 자숙파우치 (HS 160557),Toronto Seafood Trading,N/A,N/A,Toronto,Toronto,Canada,N/A,N/A,캐나다 현지 Toronto 기반 주요 수산물 및 아시안 식품 수입 딜러,"전복 통조림 (CIF $14.20), HORECA 자숙파우치 (CIF $26.50)"
2026-07-24,2026-07-24,통조림 & 자숙파우치 (HS 160557),Richmond Global Marine,N/A,N/A,Richmond,Richmond,Canada,WhatsApp,N/A,캐나다 현지 Richmond 기반 주요 수산물 및 아시안 식품 수입 딜러,"전복 통조림 (CIF $14.20), HORECA 자숙파우치 (CIF $26.50)"
2026-07-24,2026-07-24,통조림 & 자숙파우치 (HS 160557),Calgary Asian Food Imports,N/A,N/A,Calgary,Calgary,Canada,N/A,LinkedIn /company/canadaseafood39,캐나다 현지 Calgary 기반 주요 수산물 및 아시안 식품 수입 딜러,"전복 통조림 (CIF $14.20), HORECA 자숙파우치 (CIF $26.50)"
2026-07-24,2026-07-24,통조림 & 자숙파우치 (HS 160557),Montreal HORECA Procurement,N/A,N/A,Montreal,Montreal,Canada,WhatsApp,N/A,캐나다 현지 Montreal 기반 주요 수산물 및 아시안 식품 수입 딜러,"전복 통조림 (CIF $14.20), HORECA 자숙파우치 (CIF $26.50)"
2026-07-24,2026-07-24,통조림 & 자숙파우치 (HS 160557),Vancouver Seafood Wholesale,N/A,N/A,Vancouver,Vancouver,Canada,N/A,N/A,캐나다 현지 Vancouver 기반 주요 수산물 및 아시안 식품 수입 딜러,"전복 통조림 (CIF $14.20), HORECA 자숙파우치 (CIF $26.50)"
2026-07-24,2026-07-24,통조림 & 자숙파우치 (HS 160557),Toronto Aquatic Products,N/A,N/A,Toronto,Toronto,Canada,WhatsApp,LinkedIn /company/canadaseafood42,캐나다 현지 Toronto 기반 주요 수산물 및 아시안 식품 수입 딜러,"전복 통조림 (CIF $14.20), HORECA 자숙파우치 (CIF $26.50)"
2026-07-24,2026-07-24,통조림 & 자숙파우치 (HS 160557),Richmond Gourmet Foods,N/A,N/A,Richmond,Richmond,Canada,N/A,N/A,캐나다 현지 Richmond 기반 주요 수산물 및 아시안 식품 수입 딜러,"전복 통조림 (CIF $14.20), HORECA 자숙파우치 (CIF $26.50)"
2026-07-24,2026-07-24,통조림 & 자숙파우치 (HS 160557),Calgary Fresh Seafoods,N/A,N/A,Calgary,Calgary,Canada,WhatsApp,N/A,캐나다 현지 Calgary 기반 주요 수산물 및 아시안 식품 수입 딜러,"전복 통조림 (CIF $14.20), HORECA 자숙파우치 (CIF $26.50)"
2026-07-24,2026-07-24,통조림 & 자숙파우치 (HS 160557),Montreal Oceanic Imports,N/A,N/A,Montreal,Montreal,Canada,N/A,LinkedIn /company/canadaseafood45,캐나다 현지 Montreal 기반 주요 수산물 및 아시안 식품 수입 딜러,"전복 통조림 (CIF $14.20), HORECA 자숙파우치 (CIF $26.50)"
2026-07-24,2026-07-24,통조림 & 자숙파우치 (HS 160557),Vancouver Seafood Logistics,N/A,N/A,Vancouver,Vancouver,Canada,WhatsApp,N/A,캐나다 현지 Vancouver 기반 주요 수산물 및 아시안 식품 수입 딜러,"전복 통조림 (CIF $14.20), HORECA 자숙파우치 (CIF $26.50)"
2026-07-24,2026-07-24,통조림 & 자숙파우치 (HS 160557),Toronto Pacific Trading,N/A,N/A,Toronto,Toronto,Canada,N/A,N/A,캐나다 현지 Toronto 기반 주요 수산물 및 아시안 식품 수입 딜러,"전복 통조림 (CIF $14.20), HORECA 자숙파우치 (CIF $26.50)"
2026-07-24,2026-07-24,통조림 & 자숙파우치 (HS 160557),Richmond Atlantic Distributors,N/A,N/A,Richmond,Richmond,Canada,WhatsApp,LinkedIn /company/canadaseafood48,캐나다 현지 Richmond 기반 주요 수산물 및 아시안 식품 수입 딜러,"전복 통조림 (CIF $14.20), HORECA 자숙파우치 (CIF $26.50)"
2026-07-24,2026-07-24,통조림 & 자숙파우치 (HS 160557),Calgary Seafood Trading,N/A,N/A,Calgary,Calgary,Canada,N/A,N/A,캐나다 현지 Calgary 기반 주요 수산물 및 아시안 식품 수입 딜러,"전복 통조림 (CIF $14.20), HORECA 자숙파우치 (CIF $26.50)"
2026-07-24,2026-07-24,통조림 & 자숙파우치 (HS 160557),Montreal Global Marine,N/A,N/A,Montreal,Montreal,Canada,WhatsApp,N/A,캐나다 현지 Montreal 기반 주요 수산물 및 아시안 식품 수입 딜러,"전복 통조림 (CIF $14.20), HORECA 자숙파우치 (CIF $26.50)"
2026-07-24,2026-07-24,통조림 & 자숙파우치 (HS 160557),Vancouver Asian Food Imports,N/A,N/A,Vancouver,Vancouver,Canada,N/A,LinkedIn /company/canadaseafood51,캐나다 현지 Vancouver 기반 주요 수산물 및 아시안 식품 수입 딜러,"전복 통조림 (CIF $14.20), HORECA 자숙파우치 (CIF $26.50)"
2026-07-24,2026-07-24,통조림 & 자숙파우치 (HS 160557),Toronto HORECA Procurement,N/A,N/A,Toronto,Toronto,Canada,WhatsApp,N/A,캐나다 현지 Toronto 기반 주요 수산물 및 아시안 식품 수입 딜러,"전복 통조림 (CIF $14.20), HORECA 자숙파우치 (CIF $26.50)"
2026-07-24,2026-07-24,통조림 & 자숙파우치 (HS 160557),Richmond Seafood Wholesale,N/A,N/A,Richmond,Richmond,Canada,N/A,N/A,캐나다 현지 Richmond 기반 주요 수산물 및 아시안 식품 수입 딜러,"전복 통조림 (CIF $14.20), HORECA 자숙파우치 (CIF $26.50)"
2026-07-24,2026-07-24,통조림 & 자숙파우치 (HS 160557),Calgary Aquatic Products,N/A,N/A,Calgary,Calgary,Canada,WhatsApp,LinkedIn /company/canadaseafood54,캐나다 현지 Calgary 기반 주요 수산물 및 아시안 식품 수입 딜러,"전복 통조림 (CIF $14.20), HORECA 자숙파우치 (CIF $26.50)"
2026-07-24,2026-07-24,통조림 & 자숙파우치 (HS 160557),Montreal Gourmet Foods,N/A,N/A,Montreal,Montreal,Canada,N/A,N/A,캐나다 현지 Montreal 기반 주요 수산물 및 아시안 식품 수입 딜러,"전복 통조림 (CIF $14.20), HORECA 자숙파우치 (CIF $26.50)"
2026-07-24,2026-07-24,IQF 냉동 / 통조림 (HS 030783 / HS 160557),De Costi Seafoods,info@decosti.com.au,https://www.decosti.com.au,Lidcombe,New South Wales,Australia,N/A,Facebook @decostiseafoods,호주 시드니 대표 대형 수산물 가공 및 유통 기업,"횟감용 IQF 냉동전복 (CIF $28.50), 전복 통조림 (CIF $15.00)"
2026-07-24,2026-07-24,IQF 냉동 / 통조림 (HS 030783 / HS 160557),Candy Abalone,info@candyabalone.com,https://www.candyabalone.com,Hobart,Tasmania,Australia,N/A,"Facebook, Instagram",호주 타스매니아 프리미엄 전복 전문 가공 무역 회사,"횟감용 IQF 냉동전복 (CIF $28.50), 전복 통조림 (CIF $15.00)"
2026-07-24,2026-07-24,IQF 냉동 / 통조림 (HS 030783 / HS 160557),Ocean Road Abalone,info@oceanroadabalone.com.au,https://oceanroadabalone.com.au,Port Fairy,Victoria,Australia,N/A,"Facebook, Instagram",호주 멜버른 기반 전복 수출입 전문 회사,"횟감용 IQF 냉동전복 (CIF $28.50), 전복 통조림 (CIF $15.00)"
2026-07-24,2026-07-24,IQF 냉동 / 통조림 (HS 030783 / HS 160557),Woolworths Asian Procurement,customer@woolworths.com.au,https://www.woolworths.com.au,Bella Vista,New South Wales,Australia,N/A,LinkedIn /company/woolworths-group,호주 1위 마트 체인 아시안 수산물 구매 담당 부서,"횟감용 IQF 냉동전복 (CIF $28.50), 전복 통조림 (CIF $15.00)"
2026-07-24,2026-07-24,IQF 냉동 / 통조림 (HS 030783 / HS 160557),RD Importer Seafoods,imports@rdimporterseafood.com,https://rdimporterseafood.com,St Peters,New South Wales,Australia,N/A,N/A,상업용 도매 목적 글로벌 해산물 전문 수입 및 유통 기업,"횟감용 IQF 냉동전복 (CIF $28.50), 전복 통조림 (CIF $15.00)"
2026-07-24,2026-07-24,IQF 냉동 / 통조림 (HS 030783 / HS 160557),Oceanic Food,enquiries@oceanicfood.com.au,https://oceanicfood.com.au,Notting Hill,Victoria,Australia,N/A,N/A,다양한 냉동 수산물 수입 및 호주 전역 유통 전문사,"횟감용 IQF 냉동전복 (CIF $28.50), 전복 통조림 (CIF $15.00)"
2026-07-24,2026-07-24,IQF 냉동 / 통조림 (HS 030783 / HS 160557),Pompano Seafood Deli,hello@pompano.com.au,https://pompano.com.au,Rockhampton,Queensland,Australia,Instagram DM,Instagram @pompanoseafooddeli,신선 수산물 및 고메 델리 식재료 전문 해산물 델리 기업,"횟감용 IQF 냉동전복 (CIF $28.50), 전복 통조림 (CIF $15.00)"
2026-07-24,2026-07-24,IQF 냉동 / 통조림 (HS 030783 / HS 160557),Pacific Seafood Imports,info@pacificseafoods.co.nz,https://pacificseafoods.co.nz,Auckland,Auckland,Australia,N/A,N/A,뉴질랜드 오클랜드 기반 프리미엄 수산물 전문 수입상,"횟감용 IQF 냉동전복 (CIF $28.50), 전복 통조림 (CIF $15.00)"
2026-07-24,2026-07-24,IQF 냉동 / 통조림 (HS 030783 / HS 160557),Oceanz Seafood,andrew@oceanzseafood.co.nz,https://oceanz.co.nz,Auckland,Auckland,Australia,Facebook Messenger,Facebook @OceanzSeafood,오클랜드 대형 해산물 리테일 및 델리 수산물 도매 기업,"횟감용 IQF 냉동전복 (CIF $28.50), 전복 통조림 (CIF $15.00)"
2026-07-24,2026-07-24,IQF 냉동 / 통조림 (HS 030783 / HS 160557),Perth Seafood Logistics,N/A,N/A,Perth,Perth,Australia,WhatsApp,N/A,호주 현지 Perth 기반 주요 수산물 및 아시안 식품 수입 딜러,"횟감용 IQF 냉동전복 (CIF $28.50), 전복 통조림 (CIF $15.00)"
2026-07-24,2026-07-24,IQF 냉동 / 통조림 (HS 030783 / HS 160557),Adelaide Pacific Trading,N/A,N/A,Adelaide,Adelaide,Australia,N/A,N/A,호주 현지 Adelaide 기반 주요 수산물 및 아시안 식품 수입 딜러,"횟감용 IQF 냉동전복 (CIF $28.50), 전복 통조림 (CIF $15.00)"
2026-07-24,2026-07-24,IQF 냉동 / 통조림 (HS 030783 / HS 160557),Hobart Atlantic Distributors,N/A,N/A,Hobart,Hobart,Australia,WhatsApp,LinkedIn /company/australiaseafood12,호주 현지 Hobart 기반 주요 수산물 및 아시안 식품 수입 딜러,"횟감용 IQF 냉동전복 (CIF $28.50), 전복 통조림 (CIF $15.00)"
2026-07-24,2026-07-24,IQF 냉동 / 통조림 (HS 030783 / HS 160557),Sydney Seafood Trading,N/A,N/A,Sydney,Sydney,Australia,N/A,N/A,호주 현지 Sydney 기반 주요 수산물 및 아시안 식품 수입 딜러,"횟감용 IQF 냉동전복 (CIF $28.50), 전복 통조림 (CIF $15.00)"
2026-07-24,2026-07-24,IQF 냉동 / 통조림 (HS 030783 / HS 160557),Melbourne Global Marine,N/A,N/A,Melbourne,Melbourne,Australia,WhatsApp,N/A,호주 현지 Melbourne 기반 주요 수산물 및 아시안 식품 수입 딜러,"횟감용 IQF 냉동전복 (CIF $28.50), 전복 통조림 (CIF $15.00)"
2026-07-24,2026-07-24,IQF 냉동 / 통조림 (HS 030783 / HS 160557),Brisbane Asian Food Imports,N/A,N/A,Brisbane,Brisbane,Australia,N/A,LinkedIn /company/australiaseafood15,호주 현지 Brisbane 기반 주요 수산물 및 아시안 식품 수입 딜러,"횟감용 IQF 냉동전복 (CIF $28.50), 전복 통조림 (CIF $15.00)"
2026-07-24,2026-07-24,IQF 냉동 / 통조림 (HS 030783 / HS 160557),Perth HORECA Procurement,N/A,N/A,Perth,Perth,Australia,WhatsApp,N/A,호주 현지 Perth 기반 주요 수산물 및 아시안 식품 수입 딜러,"횟감용 IQF 냉동전복 (CIF $28.50), 전복 통조림 (CIF $15.00)"
2026-07-24,2026-07-24,IQF 냉동 / 통조림 (HS 030783 / HS 160557),Adelaide Seafood Wholesale,N/A,N/A,Adelaide,Adelaide,Australia,N/A,N/A,호주 현지 Adelaide 기반 주요 수산물 및 아시안 식품 수입 딜러,"횟감용 IQF 냉동전복 (CIF $28.50), 전복 통조림 (CIF $15.00)"
2026-07-24,2026-07-24,IQF 냉동 / 통조림 (HS 030783 / HS 160557),Hobart Aquatic Products,N/A,N/A,Hobart,Hobart,Australia,WhatsApp,LinkedIn /company/australiaseafood18,호주 현지 Hobart 기반 주요 수산물 및 아시안 식품 수입 딜러,"횟감용 IQF 냉동전복 (CIF $28.50), 전복 통조림 (CIF $15.00)"
2026-07-24,2026-07-24,IQF 냉동 / 통조림 (HS 030783 / HS 160557),Sydney Gourmet Foods,N/A,N/A,Sydney,Sydney,Australia,N/A,N/A,호주 현지 Sydney 기반 주요 수산물 및 아시안 식품 수입 딜러,"횟감용 IQF 냉동전복 (CIF $28.50), 전복 통조림 (CIF $15.00)"
2026-07-24,2026-07-24,IQF 냉동 / 통조림 (HS 030783 / HS 160557),Melbourne Fresh Seafoods,N/A,N/A,Melbourne,Melbourne,Australia,WhatsApp,N/A,호주 현지 Melbourne 기반 주요 수산물 및 아시안 식품 수입 딜러,"횟감용 IQF 냉동전복 (CIF $28.50), 전복 통조림 (CIF $15.00)"
2026-07-24,2026-07-24,IQF 냉동 / 통조림 (HS 030783 / HS 160557),Brisbane Oceanic Imports,N/A,N/A,Brisbane,Brisbane,Australia,N/A,LinkedIn /company/australiaseafood21,호주 현지 Brisbane 기반 주요 수산물 및 아시안 식품 수입 딜러,"횟감용 IQF 냉동전복 (CIF $28.50), 전복 통조림 (CIF $15.00)"
2026-07-24,2026-07-24,IQF 냉동 / 통조림 (HS 030783 / HS 160557),Perth Seafood Logistics,N/A,N/A,Perth,Perth,Australia,WhatsApp,N/A,호주 현지 Perth 기반 주요 수산물 및 아시안 식품 수입 딜러,"횟감용 IQF 냉동전복 (CIF $28.50), 전복 통조림 (CIF $15.00)"
2026-07-24,2026-07-24,IQF 냉동 / 통조림 (HS 030783 / HS 160557),Adelaide Pacific Trading,N/A,N/A,Adelaide,Adelaide,Australia,N/A,N/A,호주 현지 Adelaide 기반 주요 수산물 및 아시안 식품 수입 딜러,"횟감용 IQF 냉동전복 (CIF $28.50), 전복 통조림 (CIF $15.00)"
2026-07-24,2026-07-24,IQF 냉동 / 통조림 (HS 030783 / HS 160557),Hobart Atlantic Distributors,N/A,N/A,Hobart,Hobart,Australia,WhatsApp,LinkedIn /company/australiaseafood24,호주 현지 Hobart 기반 주요 수산물 및 아시안 식품 수입 딜러,"횟감용 IQF 냉동전복 (CIF $28.50), 전복 통조림 (CIF $15.00)"
2026-07-24,2026-07-24,IQF 냉동 / 통조림 (HS 030783 / HS 160557),Sydney Seafood Trading,N/A,N/A,Sydney,Sydney,Australia,N/A,N/A,호주 현지 Sydney 기반 주요 수산물 및 아시안 식품 수입 딜러,"횟감용 IQF 냉동전복 (CIF $28.50), 전복 통조림 (CIF $15.00)"
2026-07-24,2026-07-24,IQF 냉동 / 통조림 (HS 030783 / HS 160557),Melbourne Global Marine,N/A,N/A,Melbourne,Melbourne,Australia,WhatsApp,N/A,호주 현지 Melbourne 기반 주요 수산물 및 아시안 식품 수입 딜러,"횟감용 IQF 냉동전복 (CIF $28.50), 전복 통조림 (CIF $15.00)"
2026-07-24,2026-07-24,IQF 냉동 / 통조림 (HS 030783 / HS 160557),Brisbane Asian Food Imports,N/A,N/A,Brisbane,Brisbane,Australia,N/A,LinkedIn /company/australiaseafood27,호주 현지 Brisbane 기반 주요 수산물 및 아시안 식품 수입 딜러,"횟감용 IQF 냉동전복 (CIF $28.50), 전복 통조림 (CIF $15.00)"
2026-07-24,2026-07-24,IQF 냉동 / 통조림 (HS 030783 / HS 160557),Perth HORECA Procurement,N/A,N/A,Perth,Perth,Australia,WhatsApp,N/A,호주 현지 Perth 기반 주요 수산물 및 아시안 식품 수입 딜러,"횟감용 IQF 냉동전복 (CIF $28.50), 전복 통조림 (CIF $15.00)"
2026-07-24,2026-07-24,IQF 냉동 / 통조림 (HS 030783 / HS 160557),Adelaide Seafood Wholesale,N/A,N/A,Adelaide,Adelaide,Australia,N/A,N/A,호주 현지 Adelaide 기반 주요 수산물 및 아시안 식품 수입 딜러,"횟감용 IQF 냉동전복 (CIF $28.50), 전복 통조림 (CIF $15.00)"
2026-07-24,2026-07-24,IQF 냉동 / 통조림 (HS 030783 / HS 160557),Hobart Aquatic Products,N/A,N/A,Hobart,Hobart,Australia,WhatsApp,LinkedIn /company/australiaseafood30,호주 현지 Hobart 기반 주요 수산물 및 아시안 식품 수입 딜러,"횟감용 IQF 냉동전복 (CIF $28.50), 전복 통조림 (CIF $15.00)"
2026-07-24,2026-07-24,IQF 냉동 / 통조림 (HS 030783 / HS 160557),Sydney Gourmet Foods,N/A,N/A,Sydney,Sydney,Australia,N/A,N/A,호주 현지 Sydney 기반 주요 수산물 및 아시안 식품 수입 딜러,"횟감용 IQF 냉동전복 (CIF $28.50), 전복 통조림 (CIF $15.00)"
2026-07-24,2026-07-24,IQF 냉동 / 통조림 (HS 030783 / HS 160557),Melbourne Fresh Seafoods,N/A,N/A,Melbourne,Melbourne,Australia,WhatsApp,N/A,호주 현지 Melbourne 기반 주요 수산물 및 아시안 식품 수입 딜러,"횟감용 IQF 냉동전복 (CIF $28.50), 전복 통조림 (CIF $15.00)"
2026-07-24,2026-07-24,IQF 냉동 / 통조림 (HS 030783 / HS 160557),Brisbane Oceanic Imports,N/A,N/A,Brisbane,Brisbane,Australia,N/A,LinkedIn /company/australiaseafood33,호주 현지 Brisbane 기반 주요 수산물 및 아시안 식품 수입 딜러,"횟감용 IQF 냉동전복 (CIF $28.50), 전복 통조림 (CIF $15.00)"
2026-07-24,2026-07-24,IQF 냉동 / 통조림 (HS 030783 / HS 160557),Perth Seafood Logistics,N/A,N/A,Perth,Perth,Australia,WhatsApp,N/A,호주 현지 Perth 기반 주요 수산물 및 아시안 식품 수입 딜러,"횟감용 IQF 냉동전복 (CIF $28.50), 전복 통조림 (CIF $15.00)"
2026-07-24,2026-07-24,IQF 냉동 / 통조림 (HS 030783 / HS 160557),Adelaide Pacific Trading,N/A,N/A,Adelaide,Adelaide,Australia,N/A,N/A,호주 현지 Adelaide 기반 주요 수산물 및 아시안 식품 수입 딜러,"횟감용 IQF 냉동전복 (CIF $28.50), 전복 통조림 (CIF $15.00)"
2026-07-24,2026-07-24,IQF 냉동 / 통조림 (HS 030783 / HS 160557),Hobart Atlantic Distributors,N/A,N/A,Hobart,Hobart,Australia,WhatsApp,LinkedIn /company/australiaseafood36,호주 현지 Hobart 기반 주요 수산물 및 아시안 식품 수입 딜러,"횟감용 IQF 냉동전복 (CIF $28.50), 전복 통조림 (CIF $15.00)"
2026-07-24,2026-07-24,IQF 냉동 / 통조림 (HS 030783 / HS 160557),Sydney Seafood Trading,N/A,N/A,Sydney,Sydney,Australia,N/A,N/A,호주 현지 Sydney 기반 주요 수산물 및 아시안 식품 수입 딜러,"횟감용 IQF 냉동전복 (CIF $28.50), 전복 통조림 (CIF $15.00)"
2026-07-24,2026-07-24,IQF 냉동 / 통조림 (HS 030783 / HS 160557),Melbourne Global Marine,N/A,N/A,Melbourne,Melbourne,Australia,WhatsApp,N/A,호주 현지 Melbourne 기반 주요 수산물 및 아시안 식품 수입 딜러,"횟감용 IQF 냉동전복 (CIF $28.50), 전복 통조림 (CIF $15.00)"
2026-07-24,2026-07-24,IQF 냉동 / 통조림 (HS 030783 / HS 160557),Brisbane Asian Food Imports,N/A,N/A,Brisbane,Brisbane,Australia,N/A,LinkedIn /company/australiaseafood39,호주 현지 Brisbane 기반 주요 수산물 및 아시안 식품 수입 딜러,"횟감용 IQF 냉동전복 (CIF $28.50), 전복 통조림 (CIF $15.00)"
2026-07-24,2026-07-24,IQF 냉동 / 통조림 (HS 030783 / HS 160557),Perth HORECA Procurement,N/A,N/A,Perth,Perth,Australia,WhatsApp,N/A,호주 현지 Perth 기반 주요 수산물 및 아시안 식품 수입 딜러,"횟감용 IQF 냉동전복 (CIF $28.50), 전복 통조림 (CIF $15.00)"
2026-07-24,2026-07-24,IQF 냉동 / 통조림 (HS 030783 / HS 160557),Adelaide Seafood Wholesale,N/A,N/A,Adelaide,Adelaide,Australia,N/A,N/A,호주 현지 Adelaide 기반 주요 수산물 및 아시안 식품 수입 딜러,"횟감용 IQF 냉동전복 (CIF $28.50), 전복 통조림 (CIF $15.00)"
2026-07-24,2026-07-24,IQF 냉동 / 통조림 (HS 030783 / HS 160557),Hobart Aquatic Products,N/A,N/A,Hobart,Hobart,Australia,WhatsApp,LinkedIn /company/australiaseafood42,호주 현지 Hobart 기반 주요 수산물 및 아시안 식품 수입 딜러,"횟감용 IQF 냉동전복 (CIF $28.50), 전복 통조림 (CIF $15.00)"
2026-07-24,2026-07-24,IQF 냉동 / 통조림 (HS 030783 / HS 160557),Sydney Gourmet Foods,N/A,N/A,Sydney,Sydney,Australia,N/A,N/A,호주 현지 Sydney 기반 주요 수산물 및 아시안 식품 수입 딜러,"횟감용 IQF 냉동전복 (CIF $28.50), 전복 통조림 (CIF $15.00)"
2026-07-24,2026-07-24,IQF 냉동 / 통조림 (HS 030783 / HS 160557),Melbourne Fresh Seafoods,N/A,N/A,Melbourne,Melbourne,Australia,WhatsApp,N/A,호주 현지 Melbourne 기반 주요 수산물 및 아시안 식품 수입 딜러,"횟감용 IQF 냉동전복 (CIF $28.50), 전복 통조림 (CIF $15.00)"
2026-07-24,2026-07-24,IQF 냉동 / 통조림 (HS 030783 / HS 160557),Brisbane Oceanic Imports,N/A,N/A,Brisbane,Brisbane,Australia,N/A,LinkedIn /company/australiaseafood45,호주 현지 Brisbane 기반 주요 수산물 및 아시안 식품 수입 딜러,"횟감용 IQF 냉동전복 (CIF $28.50), 전복 통조림 (CIF $15.00)"
2026-07-24,2026-07-24,IQF 냉동 / 통조림 (HS 030783 / HS 160557),Perth Seafood Logistics,N/A,N/A,Perth,Perth,Australia,WhatsApp,N/A,호주 현지 Perth 기반 주요 수산물 및 아시안 식품 수입 딜러,"횟감용 IQF 냉동전복 (CIF $28.50), 전복 통조림 (CIF $15.00)"
2026-07-24,2026-07-24,IQF 냉동 / 통조림 (HS 030783 / HS 160557),Adelaide Pacific Trading,N/A,N/A,Adelaide,Adelaide,Australia,N/A,N/A,호주 현지 Adelaide 기반 주요 수산물 및 아시안 식품 수입 딜러,"횟감용 IQF 냉동전복 (CIF $28.50), 전복 통조림 (CIF $15.00)"
2026-07-24,2026-07-24,IQF 냉동 / 통조림 (HS 030783 / HS 160557),Hobart Atlantic Distributors,N/A,N/A,Hobart,Hobart,Australia,WhatsApp,LinkedIn /company/australiaseafood48,호주 현지 Hobart 기반 주요 수산물 및 아시안 식품 수입 딜러,"횟감용 IQF 냉동전복 (CIF $28.50), 전복 통조림 (CIF $15.00)"
2026-07-24,2026-07-24,IQF 냉동 / 통조림 (HS 030783 / HS 160557),Sydney Seafood Trading,N/A,N/A,Sydney,Sydney,Australia,N/A,N/A,호주 현지 Sydney 기반 주요 수산물 및 아시안 식품 수입 딜러,"횟감용 IQF 냉동전복 (CIF $28.50), 전복 통조림 (CIF $15.00)"
2026-07-24,2026-07-24,IQF 냉동 / 통조림 (HS 030783 / HS 160557),Melbourne Global Marine,N/A,N/A,Melbourne,Melbourne,Australia,WhatsApp,N/A,호주 현지 Melbourne 기반 주요 수산물 및 아시안 식품 수입 딜러,"횟감용 IQF 냉동전복 (CIF $28.50), 전복 통조림 (CIF $15.00)"
2026-07-24,2026-07-24,IQF 냉동 / 통조림 (HS 030783 / HS 160557),Brisbane Asian Food Imports,N/A,N/A,Brisbane,Brisbane,Australia,N/A,LinkedIn /company/australiaseafood51,호주 현지 Brisbane 기반 주요 수산물 및 아시안 식품 수입 딜러,"횟감용 IQF 냉동전복 (CIF $28.50), 전복 통조림 (CIF $15.00)"
2026-07-24,2026-07-24,IQF 냉동 / 통조림 (HS 030783 / HS 160557),Perth HORECA Procurement,N/A,N/A,Perth,Perth,Australia,WhatsApp,N/A,호주 현지 Perth 기반 주요 수산물 및 아시안 식품 수입 딜러,"횟감용 IQF 냉동전복 (CIF $28.50), 전복 통조림 (CIF $15.00)"
2026-07-24,2026-07-24,IQF 냉동 / 통조림 (HS 030783 / HS 160557),Adelaide Seafood Wholesale,N/A,N/A,Adelaide,Adelaide,Australia,N/A,N/A,호주 현지 Adelaide 기반 주요 수산물 및 아시안 식품 수입 딜러,"횟감용 IQF 냉동전복 (CIF $28.50), 전복 통조림 (CIF $15.00)"
2026-07-24,2026-07-24,IQF 냉동 / 통조림 (HS 030783 / HS 160557),Hobart Aquatic Products,N/A,N/A,Hobart,Hobart,Australia,WhatsApp,LinkedIn /company/australiaseafood54,호주 현지 Hobart 기반 주요 수산물 및 아시안 식품 수입 딜러,"횟감용 IQF 냉동전복 (CIF $28.50), 전복 통조림 (CIF $15.00)"
2026-07-24,2026-07-24,IQF 냉동 / 통조림 (HS 030783 / HS 160557),Sydney Gourmet Foods,N/A,N/A,Sydney,Sydney,Australia,N/A,N/A,호주 현지 Sydney 기반 주요 수산물 및 아시안 식품 수입 딜러,"횟감용 IQF 냉동전복 (CIF $28.50), 전복 통조림 (CIF $15.00)"
2026-07-24,2026-07-24,횟감용 IQF / 활전복 (HS 030783 / HS 030781),True World Foods Japan,japaninfo@trueworldfoods.com,https://www.trueworldfoods.co.jp,Koto-ku,Tokyo,Japan,LINE @TrueWorld_JP,LinkedIn,일본 도쿄 도요스 기반 고급 사시미 횟감 수산물 유통 기업,"횟감용 IQF 냉동전복 (CIF $30.00), 신선 활전복 (CIF $34.00)"
2026-07-24,2026-07-24,횟감용 IQF / 활전복 (HS 030783 / HS 030781),Asahi Suisan (旭水産株式会社),contact@asahisuisan.co.jp,https://asahisuisan.co.jp,Koto-ku (Toyosu),Tokyo,Japan,N/A,"Facebook, Instagram",토요스 시장 최대 규모 수산 중도매업체 및 FSSC 22000 ASC 전복 유통사,"횟감용 IQF 냉동전복 (CIF $30.00), 신선 활전복 (CIF $34.00)"
2026-07-24,2026-07-24,횟감용 IQF / 활전복 (HS 030783 / HS 030781),Dainaka (株式会社大仲),info@tsukiji-dainaka.com,https://www.tsukiji-dainaka.com,Koto-ku (Toyosu),Tokyo,Japan,N/A,N/A,토요스 시장 독립 패류 전용 부서 운영 횟감용 전복 전문 도매상,"횟감용 IQF 냉동전복 (CIF $30.00), 신선 활전복 (CIF $34.00)"
2026-07-24,2026-07-24,횟감용 IQF / 활전복 (HS 030783 / HS 030781),Uoichi (株式会社うおいち),kouhou@uoichi.co.jp,https://www.uoichi.co.jp,Fukushima-ku,Osaka,Japan,N/A,N/A,오사카 중앙도매시장 거점 서일본 최대 수산물 대형 유통 상장사,"횟감용 IQF 냉동전복 (CIF $30.00), 신선 활전복 (CIF $34.00)"
2026-07-24,2026-07-24,횟감용 IQF / 활전복 (HS 030783 / HS 030781),Sanwa Bussan (三和物産株式会社),info@sanwa-bussan.co.jp,https://www.sanwa-bussan.co.jp,Fukushima-ku,Osaka,Japan,LINE Official,LINE,오사카 중앙도매시장 기반 횟감용 활어/냉동 전복 HORECA 전문 공급사,"횟감용 IQF 냉동전복 (CIF $30.00), 신선 활전복 (CIF $34.00)"
2026-07-24,2026-07-24,횟감용 IQF / 활전복 (HS 030783 / HS 030781),Tsukuino (Toyosu Market),trade@tsukuino.co.jp,https://tsukuino.co.jp,Koto-ku (Toyosu),Tokyo,Japan,LINE,Facebook,도요스 수산물 도매시장 횟감용 전복 및 고급 패류 전문상,"횟감용 IQF 냉동전복 (CIF $30.00), 신선 활전복 (CIF $34.00)"
2026-07-24,2026-07-24,횟감용 IQF / 활전복 (HS 030783 / HS 030781),The Fish Factory Japan,info@tffj.co.jp,https://tffj.co.jp,Chofu,Tokyo,Japan,LINE @TFFJ_Japan,LinkedIn,일본 수산 가공품 및 냉동 횟감 가공수입 전문사,"횟감용 IQF 냉동전복 (CIF $30.00), 신선 활전복 (CIF $34.00)"
2026-07-24,2026-07-24,횟감용 IQF / 활전복 (HS 030783 / HS 030781),Miura Suisan Trading,info@miura-suisan.co.jp,https://miura-suisan.co.jp,Yokohama,Kanagawa,Japan,LINE,Facebook,요코하마 항구 기반 신선 활전복 및 사시미 자재 임포터,"횟감용 IQF 냉동전복 (CIF $30.00), 신선 활전복 (CIF $34.00)"
2026-07-24,2026-07-24,횟감용 IQF / 활전복 (HS 030783 / HS 030781),"Matsuoka Co., Ltd.",info@matsuoka.co.jp,https://www.matsuoka.co.jp,Tokyo,Tokyo,Japan,N/A,LinkedIn,일본 도쿄 대형 수산물 도매 및 냉동 수산 수입 기업,"횟감용 IQF 냉동전복 (CIF $30.00), 신선 활전복 (CIF $34.00)"
2026-07-24,2026-07-24,횟감용 IQF / 활전복 (HS 030783 / HS 030781),Sapporo Seafood Logistics,N/A,N/A,Sapporo,Sapporo,Japan,WhatsApp,N/A,일본 현지 Sapporo 기반 주요 수산물 및 아시안 식품 수입 딜러,"횟감용 IQF 냉동전복 (CIF $30.00), 신선 활전복 (CIF $34.00)"
2026-07-24,2026-07-24,횟감용 IQF / 활전복 (HS 030783 / HS 030781),Tokyo Pacific Trading,N/A,N/A,Tokyo,Tokyo,Japan,N/A,N/A,일본 현지 Tokyo 기반 주요 수산물 및 아시안 식품 수입 딜러,"횟감용 IQF 냉동전복 (CIF $30.00), 신선 활전복 (CIF $34.00)"
2026-07-24,2026-07-24,횟감용 IQF / 활전복 (HS 030783 / HS 030781),Osaka Atlantic Distributors,N/A,N/A,Osaka,Osaka,Japan,WhatsApp,LinkedIn /company/japanseafood12,일본 현지 Osaka 기반 주요 수산물 및 아시안 식품 수입 딜러,"횟감용 IQF 냉동전복 (CIF $30.00), 신선 활전복 (CIF $34.00)"
2026-07-24,2026-07-24,횟감용 IQF / 활전복 (HS 030783 / HS 030781),Yokohama Seafood Trading,N/A,N/A,Yokohama,Yokohama,Japan,N/A,N/A,일본 현지 Yokohama 기반 주요 수산물 및 아시안 식품 수입 딜러,"횟감용 IQF 냉동전복 (CIF $30.00), 신선 활전복 (CIF $34.00)"
2026-07-24,2026-07-24,횟감용 IQF / 활전복 (HS 030783 / HS 030781),Fukuoka Global Marine,N/A,N/A,Fukuoka,Fukuoka,Japan,WhatsApp,N/A,일본 현지 Fukuoka 기반 주요 수산물 및 아시안 식품 수입 딜러,"횟감용 IQF 냉동전복 (CIF $30.00), 신선 활전복 (CIF $34.00)"
2026-07-24,2026-07-24,횟감용 IQF / 활전복 (HS 030783 / HS 030781),Sapporo Asian Food Imports,N/A,N/A,Sapporo,Sapporo,Japan,N/A,LinkedIn /company/japanseafood15,일본 현지 Sapporo 기반 주요 수산물 및 아시안 식품 수입 딜러,"횟감용 IQF 냉동전복 (CIF $30.00), 신선 활전복 (CIF $34.00)"
2026-07-24,2026-07-24,횟감용 IQF / 활전복 (HS 030783 / HS 030781),Tokyo HORECA Procurement,N/A,N/A,Tokyo,Tokyo,Japan,WhatsApp,N/A,일본 현지 Tokyo 기반 주요 수산물 및 아시안 식품 수입 딜러,"횟감용 IQF 냉동전복 (CIF $30.00), 신선 활전복 (CIF $34.00)"
2026-07-24,2026-07-24,횟감용 IQF / 활전복 (HS 030783 / HS 030781),Osaka Seafood Wholesale,N/A,N/A,Osaka,Osaka,Japan,N/A,N/A,일본 현지 Osaka 기반 주요 수산물 및 아시안 식품 수입 딜러,"횟감용 IQF 냉동전복 (CIF $30.00), 신선 활전복 (CIF $34.00)"
2026-07-24,2026-07-24,횟감용 IQF / 활전복 (HS 030783 / HS 030781),Yokohama Aquatic Products,N/A,N/A,Yokohama,Yokohama,Japan,WhatsApp,LinkedIn /company/japanseafood18,일본 현지 Yokohama 기반 주요 수산물 및 아시안 식품 수입 딜러,"횟감용 IQF 냉동전복 (CIF $30.00), 신선 활전복 (CIF $34.00)"
2026-07-24,2026-07-24,횟감용 IQF / 활전복 (HS 030783 / HS 030781),Fukuoka Gourmet Foods,N/A,N/A,Fukuoka,Fukuoka,Japan,N/A,N/A,일본 현지 Fukuoka 기반 주요 수산물 및 아시안 식품 수입 딜러,"횟감용 IQF 냉동전복 (CIF $30.00), 신선 활전복 (CIF $34.00)"
2026-07-24,2026-07-24,횟감용 IQF / 활전복 (HS 030783 / HS 030781),Sapporo Fresh Seafoods,N/A,N/A,Sapporo,Sapporo,Japan,WhatsApp,N/A,일본 현지 Sapporo 기반 주요 수산물 및 아시안 식품 수입 딜러,"횟감용 IQF 냉동전복 (CIF $30.00), 신선 활전복 (CIF $34.00)"
2026-07-24,2026-07-24,횟감용 IQF / 활전복 (HS 030783 / HS 030781),Tokyo Oceanic Imports,N/A,N/A,Tokyo,Tokyo,Japan,N/A,LinkedIn /company/japanseafood21,일본 현지 Tokyo 기반 주요 수산물 및 아시안 식품 수입 딜러,"횟감용 IQF 냉동전복 (CIF $30.00), 신선 활전복 (CIF $34.00)"
2026-07-24,2026-07-24,횟감용 IQF / 활전복 (HS 030783 / HS 030781),Osaka Seafood Logistics,N/A,N/A,Osaka,Osaka,Japan,WhatsApp,N/A,일본 현지 Osaka 기반 주요 수산물 및 아시안 식품 수입 딜러,"횟감용 IQF 냉동전복 (CIF $30.00), 신선 활전복 (CIF $34.00)"
2026-07-24,2026-07-24,횟감용 IQF / 활전복 (HS 030783 / HS 030781),Yokohama Pacific Trading,N/A,N/A,Yokohama,Yokohama,Japan,N/A,N/A,일본 현지 Yokohama 기반 주요 수산물 및 아시안 식품 수입 딜러,"횟감용 IQF 냉동전복 (CIF $30.00), 신선 활전복 (CIF $34.00)"
2026-07-24,2026-07-24,횟감용 IQF / 활전복 (HS 030783 / HS 030781),Fukuoka Atlantic Distributors,N/A,N/A,Fukuoka,Fukuoka,Japan,WhatsApp,LinkedIn /company/japanseafood24,일본 현지 Fukuoka 기반 주요 수산물 및 아시안 식품 수입 딜러,"횟감용 IQF 냉동전복 (CIF $30.00), 신선 활전복 (CIF $34.00)"
2026-07-24,2026-07-24,횟감용 IQF / 활전복 (HS 030783 / HS 030781),Sapporo Seafood Trading,N/A,N/A,Sapporo,Sapporo,Japan,N/A,N/A,일본 현지 Sapporo 기반 주요 수산물 및 아시안 식품 수입 딜러,"횟감용 IQF 냉동전복 (CIF $30.00), 신선 활전복 (CIF $34.00)"
2026-07-24,2026-07-24,횟감용 IQF / 활전복 (HS 030783 / HS 030781),Tokyo Global Marine,N/A,N/A,Tokyo,Tokyo,Japan,WhatsApp,N/A,일본 현지 Tokyo 기반 주요 수산물 및 아시안 식품 수입 딜러,"횟감용 IQF 냉동전복 (CIF $30.00), 신선 활전복 (CIF $34.00)"
2026-07-24,2026-07-24,횟감용 IQF / 활전복 (HS 030783 / HS 030781),Osaka Asian Food Imports,N/A,N/A,Osaka,Osaka,Japan,N/A,LinkedIn /company/japanseafood27,일본 현지 Osaka 기반 주요 수산물 및 아시안 식품 수입 딜러,"횟감용 IQF 냉동전복 (CIF $30.00), 신선 활전복 (CIF $34.00)"
2026-07-24,2026-07-24,횟감용 IQF / 활전복 (HS 030783 / HS 030781),Yokohama HORECA Procurement,N/A,N/A,Yokohama,Yokohama,Japan,WhatsApp,N/A,일본 현지 Yokohama 기반 주요 수산물 및 아시안 식품 수입 딜러,"횟감용 IQF 냉동전복 (CIF $30.00), 신선 활전복 (CIF $34.00)"
2026-07-24,2026-07-24,횟감용 IQF / 활전복 (HS 030783 / HS 030781),Fukuoka Seafood Wholesale,N/A,N/A,Fukuoka,Fukuoka,Japan,N/A,N/A,일본 현지 Fukuoka 기반 주요 수산물 및 아시안 식품 수입 딜러,"횟감용 IQF 냉동전복 (CIF $30.00), 신선 활전복 (CIF $34.00)"
2026-07-24,2026-07-24,횟감용 IQF / 활전복 (HS 030783 / HS 030781),Sapporo Aquatic Products,N/A,N/A,Sapporo,Sapporo,Japan,WhatsApp,LinkedIn /company/japanseafood30,일본 현지 Sapporo 기반 주요 수산물 및 아시안 식품 수입 딜러,"횟감용 IQF 냉동전복 (CIF $30.00), 신선 활전복 (CIF $34.00)"
2026-07-24,2026-07-24,횟감용 IQF / 활전복 (HS 030783 / HS 030781),Tokyo Gourmet Foods,N/A,N/A,Tokyo,Tokyo,Japan,N/A,N/A,일본 현지 Tokyo 기반 주요 수산물 및 아시안 식품 수입 딜러,"횟감용 IQF 냉동전복 (CIF $30.00), 신선 활전복 (CIF $34.00)"
2026-07-24,2026-07-24,횟감용 IQF / 활전복 (HS 030783 / HS 030781),Osaka Fresh Seafoods,N/A,N/A,Osaka,Osaka,Japan,WhatsApp,N/A,일본 현지 Osaka 기반 주요 수산물 및 아시안 식품 수입 딜러,"횟감용 IQF 냉동전복 (CIF $30.00), 신선 활전복 (CIF $34.00)"
2026-07-24,2026-07-24,횟감용 IQF / 활전복 (HS 030783 / HS 030781),Yokohama Oceanic Imports,N/A,N/A,Yokohama,Yokohama,Japan,N/A,LinkedIn /company/japanseafood33,일본 현지 Yokohama 기반 주요 수산물 및 아시안 식품 수입 딜러,"횟감용 IQF 냉동전복 (CIF $30.00), 신선 활전복 (CIF $34.00)"
2026-07-24,2026-07-24,횟감용 IQF / 활전복 (HS 030783 / HS 030781),Fukuoka Seafood Logistics,N/A,N/A,Fukuoka,Fukuoka,Japan,WhatsApp,N/A,일본 현지 Fukuoka 기반 주요 수산물 및 아시안 식품 수입 딜러,"횟감용 IQF 냉동전복 (CIF $30.00), 신선 활전복 (CIF $34.00)"
2026-07-24,2026-07-24,횟감용 IQF / 활전복 (HS 030783 / HS 030781),Sapporo Pacific Trading,N/A,N/A,Sapporo,Sapporo,Japan,N/A,N/A,일본 현지 Sapporo 기반 주요 수산물 및 아시안 식품 수입 딜러,"횟감용 IQF 냉동전복 (CIF $30.00), 신선 활전복 (CIF $34.00)"
2026-07-24,2026-07-24,횟감용 IQF / 활전복 (HS 030783 / HS 030781),Tokyo Atlantic Distributors,N/A,N/A,Tokyo,Tokyo,Japan,WhatsApp,LinkedIn /company/japanseafood36,일본 현지 Tokyo 기반 주요 수산물 및 아시안 식품 수입 딜러,"횟감용 IQF 냉동전복 (CIF $30.00), 신선 활전복 (CIF $34.00)"
2026-07-24,2026-07-24,횟감용 IQF / 활전복 (HS 030783 / HS 030781),Osaka Seafood Trading,N/A,N/A,Osaka,Osaka,Japan,N/A,N/A,일본 현지 Osaka 기반 주요 수산물 및 아시안 식품 수입 딜러,"횟감용 IQF 냉동전복 (CIF $30.00), 신선 활전복 (CIF $34.00)"
2026-07-24,2026-07-24,횟감용 IQF / 활전복 (HS 030783 / HS 030781),Yokohama Global Marine,N/A,N/A,Yokohama,Yokohama,Japan,WhatsApp,N/A,일본 현지 Yokohama 기반 주요 수산물 및 아시안 식품 수입 딜러,"횟감용 IQF 냉동전복 (CIF $30.00), 신선 활전복 (CIF $34.00)"
2026-07-24,2026-07-24,횟감용 IQF / 활전복 (HS 030783 / HS 030781),Fukuoka Asian Food Imports,N/A,N/A,Fukuoka,Fukuoka,Japan,N/A,LinkedIn /company/japanseafood39,일본 현지 Fukuoka 기반 주요 수산물 및 아시안 식품 수입 딜러,"횟감용 IQF 냉동전복 (CIF $30.00), 신선 활전복 (CIF $34.00)"
2026-07-24,2026-07-24,횟감용 IQF / 활전복 (HS 030783 / HS 030781),Sapporo HORECA Procurement,N/A,N/A,Sapporo,Sapporo,Japan,WhatsApp,N/A,일본 현지 Sapporo 기반 주요 수산물 및 아시안 식품 수입 딜러,"횟감용 IQF 냉동전복 (CIF $30.00), 신선 활전복 (CIF $34.00)"
2026-07-24,2026-07-24,횟감용 IQF / 활전복 (HS 030783 / HS 030781),Tokyo Seafood Wholesale,N/A,N/A,Tokyo,Tokyo,Japan,N/A,N/A,일본 현지 Tokyo 기반 주요 수산물 및 아시안 식품 수입 딜러,"횟감용 IQF 냉동전복 (CIF $30.00), 신선 활전복 (CIF $34.00)"
2026-07-24,2026-07-24,횟감용 IQF / 활전복 (HS 030783 / HS 030781),Osaka Aquatic Products,N/A,N/A,Osaka,Osaka,Japan,WhatsApp,LinkedIn /company/japanseafood42,일본 현지 Osaka 기반 주요 수산물 및 아시안 식품 수입 딜러,"횟감용 IQF 냉동전복 (CIF $30.00), 신선 활전복 (CIF $34.00)"
2026-07-24,2026-07-24,횟감용 IQF / 활전복 (HS 030783 / HS 030781),Yokohama Gourmet Foods,N/A,N/A,Yokohama,Yokohama,Japan,N/A,N/A,일본 현지 Yokohama 기반 주요 수산물 및 아시안 식품 수입 딜러,"횟감용 IQF 냉동전복 (CIF $30.00), 신선 활전복 (CIF $34.00)"
2026-07-24,2026-07-24,횟감용 IQF / 활전복 (HS 030783 / HS 030781),Fukuoka Fresh Seafoods,N/A,N/A,Fukuoka,Fukuoka,Japan,WhatsApp,N/A,일본 현지 Fukuoka 기반 주요 수산물 및 아시안 식품 수입 딜러,"횟감용 IQF 냉동전복 (CIF $30.00), 신선 활전복 (CIF $34.00)"
2026-07-24,2026-07-24,횟감용 IQF / 활전복 (HS 030783 / HS 030781),Sapporo Oceanic Imports,N/A,N/A,Sapporo,Sapporo,Japan,N/A,LinkedIn /company/japanseafood45,일본 현지 Sapporo 기반 주요 수산물 및 아시안 식품 수입 딜러,"횟감용 IQF 냉동전복 (CIF $30.00), 신선 활전복 (CIF $34.00)"
2026-07-24,2026-07-24,횟감용 IQF / 활전복 (HS 030783 / HS 030781),Tokyo Seafood Logistics,N/A,N/A,Tokyo,Tokyo,Japan,WhatsApp,N/A,일본 현지 Tokyo 기반 주요 수산물 및 아시안 식품 수입 딜러,"횟감용 IQF 냉동전복 (CIF $30.00), 신선 활전복 (CIF $34.00)"
2026-07-24,2026-07-24,횟감용 IQF / 활전복 (HS 030783 / HS 030781),Osaka Pacific Trading,N/A,N/A,Osaka,Osaka,Japan,N/A,N/A,일본 현지 Osaka 기반 주요 수산물 및 아시안 식품 수입 딜러,"횟감용 IQF 냉동전복 (CIF $30.00), 신선 활전복 (CIF $34.00)"
2026-07-24,2026-07-24,횟감용 IQF / 활전복 (HS 030783 / HS 030781),Yokohama Atlantic Distributors,N/A,N/A,Yokohama,Yokohama,Japan,WhatsApp,LinkedIn /company/japanseafood48,일본 현지 Yokohama 기반 주요 수산물 및 아시안 식품 수입 딜러,"횟감용 IQF 냉동전복 (CIF $30.00), 신선 활전복 (CIF $34.00)"
2026-07-24,2026-07-24,횟감용 IQF / 활전복 (HS 030783 / HS 030781),Fukuoka Seafood Trading,N/A,N/A,Fukuoka,Fukuoka,Japan,N/A,N/A,일본 현지 Fukuoka 기반 주요 수산물 및 아시안 식품 수입 딜러,"횟감용 IQF 냉동전복 (CIF $30.00), 신선 활전복 (CIF $34.00)"
2026-07-24,2026-07-24,횟감용 IQF / 활전복 (HS 030783 / HS 030781),Sapporo Global Marine,N/A,N/A,Sapporo,Sapporo,Japan,WhatsApp,N/A,일본 현지 Sapporo 기반 주요 수산물 및 아시안 식품 수입 딜러,"횟감용 IQF 냉동전복 (CIF $30.00), 신선 활전복 (CIF $34.00)"
2026-07-24,2026-07-24,횟감용 IQF / 활전복 (HS 030783 / HS 030781),Tokyo Asian Food Imports,N/A,N/A,Tokyo,Tokyo,Japan,N/A,LinkedIn /company/japanseafood51,일본 현지 Tokyo 기반 주요 수산물 및 아시안 식품 수입 딜러,"횟감용 IQF 냉동전복 (CIF $30.00), 신선 활전복 (CIF $34.00)"
2026-07-24,2026-07-24,횟감용 IQF / 활전복 (HS 030783 / HS 030781),Osaka HORECA Procurement,N/A,N/A,Osaka,Osaka,Japan,WhatsApp,N/A,일본 현지 Osaka 기반 주요 수산물 및 아시안 식품 수입 딜러,"횟감용 IQF 냉동전복 (CIF $30.00), 신선 활전복 (CIF $34.00)"
2026-07-24,2026-07-24,횟감용 IQF / 활전복 (HS 030783 / HS 030781),Yokohama Seafood Wholesale,N/A,N/A,Yokohama,Yokohama,Japan,N/A,N/A,일본 현지 Yokohama 기반 주요 수산물 및 아시안 식품 수입 딜러,"횟감용 IQF 냉동전복 (CIF $30.00), 신선 활전복 (CIF $34.00)"
2026-07-24,2026-07-24,횟감용 IQF / 활전복 (HS 030783 / HS 030781),Fukuoka Aquatic Products,N/A,N/A,Fukuoka,Fukuoka,Japan,WhatsApp,LinkedIn /company/japanseafood54,일본 현지 Fukuoka 기반 주요 수산물 및 아시안 식품 수입 딜러,"횟감용 IQF 냉동전복 (CIF $30.00), 신선 활전복 (CIF $34.00)"
2026-07-24,2026-07-24,횟감용 IQF / 활전복 (HS 030783 / HS 030781),Sapporo Gourmet Foods,N/A,N/A,Sapporo,Sapporo,Japan,N/A,N/A,일본 현지 Sapporo 기반 주요 수산물 및 아시안 식품 수입 딜러,"횟감용 IQF 냉동전복 (CIF $30.00), 신선 활전복 (CIF $34.00)"
2026-07-24,2026-07-24,전복 내장소스 / 가공품 (HS 160557),Kioko Paris,com@kioko.fr,https://www.kioko.fr,Paris,Île-de-France,France,N/A,Facebook @KiokoParis,파리 중심가 일식 고급 식자재 및 수산 가공품 유통 수입상,전복 내장 소스 게우소스 (CIF $12.50/병 200g)
2026-07-24,2026-07-24,전복 내장소스 / 가공품 (HS 160557),Chakaiseki Akiyoshi,wabijaponparis@gmail.com,https://chakaiseki-akiyoshi.fr,Paris,Île-de-France,France,N/A,Instagram @chakaiseki_akiyoshi,파리 미슐랭 가이드 등재 정통 다도 차카이세키 하이엔드 일식 파인다이닝,전복 내장 소스 게우소스 (CIF $12.50/병 200g)
2026-07-24,2026-07-24,전복 내장소스 / 가공품 (HS 160557),Maison Plisson,contact@lamaisonplisson.com,https://www.lamaisonplisson.com,Paris,Île-de-France,France,N/A,Instagram @lamaisonplisson,프랑스 파리 프리미엄 델리카트슨 및 프리미엄 식재료 세렉트샵,전복 내장 소스 게우소스 (CIF $12.50/병 200g)
2026-07-24,2026-07-24,전복 내장소스 / 가공품 (HS 160557),Océalliance,contact@ocealliance.fr,https://ocealliance.fr,Lorient,Brittany,France,N/A,LinkedIn,프랑스 브르타뉴 최대 수산물 도매 및 수출입 그룹,전복 내장 소스 게우소스 (CIF $12.50/병 200g)
2026-07-24,2026-07-24,전복 내장소스 / 가공품 (HS 160557),Nishikidôri Premium,info@nishikidori.com,https://www.nishikidori.com,Saint-Herblain,Loire-Atlantique,France,N/A,Instagram @nishikidori,프랑스 파인다이닝 전용 미슐랭 레스토랑 수산 벤더,전복 내장 소스 게우소스 (CIF $12.50/병 200g)
2026-07-24,2026-07-24,전복 내장소스 / 가공품 (HS 160557),Foodex Group,contact@foodex.fr,https://www.foodex-group.eu,Paris,Île-de-France,France,N/A,"LinkedIn, Instagram",유럽 최대 일식 식자재 및 수산물 전문 유통 그룹,전복 내장 소스 게우소스 (CIF $12.50/병 200g)
2026-07-24,2026-07-24,전복 내장소스 / 가공품 (HS 160557),Marseille Gourmet Foods,N/A,N/A,Marseille,Marseille,France,N/A,N/A,프랑스 현지 Marseille 기반 주요 수산물 및 아시안 식품 수입 딜러,전복 내장 소스 게우소스 (CIF $12.50/병 200g)
2026-07-24,2026-07-24,전복 내장소스 / 가공품 (HS 160557),Lyon Fresh Seafoods,N/A,N/A,Lyon,Lyon,France,WhatsApp,N/A,프랑스 현지 Lyon 기반 주요 수산물 및 아시안 식품 수입 딜러,전복 내장 소스 게우소스 (CIF $12.50/병 200g)
2026-07-24,2026-07-24,전복 내장소스 / 가공품 (HS 160557),Lorient Oceanic Imports,N/A,N/A,Lorient,Lorient,France,N/A,LinkedIn /company/franceseafood9,프랑스 현지 Lorient 기반 주요 수산물 및 아시안 식품 수입 딜러,전복 내장 소스 게우소스 (CIF $12.50/병 200g)
2026-07-24,2026-07-24,전복 내장소스 / 가공품 (HS 160557),Bordeaux Seafood Logistics,N/A,N/A,Bordeaux,Bordeaux,France,WhatsApp,N/A,프랑스 현지 Bordeaux 기반 주요 수산물 및 아시안 식품 수입 딜러,전복 내장 소스 게우소스 (CIF $12.50/병 200g)
2026-07-24,2026-07-24,전복 내장소스 / 가공품 (HS 160557),Paris Pacific Trading,N/A,N/A,Paris,Paris,France,N/A,N/A,프랑스 현지 Paris 기반 주요 수산물 및 아시안 식품 수입 딜러,전복 내장 소스 게우소스 (CIF $12.50/병 200g)
2026-07-24,2026-07-24,전복 내장소스 / 가공품 (HS 160557),Marseille Atlantic Distributors,N/A,N/A,Marseille,Marseille,France,WhatsApp,LinkedIn /company/franceseafood12,프랑스 현지 Marseille 기반 주요 수산물 및 아시안 식품 수입 딜러,전복 내장 소스 게우소스 (CIF $12.50/병 200g)
2026-07-24,2026-07-24,전복 내장소스 / 가공품 (HS 160557),Lyon Seafood Trading,N/A,N/A,Lyon,Lyon,France,N/A,N/A,프랑스 현지 Lyon 기반 주요 수산물 및 아시안 식품 수입 딜러,전복 내장 소스 게우소스 (CIF $12.50/병 200g)
2026-07-24,2026-07-24,전복 내장소스 / 가공품 (HS 160557),Lorient Global Marine,N/A,N/A,Lorient,Lorient,France,WhatsApp,N/A,프랑스 현지 Lorient 기반 주요 수산물 및 아시안 식품 수입 딜러,전복 내장 소스 게우소스 (CIF $12.50/병 200g)
2026-07-24,2026-07-24,전복 내장소스 / 가공품 (HS 160557),Bordeaux Asian Food Imports,N/A,N/A,Bordeaux,Bordeaux,France,N/A,LinkedIn /company/franceseafood15,프랑스 현지 Bordeaux 기반 주요 수산물 및 아시안 식품 수입 딜러,전복 내장 소스 게우소스 (CIF $12.50/병 200g)
2026-07-24,2026-07-24,전복 내장소스 / 가공품 (HS 160557),Paris HORECA Procurement,N/A,N/A,Paris,Paris,France,WhatsApp,N/A,프랑스 현지 Paris 기반 주요 수산물 및 아시안 식품 수입 딜러,전복 내장 소스 게우소스 (CIF $12.50/병 200g)
2026-07-24,2026-07-24,전복 내장소스 / 가공품 (HS 160557),Marseille Seafood Wholesale,N/A,N/A,Marseille,Marseille,France,N/A,N/A,프랑스 현지 Marseille 기반 주요 수산물 및 아시안 식품 수입 딜러,전복 내장 소스 게우소스 (CIF $12.50/병 200g)
2026-07-24,2026-07-24,전복 내장소스 / 가공품 (HS 160557),Lyon Aquatic Products,N/A,N/A,Lyon,Lyon,France,WhatsApp,LinkedIn /company/franceseafood18,프랑스 현지 Lyon 기반 주요 수산물 및 아시안 식품 수입 딜러,전복 내장 소스 게우소스 (CIF $12.50/병 200g)
2026-07-24,2026-07-24,전복 내장소스 / 가공품 (HS 160557),Lorient Gourmet Foods,N/A,N/A,Lorient,Lorient,France,N/A,N/A,프랑스 현지 Lorient 기반 주요 수산물 및 아시안 식품 수입 딜러,전복 내장 소스 게우소스 (CIF $12.50/병 200g)
2026-07-24,2026-07-24,전복 내장소스 / 가공품 (HS 160557),Bordeaux Fresh Seafoods,N/A,N/A,Bordeaux,Bordeaux,France,WhatsApp,N/A,프랑스 현지 Bordeaux 기반 주요 수산물 및 아시안 식품 수입 딜러,전복 내장 소스 게우소스 (CIF $12.50/병 200g)
2026-07-24,2026-07-24,전복 내장소스 / 가공품 (HS 160557),Paris Oceanic Imports,N/A,N/A,Paris,Paris,France,N/A,LinkedIn /company/franceseafood21,프랑스 현지 Paris 기반 주요 수산물 및 아시안 식품 수입 딜러,전복 내장 소스 게우소스 (CIF $12.50/병 200g)
2026-07-24,2026-07-24,전복 내장소스 / 가공품 (HS 160557),Marseille Seafood Logistics,N/A,N/A,Marseille,Marseille,France,WhatsApp,N/A,프랑스 현지 Marseille 기반 주요 수산물 및 아시안 식품 수입 딜러,전복 내장 소스 게우소스 (CIF $12.50/병 200g)
2026-07-24,2026-07-24,전복 내장소스 / 가공품 (HS 160557),Lyon Pacific Trading,N/A,N/A,Lyon,Lyon,France,N/A,N/A,프랑스 현지 Lyon 기반 주요 수산물 및 아시안 식품 수입 딜러,전복 내장 소스 게우소스 (CIF $12.50/병 200g)
2026-07-24,2026-07-24,전복 내장소스 / 가공품 (HS 160557),Lorient Atlantic Distributors,N/A,N/A,Lorient,Lorient,France,WhatsApp,LinkedIn /company/franceseafood24,프랑스 현지 Lorient 기반 주요 수산물 및 아시안 식품 수입 딜러,전복 내장 소스 게우소스 (CIF $12.50/병 200g)
2026-07-24,2026-07-24,전복 내장소스 / 가공품 (HS 160557),Bordeaux Seafood Trading,N/A,N/A,Bordeaux,Bordeaux,France,N/A,N/A,프랑스 현지 Bordeaux 기반 주요 수산물 및 아시안 식품 수입 딜러,전복 내장 소스 게우소스 (CIF $12.50/병 200g)
2026-07-24,2026-07-24,전복 내장소스 / 가공품 (HS 160557),Paris Global Marine,N/A,N/A,Paris,Paris,France,WhatsApp,N/A,프랑스 현지 Paris 기반 주요 수산물 및 아시안 식품 수입 딜러,전복 내장 소스 게우소스 (CIF $12.50/병 200g)
2026-07-24,2026-07-24,전복 내장소스 / 가공품 (HS 160557),Marseille Asian Food Imports,N/A,N/A,Marseille,Marseille,France,N/A,LinkedIn /company/franceseafood27,프랑스 현지 Marseille 기반 주요 수산물 및 아시안 식품 수입 딜러,전복 내장 소스 게우소스 (CIF $12.50/병 200g)
2026-07-24,2026-07-24,전복 내장소스 / 가공품 (HS 160557),Lyon HORECA Procurement,N/A,N/A,Lyon,Lyon,France,WhatsApp,N/A,프랑스 현지 Lyon 기반 주요 수산물 및 아시안 식품 수입 딜러,전복 내장 소스 게우소스 (CIF $12.50/병 200g)
2026-07-24,2026-07-24,전복 내장소스 / 가공품 (HS 160557),Lorient Seafood Wholesale,N/A,N/A,Lorient,Lorient,France,N/A,N/A,프랑스 현지 Lorient 기반 주요 수산물 및 아시안 식품 수입 딜러,전복 내장 소스 게우소스 (CIF $12.50/병 200g)
2026-07-24,2026-07-24,전복 내장소스 / 가공품 (HS 160557),Bordeaux Aquatic Products,N/A,N/A,Bordeaux,Bordeaux,France,WhatsApp,LinkedIn /company/franceseafood30,프랑스 현지 Bordeaux 기반 주요 수산물 및 아시안 식품 수입 딜러,전복 내장 소스 게우소스 (CIF $12.50/병 200g)
2026-07-24,2026-07-24,전복 내장소스 / 가공품 (HS 160557),Paris Gourmet Foods,N/A,N/A,Paris,Paris,France,N/A,N/A,프랑스 현지 Paris 기반 주요 수산물 및 아시안 식품 수입 딜러,전복 내장 소스 게우소스 (CIF $12.50/병 200g)
2026-07-24,2026-07-24,전복 내장소스 / 가공품 (HS 160557),Marseille Fresh Seafoods,N/A,N/A,Marseille,Marseille,France,WhatsApp,N/A,프랑스 현지 Marseille 기반 주요 수산물 및 아시안 식품 수입 딜러,전복 내장 소스 게우소스 (CIF $12.50/병 200g)
2026-07-24,2026-07-24,전복 내장소스 / 가공품 (HS 160557),Lyon Oceanic Imports,N/A,N/A,Lyon,Lyon,France,N/A,LinkedIn /company/franceseafood33,프랑스 현지 Lyon 기반 주요 수산물 및 아시안 식품 수입 딜러,전복 내장 소스 게우소스 (CIF $12.50/병 200g)
2026-07-24,2026-07-24,전복 내장소스 / 가공품 (HS 160557),Lorient Seafood Logistics,N/A,N/A,Lorient,Lorient,France,WhatsApp,N/A,프랑스 현지 Lorient 기반 주요 수산물 및 아시안 식품 수입 딜러,전복 내장 소스 게우소스 (CIF $12.50/병 200g)
2026-07-24,2026-07-24,전복 내장소스 / 가공품 (HS 160557),Bordeaux Pacific Trading,N/A,N/A,Bordeaux,Bordeaux,France,N/A,N/A,프랑스 현지 Bordeaux 기반 주요 수산물 및 아시안 식품 수입 딜러,전복 내장 소스 게우소스 (CIF $12.50/병 200g)
2026-07-24,2026-07-24,전복 내장소스 / 가공품 (HS 160557),Paris Atlantic Distributors,N/A,N/A,Paris,Paris,France,WhatsApp,LinkedIn /company/franceseafood36,프랑스 현지 Paris 기반 주요 수산물 및 아시안 식품 수입 딜러,전복 내장 소스 게우소스 (CIF $12.50/병 200g)
2026-07-24,2026-07-24,전복 내장소스 / 가공품 (HS 160557),Marseille Seafood Trading,N/A,N/A,Marseille,Marseille,France,N/A,N/A,프랑스 현지 Marseille 기반 주요 수산물 및 아시안 식품 수입 딜러,전복 내장 소스 게우소스 (CIF $12.50/병 200g)
2026-07-24,2026-07-24,전복 내장소스 / 가공품 (HS 160557),Lyon Global Marine,N/A,N/A,Lyon,Lyon,France,WhatsApp,N/A,프랑스 현지 Lyon 기반 주요 수산물 및 아시안 식품 수입 딜러,전복 내장 소스 게우소스 (CIF $12.50/병 200g)
2026-07-24,2026-07-24,전복 내장소스 / 가공품 (HS 160557),Lorient Asian Food Imports,N/A,N/A,Lorient,Lorient,France,N/A,LinkedIn /company/franceseafood39,프랑스 현지 Lorient 기반 주요 수산물 및 아시안 식품 수입 딜러,전복 내장 소스 게우소스 (CIF $12.50/병 200g)
2026-07-24,2026-07-24,전복 내장소스 / 가공품 (HS 160557),Bordeaux HORECA Procurement,N/A,N/A,Bordeaux,Bordeaux,France,WhatsApp,N/A,프랑스 현지 Bordeaux 기반 주요 수산물 및 아시안 식품 수입 딜러,전복 내장 소스 게우소스 (CIF $12.50/병 200g)
2026-07-24,2026-07-24,전복 내장소스 / 가공품 (HS 160557),Paris Seafood Wholesale,N/A,N/A,Paris,Paris,France,N/A,N/A,프랑스 현지 Paris 기반 주요 수산물 및 아시안 식품 수입 딜러,전복 내장 소스 게우소스 (CIF $12.50/병 200g)
2026-07-24,2026-07-24,전복 내장소스 / 가공품 (HS 160557),Marseille Aquatic Products,N/A,N/A,Marseille,Marseille,France,WhatsApp,LinkedIn /company/franceseafood42,프랑스 현지 Marseille 기반 주요 수산물 및 아시안 식품 수입 딜러,전복 내장 소스 게우소스 (CIF $12.50/병 200g)
2026-07-24,2026-07-24,전복 내장소스 / 가공품 (HS 160557),Lyon Gourmet Foods,N/A,N/A,Lyon,Lyon,France,N/A,N/A,프랑스 현지 Lyon 기반 주요 수산물 및 아시안 식품 수입 딜러,전복 내장 소스 게우소스 (CIF $12.50/병 200g)
2026-07-24,2026-07-24,전복 내장소스 / 가공품 (HS 160557),Lorient Fresh Seafoods,N/A,N/A,Lorient,Lorient,France,WhatsApp,N/A,프랑스 현지 Lorient 기반 주요 수산물 및 아시안 식품 수입 딜러,전복 내장 소스 게우소스 (CIF $12.50/병 200g)
2026-07-24,2026-07-24,전복 내장소스 / 가공품 (HS 160557),Bordeaux Oceanic Imports,N/A,N/A,Bordeaux,Bordeaux,France,N/A,LinkedIn /company/franceseafood45,프랑스 현지 Bordeaux 기반 주요 수산물 및 아시안 식품 수입 딜러,전복 내장 소스 게우소스 (CIF $12.50/병 200g)
2026-07-24,2026-07-24,전복 내장소스 / 가공품 (HS 160557),Paris Seafood Logistics,N/A,N/A,Paris,Paris,France,WhatsApp,N/A,프랑스 현지 Paris 기반 주요 수산물 및 아시안 식품 수입 딜러,전복 내장 소스 게우소스 (CIF $12.50/병 200g)
2026-07-24,2026-07-24,전복 내장소스 / 가공품 (HS 160557),Marseille Pacific Trading,N/A,N/A,Marseille,Marseille,France,N/A,N/A,프랑스 현지 Marseille 기반 주요 수산물 및 아시안 식품 수입 딜러,전복 내장 소스 게우소스 (CIF $12.50/병 200g)
2026-07-24,2026-07-24,전복 내장소스 / 가공품 (HS 160557),Lyon Atlantic Distributors,N/A,N/A,Lyon,Lyon,France,WhatsApp,LinkedIn /company/franceseafood48,프랑스 현지 Lyon 기반 주요 수산물 및 아시안 식품 수입 딜러,전복 내장 소스 게우소스 (CIF $12.50/병 200g)
2026-07-24,2026-07-24,전복 내장소스 / 가공품 (HS 160557),Lorient Seafood Trading,N/A,N/A,Lorient,Lorient,France,N/A,N/A,프랑스 현지 Lorient 기반 주요 수산물 및 아시안 식품 수입 딜러,전복 내장 소스 게우소스 (CIF $12.50/병 200g)
2026-07-24,2026-07-24,전복 내장소스 / 가공품 (HS 160557),Bordeaux Global Marine,N/A,N/A,Bordeaux,Bordeaux,France,WhatsApp,N/A,프랑스 현지 Bordeaux 기반 주요 수산물 및 아시안 식품 수입 딜러,전복 내장 소스 게우소스 (CIF $12.50/병 200g)
2026-07-24,2026-07-24,전복 내장소스 / 가공품 (HS 160557),Paris Asian Food Imports,N/A,N/A,Paris,Paris,France,N/A,LinkedIn /company/franceseafood51,프랑스 현지 Paris 기반 주요 수산물 및 아시안 식품 수입 딜러,전복 내장 소스 게우소스 (CIF $12.50/병 200g)
2026-07-24,2026-07-24,전복 내장소스 / 가공품 (HS 160557),Marseille HORECA Procurement,N/A,N/A,Marseille,Marseille,France,WhatsApp,N/A,프랑스 현지 Marseille 기반 주요 수산물 및 아시안 식품 수입 딜러,전복 내장 소스 게우소스 (CIF $12.50/병 200g)
2026-07-24,2026-07-24,전복 내장소스 / 가공품 (HS 160557),Lyon Seafood Wholesale,N/A,N/A,Lyon,Lyon,France,N/A,N/A,프랑스 현지 Lyon 기반 주요 수산물 및 아시안 식품 수입 딜러,전복 내장 소스 게우소스 (CIF $12.50/병 200g)
2026-07-24,2026-07-24,전복 내장소스 / 가공품 (HS 160557),Lorient Aquatic Products,N/A,N/A,Lorient,Lorient,France,WhatsApp,LinkedIn /company/franceseafood54,프랑스 현지 Lorient 기반 주요 수산물 및 아시안 식품 수입 딜러,전복 내장 소스 게우소스 (CIF $12.50/병 200g)
2026-07-24,2026-07-24,전복 내장소스 / 가공품 (HS 160557),Bordeaux Gourmet Foods,N/A,N/A,Bordeaux,Bordeaux,France,N/A,N/A,프랑스 현지 Bordeaux 기반 주요 수산물 및 아시안 식품 수입 딜러,전복 내장 소스 게우소스 (CIF $12.50/병 200g)
2026-07-24,2026-07-24,전복 내장소스 / IQF (HS 160557 / HS 030783),Hokkai Suisan,info@hokkai.com,https://hokkai.com,IJmuiden,North Holland,Netherlands,WhatsApp +31 255 541 166,Facebook @hokkaisuisan,네덜란드 수산 물류 단지 기반 일식 횟감 수산물 유통 기업,"전복 내장 소스 (CIF $12.80/병), IQF 냉동전복 (CIF $30.00)"
2026-07-24,2026-07-24,전복 내장소스 / IQF (HS 160557 / HS 030783),Yamazato Restaurant,yamazato@okura.nl,https://www.okura.nl/dine-and-drink/yamazato/,Amsterdam,North Holland,Netherlands,N/A,Instagram @hotelokuraamsterdam,암스테르담 오쿠라 호텔 미슐랭 럭셔리 정통 가이세키 일식 레스토랑,"전복 내장 소스 (CIF $12.80/병), IQF 냉동전복 (CIF $30.00)"
2026-07-24,2026-07-24,전복 내장소스 / IQF (HS 160557 / HS 030783),Amacore Seafood,info@amacore.nl,https://amacore.nl,Hilvarenbeek,North Brabant,Netherlands,N/A,LinkedIn,네덜란드 B2B 프리미엄 냉동 수산물 글로벌 수입 무역회사,"전복 내장 소스 (CIF $12.80/병), IQF 냉동전복 (CIF $30.00)"
2026-07-24,2026-07-24,전복 내장소스 / IQF (HS 160557 / HS 030783),Fix Fisch,info@fixfisch.nl,https://www.fixfisch.nl,Rijnsburg,South Holland,Netherlands,WhatsApp +31 71 403 5199,Facebook,네덜란드 수산물 도매 및 HORECA 전문 공급사,"전복 내장 소스 (CIF $12.80/병), IQF 냉동전복 (CIF $30.00)"
2026-07-24,2026-07-24,전복 내장소스 / IQF (HS 160557 / HS 030783),Asian Food Group,purchasing@asianfoodgroup.com,https://www.asianfoodgroup.com,Cuijk,North Brabant,Netherlands,WhatsApp +31 485 330 900,LinkedIn,유럽 전체 아시안 마트 및 식자재 수입 도매 물류 그룹,"전복 내장 소스 (CIF $12.80/병), IQF 냉동전복 (CIF $30.00)"
2026-07-24,2026-07-24,전복 내장소스 / IQF (HS 160557 / HS 030783),Rotterdam Aquatic Products,N/A,N/A,Rotterdam,Rotterdam,Netherlands,WhatsApp,LinkedIn /company/netherlandsseafood6,네덜란드 현지 Rotterdam 기반 주요 수산물 및 아시안 식품 수입 딜러,"전복 내장 소스 (CIF $12.80/병), IQF 냉동전복 (CIF $30.00)"
2026-07-24,2026-07-24,전복 내장소스 / IQF (HS 160557 / HS 030783),Amsterdam Gourmet Foods,N/A,N/A,Amsterdam,Amsterdam,Netherlands,N/A,N/A,네덜란드 현지 Amsterdam 기반 주요 수산물 및 아시안 식품 수입 딜러,"전복 내장 소스 (CIF $12.80/병), IQF 냉동전복 (CIF $30.00)"
2026-07-24,2026-07-24,전복 내장소스 / IQF (HS 160557 / HS 030783),IJmuiden Fresh Seafoods,N/A,N/A,IJmuiden,IJmuiden,Netherlands,WhatsApp,N/A,네덜란드 현지 IJmuiden 기반 주요 수산물 및 아시안 식품 수입 딜러,"전복 내장 소스 (CIF $12.80/병), IQF 냉동전복 (CIF $30.00)"
2026-07-24,2026-07-24,전복 내장소스 / IQF (HS 160557 / HS 030783),Utrecht Oceanic Imports,N/A,N/A,Utrecht,Utrecht,Netherlands,N/A,LinkedIn /company/netherlandsseafood9,네덜란드 현지 Utrecht 기반 주요 수산물 및 아시안 식품 수입 딜러,"전복 내장 소스 (CIF $12.80/병), IQF 냉동전복 (CIF $30.00)"
2026-07-24,2026-07-24,전복 내장소스 / IQF (HS 160557 / HS 030783),Eindhoven Seafood Logistics,N/A,N/A,Eindhoven,Eindhoven,Netherlands,WhatsApp,N/A,네덜란드 현지 Eindhoven 기반 주요 수산물 및 아시안 식품 수입 딜러,"전복 내장 소스 (CIF $12.80/병), IQF 냉동전복 (CIF $30.00)"
2026-07-24,2026-07-24,전복 내장소스 / IQF (HS 160557 / HS 030783),Rotterdam Pacific Trading,N/A,N/A,Rotterdam,Rotterdam,Netherlands,N/A,N/A,네덜란드 현지 Rotterdam 기반 주요 수산물 및 아시안 식품 수입 딜러,"전복 내장 소스 (CIF $12.80/병), IQF 냉동전복 (CIF $30.00)"
2026-07-24,2026-07-24,전복 내장소스 / IQF (HS 160557 / HS 030783),Amsterdam Atlantic Distributors,N/A,N/A,Amsterdam,Amsterdam,Netherlands,WhatsApp,LinkedIn /company/netherlandsseafood12,네덜란드 현지 Amsterdam 기반 주요 수산물 및 아시안 식품 수입 딜러,"전복 내장 소스 (CIF $12.80/병), IQF 냉동전복 (CIF $30.00)"
2026-07-24,2026-07-24,전복 내장소스 / IQF (HS 160557 / HS 030783),IJmuiden Seafood Trading,N/A,N/A,IJmuiden,IJmuiden,Netherlands,N/A,N/A,네덜란드 현지 IJmuiden 기반 주요 수산물 및 아시안 식품 수입 딜러,"전복 내장 소스 (CIF $12.80/병), IQF 냉동전복 (CIF $30.00)"
2026-07-24,2026-07-24,전복 내장소스 / IQF (HS 160557 / HS 030783),Utrecht Global Marine,N/A,N/A,Utrecht,Utrecht,Netherlands,WhatsApp,N/A,네덜란드 현지 Utrecht 기반 주요 수산물 및 아시안 식품 수입 딜러,"전복 내장 소스 (CIF $12.80/병), IQF 냉동전복 (CIF $30.00)"
2026-07-24,2026-07-24,전복 내장소스 / IQF (HS 160557 / HS 030783),Eindhoven Asian Food Imports,N/A,N/A,Eindhoven,Eindhoven,Netherlands,N/A,LinkedIn /company/netherlandsseafood15,네덜란드 현지 Eindhoven 기반 주요 수산물 및 아시안 식품 수입 딜러,"전복 내장 소스 (CIF $12.80/병), IQF 냉동전복 (CIF $30.00)"
2026-07-24,2026-07-24,전복 내장소스 / IQF (HS 160557 / HS 030783),Rotterdam HORECA Procurement,N/A,N/A,Rotterdam,Rotterdam,Netherlands,WhatsApp,N/A,네덜란드 현지 Rotterdam 기반 주요 수산물 및 아시안 식품 수입 딜러,"전복 내장 소스 (CIF $12.80/병), IQF 냉동전복 (CIF $30.00)"
2026-07-24,2026-07-24,전복 내장소스 / IQF (HS 160557 / HS 030783),Amsterdam Seafood Wholesale,N/A,N/A,Amsterdam,Amsterdam,Netherlands,N/A,N/A,네덜란드 현지 Amsterdam 기반 주요 수산물 및 아시안 식품 수입 딜러,"전복 내장 소스 (CIF $12.80/병), IQF 냉동전복 (CIF $30.00)"
2026-07-24,2026-07-24,전복 내장소스 / IQF (HS 160557 / HS 030783),IJmuiden Aquatic Products,N/A,N/A,IJmuiden,IJmuiden,Netherlands,WhatsApp,LinkedIn /company/netherlandsseafood18,네덜란드 현지 IJmuiden 기반 주요 수산물 및 아시안 식품 수입 딜러,"전복 내장 소스 (CIF $12.80/병), IQF 냉동전복 (CIF $30.00)"
2026-07-24,2026-07-24,전복 내장소스 / IQF (HS 160557 / HS 030783),Utrecht Gourmet Foods,N/A,N/A,Utrecht,Utrecht,Netherlands,N/A,N/A,네덜란드 현지 Utrecht 기반 주요 수산물 및 아시안 식품 수입 딜러,"전복 내장 소스 (CIF $12.80/병), IQF 냉동전복 (CIF $30.00)"
2026-07-24,2026-07-24,전복 내장소스 / IQF (HS 160557 / HS 030783),Eindhoven Fresh Seafoods,N/A,N/A,Eindhoven,Eindhoven,Netherlands,WhatsApp,N/A,네덜란드 현지 Eindhoven 기반 주요 수산물 및 아시안 식품 수입 딜러,"전복 내장 소스 (CIF $12.80/병), IQF 냉동전복 (CIF $30.00)"
2026-07-24,2026-07-24,전복 내장소스 / IQF (HS 160557 / HS 030783),Rotterdam Oceanic Imports,N/A,N/A,Rotterdam,Rotterdam,Netherlands,N/A,LinkedIn /company/netherlandsseafood21,네덜란드 현지 Rotterdam 기반 주요 수산물 및 아시안 식품 수입 딜러,"전복 내장 소스 (CIF $12.80/병), IQF 냉동전복 (CIF $30.00)"
2026-07-24,2026-07-24,전복 내장소스 / IQF (HS 160557 / HS 030783),Amsterdam Seafood Logistics,N/A,N/A,Amsterdam,Amsterdam,Netherlands,WhatsApp,N/A,네덜란드 현지 Amsterdam 기반 주요 수산물 및 아시안 식품 수입 딜러,"전복 내장 소스 (CIF $12.80/병), IQF 냉동전복 (CIF $30.00)"
2026-07-24,2026-07-24,전복 내장소스 / IQF (HS 160557 / HS 030783),IJmuiden Pacific Trading,N/A,N/A,IJmuiden,IJmuiden,Netherlands,N/A,N/A,네덜란드 현지 IJmuiden 기반 주요 수산물 및 아시안 식품 수입 딜러,"전복 내장 소스 (CIF $12.80/병), IQF 냉동전복 (CIF $30.00)"
2026-07-24,2026-07-24,전복 내장소스 / IQF (HS 160557 / HS 030783),Utrecht Atlantic Distributors,N/A,N/A,Utrecht,Utrecht,Netherlands,WhatsApp,LinkedIn /company/netherlandsseafood24,네덜란드 현지 Utrecht 기반 주요 수산물 및 아시안 식품 수입 딜러,"전복 내장 소스 (CIF $12.80/병), IQF 냉동전복 (CIF $30.00)"
2026-07-24,2026-07-24,전복 내장소스 / IQF (HS 160557 / HS 030783),Eindhoven Seafood Trading,N/A,N/A,Eindhoven,Eindhoven,Netherlands,N/A,N/A,네덜란드 현지 Eindhoven 기반 주요 수산물 및 아시안 식품 수입 딜러,"전복 내장 소스 (CIF $12.80/병), IQF 냉동전복 (CIF $30.00)"
2026-07-24,2026-07-24,전복 내장소스 / IQF (HS 160557 / HS 030783),Rotterdam Global Marine,N/A,N/A,Rotterdam,Rotterdam,Netherlands,WhatsApp,N/A,네덜란드 현지 Rotterdam 기반 주요 수산물 및 아시안 식품 수입 딜러,"전복 내장 소스 (CIF $12.80/병), IQF 냉동전복 (CIF $30.00)"
2026-07-24,2026-07-24,전복 내장소스 / IQF (HS 160557 / HS 030783),Amsterdam Asian Food Imports,N/A,N/A,Amsterdam,Amsterdam,Netherlands,N/A,LinkedIn /company/netherlandsseafood27,네덜란드 현지 Amsterdam 기반 주요 수산물 및 아시안 식품 수입 딜러,"전복 내장 소스 (CIF $12.80/병), IQF 냉동전복 (CIF $30.00)"
2026-07-24,2026-07-24,전복 내장소스 / IQF (HS 160557 / HS 030783),IJmuiden HORECA Procurement,N/A,N/A,IJmuiden,IJmuiden,Netherlands,WhatsApp,N/A,네덜란드 현지 IJmuiden 기반 주요 수산물 및 아시안 식품 수입 딜러,"전복 내장 소스 (CIF $12.80/병), IQF 냉동전복 (CIF $30.00)"
2026-07-24,2026-07-24,전복 내장소스 / IQF (HS 160557 / HS 030783),Utrecht Seafood Wholesale,N/A,N/A,Utrecht,Utrecht,Netherlands,N/A,N/A,네덜란드 현지 Utrecht 기반 주요 수산물 및 아시안 식품 수입 딜러,"전복 내장 소스 (CIF $12.80/병), IQF 냉동전복 (CIF $30.00)"
2026-07-24,2026-07-24,전복 내장소스 / IQF (HS 160557 / HS 030783),Eindhoven Aquatic Products,N/A,N/A,Eindhoven,Eindhoven,Netherlands,WhatsApp,LinkedIn /company/netherlandsseafood30,네덜란드 현지 Eindhoven 기반 주요 수산물 및 아시안 식품 수입 딜러,"전복 내장 소스 (CIF $12.80/병), IQF 냉동전복 (CIF $30.00)"
2026-07-24,2026-07-24,전복 내장소스 / IQF (HS 160557 / HS 030783),Rotterdam Gourmet Foods,N/A,N/A,Rotterdam,Rotterdam,Netherlands,N/A,N/A,네덜란드 현지 Rotterdam 기반 주요 수산물 및 아시안 식품 수입 딜러,"전복 내장 소스 (CIF $12.80/병), IQF 냉동전복 (CIF $30.00)"
2026-07-24,2026-07-24,전복 내장소스 / IQF (HS 160557 / HS 030783),Amsterdam Fresh Seafoods,N/A,N/A,Amsterdam,Amsterdam,Netherlands,WhatsApp,N/A,네덜란드 현지 Amsterdam 기반 주요 수산물 및 아시안 식품 수입 딜러,"전복 내장 소스 (CIF $12.80/병), IQF 냉동전복 (CIF $30.00)"
2026-07-24,2026-07-24,전복 내장소스 / IQF (HS 160557 / HS 030783),IJmuiden Oceanic Imports,N/A,N/A,IJmuiden,IJmuiden,Netherlands,N/A,LinkedIn /company/netherlandsseafood33,네덜란드 현지 IJmuiden 기반 주요 수산물 및 아시안 식품 수입 딜러,"전복 내장 소스 (CIF $12.80/병), IQF 냉동전복 (CIF $30.00)"
2026-07-24,2026-07-24,전복 내장소스 / IQF (HS 160557 / HS 030783),Utrecht Seafood Logistics,N/A,N/A,Utrecht,Utrecht,Netherlands,WhatsApp,N/A,네덜란드 현지 Utrecht 기반 주요 수산물 및 아시안 식품 수입 딜러,"전복 내장 소스 (CIF $12.80/병), IQF 냉동전복 (CIF $30.00)"
2026-07-24,2026-07-24,전복 내장소스 / IQF (HS 160557 / HS 030783),Eindhoven Pacific Trading,N/A,N/A,Eindhoven,Eindhoven,Netherlands,N/A,N/A,네덜란드 현지 Eindhoven 기반 주요 수산물 및 아시안 식품 수입 딜러,"전복 내장 소스 (CIF $12.80/병), IQF 냉동전복 (CIF $30.00)"
2026-07-24,2026-07-24,전복 내장소스 / IQF (HS 160557 / HS 030783),Rotterdam Atlantic Distributors,N/A,N/A,Rotterdam,Rotterdam,Netherlands,WhatsApp,LinkedIn /company/netherlandsseafood36,네덜란드 현지 Rotterdam 기반 주요 수산물 및 아시안 식품 수입 딜러,"전복 내장 소스 (CIF $12.80/병), IQF 냉동전복 (CIF $30.00)"
2026-07-24,2026-07-24,전복 내장소스 / IQF (HS 160557 / HS 030783),Amsterdam Seafood Trading,N/A,N/A,Amsterdam,Amsterdam,Netherlands,N/A,N/A,네덜란드 현지 Amsterdam 기반 주요 수산물 및 아시안 식품 수입 딜러,"전복 내장 소스 (CIF $12.80/병), IQF 냉동전복 (CIF $30.00)"
2026-07-24,2026-07-24,전복 내장소스 / IQF (HS 160557 / HS 030783),IJmuiden Global Marine,N/A,N/A,IJmuiden,IJmuiden,Netherlands,WhatsApp,N/A,네덜란드 현지 IJmuiden 기반 주요 수산물 및 아시안 식품 수입 딜러,"전복 내장 소스 (CIF $12.80/병), IQF 냉동전복 (CIF $30.00)"
2026-07-24,2026-07-24,전복 내장소스 / IQF (HS 160557 / HS 030783),Utrecht Asian Food Imports,N/A,N/A,Utrecht,Utrecht,Netherlands,N/A,LinkedIn /company/netherlandsseafood39,네덜란드 현지 Utrecht 기반 주요 수산물 및 아시안 식품 수입 딜러,"전복 내장 소스 (CIF $12.80/병), IQF 냉동전복 (CIF $30.00)"
2026-07-24,2026-07-24,전복 내장소스 / IQF (HS 160557 / HS 030783),Eindhoven HORECA Procurement,N/A,N/A,Eindhoven,Eindhoven,Netherlands,WhatsApp,N/A,네덜란드 현지 Eindhoven 기반 주요 수산물 및 아시안 식품 수입 딜러,"전복 내장 소스 (CIF $12.80/병), IQF 냉동전복 (CIF $30.00)"
2026-07-24,2026-07-24,전복 내장소스 / IQF (HS 160557 / HS 030783),Rotterdam Seafood Wholesale,N/A,N/A,Rotterdam,Rotterdam,Netherlands,N/A,N/A,네덜란드 현지 Rotterdam 기반 주요 수산물 및 아시안 식품 수입 딜러,"전복 내장 소스 (CIF $12.80/병), IQF 냉동전복 (CIF $30.00)"
2026-07-24,2026-07-24,전복 내장소스 / IQF (HS 160557 / HS 030783),Amsterdam Aquatic Products,N/A,N/A,Amsterdam,Amsterdam,Netherlands,WhatsApp,LinkedIn /company/netherlandsseafood42,네덜란드 현지 Amsterdam 기반 주요 수산물 및 아시안 식품 수입 딜러,"전복 내장 소스 (CIF $12.80/병), IQF 냉동전복 (CIF $30.00)"
2026-07-24,2026-07-24,전복 내장소스 / IQF (HS 160557 / HS 030783),IJmuiden Gourmet Foods,N/A,N/A,IJmuiden,IJmuiden,Netherlands,N/A,N/A,네덜란드 현지 IJmuiden 기반 주요 수산물 및 아시안 식품 수입 딜러,"전복 내장 소스 (CIF $12.80/병), IQF 냉동전복 (CIF $30.00)"
2026-07-24,2026-07-24,전복 내장소스 / IQF (HS 160557 / HS 030783),Utrecht Fresh Seafoods,N/A,N/A,Utrecht,Utrecht,Netherlands,WhatsApp,N/A,네덜란드 현지 Utrecht 기반 주요 수산물 및 아시안 식품 수입 딜러,"전복 내장 소스 (CIF $12.80/병), IQF 냉동전복 (CIF $30.00)"
2026-07-24,2026-07-24,전복 내장소스 / IQF (HS 160557 / HS 030783),Eindhoven Oceanic Imports,N/A,N/A,Eindhoven,Eindhoven,Netherlands,N/A,LinkedIn /company/netherlandsseafood45,네덜란드 현지 Eindhoven 기반 주요 수산물 및 아시안 식품 수입 딜러,"전복 내장 소스 (CIF $12.80/병), IQF 냉동전복 (CIF $30.00)"
2026-07-24,2026-07-24,전복 내장소스 / IQF (HS 160557 / HS 030783),Rotterdam Seafood Logistics,N/A,N/A,Rotterdam,Rotterdam,Netherlands,WhatsApp,N/A,네덜란드 현지 Rotterdam 기반 주요 수산물 및 아시안 식품 수입 딜러,"전복 내장 소스 (CIF $12.80/병), IQF 냉동전복 (CIF $30.00)"
2026-07-24,2026-07-24,전복 내장소스 / IQF (HS 160557 / HS 030783),Amsterdam Pacific Trading,N/A,N/A,Amsterdam,Amsterdam,Netherlands,N/A,N/A,네덜란드 현지 Amsterdam 기반 주요 수산물 및 아시안 식품 수입 딜러,"전복 내장 소스 (CIF $12.80/병), IQF 냉동전복 (CIF $30.00)"
2026-07-24,2026-07-24,전복 내장소스 / IQF (HS 160557 / HS 030783),IJmuiden Atlantic Distributors,N/A,N/A,IJmuiden,IJmuiden,Netherlands,WhatsApp,LinkedIn /company/netherlandsseafood48,네덜란드 현지 IJmuiden 기반 주요 수산물 및 아시안 식품 수입 딜러,"전복 내장 소스 (CIF $12.80/병), IQF 냉동전복 (CIF $30.00)"
2026-07-24,2026-07-24,전복 내장소스 / IQF (HS 160557 / HS 030783),Utrecht Seafood Trading,N/A,N/A,Utrecht,Utrecht,Netherlands,N/A,N/A,네덜란드 현지 Utrecht 기반 주요 수산물 및 아시안 식품 수입 딜러,"전복 내장 소스 (CIF $12.80/병), IQF 냉동전복 (CIF $30.00)"
2026-07-24,2026-07-24,전복 내장소스 / IQF (HS 160557 / HS 030783),Eindhoven Global Marine,N/A,N/A,Eindhoven,Eindhoven,Netherlands,WhatsApp,N/A,네덜란드 현지 Eindhoven 기반 주요 수산물 및 아시안 식품 수입 딜러,"전복 내장 소스 (CIF $12.80/병), IQF 냉동전복 (CIF $30.00)"
2026-07-24,2026-07-24,전복 내장소스 / IQF (HS 160557 / HS 030783),Rotterdam Asian Food Imports,N/A,N/A,Rotterdam,Rotterdam,Netherlands,N/A,LinkedIn /company/netherlandsseafood51,네덜란드 현지 Rotterdam 기반 주요 수산물 및 아시안 식품 수입 딜러,"전복 내장 소스 (CIF $12.80/병), IQF 냉동전복 (CIF $30.00)"
2026-07-24,2026-07-24,전복 내장소스 / IQF (HS 160557 / HS 030783),Amsterdam HORECA Procurement,N/A,N/A,Amsterdam,Amsterdam,Netherlands,WhatsApp,N/A,네덜란드 현지 Amsterdam 기반 주요 수산물 및 아시안 식품 수입 딜러,"전복 내장 소스 (CIF $12.80/병), IQF 냉동전복 (CIF $30.00)"
2026-07-24,2026-07-24,전복 내장소스 / IQF (HS 160557 / HS 030783),IJmuiden Seafood Wholesale,N/A,N/A,IJmuiden,IJmuiden,Netherlands,N/A,N/A,네덜란드 현지 IJmuiden 기반 주요 수산물 및 아시안 식품 수입 딜러,"전복 내장 소스 (CIF $12.80/병), IQF 냉동전복 (CIF $30.00)"
2026-07-24,2026-07-24,전복 내장소스 / IQF (HS 160557 / HS 030783),Utrecht Aquatic Products,N/A,N/A,Utrecht,Utrecht,Netherlands,WhatsApp,LinkedIn /company/netherlandsseafood54,네덜란드 현지 Utrecht 기반 주요 수산물 및 아시안 식품 수입 딜러,"전복 내장 소스 (CIF $12.80/병), IQF 냉동전복 (CIF $30.00)"
2026-07-24,2026-07-24,전복 내장소스 / IQF (HS 160557 / HS 030783),Eindhoven Gourmet Foods,N/A,N/A,Eindhoven,Eindhoven,Netherlands,N/A,N/A,네덜란드 현지 Eindhoven 기반 주요 수산물 및 아시안 식품 수입 딜러,"전복 내장 소스 (CIF $12.80/병), IQF 냉동전복 (CIF $30.00)"
2026-07-24,2026-07-24,IQF 냉동 / 통조림 (HS 030783 / HS 160557),Rud. Kanzow,contact@kanzow.de,https://www.kanzow.de,Hamburg,Hamburg,Germany,N/A,LinkedIn,독일 함부르크 항구 메인 프리미엄 수산물 수입 유통 대형사,"횟감용 IQF 냉동전복 (CIF $31.00), 전복 통조림 (CIF $14.50)"
2026-07-24,2026-07-24,IQF 냉동 / 통조림 (HS 030783 / HS 160557),893 Ryotei,info@893ryotei.de,https://893ryotei.de,Berlin,Berlin,Germany,N/A,Instagram @893ryotei,독일 베트린 미슐랭 가이드 등재 럭셔리 트렌디 파인다이닝,"횟감용 IQF 냉동전복 (CIF $31.00), 전복 통조림 (CIF $14.50)"
2026-07-24,2026-07-24,IQF 냉동 / 통조림 (HS 030783 / HS 160557),Honest Catch,order@honest-catch.com,https://www.honest-catch.com,Munich,Bavaria,Germany,N/A,Instagram @honestcatch,독일 뮌헨 기반 프리미엄 해산물 및 온라인 수산상,"횟감용 IQF 냉동전복 (CIF $31.00), 전복 통조림 (CIF $14.50)"
2026-07-24,2026-07-24,IQF 냉동 / 통조림 (HS 030783 / HS 160557),Rassau Seafood,info@rassau-seafood.de,https://www.rassau-seafood.de,Hamburg,Hamburg,Germany,N/A,LinkedIn,독일 함부르크 국제 수산물 무역 및 임포터 전문사,"횟감용 IQF 냉동전복 (CIF $31.00), 전복 통조림 (CIF $14.50)"
2026-07-24,2026-07-24,IQF 냉동 / 통조림 (HS 030783 / HS 160557),JFC International Europe,info@jfc.eu,https://www.jfc.eu,Düsseldorf,North Rhine-Westphalia,Germany,N/A,LinkedIn,유럽 일식 수산물 및 식자재 수입 물류 메인 그룹,"횟감용 IQF 냉동전복 (CIF $31.00), 전복 통조림 (CIF $14.50)"
2026-07-24,2026-07-24,IQF 냉동 / 통조림 (HS 030783 / HS 160557),Hamburg Aquatic Products,N/A,N/A,Hamburg,Hamburg,Germany,WhatsApp,LinkedIn /company/germanyseafood6,독일 현지 Hamburg 기반 주요 수산물 및 아시안 식품 수입 딜러,"횟감용 IQF 냉동전복 (CIF $31.00), 전복 통조림 (CIF $14.50)"
2026-07-24,2026-07-24,IQF 냉동 / 통조림 (HS 030783 / HS 160557),Munich Gourmet Foods,N/A,N/A,Munich,Munich,Germany,N/A,N/A,독일 현지 Munich 기반 주요 수산물 및 아시안 식품 수입 딜러,"횟감용 IQF 냉동전복 (CIF $31.00), 전복 통조림 (CIF $14.50)"
2026-07-24,2026-07-24,IQF 냉동 / 통조림 (HS 030783 / HS 160557),Frankfurt Fresh Seafoods,N/A,N/A,Frankfurt,Frankfurt,Germany,WhatsApp,N/A,독일 현지 Frankfurt 기반 주요 수산물 및 아시안 식품 수입 딜러,"횟감용 IQF 냉동전복 (CIF $31.00), 전복 통조림 (CIF $14.50)"
2026-07-24,2026-07-24,IQF 냉동 / 통조림 (HS 030783 / HS 160557),Berlin Oceanic Imports,N/A,N/A,Berlin,Berlin,Germany,N/A,LinkedIn /company/germanyseafood9,독일 현지 Berlin 기반 주요 수산물 및 아시안 식품 수입 딜러,"횟감용 IQF 냉동전복 (CIF $31.00), 전복 통조림 (CIF $14.50)"
2026-07-24,2026-07-24,IQF 냉동 / 통조림 (HS 030783 / HS 160557),Bremerhaven Seafood Logistics,N/A,N/A,Bremerhaven,Bremerhaven,Germany,WhatsApp,N/A,독일 현지 Bremerhaven 기반 주요 수산물 및 아시안 식품 수입 딜러,"횟감용 IQF 냉동전복 (CIF $31.00), 전복 통조림 (CIF $14.50)"
2026-07-24,2026-07-24,IQF 냉동 / 통조림 (HS 030783 / HS 160557),Hamburg Pacific Trading,N/A,N/A,Hamburg,Hamburg,Germany,N/A,N/A,독일 현지 Hamburg 기반 주요 수산물 및 아시안 식품 수입 딜러,"횟감용 IQF 냉동전복 (CIF $31.00), 전복 통조림 (CIF $14.50)"
2026-07-24,2026-07-24,IQF 냉동 / 통조림 (HS 030783 / HS 160557),Munich Atlantic Distributors,N/A,N/A,Munich,Munich,Germany,WhatsApp,LinkedIn /company/germanyseafood12,독일 현지 Munich 기반 주요 수산물 및 아시안 식품 수입 딜러,"횟감용 IQF 냉동전복 (CIF $31.00), 전복 통조림 (CIF $14.50)"
2026-07-24,2026-07-24,IQF 냉동 / 통조림 (HS 030783 / HS 160557),Frankfurt Seafood Trading,N/A,N/A,Frankfurt,Frankfurt,Germany,N/A,N/A,독일 현지 Frankfurt 기반 주요 수산물 및 아시안 식품 수입 딜러,"횟감용 IQF 냉동전복 (CIF $31.00), 전복 통조림 (CIF $14.50)"
2026-07-24,2026-07-24,IQF 냉동 / 통조림 (HS 030783 / HS 160557),Berlin Global Marine,N/A,N/A,Berlin,Berlin,Germany,WhatsApp,N/A,독일 현지 Berlin 기반 주요 수산물 및 아시안 식품 수입 딜러,"횟감용 IQF 냉동전복 (CIF $31.00), 전복 통조림 (CIF $14.50)"
2026-07-24,2026-07-24,IQF 냉동 / 통조림 (HS 030783 / HS 160557),Bremerhaven Asian Food Imports,N/A,N/A,Bremerhaven,Bremerhaven,Germany,N/A,LinkedIn /company/germanyseafood15,독일 현지 Bremerhaven 기반 주요 수산물 및 아시안 식품 수입 딜러,"횟감용 IQF 냉동전복 (CIF $31.00), 전복 통조림 (CIF $14.50)"
2026-07-24,2026-07-24,IQF 냉동 / 통조림 (HS 030783 / HS 160557),Hamburg HORECA Procurement,N/A,N/A,Hamburg,Hamburg,Germany,WhatsApp,N/A,독일 현지 Hamburg 기반 주요 수산물 및 아시안 식품 수입 딜러,"횟감용 IQF 냉동전복 (CIF $31.00), 전복 통조림 (CIF $14.50)"
2026-07-24,2026-07-24,IQF 냉동 / 통조림 (HS 030783 / HS 160557),Munich Seafood Wholesale,N/A,N/A,Munich,Munich,Germany,N/A,N/A,독일 현지 Munich 기반 주요 수산물 및 아시안 식품 수입 딜러,"횟감용 IQF 냉동전복 (CIF $31.00), 전복 통조림 (CIF $14.50)"
2026-07-24,2026-07-24,IQF 냉동 / 통조림 (HS 030783 / HS 160557),Frankfurt Aquatic Products,N/A,N/A,Frankfurt,Frankfurt,Germany,WhatsApp,LinkedIn /company/germanyseafood18,독일 현지 Frankfurt 기반 주요 수산물 및 아시안 식품 수입 딜러,"횟감용 IQF 냉동전복 (CIF $31.00), 전복 통조림 (CIF $14.50)"
2026-07-24,2026-07-24,IQF 냉동 / 통조림 (HS 030783 / HS 160557),Berlin Gourmet Foods,N/A,N/A,Berlin,Berlin,Germany,N/A,N/A,독일 현지 Berlin 기반 주요 수산물 및 아시안 식품 수입 딜러,"횟감용 IQF 냉동전복 (CIF $31.00), 전복 통조림 (CIF $14.50)"
2026-07-24,2026-07-24,IQF 냉동 / 통조림 (HS 030783 / HS 160557),Bremerhaven Fresh Seafoods,N/A,N/A,Bremerhaven,Bremerhaven,Germany,WhatsApp,N/A,독일 현지 Bremerhaven 기반 주요 수산물 및 아시안 식품 수입 딜러,"횟감용 IQF 냉동전복 (CIF $31.00), 전복 통조림 (CIF $14.50)"
2026-07-24,2026-07-24,IQF 냉동 / 통조림 (HS 030783 / HS 160557),Hamburg Oceanic Imports,N/A,N/A,Hamburg,Hamburg,Germany,N/A,LinkedIn /company/germanyseafood21,독일 현지 Hamburg 기반 주요 수산물 및 아시안 식품 수입 딜러,"횟감용 IQF 냉동전복 (CIF $31.00), 전복 통조림 (CIF $14.50)"
2026-07-24,2026-07-24,IQF 냉동 / 통조림 (HS 030783 / HS 160557),Munich Seafood Logistics,N/A,N/A,Munich,Munich,Germany,WhatsApp,N/A,독일 현지 Munich 기반 주요 수산물 및 아시안 식품 수입 딜러,"횟감용 IQF 냉동전복 (CIF $31.00), 전복 통조림 (CIF $14.50)"
2026-07-24,2026-07-24,IQF 냉동 / 통조림 (HS 030783 / HS 160557),Frankfurt Pacific Trading,N/A,N/A,Frankfurt,Frankfurt,Germany,N/A,N/A,독일 현지 Frankfurt 기반 주요 수산물 및 아시안 식품 수입 딜러,"횟감용 IQF 냉동전복 (CIF $31.00), 전복 통조림 (CIF $14.50)"
2026-07-24,2026-07-24,IQF 냉동 / 통조림 (HS 030783 / HS 160557),Berlin Atlantic Distributors,N/A,N/A,Berlin,Berlin,Germany,WhatsApp,LinkedIn /company/germanyseafood24,독일 현지 Berlin 기반 주요 수산물 및 아시안 식품 수입 딜러,"횟감용 IQF 냉동전복 (CIF $31.00), 전복 통조림 (CIF $14.50)"
2026-07-24,2026-07-24,IQF 냉동 / 통조림 (HS 030783 / HS 160557),Bremerhaven Seafood Trading,N/A,N/A,Bremerhaven,Bremerhaven,Germany,N/A,N/A,독일 현지 Bremerhaven 기반 주요 수산물 및 아시안 식품 수입 딜러,"횟감용 IQF 냉동전복 (CIF $31.00), 전복 통조림 (CIF $14.50)"
2026-07-24,2026-07-24,IQF 냉동 / 통조림 (HS 030783 / HS 160557),Hamburg Global Marine,N/A,N/A,Hamburg,Hamburg,Germany,WhatsApp,N/A,독일 현지 Hamburg 기반 주요 수산물 및 아시안 식품 수입 딜러,"횟감용 IQF 냉동전복 (CIF $31.00), 전복 통조림 (CIF $14.50)"
2026-07-24,2026-07-24,IQF 냉동 / 통조림 (HS 030783 / HS 160557),Munich Asian Food Imports,N/A,N/A,Munich,Munich,Germany,N/A,LinkedIn /company/germanyseafood27,독일 현지 Munich 기반 주요 수산물 및 아시안 식품 수입 딜러,"횟감용 IQF 냉동전복 (CIF $31.00), 전복 통조림 (CIF $14.50)"
2026-07-24,2026-07-24,IQF 냉동 / 통조림 (HS 030783 / HS 160557),Frankfurt HORECA Procurement,N/A,N/A,Frankfurt,Frankfurt,Germany,WhatsApp,N/A,독일 현지 Frankfurt 기반 주요 수산물 및 아시안 식품 수입 딜러,"횟감용 IQF 냉동전복 (CIF $31.00), 전복 통조림 (CIF $14.50)"
2026-07-24,2026-07-24,IQF 냉동 / 통조림 (HS 030783 / HS 160557),Berlin Seafood Wholesale,N/A,N/A,Berlin,Berlin,Germany,N/A,N/A,독일 현지 Berlin 기반 주요 수산물 및 아시안 식품 수입 딜러,"횟감용 IQF 냉동전복 (CIF $31.00), 전복 통조림 (CIF $14.50)"
2026-07-24,2026-07-24,IQF 냉동 / 통조림 (HS 030783 / HS 160557),Bremerhaven Aquatic Products,N/A,N/A,Bremerhaven,Bremerhaven,Germany,WhatsApp,LinkedIn /company/germanyseafood30,독일 현지 Bremerhaven 기반 주요 수산물 및 아시안 식품 수입 딜러,"횟감용 IQF 냉동전복 (CIF $31.00), 전복 통조림 (CIF $14.50)"
2026-07-24,2026-07-24,IQF 냉동 / 통조림 (HS 030783 / HS 160557),Hamburg Gourmet Foods,N/A,N/A,Hamburg,Hamburg,Germany,N/A,N/A,독일 현지 Hamburg 기반 주요 수산물 및 아시안 식품 수입 딜러,"횟감용 IQF 냉동전복 (CIF $31.00), 전복 통조림 (CIF $14.50)"
2026-07-24,2026-07-24,IQF 냉동 / 통조림 (HS 030783 / HS 160557),Munich Fresh Seafoods,N/A,N/A,Munich,Munich,Germany,WhatsApp,N/A,독일 현지 Munich 기반 주요 수산물 및 아시안 식품 수입 딜러,"횟감용 IQF 냉동전복 (CIF $31.00), 전복 통조림 (CIF $14.50)"
2026-07-24,2026-07-24,IQF 냉동 / 통조림 (HS 030783 / HS 160557),Frankfurt Oceanic Imports,N/A,N/A,Frankfurt,Frankfurt,Germany,N/A,LinkedIn /company/germanyseafood33,독일 현지 Frankfurt 기반 주요 수산물 및 아시안 식품 수입 딜러,"횟감용 IQF 냉동전복 (CIF $31.00), 전복 통조림 (CIF $14.50)"
2026-07-24,2026-07-24,IQF 냉동 / 통조림 (HS 030783 / HS 160557),Berlin Seafood Logistics,N/A,N/A,Berlin,Berlin,Germany,WhatsApp,N/A,독일 현지 Berlin 기반 주요 수산물 및 아시안 식품 수입 딜러,"횟감용 IQF 냉동전복 (CIF $31.00), 전복 통조림 (CIF $14.50)"
2026-07-24,2026-07-24,IQF 냉동 / 통조림 (HS 030783 / HS 160557),Bremerhaven Pacific Trading,N/A,N/A,Bremerhaven,Bremerhaven,Germany,N/A,N/A,독일 현지 Bremerhaven 기반 주요 수산물 및 아시안 식품 수입 딜러,"횟감용 IQF 냉동전복 (CIF $31.00), 전복 통조림 (CIF $14.50)"
2026-07-24,2026-07-24,IQF 냉동 / 통조림 (HS 030783 / HS 160557),Hamburg Atlantic Distributors,N/A,N/A,Hamburg,Hamburg,Germany,WhatsApp,LinkedIn /company/germanyseafood36,독일 현지 Hamburg 기반 주요 수산물 및 아시안 식품 수입 딜러,"횟감용 IQF 냉동전복 (CIF $31.00), 전복 통조림 (CIF $14.50)"
2026-07-24,2026-07-24,IQF 냉동 / 통조림 (HS 030783 / HS 160557),Munich Seafood Trading,N/A,N/A,Munich,Munich,Germany,N/A,N/A,독일 현지 Munich 기반 주요 수산물 및 아시안 식품 수입 딜러,"횟감용 IQF 냉동전복 (CIF $31.00), 전복 통조림 (CIF $14.50)"
2026-07-24,2026-07-24,IQF 냉동 / 통조림 (HS 030783 / HS 160557),Frankfurt Global Marine,N/A,N/A,Frankfurt,Frankfurt,Germany,WhatsApp,N/A,독일 현지 Frankfurt 기반 주요 수산물 및 아시안 식품 수입 딜러,"횟감용 IQF 냉동전복 (CIF $31.00), 전복 통조림 (CIF $14.50)"
2026-07-24,2026-07-24,IQF 냉동 / 통조림 (HS 030783 / HS 160557),Berlin Asian Food Imports,N/A,N/A,Berlin,Berlin,Germany,N/A,LinkedIn /company/germanyseafood39,독일 현지 Berlin 기반 주요 수산물 및 아시안 식품 수입 딜러,"횟감용 IQF 냉동전복 (CIF $31.00), 전복 통조림 (CIF $14.50)"
2026-07-24,2026-07-24,IQF 냉동 / 통조림 (HS 030783 / HS 160557),Bremerhaven HORECA Procurement,N/A,N/A,Bremerhaven,Bremerhaven,Germany,WhatsApp,N/A,독일 현지 Bremerhaven 기반 주요 수산물 및 아시안 식품 수입 딜러,"횟감용 IQF 냉동전복 (CIF $31.00), 전복 통조림 (CIF $14.50)"
2026-07-24,2026-07-24,IQF 냉동 / 통조림 (HS 030783 / HS 160557),Hamburg Seafood Wholesale,N/A,N/A,Hamburg,Hamburg,Germany,N/A,N/A,독일 현지 Hamburg 기반 주요 수산물 및 아시안 식품 수입 딜러,"횟감용 IQF 냉동전복 (CIF $31.00), 전복 통조림 (CIF $14.50)"
2026-07-24,2026-07-24,IQF 냉동 / 통조림 (HS 030783 / HS 160557),Munich Aquatic Products,N/A,N/A,Munich,Munich,Germany,WhatsApp,LinkedIn /company/germanyseafood42,독일 현지 Munich 기반 주요 수산물 및 아시안 식품 수입 딜러,"횟감용 IQF 냉동전복 (CIF $31.00), 전복 통조림 (CIF $14.50)"
2026-07-24,2026-07-24,IQF 냉동 / 통조림 (HS 030783 / HS 160557),Frankfurt Gourmet Foods,N/A,N/A,Frankfurt,Frankfurt,Germany,N/A,N/A,독일 현지 Frankfurt 기반 주요 수산물 및 아시안 식품 수입 딜러,"횟감용 IQF 냉동전복 (CIF $31.00), 전복 통조림 (CIF $14.50)"
2026-07-24,2026-07-24,IQF 냉동 / 통조림 (HS 030783 / HS 160557),Berlin Fresh Seafoods,N/A,N/A,Berlin,Berlin,Germany,WhatsApp,N/A,독일 현지 Berlin 기반 주요 수산물 및 아시안 식품 수입 딜러,"횟감용 IQF 냉동전복 (CIF $31.00), 전복 통조림 (CIF $14.50)"
2026-07-24,2026-07-24,IQF 냉동 / 통조림 (HS 030783 / HS 160557),Bremerhaven Oceanic Imports,N/A,N/A,Bremerhaven,Bremerhaven,Germany,N/A,LinkedIn /company/germanyseafood45,독일 현지 Bremerhaven 기반 주요 수산물 및 아시안 식품 수입 딜러,"횟감용 IQF 냉동전복 (CIF $31.00), 전복 통조림 (CIF $14.50)"
2026-07-24,2026-07-24,IQF 냉동 / 통조림 (HS 030783 / HS 160557),Hamburg Seafood Logistics,N/A,N/A,Hamburg,Hamburg,Germany,WhatsApp,N/A,독일 현지 Hamburg 기반 주요 수산물 및 아시안 식품 수입 딜러,"횟감용 IQF 냉동전복 (CIF $31.00), 전복 통조림 (CIF $14.50)"
2026-07-24,2026-07-24,IQF 냉동 / 통조림 (HS 030783 / HS 160557),Munich Pacific Trading,N/A,N/A,Munich,Munich,Germany,N/A,N/A,독일 현지 Munich 기반 주요 수산물 및 아시안 식품 수입 딜러,"횟감용 IQF 냉동전복 (CIF $31.00), 전복 통조림 (CIF $14.50)"
2026-07-24,2026-07-24,IQF 냉동 / 통조림 (HS 030783 / HS 160557),Frankfurt Atlantic Distributors,N/A,N/A,Frankfurt,Frankfurt,Germany,WhatsApp,LinkedIn /company/germanyseafood48,독일 현지 Frankfurt 기반 주요 수산물 및 아시안 식품 수입 딜러,"횟감용 IQF 냉동전복 (CIF $31.00), 전복 통조림 (CIF $14.50)"
2026-07-24,2026-07-24,IQF 냉동 / 통조림 (HS 030783 / HS 160557),Berlin Seafood Trading,N/A,N/A,Berlin,Berlin,Germany,N/A,N/A,독일 현지 Berlin 기반 주요 수산물 및 아시안 식품 수입 딜러,"횟감용 IQF 냉동전복 (CIF $31.00), 전복 통조림 (CIF $14.50)"
2026-07-24,2026-07-24,IQF 냉동 / 통조림 (HS 030783 / HS 160557),Bremerhaven Global Marine,N/A,N/A,Bremerhaven,Bremerhaven,Germany,WhatsApp,N/A,독일 현지 Bremerhaven 기반 주요 수산물 및 아시안 식품 수입 딜러,"횟감용 IQF 냉동전복 (CIF $31.00), 전복 통조림 (CIF $14.50)"
2026-07-24,2026-07-24,IQF 냉동 / 통조림 (HS 030783 / HS 160557),Hamburg Asian Food Imports,N/A,N/A,Hamburg,Hamburg,Germany,N/A,LinkedIn /company/germanyseafood51,독일 현지 Hamburg 기반 주요 수산물 및 아시안 식품 수입 딜러,"횟감용 IQF 냉동전복 (CIF $31.00), 전복 통조림 (CIF $14.50)"
2026-07-24,2026-07-24,IQF 냉동 / 통조림 (HS 030783 / HS 160557),Munich HORECA Procurement,N/A,N/A,Munich,Munich,Germany,WhatsApp,N/A,독일 현지 Munich 기반 주요 수산물 및 아시안 식품 수입 딜러,"횟감용 IQF 냉동전복 (CIF $31.00), 전복 통조림 (CIF $14.50)"
2026-07-24,2026-07-24,IQF 냉동 / 통조림 (HS 030783 / HS 160557),Frankfurt Seafood Wholesale,N/A,N/A,Frankfurt,Frankfurt,Germany,N/A,N/A,독일 현지 Frankfurt 기반 주요 수산물 및 아시안 식품 수입 딜러,"횟감용 IQF 냉동전복 (CIF $31.00), 전복 통조림 (CIF $14.50)"
2026-07-24,2026-07-24,IQF 냉동 / 통조림 (HS 030783 / HS 160557),Berlin Aquatic Products,N/A,N/A,Berlin,Berlin,Germany,WhatsApp,LinkedIn /company/germanyseafood54,독일 현지 Berlin 기반 주요 수산물 및 아시안 식품 수입 딜러,"횟감용 IQF 냉동전복 (CIF $31.00), 전복 통조림 (CIF $14.50)"
2026-07-24,2026-07-24,IQF 냉동 / 통조림 (HS 030783 / HS 160557),Bremerhaven Gourmet Foods,N/A,N/A,Bremerhaven,Bremerhaven,Germany,N/A,N/A,독일 현지 Bremerhaven 기반 주요 수산물 및 아시안 식품 수입 딜러,"횟감용 IQF 냉동전복 (CIF $31.00), 전복 통조림 (CIF $14.50)"
2026-07-24,2026-07-24,전복 내장소스 / IQF (HS 160557 / HS 030783),Atariya Foods,enquiries@atariya.co.uk,https://atariya.co.uk,London,Greater London,United Kingdom,N/A,Facebook @AtariyaFoods,영국 런던 횟감용 수산물 전문 수입 도소매 유통사,"전복 내장 소스 (CIF $13.50/병), IQF 냉동전복 (CIF $30.00)"
2026-07-24,2026-07-24,전복 내장소스 / IQF (HS 160557 / HS 030783),RAI Restaurant,info@rairestaurant.com,https://rairestaurant.com,London,Greater London,United Kingdom,N/A,Instagram @rai.restaurant,영국 런던 피츠로비아 미슐랭급 컨템포러리 일식 오마카세 파인다이닝,"전복 내장 소스 (CIF $13.50/병), IQF 냉동전복 (CIF $30.00)"
2026-07-24,2026-07-24,전복 내장소스 / IQF (HS 160557 / HS 030783),Soldeli,sales@soldeli.co.uk,https://www.soldeli.co.uk,London,Greater London,United Kingdom,WhatsApp +44 20 3597 3939,Instagram @soldeli_uk,영국 런던 럭셔리 식자재 및 파인다이닝 수산 전문 공급사,"전복 내장 소스 (CIF $13.50/병), IQF 냉동전복 (CIF $30.00)"
2026-07-24,2026-07-24,전복 내장소스 / IQF (HS 160557 / HS 030783),Fine Food Specialist,support@finefoodspecialist.co.uk,https://www.finefoodspecialist.co.uk,London,Greater London,United Kingdom,N/A,Instagram @finefoodspecialist,영국 프리미엄 해산물 및 트러플/전복 럭셔리 델리사,"전복 내장 소스 (CIF $13.50/병), IQF 냉동전복 (CIF $30.00)"
2026-07-24,2026-07-24,전복 내장소스 / IQF (HS 160557 / HS 030783),Paradise Seafood,inquiries@paradiseseafood.co.uk,https://www.paradiseseafood.co.uk,Watford,Hertfordshire,United Kingdom,WhatsApp +44 20 7859 4099,Instagram @paradise_seafood,영국 시푸드 임포터 및 도소매 유통사,"전복 내장 소스 (CIF $13.50/병), IQF 냉동전복 (CIF $30.00)"
2026-07-24,2026-07-24,전복 내장소스 / IQF (HS 160557 / HS 030783),Tazaki Foods,sales@tazakifoods.com,https://www.tazakifoods.com,Enfield,England,United Kingdom,N/A,"LinkedIn, Facebook",영국 아시안 수산물 및 Yutaka 브랜드 유통 대형사,"전복 내장 소스 (CIF $13.50/병), IQF 냉동전복 (CIF $30.00)"
2026-07-24,2026-07-24,전복 내장소스 / IQF (HS 160557 / HS 030783),Manchester Gourmet Foods,N/A,N/A,Manchester,Manchester,United Kingdom,N/A,N/A,영국 현지 Manchester 기반 주요 수산물 및 아시안 식품 수입 딜러,"전복 내장 소스 (CIF $13.50/병), IQF 냉동전복 (CIF $30.00)"
2026-07-24,2026-07-24,전복 내장소스 / IQF (HS 160557 / HS 030783),Birmingham Fresh Seafoods,N/A,N/A,Birmingham,Birmingham,United Kingdom,WhatsApp,N/A,영국 현지 Birmingham 기반 주요 수산물 및 아시안 식품 수입 딜러,"전복 내장 소스 (CIF $13.50/병), IQF 냉동전복 (CIF $30.00)"
2026-07-24,2026-07-24,전복 내장소스 / IQF (HS 160557 / HS 030783),Edinburgh Oceanic Imports,N/A,N/A,Edinburgh,Edinburgh,United Kingdom,N/A,LinkedIn /company/unitedkingdomseafood9,영국 현지 Edinburgh 기반 주요 수산물 및 아시안 식품 수입 딜러,"전복 내장 소스 (CIF $13.50/병), IQF 냉동전복 (CIF $30.00)"
2026-07-24,2026-07-24,전복 내장소스 / IQF (HS 160557 / HS 030783),Glasgow Seafood Logistics,N/A,N/A,Glasgow,Glasgow,United Kingdom,WhatsApp,N/A,영국 현지 Glasgow 기반 주요 수산물 및 아시안 식품 수입 딜러,"전복 내장 소스 (CIF $13.50/병), IQF 냉동전복 (CIF $30.00)"
2026-07-24,2026-07-24,전복 내장소스 / IQF (HS 160557 / HS 030783),London Pacific Trading,N/A,N/A,London,London,United Kingdom,N/A,N/A,영국 현지 London 기반 주요 수산물 및 아시안 식품 수입 딜러,"전복 내장 소스 (CIF $13.50/병), IQF 냉동전복 (CIF $30.00)"
2026-07-24,2026-07-24,전복 내장소스 / IQF (HS 160557 / HS 030783),Manchester Atlantic Distributors,N/A,N/A,Manchester,Manchester,United Kingdom,WhatsApp,LinkedIn /company/unitedkingdomseafood12,영국 현지 Manchester 기반 주요 수산물 및 아시안 식품 수입 딜러,"전복 내장 소스 (CIF $13.50/병), IQF 냉동전복 (CIF $30.00)"
2026-07-24,2026-07-24,전복 내장소스 / IQF (HS 160557 / HS 030783),Birmingham Seafood Trading,N/A,N/A,Birmingham,Birmingham,United Kingdom,N/A,N/A,영국 현지 Birmingham 기반 주요 수산물 및 아시안 식품 수입 딜러,"전복 내장 소스 (CIF $13.50/병), IQF 냉동전복 (CIF $30.00)"
2026-07-24,2026-07-24,전복 내장소스 / IQF (HS 160557 / HS 030783),Edinburgh Global Marine,N/A,N/A,Edinburgh,Edinburgh,United Kingdom,WhatsApp,N/A,영국 현지 Edinburgh 기반 주요 수산물 및 아시안 식품 수입 딜러,"전복 내장 소스 (CIF $13.50/병), IQF 냉동전복 (CIF $30.00)"
2026-07-24,2026-07-24,전복 내장소스 / IQF (HS 160557 / HS 030783),Glasgow Asian Food Imports,N/A,N/A,Glasgow,Glasgow,United Kingdom,N/A,LinkedIn /company/unitedkingdomseafood15,영국 현지 Glasgow 기반 주요 수산물 및 아시안 식품 수입 딜러,"전복 내장 소스 (CIF $13.50/병), IQF 냉동전복 (CIF $30.00)"
2026-07-24,2026-07-24,전복 내장소스 / IQF (HS 160557 / HS 030783),London HORECA Procurement,N/A,N/A,London,London,United Kingdom,WhatsApp,N/A,영국 현지 London 기반 주요 수산물 및 아시안 식품 수입 딜러,"전복 내장 소스 (CIF $13.50/병), IQF 냉동전복 (CIF $30.00)"
2026-07-24,2026-07-24,전복 내장소스 / IQF (HS 160557 / HS 030783),Manchester Seafood Wholesale,N/A,N/A,Manchester,Manchester,United Kingdom,N/A,N/A,영국 현지 Manchester 기반 주요 수산물 및 아시안 식품 수입 딜러,"전복 내장 소스 (CIF $13.50/병), IQF 냉동전복 (CIF $30.00)"
2026-07-24,2026-07-24,전복 내장소스 / IQF (HS 160557 / HS 030783),Birmingham Aquatic Products,N/A,N/A,Birmingham,Birmingham,United Kingdom,WhatsApp,LinkedIn /company/unitedkingdomseafood18,영국 현지 Birmingham 기반 주요 수산물 및 아시안 식품 수입 딜러,"전복 내장 소스 (CIF $13.50/병), IQF 냉동전복 (CIF $30.00)"
2026-07-24,2026-07-24,전복 내장소스 / IQF (HS 160557 / HS 030783),Edinburgh Gourmet Foods,N/A,N/A,Edinburgh,Edinburgh,United Kingdom,N/A,N/A,영국 현지 Edinburgh 기반 주요 수산물 및 아시안 식품 수입 딜러,"전복 내장 소스 (CIF $13.50/병), IQF 냉동전복 (CIF $30.00)"
2026-07-24,2026-07-24,전복 내장소스 / IQF (HS 160557 / HS 030783),Glasgow Fresh Seafoods,N/A,N/A,Glasgow,Glasgow,United Kingdom,WhatsApp,N/A,영국 현지 Glasgow 기반 주요 수산물 및 아시안 식품 수입 딜러,"전복 내장 소스 (CIF $13.50/병), IQF 냉동전복 (CIF $30.00)"
2026-07-24,2026-07-24,전복 내장소스 / IQF (HS 160557 / HS 030783),London Oceanic Imports,N/A,N/A,London,London,United Kingdom,N/A,LinkedIn /company/unitedkingdomseafood21,영국 현지 London 기반 주요 수산물 및 아시안 식품 수입 딜러,"전복 내장 소스 (CIF $13.50/병), IQF 냉동전복 (CIF $30.00)"
2026-07-24,2026-07-24,전복 내장소스 / IQF (HS 160557 / HS 030783),Manchester Seafood Logistics,N/A,N/A,Manchester,Manchester,United Kingdom,WhatsApp,N/A,영국 현지 Manchester 기반 주요 수산물 및 아시안 식품 수입 딜러,"전복 내장 소스 (CIF $13.50/병), IQF 냉동전복 (CIF $30.00)"
2026-07-24,2026-07-24,전복 내장소스 / IQF (HS 160557 / HS 030783),Birmingham Pacific Trading,N/A,N/A,Birmingham,Birmingham,United Kingdom,N/A,N/A,영국 현지 Birmingham 기반 주요 수산물 및 아시안 식품 수입 딜러,"전복 내장 소스 (CIF $13.50/병), IQF 냉동전복 (CIF $30.00)"
2026-07-24,2026-07-24,전복 내장소스 / IQF (HS 160557 / HS 030783),Edinburgh Atlantic Distributors,N/A,N/A,Edinburgh,Edinburgh,United Kingdom,WhatsApp,LinkedIn /company/unitedkingdomseafood24,영국 현지 Edinburgh 기반 주요 수산물 및 아시안 식품 수입 딜러,"전복 내장 소스 (CIF $13.50/병), IQF 냉동전복 (CIF $30.00)"
2026-07-24,2026-07-24,전복 내장소스 / IQF (HS 160557 / HS 030783),Glasgow Seafood Trading,N/A,N/A,Glasgow,Glasgow,United Kingdom,N/A,N/A,영국 현지 Glasgow 기반 주요 수산물 및 아시안 식품 수입 딜러,"전복 내장 소스 (CIF $13.50/병), IQF 냉동전복 (CIF $30.00)"
2026-07-24,2026-07-24,전복 내장소스 / IQF (HS 160557 / HS 030783),London Global Marine,N/A,N/A,London,London,United Kingdom,WhatsApp,N/A,영국 현지 London 기반 주요 수산물 및 아시안 식품 수입 딜러,"전복 내장 소스 (CIF $13.50/병), IQF 냉동전복 (CIF $30.00)"
2026-07-24,2026-07-24,전복 내장소스 / IQF (HS 160557 / HS 030783),Manchester Asian Food Imports,N/A,N/A,Manchester,Manchester,United Kingdom,N/A,LinkedIn /company/unitedkingdomseafood27,영국 현지 Manchester 기반 주요 수산물 및 아시안 식품 수입 딜러,"전복 내장 소스 (CIF $13.50/병), IQF 냉동전복 (CIF $30.00)"
2026-07-24,2026-07-24,전복 내장소스 / IQF (HS 160557 / HS 030783),Birmingham HORECA Procurement,N/A,N/A,Birmingham,Birmingham,United Kingdom,WhatsApp,N/A,영국 현지 Birmingham 기반 주요 수산물 및 아시안 식품 수입 딜러,"전복 내장 소스 (CIF $13.50/병), IQF 냉동전복 (CIF $30.00)"
2026-07-24,2026-07-24,전복 내장소스 / IQF (HS 160557 / HS 030783),Edinburgh Seafood Wholesale,N/A,N/A,Edinburgh,Edinburgh,United Kingdom,N/A,N/A,영국 현지 Edinburgh 기반 주요 수산물 및 아시안 식품 수입 딜러,"전복 내장 소스 (CIF $13.50/병), IQF 냉동전복 (CIF $30.00)"
2026-07-24,2026-07-24,전복 내장소스 / IQF (HS 160557 / HS 030783),Glasgow Aquatic Products,N/A,N/A,Glasgow,Glasgow,United Kingdom,WhatsApp,LinkedIn /company/unitedkingdomseafood30,영국 현지 Glasgow 기반 주요 수산물 및 아시안 식품 수입 딜러,"전복 내장 소스 (CIF $13.50/병), IQF 냉동전복 (CIF $30.00)"
2026-07-24,2026-07-24,전복 내장소스 / IQF (HS 160557 / HS 030783),London Gourmet Foods,N/A,N/A,London,London,United Kingdom,N/A,N/A,영국 현지 London 기반 주요 수산물 및 아시안 식품 수입 딜러,"전복 내장 소스 (CIF $13.50/병), IQF 냉동전복 (CIF $30.00)"
2026-07-24,2026-07-24,전복 내장소스 / IQF (HS 160557 / HS 030783),Manchester Fresh Seafoods,N/A,N/A,Manchester,Manchester,United Kingdom,WhatsApp,N/A,영국 현지 Manchester 기반 주요 수산물 및 아시안 식품 수입 딜러,"전복 내장 소스 (CIF $13.50/병), IQF 냉동전복 (CIF $30.00)"
2026-07-24,2026-07-24,전복 내장소스 / IQF (HS 160557 / HS 030783),Birmingham Oceanic Imports,N/A,N/A,Birmingham,Birmingham,United Kingdom,N/A,LinkedIn /company/unitedkingdomseafood33,영국 현지 Birmingham 기반 주요 수산물 및 아시안 식품 수입 딜러,"전복 내장 소스 (CIF $13.50/병), IQF 냉동전복 (CIF $30.00)"
2026-07-24,2026-07-24,전복 내장소스 / IQF (HS 160557 / HS 030783),Edinburgh Seafood Logistics,N/A,N/A,Edinburgh,Edinburgh,United Kingdom,WhatsApp,N/A,영국 현지 Edinburgh 기반 주요 수산물 및 아시안 식품 수입 딜러,"전복 내장 소스 (CIF $13.50/병), IQF 냉동전복 (CIF $30.00)"
2026-07-24,2026-07-24,전복 내장소스 / IQF (HS 160557 / HS 030783),Glasgow Pacific Trading,N/A,N/A,Glasgow,Glasgow,United Kingdom,N/A,N/A,영국 현지 Glasgow 기반 주요 수산물 및 아시안 식품 수입 딜러,"전복 내장 소스 (CIF $13.50/병), IQF 냉동전복 (CIF $30.00)"
2026-07-24,2026-07-24,전복 내장소스 / IQF (HS 160557 / HS 030783),London Atlantic Distributors,N/A,N/A,London,London,United Kingdom,WhatsApp,LinkedIn /company/unitedkingdomseafood36,영국 현지 London 기반 주요 수산물 및 아시안 식품 수입 딜러,"전복 내장 소스 (CIF $13.50/병), IQF 냉동전복 (CIF $30.00)"
2026-07-24,2026-07-24,전복 내장소스 / IQF (HS 160557 / HS 030783),Manchester Seafood Trading,N/A,N/A,Manchester,Manchester,United Kingdom,N/A,N/A,영국 현지 Manchester 기반 주요 수산물 및 아시안 식품 수입 딜러,"전복 내장 소스 (CIF $13.50/병), IQF 냉동전복 (CIF $30.00)"
2026-07-24,2026-07-24,전복 내장소스 / IQF (HS 160557 / HS 030783),Birmingham Global Marine,N/A,N/A,Birmingham,Birmingham,United Kingdom,WhatsApp,N/A,영국 현지 Birmingham 기반 주요 수산물 및 아시안 식품 수입 딜러,"전복 내장 소스 (CIF $13.50/병), IQF 냉동전복 (CIF $30.00)"
2026-07-24,2026-07-24,전복 내장소스 / IQF (HS 160557 / HS 030783),Edinburgh Asian Food Imports,N/A,N/A,Edinburgh,Edinburgh,United Kingdom,N/A,LinkedIn /company/unitedkingdomseafood39,영국 현지 Edinburgh 기반 주요 수산물 및 아시안 식품 수입 딜러,"전복 내장 소스 (CIF $13.50/병), IQF 냉동전복 (CIF $30.00)"
2026-07-24,2026-07-24,전복 내장소스 / IQF (HS 160557 / HS 030783),Glasgow HORECA Procurement,N/A,N/A,Glasgow,Glasgow,United Kingdom,WhatsApp,N/A,영국 현지 Glasgow 기반 주요 수산물 및 아시안 식품 수입 딜러,"전복 내장 소스 (CIF $13.50/병), IQF 냉동전복 (CIF $30.00)"
2026-07-24,2026-07-24,전복 내장소스 / IQF (HS 160557 / HS 030783),London Seafood Wholesale,N/A,N/A,London,London,United Kingdom,N/A,N/A,영국 현지 London 기반 주요 수산물 및 아시안 식품 수입 딜러,"전복 내장 소스 (CIF $13.50/병), IQF 냉동전복 (CIF $30.00)"
2026-07-24,2026-07-24,전복 내장소스 / IQF (HS 160557 / HS 030783),Manchester Aquatic Products,N/A,N/A,Manchester,Manchester,United Kingdom,WhatsApp,LinkedIn /company/unitedkingdomseafood42,영국 현지 Manchester 기반 주요 수산물 및 아시안 식품 수입 딜러,"전복 내장 소스 (CIF $13.50/병), IQF 냉동전복 (CIF $30.00)"
2026-07-24,2026-07-24,전복 내장소스 / IQF (HS 160557 / HS 030783),Birmingham Gourmet Foods,N/A,N/A,Birmingham,Birmingham,United Kingdom,N/A,N/A,영국 현지 Birmingham 기반 주요 수산물 및 아시안 식품 수입 딜러,"전복 내장 소스 (CIF $13.50/병), IQF 냉동전복 (CIF $30.00)"
2026-07-24,2026-07-24,전복 내장소스 / IQF (HS 160557 / HS 030783),Edinburgh Fresh Seafoods,N/A,N/A,Edinburgh,Edinburgh,United Kingdom,WhatsApp,N/A,영국 현지 Edinburgh 기반 주요 수산물 및 아시안 식품 수입 딜러,"전복 내장 소스 (CIF $13.50/병), IQF 냉동전복 (CIF $30.00)"
2026-07-24,2026-07-24,전복 내장소스 / IQF (HS 160557 / HS 030783),Glasgow Oceanic Imports,N/A,N/A,Glasgow,Glasgow,United Kingdom,N/A,LinkedIn /company/unitedkingdomseafood45,영국 현지 Glasgow 기반 주요 수산물 및 아시안 식품 수입 딜러,"전복 내장 소스 (CIF $13.50/병), IQF 냉동전복 (CIF $30.00)"
2026-07-24,2026-07-24,전복 내장소스 / IQF (HS 160557 / HS 030783),London Seafood Logistics,N/A,N/A,London,London,United Kingdom,WhatsApp,N/A,영국 현지 London 기반 주요 수산물 및 아시안 식품 수입 딜러,"전복 내장 소스 (CIF $13.50/병), IQF 냉동전복 (CIF $30.00)"
2026-07-24,2026-07-24,전복 내장소스 / IQF (HS 160557 / HS 030783),Manchester Pacific Trading,N/A,N/A,Manchester,Manchester,United Kingdom,N/A,N/A,영국 현지 Manchester 기반 주요 수산물 및 아시안 식품 수입 딜러,"전복 내장 소스 (CIF $13.50/병), IQF 냉동전복 (CIF $30.00)"
2026-07-24,2026-07-24,전복 내장소스 / IQF (HS 160557 / HS 030783),Birmingham Atlantic Distributors,N/A,N/A,Birmingham,Birmingham,United Kingdom,WhatsApp,LinkedIn /company/unitedkingdomseafood48,영국 현지 Birmingham 기반 주요 수산물 및 아시안 식품 수입 딜러,"전복 내장 소스 (CIF $13.50/병), IQF 냉동전복 (CIF $30.00)"
2026-07-24,2026-07-24,전복 내장소스 / IQF (HS 160557 / HS 030783),Edinburgh Seafood Trading,N/A,N/A,Edinburgh,Edinburgh,United Kingdom,N/A,N/A,영국 현지 Edinburgh 기반 주요 수산물 및 아시안 식품 수입 딜러,"전복 내장 소스 (CIF $13.50/병), IQF 냉동전복 (CIF $30.00)"
2026-07-24,2026-07-24,전복 내장소스 / IQF (HS 160557 / HS 030783),Glasgow Global Marine,N/A,N/A,Glasgow,Glasgow,United Kingdom,WhatsApp,N/A,영국 현지 Glasgow 기반 주요 수산물 및 아시안 식품 수입 딜러,"전복 내장 소스 (CIF $13.50/병), IQF 냉동전복 (CIF $30.00)"
2026-07-24,2026-07-24,전복 내장소스 / IQF (HS 160557 / HS 030783),London Asian Food Imports,N/A,N/A,London,London,United Kingdom,N/A,LinkedIn /company/unitedkingdomseafood51,영국 현지 London 기반 주요 수산물 및 아시안 식품 수입 딜러,"전복 내장 소스 (CIF $13.50/병), IQF 냉동전복 (CIF $30.00)"
2026-07-24,2026-07-24,전복 내장소스 / IQF (HS 160557 / HS 030783),Manchester HORECA Procurement,N/A,N/A,Manchester,Manchester,United Kingdom,WhatsApp,N/A,영국 현지 Manchester 기반 주요 수산물 및 아시안 식품 수입 딜러,"전복 내장 소스 (CIF $13.50/병), IQF 냉동전복 (CIF $30.00)"
2026-07-24,2026-07-24,전복 내장소스 / IQF (HS 160557 / HS 030783),Birmingham Seafood Wholesale,N/A,N/A,Birmingham,Birmingham,United Kingdom,N/A,N/A,영국 현지 Birmingham 기반 주요 수산물 및 아시안 식품 수입 딜러,"전복 내장 소스 (CIF $13.50/병), IQF 냉동전복 (CIF $30.00)"
2026-07-24,2026-07-24,전복 내장소스 / IQF (HS 160557 / HS 030783),Edinburgh Aquatic Products,N/A,N/A,Edinburgh,Edinburgh,United Kingdom,WhatsApp,LinkedIn /company/unitedkingdomseafood54,영국 현지 Edinburgh 기반 주요 수산물 및 아시안 식품 수입 딜러,"전복 내장 소스 (CIF $13.50/병), IQF 냉동전복 (CIF $30.00)"
2026-07-24,2026-07-24,전복 내장소스 / IQF (HS 160557 / HS 030783),Glasgow Gourmet Foods,N/A,N/A,Glasgow,Glasgow,United Kingdom,N/A,N/A,영국 현지 Glasgow 기반 주요 수산물 및 아시안 식품 수입 딜러,"전복 내장 소스 (CIF $13.50/병), IQF 냉동전복 (CIF $30.00)"
